"k","signal_mode","beta","method","weighted_power","n_nonmissing","total_weight"
2,"abundance",0.05,"GLaD_0.5_unweighted",0.0350899377459247,200,142.008250830433
2,"abundance",0.05,"GLaD_0.5_weighted",0.0647301867622262,200,142.008250830433
2,"abundance",0.05,"GLaD_1_unweighted",0.0449100622540754,200,142.008250830433
2,"abundance",0.05,"GLaD_1_weighted",0.0549100622540754,200,142.008250830433
2,"abundance",0.05,"GUniFrac",0.0296402490163016,200,142.008250830433
2,"abundance",0.05,"aitchison",0.05,200,142.008250830433
2,"abundance",0.05,"bray",0.044550311270377,200,142.008250830433
2,"abundance",0.05,"euclidean",0.0343704357785277,200,142.008250830433
2,"abundance",0.05,"jaccard",0.0494603735244524,200,142.008250830433
2,"abundance",0.05,"unifrac_unweighted",0.02,200,142.008250830433
2,"abundance",0.05,"unifrac_weighted_phyloseq",0.0498201245081508,200,142.008250830433
2,"abundance",0.1,"GLaD_0.5_unweighted",0.0750899377459247,200,142.008250830433
2,"abundance",0.1,"GLaD_0.5_weighted",0.100179875491849,200,142.008250830433
2,"abundance",0.1,"GLaD_1_unweighted",0.0398201245081508,200,142.008250830433
2,"abundance",0.1,"GLaD_1_weighted",0.0903597509836986,200,142.008250830433
2,"abundance",0.1,"GUniFrac",0.0700000000000001,200,142.008250830433
2,"abundance",0.1,"aitchison",0.0454496887296231,200,142.008250830433
2,"abundance",0.1,"bray",0.0698201245081509,200,142.008250830433
2,"abundance",0.1,"euclidean",0.0754496887296232,200,142.008250830433
2,"abundance",0.1,"jaccard",0.0649100622540755,200,142.008250830433
2,"abundance",0.1,"unifrac_unweighted",0.0600000000000001,200,142.008250830433
2,"abundance",0.1,"unifrac_weighted_phyloseq",0.104730186762226,200,142.008250830433
2,"abundance",0.15,"GLaD_0.5_unweighted",0.0252698132377739,200,142.008250830433
2,"abundance",0.15,"GLaD_0.5_weighted",0.110179875491849,200,142.008250830433
2,"abundance",0.15,"GLaD_1_unweighted",0.0349100622540754,200,142.008250830433
2,"abundance",0.15,"GLaD_1_weighted",0.120359750983699,200,142.008250830433
2,"abundance",0.15,"GUniFrac",0.085269813237774,200,142.008250830433
2,"abundance",0.15,"aitchison",0.04,200,142.008250830433
2,"abundance",0.15,"bray",0.0600000000000001,200,142.008250830433
2,"abundance",0.15,"euclidean",0.0792804980326031,200,142.008250830433
2,"abundance",0.15,"jaccard",0.0700000000000001,200,142.008250830433
2,"abundance",0.15,"unifrac_unweighted",0.0449100622540754,200,142.008250830433
2,"abundance",0.15,"unifrac_weighted_phyloseq",0.0998201245081509,200,142.008250830433
2,"abundance",0.2,"GLaD_0.5_unweighted",0.0249100622540754,200,142.008250830433
2,"abundance",0.2,"GLaD_0.5_weighted",0.150359750983699,200,142.008250830433
2,"abundance",0.2,"GLaD_1_unweighted",0.0398201245081508,200,142.008250830433
2,"abundance",0.2,"GLaD_1_weighted",0.175269813237774,200,142.008250830433
2,"abundance",0.2,"GUniFrac",0.151259128442945,200,142.008250830433
2,"abundance",0.2,"aitchison",0.0554496887296231,200,142.008250830433
2,"abundance",0.2,"bray",0.0858094397133216,200,142.008250830433
2,"abundance",0.2,"euclidean",0.0752698132377739,200,142.008250830433
2,"abundance",0.2,"jaccard",0.0856295642214724,200,142.008250830433
2,"abundance",0.2,"unifrac_unweighted",0.0403597509836985,200,142.008250830433
2,"abundance",0.2,"unifrac_weighted_phyloseq",0.155449688729623,200,142.008250830433
2,"abundance",0.25,"GLaD_0.5_unweighted",0.0547301867622262,200,142.008250830433
2,"abundance",0.25,"GLaD_0.5_weighted",0.229820124508151,200,142.008250830433
2,"abundance",0.25,"GLaD_1_unweighted",0.0196402490163016,200,142.008250830433
2,"abundance",0.25,"GLaD_1_weighted",0.27,200,142.008250830433
2,"abundance",0.25,"GUniFrac",0.254910062254076,200,142.008250830433
2,"abundance",0.25,"aitchison",0.0698201245081508,200,142.008250830433
2,"abundance",0.25,"bray",0.0947301867622262,200,142.008250830433
2,"abundance",0.25,"euclidean",0.0749100622540755,200,142.008250830433
2,"abundance",0.25,"jaccard",0.104730186762226,200,142.008250830433
2,"abundance",0.25,"unifrac_unweighted",0.0600000000000001,200,142.008250830433
2,"abundance",0.25,"unifrac_weighted_phyloseq",0.245089937745925,200,142.008250830433
2,"abundance",0.3,"GLaD_0.5_unweighted",0.0347301867622262,200,142.008250830433
2,"abundance",0.3,"GLaD_0.5_weighted",0.375629564221472,200,142.008250830433
2,"abundance",0.3,"GLaD_1_unweighted",0.0652698132377739,200,142.008250830433
2,"abundance",0.3,"GLaD_1_weighted",0.400719501967397,200,142.008250830433
2,"abundance",0.3,"GUniFrac",0.365449688729623,200,142.008250830433
2,"abundance",0.3,"aitchison",0.0849100622540755,200,142.008250830433
2,"abundance",0.3,"bray",0.180359750983699,200,142.008250830433
2,"abundance",0.3,"euclidean",0.0901798754918493,200,142.008250830433
2,"abundance",0.3,"jaccard",0.170359750983699,200,142.008250830433
2,"abundance",0.3,"unifrac_unweighted",0.0547301867622262,200,142.008250830433
2,"abundance",0.3,"unifrac_weighted_phyloseq",0.390539626475548,200,142.008250830433
2,"abundance",0.35,"GLaD_0.5_unweighted",0.0398201245081508,200,142.008250830433
2,"abundance",0.35,"GLaD_0.5_weighted",0.454730186762226,200,142.008250830433
2,"abundance",0.35,"GLaD_1_unweighted",0.05,200,142.008250830433
2,"abundance",0.35,"GLaD_1_weighted",0.479820124508151,200,142.008250830433
2,"abundance",0.35,"GUniFrac",0.488920747048904,200,142.008250830433
2,"abundance",0.35,"aitchison",0.054550311270377,200,142.008250830433
2,"abundance",0.35,"bray",0.224730186762227,200,142.008250830433
2,"abundance",0.35,"euclidean",0.154370435778528,200,142.008250830433
2,"abundance",0.35,"jaccard",0.234550311270377,200,142.008250830433
2,"abundance",0.35,"unifrac_unweighted",0.03,200,142.008250830433
2,"abundance",0.35,"unifrac_weighted_phyloseq",0.534370435778528,200,142.008250830433
2,"abundance",0.4,"GLaD_0.5_unweighted",0.0249100622540754,200,142.008250830433
2,"abundance",0.4,"GLaD_0.5_weighted",0.560719501967397,200,142.008250830433
2,"abundance",0.4,"GLaD_1_unweighted",0.0301798754918493,200,142.008250830433
2,"abundance",0.4,"GLaD_1_weighted",0.560539626475548,200,142.008250830433
2,"abundance",0.4,"GUniFrac",0.63,200,142.008250830433
2,"abundance",0.4,"aitchison",0.0854496887296232,200,142.008250830433
2,"abundance",0.4,"bray",0.280719501967397,200,142.008250830433
2,"abundance",0.4,"euclidean",0.140359750983699,200,142.008250830433
2,"abundance",0.4,"jaccard",0.265629564221473,200,142.008250830433
2,"abundance",0.4,"unifrac_unweighted",0.0600000000000001,200,142.008250830433
2,"abundance",0.4,"unifrac_weighted_phyloseq",0.625629564221472,200,142.008250830433
2,"abundance",0.45,"GLaD_0.5_unweighted",0.0452698132377739,200,142.008250830433
2,"abundance",0.45,"GLaD_0.5_weighted",0.64017987549185,200,142.008250830433
2,"abundance",0.45,"GLaD_1_unweighted",0.0647301867622262,200,142.008250830433
2,"abundance",0.45,"GLaD_1_weighted",0.650359750983699,200,142.008250830433
2,"abundance",0.45,"GUniFrac",0.775089937745925,200,142.008250830433
2,"abundance",0.45,"aitchison",0.129820124508151,200,142.008250830433
2,"abundance",0.45,"bray",0.38,200,142.008250830433
2,"abundance",0.45,"euclidean",0.195269813237774,200,142.008250830433
2,"abundance",0.45,"jaccard",0.374730186762226,200,142.008250830433
2,"abundance",0.45,"unifrac_unweighted",0.0401798754918493,200,142.008250830433
2,"abundance",0.45,"unifrac_weighted_phyloseq",0.745089937745925,200,142.008250830433
2,"abundance",0.5,"GLaD_0.5_unweighted",0.080719501967397,200,142.008250830433
2,"abundance",0.5,"GLaD_0.5_weighted",0.775089937745925,200,142.008250830433
2,"abundance",0.5,"GLaD_1_unweighted",0.00508993774592462,200,142.008250830433
2,"abundance",0.5,"GLaD_1_weighted",0.799820124508151,200,142.008250830433
2,"abundance",0.5,"GUniFrac",0.830359750983699,200,142.008250830433
2,"abundance",0.5,"aitchison",0.160899377459246,200,142.008250830433
2,"abundance",0.5,"bray",0.46616919069702,200,142.008250830433
2,"abundance",0.5,"euclidean",0.215809439713322,200,142.008250830433
2,"abundance",0.5,"jaccard",0.445809439713321,200,142.008250830433
2,"abundance",0.5,"unifrac_unweighted",0.0556295642214724,200,142.008250830433
2,"abundance",0.5,"unifrac_weighted_phyloseq",0.829820124508151,200,142.008250830433
2,"abundance",0.55,"GLaD_0.5_unweighted",0.0447301867622262,200,142.008250830433
2,"abundance",0.55,"GLaD_0.5_weighted",0.849640249016302,200,142.008250830433
2,"abundance",0.55,"GLaD_1_unweighted",0.04,200,142.008250830433
2,"abundance",0.55,"GLaD_1_weighted",0.869460373524453,200,142.008250830433
2,"abundance",0.55,"GUniFrac",0.929640249016302,200,142.008250830433
2,"abundance",0.55,"aitchison",0.124910062254075,200,142.008250830433
2,"abundance",0.55,"bray",0.599640249016302,200,142.008250830433
2,"abundance",0.55,"euclidean",0.225089937745925,200,142.008250830433
2,"abundance",0.55,"jaccard",0.564550311270377,200,142.008250830433
2,"abundance",0.55,"unifrac_unweighted",0.0298201245081508,200,142.008250830433
2,"abundance",0.55,"unifrac_weighted_phyloseq",0.914730186762227,200,142.008250830433
2,"abundance",0.6,"GLaD_0.5_unweighted",0.0698201245081509,200,142.008250830433
2,"abundance",0.6,"GLaD_0.5_weighted",0.935809439713322,200,142.008250830433
2,"abundance",0.6,"GLaD_1_unweighted",0.0550899377459247,200,142.008250830433
2,"abundance",0.6,"GLaD_1_weighted",0.960359750983699,200,142.008250830433
2,"abundance",0.6,"GUniFrac",0.984910062254076,200,142.008250830433
2,"abundance",0.6,"aitchison",0.175089937745925,200,142.008250830433
2,"abundance",0.6,"bray",0.690359750983699,200,142.008250830433
2,"abundance",0.6,"euclidean",0.315629564221472,200,142.008250830433
2,"abundance",0.6,"jaccard",0.680359750983699,200,142.008250830433
2,"abundance",0.6,"unifrac_unweighted",0.0600000000000001,200,142.008250830433
2,"abundance",0.6,"unifrac_weighted_phyloseq",0.965269813237774,200,142.008250830433
2,"abundance",0.65,"GLaD_0.5_unweighted",0.0447301867622262,200,142.008250830433
2,"abundance",0.65,"GLaD_0.5_weighted",0.935089937745925,200,142.008250830433
2,"abundance",0.65,"GLaD_1_unweighted",0.0701798754918493,200,142.008250830433
2,"abundance",0.65,"GLaD_1_weighted",0.94017987549185,200,142.008250830433
2,"abundance",0.65,"GUniFrac",0.964730186762226,200,142.008250830433
2,"abundance",0.65,"aitchison",0.194910062254076,200,142.008250830433
2,"abundance",0.65,"bray",0.728920747048905,200,142.008250830433
2,"abundance",0.65,"euclidean",0.399460373524452,200,142.008250830433
2,"abundance",0.65,"jaccard",0.729280498032603,200,142.008250830433
2,"abundance",0.65,"unifrac_unweighted",0.0594603735244524,200,142.008250830433
2,"abundance",0.65,"unifrac_weighted_phyloseq",0.97,200,142.008250830433
2,"abundance",0.7,"GLaD_0.5_unweighted",0.0849100622540755,200,142.008250830433
2,"abundance",0.7,"GLaD_0.5_weighted",0.969460373524453,200,142.008250830433
2,"abundance",0.7,"GLaD_1_unweighted",0.0350899377459247,200,142.008250830433
2,"abundance",0.7,"GLaD_1_weighted",0.979820124508151,200,142.008250830433
2,"abundance",0.7,"GUniFrac",1,200,142.008250830433
2,"abundance",0.7,"aitchison",0.219820124508151,200,142.008250830433
2,"abundance",0.7,"bray",0.839820124508151,200,142.008250830433
2,"abundance",0.7,"euclidean",0.374190560286678,200,142.008250830433
2,"abundance",0.7,"jaccard",0.819460373524453,200,142.008250830433
2,"abundance",0.7,"unifrac_unweighted",0.0549100622540754,200,142.008250830433
2,"abundance",0.7,"unifrac_weighted_phyloseq",0.989820124508151,200,142.008250830433
2,"abundance",0.75,"GLaD_0.5_unweighted",0.0905396264755478,200,142.008250830433
2,"abundance",0.75,"GLaD_0.5_weighted",0.985089937745925,200,142.008250830433
2,"abundance",0.75,"GLaD_1_unweighted",0.0352698132377739,200,142.008250830433
2,"abundance",0.75,"GLaD_1_weighted",0.985089937745925,200,142.008250830433
2,"abundance",0.75,"GUniFrac",0.994910062254075,200,142.008250830433
2,"abundance",0.75,"aitchison",0.245269813237774,200,142.008250830433
2,"abundance",0.75,"bray",0.914550311270378,200,142.008250830433
2,"abundance",0.75,"euclidean",0.460179875491849,200,142.008250830433
2,"abundance",0.75,"jaccard",0.904370435778528,200,142.008250830433
2,"abundance",0.75,"unifrac_unweighted",0.0452698132377739,200,142.008250830433
2,"abundance",0.75,"unifrac_weighted_phyloseq",0.994910062254075,200,142.008250830433
2,"abundance",0.8,"GLaD_0.5_unweighted",0.054550311270377,200,142.008250830433
2,"abundance",0.8,"GLaD_0.5_weighted",1,200,142.008250830433
2,"abundance",0.8,"GLaD_1_unweighted",0.0452698132377739,200,142.008250830433
2,"abundance",0.8,"GLaD_1_weighted",0.995089937745925,200,142.008250830433
2,"abundance",0.8,"GUniFrac",1,200,142.008250830433
2,"abundance",0.8,"aitchison",0.294550311270377,200,142.008250830433
2,"abundance",0.8,"bray",0.954550311270377,200,142.008250830433
2,"abundance",0.8,"euclidean",0.568920747048905,200,142.008250830433
2,"abundance",0.8,"jaccard",0.939640249016302,200,142.008250830433
2,"abundance",0.8,"unifrac_unweighted",0.0640106847948293,200,142.008250830433
2,"abundance",0.8,"unifrac_weighted_phyloseq",1,200,142.008250830433
2,"abundance",0.85,"GLaD_0.5_unweighted",0.044550311270377,200,142.008250830433
2,"abundance",0.85,"GLaD_0.5_weighted",1,200,142.008250830433
2,"abundance",0.85,"GLaD_1_unweighted",0.0443704357785277,200,142.008250830433
2,"abundance",0.85,"GLaD_1_weighted",1,200,142.008250830433
2,"abundance",0.85,"GUniFrac",1,200,142.008250830433
2,"abundance",0.85,"aitchison",0.328201245081508,200,142.008250830433
2,"abundance",0.85,"bray",0.969820124508151,200,142.008250830433
2,"abundance",0.85,"euclidean",0.634010684794829,200,142.008250830433
2,"abundance",0.85,"jaccard",0.969820124508151,200,142.008250830433
2,"abundance",0.85,"unifrac_unweighted",0.0447301867622262,200,142.008250830433
2,"abundance",0.85,"unifrac_weighted_phyloseq",1,200,142.008250830433
2,"abundance",0.9,"GLaD_0.5_unweighted",0.03,200,142.008250830433
2,"abundance",0.9,"GLaD_0.5_weighted",1,200,142.008250830433
2,"abundance",0.9,"GLaD_1_unweighted",0.0249100622540754,200,142.008250830433
2,"abundance",0.9,"GLaD_1_weighted",0.995089937745925,200,142.008250830433
2,"abundance",0.9,"GUniFrac",1,200,142.008250830433
2,"abundance",0.9,"aitchison",0.349460373524452,200,142.008250830433
2,"abundance",0.9,"bray",0.995089937745925,200,142.008250830433
2,"abundance",0.9,"euclidean",0.690359750983699,200,142.008250830433
2,"abundance",0.9,"jaccard",0.995089937745925,200,142.008250830433
2,"abundance",0.9,"unifrac_unweighted",0,200,142.008250830433
2,"abundance",0.9,"unifrac_weighted_phyloseq",1,200,142.008250830433
2,"abundance",0.95,"GLaD_0.5_unweighted",0.0250899377459246,200,142.008250830433
2,"abundance",0.95,"GLaD_0.5_weighted",1,200,142.008250830433
2,"abundance",0.95,"GLaD_1_unweighted",0.0349100622540754,200,142.008250830433
2,"abundance",0.95,"GLaD_1_weighted",1,200,142.008250830433
2,"abundance",0.95,"GUniFrac",1,200,142.008250830433
2,"abundance",0.95,"aitchison",0.409820124508151,200,142.008250830433
2,"abundance",0.95,"bray",1,200,142.008250830433
2,"abundance",0.95,"euclidean",0.75,200,142.008250830433
2,"abundance",0.95,"jaccard",1,200,142.008250830433
2,"abundance",0.95,"unifrac_unweighted",0.0450899377459247,200,142.008250830433
2,"abundance",0.95,"unifrac_weighted_phyloseq",1,200,142.008250830433
2,"abundance",1,"GLaD_0.5_unweighted",0.0547301867622262,200,142.008250830433
2,"abundance",1,"GLaD_0.5_weighted",1,200,142.008250830433
2,"abundance",1,"GLaD_1_unweighted",0.0549100622540754,200,142.008250830433
2,"abundance",1,"GLaD_1_weighted",1,200,142.008250830433
2,"abundance",1,"GUniFrac",1,200,142.008250830433
2,"abundance",1,"aitchison",0.444010684794829,200,142.008250830433
2,"abundance",1,"bray",1,200,142.008250830433
2,"abundance",1,"euclidean",0.78017987549185,200,142.008250830433
2,"abundance",1,"jaccard",1,200,142.008250830433
2,"abundance",1,"unifrac_unweighted",0.0647301867622262,200,142.008250830433
2,"abundance",1,"unifrac_weighted_phyloseq",1,200,142.008250830433
2,"both",0.05,"GLaD_0.5_unweighted",0.0910792529510955,200,142.008250830433
2,"both",0.05,"GLaD_0.5_weighted",0.0449100622540754,200,142.008250830433
2,"both",0.05,"GLaD_1_unweighted",0.0900000000000001,200,142.008250830433
2,"both",0.05,"GLaD_1_weighted",0.0447301867622262,200,142.008250830433
2,"both",0.05,"GUniFrac",0.04,200,142.008250830433
2,"both",0.05,"aitchison",0.0503597509836985,200,142.008250830433
2,"both",0.05,"bray",0.0601798754918493,200,142.008250830433
2,"both",0.05,"euclidean",0.0600000000000001,200,142.008250830433
2,"both",0.05,"jaccard",0.0601798754918493,200,142.008250830433
2,"both",0.05,"unifrac_unweighted",0.0554496887296231,200,142.008250830433
2,"both",0.05,"unifrac_weighted_phyloseq",0.0298201245081508,200,142.008250830433
2,"both",0.1,"GLaD_0.5_unweighted",0.0805396264755478,200,142.008250830433
2,"both",0.1,"GLaD_0.5_weighted",0.104550311270377,200,142.008250830433
2,"both",0.1,"GLaD_1_unweighted",0.164910062254076,200,142.008250830433
2,"both",0.1,"GLaD_1_weighted",0.074550311270377,200,142.008250830433
2,"both",0.1,"GUniFrac",0.0892804980326031,200,142.008250830433
2,"both",0.1,"aitchison",0.110179875491849,200,142.008250830433
2,"both",0.1,"bray",0.0801798754918493,200,142.008250830433
2,"both",0.1,"euclidean",0.0949100622540755,200,142.008250830433
2,"both",0.1,"jaccard",0.0701798754918493,200,142.008250830433
2,"both",0.1,"unifrac_unweighted",0.105089937745925,200,142.008250830433
2,"both",0.1,"unifrac_weighted_phyloseq",0.104370435778528,200,142.008250830433
2,"both",0.15,"GLaD_0.5_unweighted",0.129640249016302,200,142.008250830433
2,"both",0.15,"GLaD_0.5_weighted",0.149280498032603,200,142.008250830433
2,"both",0.15,"GLaD_1_unweighted",0.269280498032603,200,142.008250830433
2,"both",0.15,"GLaD_1_weighted",0.144910062254076,200,142.008250830433
2,"both",0.15,"GUniFrac",0.204910062254076,200,142.008250830433
2,"both",0.15,"aitchison",0.0998201245081509,200,142.008250830433
2,"both",0.15,"bray",0.0952698132377739,200,142.008250830433
2,"both",0.15,"euclidean",0.0596402490163016,200,142.008250830433
2,"both",0.15,"jaccard",0.100179875491849,200,142.008250830433
2,"both",0.15,"unifrac_unweighted",0.155269813237774,200,142.008250830433
2,"both",0.15,"unifrac_weighted_phyloseq",0.134730186762226,200,142.008250830433
2,"both",0.2,"GLaD_0.5_unweighted",0.361079252951095,200,142.008250830433
2,"both",0.2,"GLaD_0.5_weighted",0.280359750983699,200,142.008250830433
2,"both",0.2,"GLaD_1_unweighted",0.49383080930298,200,142.008250830433
2,"both",0.2,"GLaD_1_weighted",0.305629564221472,200,142.008250830433
2,"both",0.2,"GUniFrac",0.345629564221472,200,142.008250830433
2,"both",0.2,"aitchison",0.270359750983699,200,142.008250830433
2,"both",0.2,"bray",0.130359750983699,200,142.008250830433
2,"both",0.2,"euclidean",0.0900000000000001,200,142.008250830433
2,"both",0.2,"jaccard",0.120179875491849,200,142.008250830433
2,"both",0.2,"unifrac_unweighted",0.25017987549185,200,142.008250830433
2,"both",0.2,"unifrac_weighted_phyloseq",0.315629564221472,200,142.008250830433
2,"both",0.25,"GLaD_0.5_unweighted",0.444730186762226,200,142.008250830433
2,"both",0.25,"GLaD_0.5_weighted",0.409640249016301,200,142.008250830433
2,"both",0.25,"GLaD_1_unweighted",0.688560996065207,200,142.008250830433
2,"both",0.25,"GLaD_1_weighted",0.399460373524452,200,142.008250830433
2,"both",0.25,"GUniFrac",0.544550311270377,200,142.008250830433
2,"both",0.25,"aitchison",0.289640249016302,200,142.008250830433
2,"both",0.25,"bray",0.17017987549185,200,142.008250830433
2,"both",0.25,"euclidean",0.105449688729623,200,142.008250830433
2,"both",0.25,"jaccard",0.174910062254076,200,142.008250830433
2,"both",0.25,"unifrac_unweighted",0.344370435778528,200,142.008250830433
2,"both",0.25,"unifrac_weighted_phyloseq",0.465449688729623,200,142.008250830433
2,"both",0.3,"GLaD_0.5_unweighted",0.70401068479483,200,142.008250830433
2,"both",0.3,"GLaD_0.5_weighted",0.524730186762226,200,142.008250830433
2,"both",0.3,"GLaD_1_unweighted",0.853471058319282,200,142.008250830433
2,"both",0.3,"GLaD_1_weighted",0.530179875491849,200,142.008250830433
2,"both",0.3,"GUniFrac",0.713291182827433,200,142.008250830433
2,"both",0.3,"aitchison",0.489820124508151,200,142.008250830433
2,"both",0.3,"bray",0.32,200,142.008250830433
2,"both",0.3,"euclidean",0.125269813237774,200,142.008250830433
2,"both",0.3,"jaccard",0.27,200,142.008250830433
2,"both",0.3,"unifrac_unweighted",0.614370435778528,200,142.008250830433
2,"both",0.3,"unifrac_weighted_phyloseq",0.619820124508151,200,142.008250830433
2,"both",0.35,"GLaD_0.5_unweighted",0.914370435778528,200,142.008250830433
2,"both",0.35,"GLaD_0.5_weighted",0.599460373524452,200,142.008250830433
2,"both",0.35,"GLaD_1_unweighted",0.944370435778528,200,142.008250830433
2,"both",0.35,"GLaD_1_weighted",0.629460373524452,200,142.008250830433
2,"both",0.35,"GUniFrac",0.854190560286679,200,142.008250830433
2,"both",0.35,"aitchison",0.724730186762227,200,142.008250830433
2,"both",0.35,"bray",0.339640249016302,200,142.008250830433
2,"both",0.35,"euclidean",0.109460373524452,200,142.008250830433
2,"both",0.35,"jaccard",0.339640249016302,200,142.008250830433
2,"both",0.35,"unifrac_unweighted",0.769100622540754,200,142.008250830433
2,"both",0.35,"unifrac_weighted_phyloseq",0.694550311270377,200,142.008250830433
2,"both",0.4,"GLaD_0.5_unweighted",0.984910062254076,200,142.008250830433
2,"both",0.4,"GLaD_0.5_weighted",0.779820124508151,200,142.008250830433
2,"both",0.4,"GLaD_1_unweighted",0.974730186762226,200,142.008250830433
2,"both",0.4,"GLaD_1_weighted",0.78,200,142.008250830433
2,"both",0.4,"GUniFrac",0.964550311270377,200,142.008250830433
2,"both",0.4,"aitchison",0.854370435778528,200,142.008250830433
2,"both",0.4,"bray",0.524010684794829,200,142.008250830433
2,"both",0.4,"euclidean",0.195089937745925,200,142.008250830433
2,"both",0.4,"jaccard",0.479460373524452,200,142.008250830433
2,"both",0.4,"unifrac_unweighted",0.92401068479483,200,142.008250830433
2,"both",0.4,"unifrac_weighted_phyloseq",0.874730186762227,200,142.008250830433
2,"both",0.45,"GLaD_0.5_unweighted",0.995089937745925,200,142.008250830433
2,"both",0.45,"GLaD_0.5_weighted",0.870000000000001,200,142.008250830433
2,"both",0.45,"GLaD_1_unweighted",1,200,142.008250830433
2,"both",0.45,"GLaD_1_weighted",0.89017987549185,200,142.008250830433
2,"both",0.45,"GUniFrac",0.989820124508151,200,142.008250830433
2,"both",0.45,"aitchison",0.975269813237774,200,142.008250830433
2,"both",0.45,"bray",0.634370435778528,200,142.008250830433
2,"both",0.45,"euclidean",0.219460373524453,200,142.008250830433
2,"both",0.45,"jaccard",0.629280498032603,200,142.008250830433
2,"both",0.45,"unifrac_unweighted",0.984910062254076,200,142.008250830433
2,"both",0.45,"unifrac_weighted_phyloseq",0.944730186762227,200,142.008250830433
2,"both",0.5,"GLaD_0.5_unweighted",1,200,142.008250830433
2,"both",0.5,"GLaD_0.5_weighted",0.975089937745925,200,142.008250830433
2,"both",0.5,"GLaD_1_unweighted",0.994910062254075,200,142.008250830433
2,"both",0.5,"GLaD_1_weighted",0.965449688729623,200,142.008250830433
2,"both",0.5,"GUniFrac",1,200,142.008250830433
2,"both",0.5,"aitchison",0.995089937745925,200,142.008250830433
2,"both",0.5,"bray",0.809100622540754,200,142.008250830433
2,"both",0.5,"euclidean",0.3,200,142.008250830433
2,"both",0.5,"jaccard",0.779460373524453,200,142.008250830433
2,"both",0.5,"unifrac_unweighted",1,200,142.008250830433
2,"both",0.5,"unifrac_weighted_phyloseq",0.99,200,142.008250830433
2,"both",0.55,"GLaD_0.5_unweighted",1,200,142.008250830433
2,"both",0.55,"GLaD_0.5_weighted",0.969820124508151,200,142.008250830433
2,"both",0.55,"GLaD_1_unweighted",1,200,142.008250830433
2,"both",0.55,"GLaD_1_weighted",0.969820124508151,200,142.008250830433
2,"both",0.55,"GUniFrac",1,200,142.008250830433
2,"both",0.55,"aitchison",1,200,142.008250830433
2,"both",0.55,"bray",0.908920747048905,200,142.008250830433
2,"both",0.55,"euclidean",0.354550311270377,200,142.008250830433
2,"both",0.55,"jaccard",0.898920747048905,200,142.008250830433
2,"both",0.55,"unifrac_unweighted",1,200,142.008250830433
2,"both",0.55,"unifrac_weighted_phyloseq",0.994910062254075,200,142.008250830433
2,"both",0.6,"GLaD_0.5_unweighted",1,200,142.008250830433
2,"both",0.6,"GLaD_0.5_weighted",0.989820124508151,200,142.008250830433
2,"both",0.6,"GLaD_1_unweighted",1,200,142.008250830433
2,"both",0.6,"GLaD_1_weighted",0.99,200,142.008250830433
2,"both",0.6,"GUniFrac",1,200,142.008250830433
2,"both",0.6,"aitchison",1,200,142.008250830433
2,"both",0.6,"bray",0.954550311270377,200,142.008250830433
2,"both",0.6,"euclidean",0.409460373524452,200,142.008250830433
2,"both",0.6,"jaccard",0.944370435778528,200,142.008250830433
2,"both",0.6,"unifrac_unweighted",1,200,142.008250830433
2,"both",0.6,"unifrac_weighted_phyloseq",1,200,142.008250830433
2,"both",0.65,"GLaD_0.5_unweighted",1,200,142.008250830433
2,"both",0.65,"GLaD_0.5_weighted",0.989820124508151,200,142.008250830433
2,"both",0.65,"GLaD_1_unweighted",1,200,142.008250830433
2,"both",0.65,"GLaD_1_weighted",0.989820124508151,200,142.008250830433
2,"both",0.65,"GUniFrac",1,200,142.008250830433
2,"both",0.65,"aitchison",1,200,142.008250830433
2,"both",0.65,"bray",0.994910062254075,200,142.008250830433
2,"both",0.65,"euclidean",0.460359750983698,200,142.008250830433
2,"both",0.65,"jaccard",0.989820124508151,200,142.008250830433
2,"both",0.65,"unifrac_unweighted",1,200,142.008250830433
2,"both",0.65,"unifrac_weighted_phyloseq",1,200,142.008250830433
2,"both",0.7,"GLaD_0.5_unweighted",1,200,142.008250830433
2,"both",0.7,"GLaD_0.5_weighted",1,200,142.008250830433
2,"both",0.7,"GLaD_1_unweighted",1,200,142.008250830433
2,"both",0.7,"GLaD_1_weighted",1,200,142.008250830433
2,"both",0.7,"GUniFrac",1,200,142.008250830433
2,"both",0.7,"aitchison",1,200,142.008250830433
2,"both",0.7,"bray",0.989820124508151,200,142.008250830433
2,"both",0.7,"euclidean",0.534370435778527,200,142.008250830433
2,"both",0.7,"jaccard",0.989820124508151,200,142.008250830433
2,"both",0.7,"unifrac_unweighted",1,200,142.008250830433
2,"both",0.7,"unifrac_weighted_phyloseq",1,200,142.008250830433
2,"both",0.75,"GLaD_0.5_unweighted",1,200,142.008250830433
2,"both",0.75,"GLaD_0.5_weighted",0.994910062254075,200,142.008250830433
2,"both",0.75,"GLaD_1_unweighted",1,200,142.008250830433
2,"both",0.75,"GLaD_1_weighted",0.994910062254075,200,142.008250830433
2,"both",0.75,"GUniFrac",1,200,142.008250830433
2,"both",0.75,"aitchison",1,200,142.008250830433
2,"both",0.75,"bray",0.994910062254075,200,142.008250830433
2,"both",0.75,"euclidean",0.616708817172568,200,142.008250830433
2,"both",0.75,"jaccard",0.994910062254075,200,142.008250830433
2,"both",0.75,"unifrac_unweighted",1,200,142.008250830433
2,"both",0.75,"unifrac_weighted_phyloseq",0.994910062254075,200,142.008250830433
2,"both",0.8,"GLaD_0.5_unweighted",1,200,142.008250830433
2,"both",0.8,"GLaD_0.5_weighted",1,200,142.008250830433
2,"both",0.8,"GLaD_1_unweighted",1,200,142.008250830433
2,"both",0.8,"GLaD_1_weighted",1,200,142.008250830433
2,"both",0.8,"GUniFrac",1,200,142.008250830433
2,"both",0.8,"aitchison",1,200,142.008250830433
2,"both",0.8,"bray",1,200,142.008250830433
2,"both",0.8,"euclidean",0.584370435778528,200,142.008250830433
2,"both",0.8,"jaccard",1,200,142.008250830433
2,"both",0.8,"unifrac_unweighted",1,200,142.008250830433
2,"both",0.8,"unifrac_weighted_phyloseq",1,200,142.008250830433
2,"both",0.85,"GLaD_0.5_unweighted",1,200,142.008250830433
2,"both",0.85,"GLaD_0.5_weighted",1,200,142.008250830433
2,"both",0.85,"GLaD_1_unweighted",1,200,142.008250830433
2,"both",0.85,"GLaD_1_weighted",1,200,142.008250830433
2,"both",0.85,"GUniFrac",1,200,142.008250830433
2,"both",0.85,"aitchison",1,200,142.008250830433
2,"both",0.85,"bray",1,200,142.008250830433
2,"both",0.85,"euclidean",0.730359750983699,200,142.008250830433
2,"both",0.85,"jaccard",1,200,142.008250830433
2,"both",0.85,"unifrac_unweighted",1,200,142.008250830433
2,"both",0.85,"unifrac_weighted_phyloseq",1,200,142.008250830433
2,"both",0.9,"GLaD_0.5_unweighted",1,200,142.008250830433
2,"both",0.9,"GLaD_0.5_weighted",1,200,142.008250830433
2,"both",0.9,"GLaD_1_unweighted",1,200,142.008250830433
2,"both",0.9,"GLaD_1_weighted",1,200,142.008250830433
2,"both",0.9,"GUniFrac",1,200,142.008250830433
2,"both",0.9,"aitchison",1,200,142.008250830433
2,"both",0.9,"bray",1,200,142.008250830433
2,"both",0.9,"euclidean",0.834550311270378,200,142.008250830433
2,"both",0.9,"jaccard",1,200,142.008250830433
2,"both",0.9,"unifrac_unweighted",1,200,142.008250830433
2,"both",0.9,"unifrac_weighted_phyloseq",1,200,142.008250830433
2,"both",0.95,"GLaD_0.5_unweighted",1,200,142.008250830433
2,"both",0.95,"GLaD_0.5_weighted",1,200,142.008250830433
2,"both",0.95,"GLaD_1_unweighted",1,200,142.008250830433
2,"both",0.95,"GLaD_1_weighted",1,200,142.008250830433
2,"both",0.95,"GUniFrac",1,200,142.008250830433
2,"both",0.95,"aitchison",1,200,142.008250830433
2,"both",0.95,"bray",1,200,142.008250830433
2,"both",0.95,"euclidean",0.835449688729623,200,142.008250830433
2,"both",0.95,"jaccard",0.994910062254075,200,142.008250830433
2,"both",0.95,"unifrac_unweighted",1,200,142.008250830433
2,"both",0.95,"unifrac_weighted_phyloseq",1,200,142.008250830433
2,"both",1,"GLaD_0.5_unweighted",1,200,142.008250830433
2,"both",1,"GLaD_0.5_weighted",1,200,142.008250830433
2,"both",1,"GLaD_1_unweighted",1,200,142.008250830433
2,"both",1,"GLaD_1_weighted",1,200,142.008250830433
2,"both",1,"GUniFrac",1,200,142.008250830433
2,"both",1,"aitchison",1,200,142.008250830433
2,"both",1,"bray",1,200,142.008250830433
2,"both",1,"euclidean",0.914730186762227,200,142.008250830433
2,"both",1,"jaccard",1,200,142.008250830433
2,"both",1,"unifrac_unweighted",1,200,142.008250830433
2,"both",1,"unifrac_weighted_phyloseq",1,200,142.008250830433
2,"prevalence",0.05,"GLaD_0.5_unweighted",0.0401798754918493,200,142.008250830433
2,"prevalence",0.05,"GLaD_0.5_weighted",0.0550899377459247,200,142.008250830433
2,"prevalence",0.05,"GLaD_1_unweighted",0.0354496887296231,200,142.008250830433
2,"prevalence",0.05,"GLaD_1_weighted",0.0803597509836985,200,142.008250830433
2,"prevalence",0.05,"GUniFrac",0.0347301867622262,200,142.008250830433
2,"prevalence",0.05,"aitchison",0.0501798754918493,200,142.008250830433
2,"prevalence",0.05,"bray",0.0501798754918493,200,142.008250830433
2,"prevalence",0.05,"euclidean",0.03,200,142.008250830433
2,"prevalence",0.05,"jaccard",0.0452698132377739,200,142.008250830433
2,"prevalence",0.05,"unifrac_unweighted",0.0303597509836985,200,142.008250830433
2,"prevalence",0.05,"unifrac_weighted_phyloseq",0.0449100622540754,200,142.008250830433
2,"prevalence",0.1,"GLaD_0.5_unweighted",0.0701798754918493,200,142.008250830433
2,"prevalence",0.1,"GLaD_0.5_weighted",0.0503597509836985,200,142.008250830433
2,"prevalence",0.1,"GLaD_1_unweighted",0.164550311270377,200,142.008250830433
2,"prevalence",0.1,"GLaD_1_weighted",0.0550899377459247,200,142.008250830433
2,"prevalence",0.1,"GUniFrac",0.0600000000000001,200,142.008250830433
2,"prevalence",0.1,"aitchison",0.0505396264755478,200,142.008250830433
2,"prevalence",0.1,"bray",0.0700000000000001,200,142.008250830433
2,"prevalence",0.1,"euclidean",0.0403597509836985,200,142.008250830433
2,"prevalence",0.1,"jaccard",0.0549100622540754,200,142.008250830433
2,"prevalence",0.1,"unifrac_unweighted",0.0905396264755478,200,142.008250830433
2,"prevalence",0.1,"unifrac_weighted_phyloseq",0.0601798754918493,200,142.008250830433
2,"prevalence",0.15,"GLaD_0.5_unweighted",0.174730186762226,200,142.008250830433
2,"prevalence",0.15,"GLaD_0.5_weighted",0.0698201245081508,200,142.008250830433
2,"prevalence",0.15,"GLaD_1_unweighted",0.309100622540754,200,142.008250830433
2,"prevalence",0.15,"GLaD_1_weighted",0.0649100622540754,200,142.008250830433
2,"prevalence",0.15,"GUniFrac",0.064550311270377,200,142.008250830433
2,"prevalence",0.15,"aitchison",0.109100622540754,200,142.008250830433
2,"prevalence",0.15,"bray",0.0396402490163016,200,142.008250830433
2,"prevalence",0.15,"euclidean",0.0449100622540754,200,142.008250830433
2,"prevalence",0.15,"jaccard",0.0447301867622262,200,142.008250830433
2,"prevalence",0.15,"unifrac_unweighted",0.159460373524453,200,142.008250830433
2,"prevalence",0.15,"unifrac_weighted_phyloseq",0.0596402490163016,200,142.008250830433
2,"prevalence",0.2,"GLaD_0.5_unweighted",0.264910062254076,200,142.008250830433
2,"prevalence",0.2,"GLaD_0.5_weighted",0.0498201245081508,200,142.008250830433
2,"prevalence",0.2,"GLaD_1_unweighted",0.563111307335583,200,142.008250830433
2,"prevalence",0.2,"GLaD_1_weighted",0.0198201245081508,200,142.008250830433
2,"prevalence",0.2,"GUniFrac",0.0654496887296231,200,142.008250830433
2,"prevalence",0.2,"aitchison",0.120719501967397,200,142.008250830433
2,"prevalence",0.2,"bray",0.0705396264755478,200,142.008250830433
2,"prevalence",0.2,"euclidean",0.0252698132377739,200,142.008250830433
2,"prevalence",0.2,"jaccard",0.0754496887296232,200,142.008250830433
2,"prevalence",0.2,"unifrac_unweighted",0.199640249016302,200,142.008250830433
2,"prevalence",0.2,"unifrac_weighted_phyloseq",0.0652698132377739,200,142.008250830433
2,"prevalence",0.25,"GLaD_0.5_unweighted",0.489100622540754,200,142.008250830433
2,"prevalence",0.25,"GLaD_0.5_weighted",0.0752698132377739,200,142.008250830433
2,"prevalence",0.25,"GLaD_1_unweighted",0.738560996065207,200,142.008250830433
2,"prevalence",0.25,"GLaD_1_weighted",0.0950899377459247,200,142.008250830433
2,"prevalence",0.25,"GUniFrac",0.0956295642214724,200,142.008250830433
2,"prevalence",0.25,"aitchison",0.185089937745925,200,142.008250830433
2,"prevalence",0.25,"bray",0.03,200,142.008250830433
2,"prevalence",0.25,"euclidean",0.0649100622540754,200,142.008250830433
2,"prevalence",0.25,"jaccard",0.0249100622540754,200,142.008250830433
2,"prevalence",0.25,"unifrac_unweighted",0.405089937745924,200,142.008250830433
2,"prevalence",0.25,"unifrac_weighted_phyloseq",0.0649100622540755,200,142.008250830433
2,"prevalence",0.3,"GLaD_0.5_unweighted",0.704190560286679,200,142.008250830433
2,"prevalence",0.3,"GLaD_0.5_weighted",0.03,200,142.008250830433
2,"prevalence",0.3,"GLaD_1_unweighted",0.864190560286679,200,142.008250830433
2,"prevalence",0.3,"GLaD_1_weighted",0.0301798754918493,200,142.008250830433
2,"prevalence",0.3,"GUniFrac",0.119820124508151,200,142.008250830433
2,"prevalence",0.3,"aitchison",0.239640249016302,200,142.008250830433
2,"prevalence",0.3,"bray",0.0703597509836986,200,142.008250830433
2,"prevalence",0.3,"euclidean",0.0494603735244524,200,142.008250830433
2,"prevalence",0.3,"jaccard",0.075269813237774,200,142.008250830433
2,"prevalence",0.3,"unifrac_unweighted",0.523471058319281,200,142.008250830433
2,"prevalence",0.3,"unifrac_weighted_phyloseq",0.0350899377459247,200,142.008250830433
2,"prevalence",0.35,"GLaD_0.5_unweighted",0.899280498032604,200,142.008250830433
2,"prevalence",0.35,"GLaD_0.5_weighted",0.0749100622540755,200,142.008250830433
2,"prevalence",0.35,"GLaD_1_unweighted",0.928920747048905,200,142.008250830433
2,"prevalence",0.35,"GLaD_1_weighted",0.0798201245081508,200,142.008250830433
2,"prevalence",0.35,"GUniFrac",0.159640249016302,200,142.008250830433
2,"prevalence",0.35,"aitchison",0.354730186762226,200,142.008250830433
2,"prevalence",0.35,"bray",0.0741905602866785,200,142.008250830433
2,"prevalence",0.35,"euclidean",0.0601798754918493,200,142.008250830433
2,"prevalence",0.35,"jaccard",0.0743704357785278,200,142.008250830433
2,"prevalence",0.35,"unifrac_unweighted",0.784370435778528,200,142.008250830433
2,"prevalence",0.35,"unifrac_weighted_phyloseq",0.0600000000000001,200,142.008250830433
2,"prevalence",0.4,"GLaD_0.5_unweighted",0.994910062254075,200,142.008250830433
2,"prevalence",0.4,"GLaD_0.5_weighted",0.0752698132377739,200,142.008250830433
2,"prevalence",0.4,"GLaD_1_unweighted",0.974730186762226,200,142.008250830433
2,"prevalence",0.4,"GLaD_1_weighted",0.0701798754918493,200,142.008250830433
2,"prevalence",0.4,"GUniFrac",0.288381120573357,200,142.008250830433
2,"prevalence",0.4,"aitchison",0.494550311270377,200,142.008250830433
2,"prevalence",0.4,"bray",0.0994603735244524,200,142.008250830433
2,"prevalence",0.4,"euclidean",0.07,200,142.008250830433
2,"prevalence",0.4,"jaccard",0.0947301867622262,200,142.008250830433
2,"prevalence",0.4,"unifrac_unweighted",0.919280498032604,200,142.008250830433
2,"prevalence",0.4,"unifrac_weighted_phyloseq",0.0898201245081509,200,142.008250830433
2,"prevalence",0.45,"GLaD_0.5_unweighted",1,200,142.008250830433
2,"prevalence",0.45,"GLaD_0.5_weighted",0.0849100622540755,200,142.008250830433
2,"prevalence",0.45,"GLaD_1_unweighted",0.994910062254075,200,142.008250830433
2,"prevalence",0.45,"GLaD_1_weighted",0.064550311270377,200,142.008250830433
2,"prevalence",0.45,"GUniFrac",0.319100622540754,200,142.008250830433
2,"prevalence",0.45,"aitchison",0.684370435778528,200,142.008250830433
2,"prevalence",0.45,"bray",0.124730186762226,200,142.008250830433
2,"prevalence",0.45,"euclidean",0.0401798754918493,200,142.008250830433
2,"prevalence",0.45,"jaccard",0.124910062254076,200,142.008250830433
2,"prevalence",0.45,"unifrac_unweighted",0.990179875491849,200,142.008250830433
2,"prevalence",0.45,"unifrac_weighted_phyloseq",0.139460373524452,200,142.008250830433
2,"prevalence",0.5,"GLaD_0.5_unweighted",1,200,142.008250830433
2,"prevalence",0.5,"GLaD_0.5_weighted",0.11,200,142.008250830433
2,"prevalence",0.5,"GLaD_1_unweighted",1,200,142.008250830433
2,"prevalence",0.5,"GLaD_1_weighted",0.104550311270377,200,142.008250830433
2,"prevalence",0.5,"GUniFrac",0.378560996065206,200,142.008250830433
2,"prevalence",0.5,"aitchison",0.829280498032604,200,142.008250830433
2,"prevalence",0.5,"bray",0.159460373524453,200,142.008250830433
2,"prevalence",0.5,"euclidean",0.0749100622540754,200,142.008250830433
2,"prevalence",0.5,"jaccard",0.144370435778528,200,142.008250830433
2,"prevalence",0.5,"unifrac_unweighted",1,200,142.008250830433
2,"prevalence",0.5,"unifrac_weighted_phyloseq",0.164550311270377,200,142.008250830433
2,"prevalence",0.55,"GLaD_0.5_unweighted",1,200,142.008250830433
2,"prevalence",0.55,"GLaD_0.5_weighted",0.119820124508151,200,142.008250830433
2,"prevalence",0.55,"GLaD_1_unweighted",1,200,142.008250830433
2,"prevalence",0.55,"GLaD_1_weighted",0.125089937745925,200,142.008250830433
2,"prevalence",0.55,"GUniFrac",0.612931431843734,200,142.008250830433
2,"prevalence",0.55,"aitchison",0.944910062254076,200,142.008250830433
2,"prevalence",0.55,"bray",0.129100622540754,200,142.008250830433
2,"prevalence",0.55,"euclidean",0.0892804980326032,200,142.008250830433
2,"prevalence",0.55,"jaccard",0.138920747048905,200,142.008250830433
2,"prevalence",0.55,"unifrac_unweighted",1,200,142.008250830433
2,"prevalence",0.55,"unifrac_weighted_phyloseq",0.169100622540754,200,142.008250830433
2,"prevalence",0.6,"GLaD_0.5_unweighted",1,200,142.008250830433
2,"prevalence",0.6,"GLaD_0.5_weighted",0.129820124508151,200,142.008250830433
2,"prevalence",0.6,"GLaD_1_unweighted",1,200,142.008250830433
2,"prevalence",0.6,"GLaD_1_weighted",0.139640249016302,200,142.008250830433
2,"prevalence",0.6,"GUniFrac",0.618740871557056,200,142.008250830433
2,"prevalence",0.6,"aitchison",0.964910062254076,200,142.008250830433
2,"prevalence",0.6,"bray",0.0989207470489047,200,142.008250830433
2,"prevalence",0.6,"euclidean",0.0701798754918493,200,142.008250830433
2,"prevalence",0.6,"jaccard",0.0889207470489047,200,142.008250830433
2,"prevalence",0.6,"unifrac_unweighted",1,200,142.008250830433
2,"prevalence",0.6,"unifrac_weighted_phyloseq",0.168920747048905,200,142.008250830433
2,"prevalence",0.65,"GLaD_0.5_unweighted",1,200,142.008250830433
2,"prevalence",0.65,"GLaD_0.5_weighted",0.124730186762226,200,142.008250830433
2,"prevalence",0.65,"GLaD_1_unweighted",1,200,142.008250830433
2,"prevalence",0.65,"GLaD_1_weighted",0.160179875491849,200,142.008250830433
2,"prevalence",0.65,"GUniFrac",0.813291182827433,200,142.008250830433
2,"prevalence",0.65,"aitchison",0.99,200,142.008250830433
2,"prevalence",0.65,"bray",0.143471058319282,200,142.008250830433
2,"prevalence",0.65,"euclidean",0.064550311270377,200,142.008250830433
2,"prevalence",0.65,"jaccard",0.143650933811131,200,142.008250830433
2,"prevalence",0.65,"unifrac_unweighted",1,200,142.008250830433
2,"prevalence",0.65,"unifrac_weighted_phyloseq",0.208920747048905,200,142.008250830433
2,"prevalence",0.7,"GLaD_0.5_unweighted",1,200,142.008250830433
2,"prevalence",0.7,"GLaD_0.5_weighted",0.139280498032603,200,142.008250830433
2,"prevalence",0.7,"GLaD_1_unweighted",1,200,142.008250830433
2,"prevalence",0.7,"GLaD_1_weighted",0.149280498032603,200,142.008250830433
2,"prevalence",0.7,"GUniFrac",0.883650933811132,200,142.008250830433
2,"prevalence",0.7,"aitchison",1,200,142.008250830433
2,"prevalence",0.7,"bray",0.189100622540754,200,142.008250830433
2,"prevalence",0.7,"euclidean",0.0496402490163016,200,142.008250830433
2,"prevalence",0.7,"jaccard",0.189100622540754,200,142.008250830433
2,"prevalence",0.7,"unifrac_unweighted",1,200,142.008250830433
2,"prevalence",0.7,"unifrac_weighted_phyloseq",0.26383080930298,200,142.008250830433
2,"prevalence",0.75,"GLaD_0.5_unweighted",1,200,142.008250830433
2,"prevalence",0.75,"GLaD_0.5_weighted",0.175089937745925,200,142.008250830433
2,"prevalence",0.75,"GLaD_1_unweighted",1,200,142.008250830433
2,"prevalence",0.75,"GLaD_1_weighted",0.194550311270377,200,142.008250830433
2,"prevalence",0.75,"GUniFrac",0.969460373524453,200,142.008250830433
2,"prevalence",0.75,"aitchison",1,200,142.008250830433
2,"prevalence",0.75,"bray",0.289460373524452,200,142.008250830433
2,"prevalence",0.75,"euclidean",0.105089937745925,200,142.008250830433
2,"prevalence",0.75,"jaccard",0.269640249016302,200,142.008250830433
2,"prevalence",0.75,"unifrac_unweighted",1,200,142.008250830433
2,"prevalence",0.75,"unifrac_weighted_phyloseq",0.349280498032603,200,142.008250830433
2,"prevalence",0.8,"GLaD_0.5_unweighted",1,200,142.008250830433
2,"prevalence",0.8,"GLaD_0.5_weighted",0.209820124508151,200,142.008250830433
2,"prevalence",0.8,"GLaD_1_unweighted",1,200,142.008250830433
2,"prevalence",0.8,"GLaD_1_weighted",0.2,200,142.008250830433
2,"prevalence",0.8,"GUniFrac",0.979640249016302,200,142.008250830433
2,"prevalence",0.8,"aitchison",1,200,142.008250830433
2,"prevalence",0.8,"bray",0.323471058319282,200,142.008250830433
2,"prevalence",0.8,"euclidean",0.0896402490163016,200,142.008250830433
2,"prevalence",0.8,"jaccard",0.318381120573357,200,142.008250830433
2,"prevalence",0.8,"unifrac_unweighted",1,200,142.008250830433
2,"prevalence",0.8,"unifrac_weighted_phyloseq",0.314190560286679,200,142.008250830433
2,"prevalence",0.85,"GLaD_0.5_unweighted",1,200,142.008250830433
2,"prevalence",0.85,"GLaD_0.5_weighted",0.228920747048905,200,142.008250830433
2,"prevalence",0.85,"GLaD_1_unweighted",1,200,142.008250830433
2,"prevalence",0.85,"GLaD_1_weighted",0.234190560286679,200,142.008250830433
2,"prevalence",0.85,"GUniFrac",0.989820124508151,200,142.008250830433
2,"prevalence",0.85,"aitchison",1,200,142.008250830433
2,"prevalence",0.85,"bray",0.363650933811131,200,142.008250830433
2,"prevalence",0.85,"euclidean",0.074550311270377,200,142.008250830433
2,"prevalence",0.85,"jaccard",0.328560996065206,200,142.008250830433
2,"prevalence",0.85,"unifrac_unweighted",1,200,142.008250830433
2,"prevalence",0.85,"unifrac_weighted_phyloseq",0.412931431843734,200,142.008250830433
2,"prevalence",0.9,"GLaD_0.5_unweighted",1,200,142.008250830433
2,"prevalence",0.9,"GLaD_0.5_weighted",0.214550311270377,200,142.008250830433
2,"prevalence",0.9,"GLaD_1_unweighted",1,200,142.008250830433
2,"prevalence",0.9,"GLaD_1_weighted",0.200359750983699,200,142.008250830433
2,"prevalence",0.9,"GUniFrac",1,200,142.008250830433
2,"prevalence",0.9,"aitchison",1,200,142.008250830433
2,"prevalence",0.9,"bray",0.383471058319281,200,142.008250830433
2,"prevalence",0.9,"euclidean",0.0998201245081509,200,142.008250830433
2,"prevalence",0.9,"jaccard",0.37383080930298,200,142.008250830433
2,"prevalence",0.9,"unifrac_unweighted",1,200,142.008250830433
2,"prevalence",0.9,"unifrac_weighted_phyloseq",0.408381120573357,200,142.008250830433
2,"prevalence",0.95,"GLaD_0.5_unweighted",1,200,142.008250830433
2,"prevalence",0.95,"GLaD_0.5_weighted",0.259280498032603,200,142.008250830433
2,"prevalence",0.95,"GLaD_1_unweighted",1,200,142.008250830433
2,"prevalence",0.95,"GLaD_1_weighted",0.23,200,142.008250830433
2,"prevalence",0.95,"GUniFrac",1,200,142.008250830433
2,"prevalence",0.95,"aitchison",1,200,142.008250830433
2,"prevalence",0.95,"bray",0.458381120573357,200,142.008250830433
2,"prevalence",0.95,"euclidean",0.0796402490163016,200,142.008250830433
2,"prevalence",0.95,"jaccard",0.403111307335583,200,142.008250830433
2,"prevalence",0.95,"unifrac_unweighted",1,200,142.008250830433
2,"prevalence",0.95,"unifrac_weighted_phyloseq",0.478560996065206,200,142.008250830433
2,"prevalence",1,"GLaD_0.5_unweighted",1,200,142.008250830433
2,"prevalence",1,"GLaD_0.5_weighted",0.304190560286679,200,142.008250830433
2,"prevalence",1,"GLaD_1_unweighted",1,200,142.008250830433
2,"prevalence",1,"GLaD_1_weighted",0.264550311270377,200,142.008250830433
2,"prevalence",1,"GUniFrac",1,200,142.008250830433
2,"prevalence",1,"aitchison",1,200,142.008250830433
2,"prevalence",1,"bray",0.567841494097809,200,142.008250830433
2,"prevalence",1,"euclidean",0.109640249016302,200,142.008250830433
2,"prevalence",1,"jaccard",0.532751556351885,200,142.008250830433
2,"prevalence",1,"unifrac_unweighted",1,200,142.008250830433
2,"prevalence",1,"unifrac_weighted_phyloseq",0.543650933811131,200,142.008250830433
4,"abundance",0.05,"GLaD_0.5_unweighted",0.0529829509906733,400,157.325528941398
4,"abundance",0.05,"GLaD_0.5_weighted",0.0237354180097054,400,157.325528941398
4,"abundance",0.05,"GLaD_1_unweighted",0.0637110941226081,400,157.325528941398
4,"abundance",0.05,"GLaD_1_weighted",0.0399119201861009,400,157.325528941398
4,"abundance",0.05,"GUniFrac",0.0429964801355411,400,157.325528941398
4,"abundance",0.05,"aitchison",0.0314901082940175,400,157.325528941398
4,"abundance",0.05,"bray",0.0295997110322847,400,157.325528941398
4,"abundance",0.05,"euclidean",0.0287103752208785,400,157.325528941398
4,"abundance",0.05,"jaccard",0.0295997110322847,400,157.325528941398
4,"abundance",0.05,"unifrac_unweighted",0.0493762002294706,400,157.325528941398
4,"abundance",0.05,"unifrac_weighted_phyloseq",0.0327187115489756,400,157.325528941398
4,"abundance",0.1,"GLaD_0.5_unweighted",0.0485722098293253,400,157.325528941398
4,"abundance",0.1,"GLaD_0.5_weighted",0.0692353004352793,400,157.325528941398
4,"abundance",0.1,"GLaD_1_unweighted",0.0619892718178618,400,157.325528941398
4,"abundance",0.1,"GLaD_1_weighted",0.0799634435672141,400,157.325528941398
4,"abundance",0.1,"GUniFrac",0.049861834608447,400,157.325528941398
4,"abundance",0.1,"aitchison",0.0393599366819645,400,157.325528941398
4,"abundance",0.1,"bray",0.0563404292585053,400,157.325528941398
4,"abundance",0.1,"euclidean",0.0526943876618783,400,157.325528941398
4,"abundance",0.1,"jaccard",0.059963443567214,400,157.325528941398
4,"abundance",0.1,"unifrac_unweighted",0.0529341620121985,400,157.325528941398
4,"abundance",0.1,"unifrac_weighted_phyloseq",0.057731662996394,400,157.325528941398
4,"abundance",0.15,"GLaD_0.5_unweighted",0.0269289691954277,400,157.325528941398
4,"abundance",0.15,"GLaD_0.5_weighted",0.138173358665069,400,157.325528941398
4,"abundance",0.15,"GLaD_1_unweighted",0.040764699564721,400,157.325528941398
4,"abundance",0.15,"GLaD_1_weighted",0.118836449271023,400,157.325528941398
4,"abundance",0.15,"GUniFrac",0.0915186043872125,400,157.325528941398
4,"abundance",0.15,"aitchison",0.0654741207350173,400,157.325528941398
4,"abundance",0.15,"bray",0.0800122325456889,400,157.325528941398
4,"abundance",0.15,"euclidean",0.0730967924951291,400,157.325528941398
4,"abundance",0.15,"jaccard",0.0829328654130194,400,157.325528941398
4,"abundance",0.15,"unifrac_unweighted",0.0208270176880636,400,157.325528941398
4,"abundance",0.15,"unifrac_weighted_phyloseq",0.136581641412285,400,157.325528941398
4,"abundance",0.2,"GLaD_0.5_unweighted",0.0490713733531695,400,157.325528941398
4,"abundance",0.2,"GLaD_0.5_weighted",0.139916092392198,400,157.325528941398
4,"abundance",0.2,"GLaD_1_unweighted",0.0529206328673306,400,157.325528941398
4,"abundance",0.2,"GLaD_1_weighted",0.123751822761492,400,157.325528941398
4,"abundance",0.2,"GUniFrac",0.12244108416669,400,157.325528941398
4,"abundance",0.2,"aitchison",0.0392976185586219,400,157.325528941398
4,"abundance",0.2,"bray",0.0889196788167486,400,157.325528941398
4,"abundance",0.2,"euclidean",0.0869669634316731,400,157.325528941398
4,"abundance",0.2,"jaccard",0.0903474689874234,400,157.325528941398
4,"abundance",0.2,"unifrac_unweighted",0.0453860409211181,400,157.325528941398
4,"abundance",0.2,"unifrac_weighted_phyloseq",0.120222832740738,400,157.325528941398
4,"abundance",0.25,"GLaD_0.5_unweighted",0.0400257616905567,400,157.325528941398
4,"abundance",0.25,"GLaD_0.5_weighted",0.184250986285336,400,157.325528941398
4,"abundance",0.25,"GLaD_1_unweighted",0.0306400633180356,400,157.325528941398
4,"abundance",0.25,"GLaD_1_weighted",0.202848957805218,400,157.325528941398
4,"abundance",0.25,"GUniFrac",0.197256964563928,400,157.325528941398
4,"abundance",0.25,"aitchison",0.0737110941226082,400,157.325528941398
4,"abundance",0.25,"bray",0.0864515363603229,400,157.325528941398
4,"abundance",0.25,"euclidean",0.061529399129442,400,157.325528941398
4,"abundance",0.25,"jaccard",0.0785817079723759,400,157.325528941398
4,"abundance",0.25,"unifrac_unweighted",0.0558670274252177,400,157.325528941398
4,"abundance",0.25,"unifrac_weighted_phyloseq",0.215103765663956,400,157.325528941398
4,"abundance",0.3,"GLaD_0.5_unweighted",0.0588242167253343,400,157.325528941398
4,"abundance",0.3,"GLaD_0.5_weighted",0.269395339383896,400,157.325528941398
4,"abundance",0.3,"GLaD_1_unweighted",0.0401016089587671,400,157.325528941398
4,"abundance",0.3,"GLaD_1_weighted",0.279358782951109,400,157.325528941398
4,"abundance",0.3,"GUniFrac",0.251254506149795,400,157.325528941398
4,"abundance",0.3,"aitchison",0.0637734122459508,400,157.325528941398
4,"abundance",0.3,"bray",0.109884861896365,400,157.325528941398
4,"abundance",0.3,"euclidean",0.0888708898382737,400,157.325528941398
4,"abundance",0.3,"jaccard",0.11776821942918,400,157.325528941398
4,"abundance",0.3,"unifrac_unweighted",0.0601016089587672,400,157.325528941398
4,"abundance",0.3,"unifrac_weighted_phyloseq",0.278503269169851,400,157.325528941398
4,"abundance",0.35,"GLaD_0.5_unweighted",0.044988486356041,400,157.325528941398
4,"abundance",0.35,"GLaD_0.5_weighted",0.327630196905951,400,157.325528941398
4,"abundance",0.35,"GLaD_1_unweighted",0.0644635611416403,400,157.325528941398
4,"abundance",0.35,"GLaD_1_weighted",0.335588105107797,400,157.325528941398
4,"abundance",0.35,"GUniFrac",0.358514682449184,400,157.325528941398
4,"abundance",0.35,"aitchison",0.0392122731473609,400,157.325528941398
4,"abundance",0.35,"bray",0.170477574039385,400,157.325528941398
4,"abundance",0.35,"euclidean",0.143234279824606,400,157.325528941398
4,"abundance",0.35,"jaccard",0.174162906471437,400,157.325528941398
4,"abundance",0.35,"unifrac_unweighted",0.0321924897353958,400,157.325528941398
4,"abundance",0.35,"unifrac_weighted_phyloseq",0.348642053098507,400,157.325528941398
4,"abundance",0.4,"GLaD_0.5_unweighted",0.0544500319967725,400,157.325528941398
4,"abundance",0.4,"GLaD_0.5_weighted",0.39372490734008,400,157.325528941398
4,"abundance",0.4,"GLaD_1_unweighted",0.0451496790355124,400,157.325528941398
4,"abundance",0.4,"GLaD_1_weighted",0.394528897740225,400,157.325528941398
4,"abundance",0.4,"GUniFrac",0.456855997534137,400,157.325528941398
4,"abundance",0.4,"aitchison",0.0601774562269777,400,157.325528941398
4,"abundance",0.4,"bray",0.250766137368181,400,157.325528941398
4,"abundance",0.4,"euclidean",0.142170900250937,400,157.325528941398
4,"abundance",0.4,"jaccard",0.232207456683723,400,157.325528941398
4,"abundance",0.4,"unifrac_unweighted",0.0516567697787656,400,157.325528941398
4,"abundance",0.4,"unifrac_weighted_phyloseq",0.46301494122789,400,157.325528941398
4,"abundance",0.45,"GLaD_0.5_unweighted",0.031631008088209,400,157.325528941398
4,"abundance",0.45,"GLaD_0.5_weighted",0.451768160953188,400,157.325528941398
4,"abundance",0.45,"GLaD_1_unweighted",0.0464027473818479,400,157.325528941398
4,"abundance",0.45,"GLaD_1_weighted",0.438013128120279,400,157.325528941398
4,"abundance",0.45,"GUniFrac",0.505729003237946,400,157.325528941398
4,"abundance",0.45,"aitchison",0.079752843372165,400,157.325528941398
4,"abundance",0.45,"bray",0.319339166463863,400,157.325528941398
4,"abundance",0.45,"euclidean",0.217430389789088,400,157.325528941398
4,"abundance",0.45,"jaccard",0.311931945166974,400,157.325528941398
4,"abundance",0.45,"unifrac_unweighted",0.0419920062205,400,157.325528941398
4,"abundance",0.45,"unifrac_weighted_phyloseq",0.520046338648441,400,157.325528941398
4,"abundance",0.5,"GLaD_0.5_unweighted",0.0567306015460674,400,157.325528941398
4,"abundance",0.5,"GLaD_0.5_weighted",0.533565830526145,400,157.325528941398
4,"abundance",0.5,"GLaD_1_unweighted",0.0526550968264539,400,157.325528941398
4,"abundance",0.5,"GLaD_1_weighted",0.531038104349015,400,157.325528941398
4,"abundance",0.5,"GUniFrac",0.664994096365599,400,157.325528941398
4,"abundance",0.5,"aitchison",0.0936853324320517,400,157.325528941398
4,"abundance",0.5,"bray",0.37119156948935,400,157.325528941398
4,"abundance",0.5,"euclidean",0.202256245662198,400,157.325528941398
4,"abundance",0.5,"jaccard",0.34472650398416,400,157.325528941398
4,"abundance",0.5,"unifrac_unweighted",0.0579091192233715,400,157.325528941398
4,"abundance",0.5,"unifrac_weighted_phyloseq",0.623285327536941,400,157.325528941398
4,"abundance",0.55,"GLaD_0.5_unweighted",0.0614413193155428,400,157.325528941398
4,"abundance",0.55,"GLaD_0.5_weighted",0.633058404269412,400,157.325528941398
4,"abundance",0.55,"GLaD_1_unweighted",0.0498726293506765,400,157.325528941398
4,"abundance",0.55,"GLaD_1_weighted",0.606988361319958,400,157.325528941398
4,"abundance",0.55,"GUniFrac",0.794110227695426,400,157.325528941398
4,"abundance",0.55,"aitchison",0.102116642467185,400,157.325528941398
4,"abundance",0.55,"bray",0.491772665959741,400,157.325528941398
4,"abundance",0.55,"euclidean",0.279722372617715,400,157.325528941398
4,"abundance",0.55,"jaccard",0.486832968582175,400,157.325528941398
4,"abundance",0.55,"unifrac_unweighted",0.0744865884295586,400,157.325528941398
4,"abundance",0.55,"unifrac_weighted_phyloseq",0.76364967694493,400,157.325528941398
4,"abundance",0.6,"GLaD_0.5_unweighted",0.0372920831932542,400,157.325528941398
4,"abundance",0.6,"GLaD_0.5_weighted",0.714610830686772,400,157.325528941398
4,"abundance",0.6,"GLaD_1_unweighted",0.0449627246654844,400,157.325528941398
4,"abundance",0.6,"GLaD_1_weighted",0.659745067105179,400,157.325528941398
4,"abundance",0.6,"GUniFrac",0.878561556291377,400,157.325528941398
4,"abundance",0.6,"aitchison",0.103981278038362,400,157.325528941398
4,"abundance",0.6,"bray",0.621656910983047,400,157.325528941398
4,"abundance",0.6,"euclidean",0.325919988609791,400,157.325528941398
4,"abundance",0.6,"jaccard",0.609614819184893,400,157.325528941398
4,"abundance",0.6,"unifrac_unweighted",0.0463011384230809,400,157.325528941398
4,"abundance",0.6,"unifrac_weighted_phyloseq",0.826509288288097,400,157.325528941398
4,"abundance",0.65,"GLaD_0.5_unweighted",0.0678562992430793,400,157.325528941398
4,"abundance",0.65,"GLaD_0.5_weighted",0.745309181126333,400,157.325528941398
4,"abundance",0.65,"GLaD_1_unweighted",0.0587984550347778,400,157.325528941398
4,"abundance",0.65,"GLaD_1_weighted",0.730404126709315,400,157.325528941398
4,"abundance",0.65,"GUniFrac",0.903196426792642,400,157.325528941398
4,"abundance",0.65,"aitchison",0.154284808315484,400,157.325528941398
4,"abundance",0.65,"bray",0.701264622829949,400,157.325528941398
4,"abundance",0.65,"euclidean",0.38388787228751,400,157.325528941398
4,"abundance",0.65,"jaccard",0.687080126874054,400,157.325528941398
4,"abundance",0.65,"unifrac_unweighted",0.0652377588494117,400,157.325528941398
4,"abundance",0.65,"unifrac_weighted_phyloseq",0.874810493271268,400,157.325528941398
4,"abundance",0.7,"GLaD_0.5_unweighted",0.0547852684385069,400,157.325528941398
4,"abundance",0.7,"GLaD_0.5_weighted",0.774380554479503,400,157.325528941398
4,"abundance",0.7,"GLaD_1_unweighted",0.0414413193155427,400,157.325528941398
4,"abundance",0.7,"GLaD_1_weighted",0.729665188835151,400,157.325528941398
4,"abundance",0.7,"GUniFrac",0.954211695449912,400,157.325528941398
4,"abundance",0.7,"aitchison",0.136592436154514,400,157.325528941398
4,"abundance",0.7,"bray",0.745316481724542,400,157.325528941398
4,"abundance",0.7,"euclidean",0.424099291748916,400,157.325528941398
4,"abundance",0.7,"jaccard",0.714128465904188,400,157.325528941398
4,"abundance",0.7,"unifrac_unweighted",0.0371809760914366,400,157.325528941398
4,"abundance",0.7,"unifrac_weighted_phyloseq",0.894735942602237,400,157.325528941398
4,"abundance",0.75,"GLaD_0.5_unweighted",0.0505384543592687,400,157.325528941398
4,"abundance",0.75,"GLaD_0.5_weighted",0.845130287095896,400,157.325528941398
4,"abundance",0.75,"GLaD_1_unweighted",0.0557789476113185,400,157.325528941398
4,"abundance",0.75,"GLaD_1_weighted",0.802545093063598,400,157.325528941398
4,"abundance",0.75,"GUniFrac",0.97682879804012,400,157.325528941398
4,"abundance",0.75,"aitchison",0.21037323067798,400,157.325528941398
4,"abundance",0.75,"bray",0.85545123465138,400,157.325528941398
4,"abundance",0.75,"euclidean",0.519113539795513,400,157.325528941398
4,"abundance",0.75,"jaccard",0.83236667470194,400,157.325528941398
4,"abundance",0.75,"unifrac_unweighted",0.0555499680032278,400,157.325528941398
4,"abundance",0.75,"unifrac_weighted_phyloseq",0.942065878827455,400,157.325528941398
4,"abundance",0.8,"GLaD_0.5_unweighted",0.0670292815550157,400,157.325528941398
4,"abundance",0.8,"GLaD_0.5_weighted",0.883401082513635,400,157.325528941398
4,"abundance",0.8,"GLaD_1_unweighted",0.0472297650699115,400,157.325528941398
4,"abundance",0.8,"GLaD_1_weighted",0.855150782374474,400,157.325528941398
4,"abundance",0.8,"GUniFrac",0.988496362561115,400,157.325528941398
4,"abundance",0.8,"aitchison",0.179450750898502,400,157.325528941398
4,"abundance",0.8,"bray",0.910828455491524,400,157.325528941398
4,"abundance",0.8,"euclidean",0.593560837389647,400,157.325528941398
4,"abundance",0.8,"jaccard",0.907995902438092,400,157.325528941398
4,"abundance",0.8,"unifrac_unweighted",0.0590578442083017,400,157.325528941398
4,"abundance",0.8,"unifrac_weighted_phyloseq",0.963959688553903,400,157.325528941398
4,"abundance",0.85,"GLaD_0.5_unweighted",0.046504356340615,400,157.325528941398
4,"abundance",0.85,"GLaD_0.5_weighted",0.897131650255166,400,157.325528941398
4,"abundance",0.85,"GLaD_1_unweighted",0.049500836476156,400,157.325528941398
4,"abundance",0.85,"GLaD_1_weighted",0.863692380245068,400,157.325528941398
4,"abundance",0.85,"GUniFrac",0.998470600870558,400,157.325528941398
4,"abundance",0.85,"aitchison",0.212505518155569,400,157.325528941398
4,"abundance",0.85,"bray",0.976568112267417,400,157.325528941398
4,"abundance",0.85,"euclidean",0.668960407455633,400,157.325528941398
4,"abundance",0.85,"jaccard",0.961080462387532,400,157.325528941398
4,"abundance",0.85,"unifrac_unweighted",0.0464027473818479,400,157.325528941398
4,"abundance",0.85,"unifrac_weighted_phyloseq",0.994811030129063,400,157.325528941398
4,"abundance",0.9,"GLaD_0.5_unweighted",0.0433940347006182,400,157.325528941398
4,"abundance",0.9,"GLaD_0.5_weighted",0.92373488115191,400,157.325528941398
4,"abundance",0.9,"GLaD_1_unweighted",0.0416797970666838,400,157.325528941398
4,"abundance",0.9,"GLaD_1_weighted",0.886787734936738,400,157.325528941398
4,"abundance",0.9,"GUniFrac",0.997869828387947,400,157.325528941398
4,"abundance",0.9,"aitchison",0.294724388118624,400,157.325528941398
4,"abundance",0.9,"bray",0.968496362561115,400,157.325528941398
4,"abundance",0.9,"euclidean",0.718287818706629,400,157.325528941398
4,"abundance",0.9,"jaccard",0.968584442375014,400,157.325528941398
4,"abundance",0.9,"unifrac_unweighted",0.0435186709473035,400,157.325528941398
4,"abundance",0.9,"unifrac_weighted_phyloseq",0.987130890513783,400,157.325528941398
4,"abundance",0.95,"GLaD_0.5_unweighted",0.0622940986941629,400,157.325528941398
4,"abundance",0.95,"GLaD_0.5_weighted",0.949397252856134,400,157.325528941398
4,"abundance",0.95,"GLaD_1_unweighted",0.0520678534887105,400,157.325528941398
4,"abundance",0.95,"GLaD_1_weighted",0.914516663530494,400,157.325528941398
4,"abundance",0.95,"GUniFrac",1,400,157.325528941398
4,"abundance",0.95,"aitchison",0.246328196712817,400,157.325528941398
4,"abundance",0.95,"bray",0.976074893217628,400,157.325528941398
4,"abundance",0.95,"euclidean",0.790854217182081,400,157.325528941398
4,"abundance",0.95,"jaccard",0.968893917126192,400,157.325528941398
4,"abundance",0.95,"unifrac_unweighted",0.0472175325242228,400,157.325528941398
4,"abundance",0.95,"unifrac_weighted_phyloseq",0.99182807913839,400,157.325528941398
4,"abundance",1,"GLaD_0.5_unweighted",0.039248829580147,400,157.325528941398
4,"abundance",1,"GLaD_0.5_weighted",0.965850085815635,400,157.325528941398
4,"abundance",1,"GLaD_1_unweighted",0.0513912337378888,400,157.325528941398
4,"abundance",1,"GLaD_1_weighted",0.935053680086303,400,157.325528941398
4,"abundance",1,"GUniFrac",0.998634527952668,400,157.325528941398
4,"abundance",1,"aitchison",0.361635180294307,400,157.325528941398
4,"abundance",1,"bray",0.990790461255277,400,157.325528941398
4,"abundance",1,"euclidean",0.833167930699447,400,157.325528941398
4,"abundance",1,"jaccard",0.987895590078504,400,157.325528941398
4,"abundance",1,"unifrac_unweighted",0.0469289691954277,400,157.325528941398
4,"abundance",1,"unifrac_weighted_phyloseq",0.994974957211173,400,157.325528941398
4,"both",0.05,"GLaD_0.5_unweighted",0.0300623181233427,400,157.325528941398
4,"both",0.05,"GLaD_0.5_weighted",0.0468531219272172,400,157.325528941398
4,"both",0.05,"GLaD_1_unweighted",0.0613261812119079,400,157.325528941398
4,"both",0.05,"GLaD_1_weighted",0.0514535518612315,400,157.325528941398
4,"both",0.05,"GUniFrac",0.0490225843746946,400,157.325528941398
4,"both",0.05,"aitchison",0.0564650655051906,400,157.325528941398
4,"both",0.05,"bray",0.0378305375525227,400,157.325528941398
4,"both",0.05,"euclidean",0.0381928322839928,400,157.325528941398
4,"both",0.05,"jaccard",0.0342468140792383,400,157.325528941398
4,"both",0.05,"unifrac_unweighted",0.0363146675679487,400,157.325528941398
4,"both",0.05,"unifrac_weighted_phyloseq",0.0404503745453694,400,157.325528941398
4,"both",0.1,"GLaD_0.5_unweighted",0.0385071573033444,400,157.325528941398
4,"both",0.1,"GLaD_0.5_weighted",0.0733832399583887,400,157.325528941398
4,"both",0.1,"GLaD_1_unweighted",0.0652282607063612,400,157.325528941398
4,"both",0.1,"GLaD_1_weighted",0.0879348809139281,400,157.325528941398
4,"both",0.1,"GUniFrac",0.0820936151792671,400,157.325528941398
4,"both",0.1,"aitchison",0.0422940986941628,400,157.325528941398
4,"both",0.1,"bray",0.0584706008705583,400,157.325528941398
4,"both",0.1,"euclidean",0.07621579301182,400,157.325528941398
4,"both",0.1,"jaccard",0.0589832935392703,400,157.325528941398
4,"both",0.1,"unifrac_unweighted",0.032541255321998,400,157.325528941398
4,"both",0.1,"unifrac_weighted_phyloseq",0.0769804925765409,400,157.325528941398
4,"both",0.15,"GLaD_0.5_unweighted",0.0850508044793838,400,157.325528941398
4,"both",0.15,"GLaD_0.5_weighted",0.114965459068123,400,157.325528941398
4,"both",0.15,"GLaD_1_unweighted",0.087781748574048,400,157.325528941398
4,"both",0.15,"GLaD_1_weighted",0.12221148768554,400,157.325528941398
4,"both",0.15,"GUniFrac",0.105355631355685,400,157.325528941398
4,"both",0.15,"aitchison",0.104538111810672,400,157.325528941398
4,"both",0.15,"bray",0.0708405468329316,400,157.325528941398
4,"both",0.15,"euclidean",0.0517142376339345,400,157.325528941398
4,"both",0.15,"jaccard",0.0751266517475942,400,157.325528941398
4,"both",0.15,"unifrac_unweighted",0.0712773922334331,400,157.325528941398
4,"both",0.15,"unifrac_weighted_phyloseq",0.131633742490847,400,157.325528941398
4,"both",0.2,"GLaD_0.5_unweighted",0.144337628295776,400,157.325528941398
4,"both",0.2,"GLaD_0.5_weighted",0.166620932247709,400,157.325528941398
4,"both",0.2,"GLaD_1_unweighted",0.110215450463223,400,157.325528941398
4,"both",0.2,"GLaD_1_weighted",0.190459397019641,400,157.325528941398
4,"both",0.2,"GUniFrac",0.21006778692862,400,157.325528941398
4,"both",0.2,"aitchison",0.147030578154195,400,157.325528941398
4,"both",0.2,"bray",0.0942603432241063,400,157.325528941398
4,"both",0.2,"euclidean",0.0679714373467142,400,157.325528941398
4,"both",0.2,"jaccard",0.084322661347449,400,157.325528941398
4,"both",0.2,"unifrac_unweighted",0.0995238637640744,400,157.325528941398
4,"both",0.2,"unifrac_weighted_phyloseq",0.200168099288208,400,157.325528941398
4,"both",0.25,"GLaD_0.5_unweighted",0.193819466821788,400,157.325528941398
4,"both",0.25,"GLaD_0.5_weighted",0.243642153463134,400,157.325528941398
4,"both",0.25,"GLaD_1_unweighted",0.206517885485483,400,157.325528941398
4,"both",0.25,"GLaD_1_weighted",0.252930273878705,400,157.325528941398
4,"both",0.25,"GUniFrac",0.334162906471437,400,157.325528941398
4,"both",0.25,"aitchison",0.190990944770174,400,157.325528941398
4,"both",0.25,"bray",0.172843488999941,400,157.325528941398
4,"both",0.25,"euclidean",0.147256964563927,400,157.325528941398
4,"both",0.25,"jaccard",0.153582426874106,400,157.325528941398
4,"both",0.25,"unifrac_unweighted",0.136242232764453,400,157.325528941398
4,"both",0.25,"unifrac_weighted_phyloseq",0.314469171151197,400,157.325528941398
4,"both",0.3,"GLaD_0.5_unweighted",0.29353637229827,400,157.325528941398
4,"both",0.3,"GLaD_0.5_weighted",0.371993586892283,400,157.325528941398
4,"both",0.3,"GLaD_1_unweighted",0.242449965436682,400,157.325528941398
4,"both",0.3,"GLaD_1_weighted",0.365015828718381,400,157.325528941398
4,"both",0.3,"GUniFrac",0.518277023964399,400,157.325528941398
4,"both",0.3,"aitchison",0.278896651528831,400,157.325528941398
4,"both",0.3,"bray",0.21492487163352,400,157.325528941398
4,"both",0.3,"euclidean",0.114709421170297,400,157.325528941398
4,"both",0.3,"jaccard",0.212984388794133,400,157.325528941398
4,"both",0.3,"unifrac_unweighted",0.211055378759052,400,157.325528941398
4,"both",0.3,"unifrac_weighted_phyloseq",0.465701946612253,400,157.325528941398
4,"both",0.35,"GLaD_0.5_unweighted",0.479126450403279,400,157.325528941398
4,"both",0.35,"GLaD_0.5_weighted",0.483700583452983,400,157.325528941398
4,"both",0.35,"GLaD_1_unweighted",0.325431001291073,400,157.325528941398
4,"both",0.35,"GLaD_1_weighted",0.482163802046026,400,157.325528941398
4,"both",0.35,"GUniFrac",0.69039578229712,400,157.325528941398
4,"both",0.35,"aitchison",0.471277533437714,400,157.325528941398
4,"both",0.35,"bray",0.282004238766189,400,157.325528941398
4,"both",0.35,"euclidean",0.138120538684777,400,157.325528941398
4,"both",0.35,"jaccard",0.267655815728184,400,157.325528941398
4,"both",0.35,"unifrac_unweighted",0.349304584692332,400,157.325528941398
4,"both",0.35,"unifrac_weighted_phyloseq",0.587143407132076,400,157.325528941398
4,"both",0.4,"GLaD_0.5_unweighted",0.642090405107851,400,157.325528941398
4,"both",0.4,"GLaD_0.5_weighted",0.556346182136386,400,157.325528941398
4,"both",0.4,"GLaD_1_unweighted",0.399233386963042,400,157.325528941398
4,"both",0.4,"GLaD_1_weighted",0.544031172019841,400,157.325528941398
4,"both",0.4,"GUniFrac",0.848044013354491,400,157.325528941398
4,"both",0.4,"aitchison",0.659013227435925,400,157.325528941398
4,"both",0.4,"bray",0.425176200467453,400,157.325528941398
4,"both",0.4,"euclidean",0.178423249695543,400,157.325528941398
4,"both",0.4,"jaccard",0.433646801338011,400,157.325528941398
4,"both",0.4,"unifrac_unweighted",0.470034024423446,400,157.325528941398
4,"both",0.4,"unifrac_weighted_phyloseq",0.701807249395315,400,157.325528941398
4,"both",0.45,"GLaD_0.5_unweighted",0.775645632487941,400,157.325528941398
4,"both",0.45,"GLaD_0.5_weighted",0.658384242932723,400,157.325528941398
4,"both",0.45,"GLaD_1_unweighted",0.45201441663536,400,157.325528941398
4,"both",0.45,"GLaD_1_weighted",0.639405799661627,400,157.325528941398
4,"both",0.45,"GUniFrac",0.916096007033309,400,157.325528941398
4,"both",0.45,"aitchison",0.817822477212933,400,157.325528941398
4,"both",0.45,"bray",0.608350278034252,400,157.325528941398
4,"both",0.45,"euclidean",0.200553421307596,400,157.325528941398
4,"both",0.45,"jaccard",0.582009848775746,400,157.325528941398
4,"both",0.45,"unifrac_unweighted",0.599183360910362,400,157.325528941398
4,"both",0.45,"unifrac_weighted_phyloseq",0.825843463279504,400,157.325528941398
4,"both",0.5,"GLaD_0.5_unweighted",0.923254775103184,400,157.325528941398
4,"both",0.5,"GLaD_0.5_weighted",0.746849993535107,400,157.325528941398
4,"both",0.5,"GLaD_1_unweighted",0.556365096743181,400,157.325528941398
4,"both",0.5,"GLaD_1_weighted",0.70165849165483,400,157.325528941398
4,"both",0.5,"GUniFrac",0.978059517160614,400,157.325528941398
4,"both",0.5,"aitchison",0.916184086847208,400,157.325528941398
4,"both",0.5,"bray",0.685215491302877,400,157.325528941398
4,"both",0.5,"euclidean",0.251830813541029,400,157.325528941398
4,"both",0.5,"jaccard",0.649387754713084,400,157.325528941398
4,"both",0.5,"unifrac_unweighted",0.756041333105753,400,157.325528941398
4,"both",0.5,"unifrac_weighted_phyloseq",0.881417755169829,400,157.325528941398
4,"both",0.55,"GLaD_0.5_unweighted",0.960379377545333,400,157.325528941398
4,"both",0.55,"GLaD_0.5_weighted",0.79635164927762,400,157.325528941398
4,"both",0.55,"GLaD_1_unweighted",0.600982884430583,400,157.325528941398
4,"both",0.55,"GLaD_1_weighted",0.751951905251799,400,157.325528941398
4,"both",0.55,"GUniFrac",0.994538111810672,400,157.325528941398
4,"both",0.55,"aitchison",0.980626534173168,400,157.325528941398
4,"both",0.55,"bray",0.805469614064422,400,157.325528941398
4,"both",0.55,"euclidean",0.320640204522316,400,157.325528941398
4,"both",0.55,"jaccard",0.771033111212518,400,157.325528941398
4,"both",0.55,"unifrac_unweighted",0.883262835442775,400,157.325528941398
4,"both",0.55,"unifrac_weighted_phyloseq",0.941192188026453,400,157.325528941398
4,"both",0.6,"GLaD_0.5_unweighted",0.983685332432052,400,157.325528941398
4,"both",0.6,"GLaD_0.5_weighted",0.861027724086547,400,157.325528941398
4,"both",0.6,"GLaD_1_unweighted",0.698933410354915,400,157.325528941398
4,"both",0.6,"GLaD_1_weighted",0.80606520181436,400,157.325528941398
4,"both",0.6,"GUniFrac",1,400,157.325528941398
4,"both",0.6,"aitchison",0.995739656775894,400,157.325528941398
4,"both",0.6,"bray",0.873835052307218,400,157.325528941398
4,"both",0.6,"euclidean",0.402682914857573,400,157.325528941398
4,"both",0.6,"jaccard",0.85650367827854,400,157.325528941398
4,"both",0.6,"unifrac_unweighted",0.959840923186064,400,157.325528941398
4,"both",0.6,"unifrac_weighted_phyloseq",0.96097673756323,400,157.325528941398
4,"both",0.65,"GLaD_0.5_unweighted",0.997869828387947,400,157.325528941398
4,"both",0.65,"GLaD_0.5_weighted",0.886505257286279,400,157.325528941398
4,"both",0.65,"GLaD_1_unweighted",0.806906144300808,400,157.325528941398
4,"both",0.65,"GLaD_1_weighted",0.860460976027381,400,157.325528941398
4,"both",0.65,"GUniFrac",1,400,157.325528941398
4,"both",0.65,"aitchison",0.997869828387947,400,157.325528941398
4,"both",0.65,"bray",0.954123615636013,400,157.325528941398
4,"both",0.65,"euclidean",0.442643005485046,400,157.325528941398
4,"both",0.65,"jaccard",0.94475014980918,400,157.325528941398
4,"both",0.65,"unifrac_unweighted",0.983234957886682,400,157.325528941398
4,"both",0.65,"unifrac_weighted_phyloseq",0.97800943158296,400,157.325528941398
4,"both",0.7,"GLaD_0.5_unweighted",1,400,157.325528941398
4,"both",0.7,"GLaD_0.5_weighted",0.916427972214609,400,157.325528941398
4,"both",0.7,"GLaD_1_unweighted",0.870082135339845,400,157.325528941398
4,"both",0.7,"GLaD_1_weighted",0.878455440662013,400,157.325528941398
4,"both",0.7,"GUniFrac",1,400,157.325528941398
4,"both",0.7,"aitchison",1,400,157.325528941398
4,"both",0.7,"bray",0.965955107239117,400,157.325528941398
4,"both",0.7,"euclidean",0.546393390443079,400,157.325528941398
4,"both",0.7,"jaccard",0.967408659100348,400,157.325528941398
4,"both",0.7,"unifrac_unweighted",1,400,157.325528941398
4,"both",0.7,"unifrac_weighted_phyloseq",0.992244013116509,400,157.325528941398
4,"both",0.75,"GLaD_0.5_unweighted",1,400,157.325528941398
4,"both",0.75,"GLaD_0.5_weighted",0.940864333862233,400,157.325528941398
4,"both",0.75,"GLaD_1_unweighted",0.839368817951957,400,157.325528941398
4,"both",0.75,"GLaD_1_weighted",0.898127445293513,400,157.325528941398
4,"both",0.75,"GUniFrac",1,400,157.325528941398
4,"both",0.75,"aitchison",1,400,157.325528941398
4,"both",0.75,"bray",0.989071373353169,400,157.325528941398
4,"both",0.75,"euclidean",0.521407497285396,400,157.325528941398
4,"both",0.75,"jaccard",0.987541974223728,400,157.325528941398
4,"both",0.75,"unifrac_unweighted",0.997269055905336,400,157.325528941398
4,"both",0.75,"unifrac_weighted_phyloseq",0.994286104914663,400,157.325528941398
4,"both",0.8,"GLaD_0.5_unweighted",1,400,157.325528941398
4,"both",0.8,"GLaD_0.5_weighted",0.97727787598631,400,157.325528941398
4,"both",0.8,"GLaD_1_unweighted",0.897675491740405,400,157.325528941398
4,"both",0.8,"GLaD_1_weighted",0.960312350358097,400,157.325528941398
4,"both",0.8,"GUniFrac",1,400,157.325528941398
4,"both",0.8,"aitchison",1,400,157.325528941398
4,"both",0.8,"bray",0.998634527952668,400,157.325528941398
4,"both",0.8,"euclidean",0.682645739887685,400,157.325528941398
4,"both",0.8,"jaccard",0.998634527952668,400,157.325528941398
4,"both",0.8,"unifrac_unweighted",1,400,157.325528941398
4,"both",0.8,"unifrac_weighted_phyloseq",1,400,157.325528941398
4,"both",0.85,"GLaD_0.5_unweighted",1,400,157.325528941398
4,"both",0.85,"GLaD_0.5_weighted",0.982378766043348,400,157.325528941398
4,"both",0.85,"GLaD_1_unweighted",0.959588916290055,400,157.325528941398
4,"both",0.85,"GLaD_1_weighted",0.974622779159857,400,157.325528941398
4,"both",0.85,"GUniFrac",1,400,157.325528941398
4,"both",0.85,"aitchison",1,400,157.325528941398
4,"both",0.85,"bray",1,400,157.325528941398
4,"both",0.85,"euclidean",0.754681543614206,400,157.325528941398
4,"both",0.85,"jaccard",1,400,157.325528941398
4,"both",0.85,"unifrac_unweighted",1,400,157.325528941398
4,"both",0.85,"unifrac_weighted_phyloseq",1,400,157.325528941398
4,"both",0.9,"GLaD_0.5_unweighted",1,400,157.325528941398
4,"both",0.9,"GLaD_0.5_weighted",0.993117703917512,400,157.325528941398
4,"both",0.9,"GLaD_1_unweighted",0.984626191624571,400,157.325528941398
4,"both",0.9,"GLaD_1_weighted",0.972908541525923,400,157.325528941398
4,"both",0.9,"GUniFrac",1,400,157.325528941398
4,"both",0.9,"aitchison",1,400,157.325528941398
4,"both",0.9,"bray",1,400,157.325528941398
4,"both",0.9,"euclidean",0.852016471311879,400,157.325528941398
4,"both",0.9,"jaccard",1,400,157.325528941398
4,"both",0.9,"unifrac_unweighted",1,400,157.325528941398
4,"both",0.9,"unifrac_weighted_phyloseq",1,400,157.325528941398
4,"both",0.95,"GLaD_0.5_unweighted",1,400,157.325528941398
4,"both",0.95,"GLaD_0.5_weighted",0.996340429258505,400,157.325528941398
4,"both",0.95,"GLaD_1_unweighted",0.985841265734661,400,157.325528941398
4,"both",0.95,"GLaD_1_weighted",0.985437564302232,400,157.325528941398
4,"both",0.95,"GUniFrac",1,400,157.325528941398
4,"both",0.95,"aitchison",1,400,157.325528941398
4,"both",0.95,"bray",1,400,157.325528941398
4,"both",0.95,"euclidean",0.858371726314431,400,157.325528941398
4,"both",0.95,"jaccard",1,400,157.325528941398
4,"both",0.95,"unifrac_unweighted",1,400,157.325528941398
4,"both",0.95,"unifrac_weighted_phyloseq",1,400,157.325528941398
4,"both",1,"GLaD_0.5_unweighted",1,400,157.325528941398
4,"both",1,"GLaD_0.5_weighted",0.998634527952668,400,157.325528941398
4,"both",1,"GLaD_1_unweighted",0.986155590754013,400,157.325528941398
4,"both",1,"GLaD_1_weighted",0.995739656775894,400,157.325528941398
4,"both",1,"GUniFrac",1,400,157.325528941398
4,"both",1,"aitchison",1,400,157.325528941398
4,"both",1,"bray",1,400,157.325528941398
4,"both",1,"euclidean",0.8954510934471,400,157.325528941398
4,"both",1,"jaccard",1,400,157.325528941398
4,"both",1,"unifrac_unweighted",1,400,157.325528941398
4,"both",1,"unifrac_weighted_phyloseq",1,400,157.325528941398
4,"prevalence",0.05,"GLaD_0.5_unweighted",0.0679321465112898,400,157.325528941398
4,"prevalence",0.05,"GLaD_0.5_weighted",0.0265151510828445,400,157.325528941398
4,"prevalence",0.05,"GLaD_1_unweighted",0.0514535518612315,400,157.325528941398
4,"prevalence",0.05,"GLaD_1_weighted",0.019435783950175,400,157.325528941398
4,"prevalence",0.05,"GUniFrac",0.0429571893001167,400,157.325528941398
4,"prevalence",0.05,"aitchison",0.05269165325924,400,157.325528941398
4,"prevalence",0.05,"bray",0.0350115136439592,400,157.325528941398
4,"prevalence",0.05,"euclidean",0.026439303814634,400,157.325528941398
4,"prevalence",0.05,"jaccard",0.0321924897353958,400,157.325528941398
4,"prevalence",0.05,"unifrac_unweighted",0.0621301716120532,400,157.325528941398
4,"prevalence",0.05,"unifrac_weighted_phyloseq",0.0259401402907898,400,157.325528941398
4,"prevalence",0.1,"GLaD_0.5_unweighted",0.0658412657346612,400,157.325528941398
4,"prevalence",0.1,"GLaD_0.5_weighted",0.0557762132086802,400,157.325528941398
4,"prevalence",0.1,"GLaD_1_unweighted",0.0733365668454494,400,157.325528941398
4,"prevalence",0.1,"GLaD_1_weighted",0.0473449031735464,400,157.325528941398
4,"prevalence",0.1,"GUniFrac",0.0387984550347777,400,157.325528941398
4,"prevalence",0.1,"aitchison",0.0542996340595306,400,157.325528941398
4,"prevalence",0.1,"bray",0.0392976185586219,400,157.325528941398
4,"prevalence",0.1,"euclidean",0.0468761492151355,400,157.325528941398
4,"prevalence",0.1,"jaccard",0.0378440666973905,400,157.325528941398
4,"prevalence",0.1,"unifrac_unweighted",0.0801896887726665,400,157.325528941398
4,"prevalence",0.1,"unifrac_weighted_phyloseq",0.0480703119028429,400,157.325528941398
4,"prevalence",0.15,"GLaD_0.5_unweighted",0.112066556889532,400,157.325528941398
4,"prevalence",0.15,"GLaD_0.5_weighted",0.0423564168175055,400,157.325528941398
4,"prevalence",0.15,"GLaD_1_unweighted",0.0963444602603227,400,157.325528941398
4,"prevalence",0.15,"GLaD_1_weighted",0.0386968460760107,400,157.325528941398
4,"prevalence",0.15,"GUniFrac",0.0653516003538675,400,157.325528941398
4,"prevalence",0.15,"aitchison",0.0834685853696497,400,157.325528941398
4,"prevalence",0.15,"bray",0.0729694218458055,400,157.325528941398
4,"prevalence",0.15,"euclidean",0.0445881973883256,400,157.325528941398
4,"prevalence",0.15,"jaccard",0.0709896481709944,400,157.325528941398
4,"prevalence",0.15,"unifrac_unweighted",0.0816310080882091,400,157.325528941398
4,"prevalence",0.15,"unifrac_weighted_phyloseq",0.0437341214105264,400,157.325528941398
4,"prevalence",0.2,"GLaD_0.5_unweighted",0.133224163144453,400,157.325528941398
4,"prevalence",0.2,"GLaD_0.5_weighted",0.0657261276310263,400,157.325528941398
4,"prevalence",0.2,"GLaD_1_unweighted",0.138082544448532,400,157.325528941398
4,"prevalence",0.2,"GLaD_1_weighted",0.0633439491229643,400,157.325528941398
4,"prevalence",0.2,"GUniFrac",0.0968518253280383,400,157.325528941398
4,"prevalence",0.2,"aitchison",0.116012575094286,400,157.325528941398
4,"prevalence",0.2,"bray",0.0790713733531695,400,157.325528941398
4,"prevalence",0.2,"euclidean",0.0458412657346611,400,157.325528941398
4,"prevalence",0.2,"jaccard",0.0725927787031112,400,157.325528941398
4,"prevalence",0.2,"unifrac_unweighted",0.10164050623126,400,157.325528941398
4,"prevalence",0.2,"unifrac_weighted_phyloseq",0.0669276725962487,400,157.325528941398
4,"prevalence",0.25,"GLaD_0.5_unweighted",0.190462607091058,400,157.325528941398
4,"prevalence",0.25,"GLaD_0.5_weighted",0.0597737547945478,400,157.325528941398
4,"prevalence",0.25,"GLaD_1_unweighted",0.193773412245951,400,157.325528941398
4,"prevalence",0.25,"GLaD_1_weighted",0.0628840764345445,400,157.325528941398
4,"prevalence",0.25,"GUniFrac",0.066065395074578,400,157.325528941398
4,"prevalence",0.25,"aitchison",0.0903094747511781,400,157.325528941398
4,"prevalence",0.25,"bray",0.0383202029333164,400,157.325528941398
4,"prevalence",0.25,"euclidean",0.0390849024980373,400,157.325528941398
4,"prevalence",0.25,"jaccard",0.0418416082832581,400,157.325528941398
4,"prevalence",0.25,"unifrac_unweighted",0.149611943577974,400,157.325528941398
4,"prevalence",0.25,"unifrac_weighted_phyloseq",0.0610769087185372,400,157.325528941398
4,"prevalence",0.3,"GLaD_0.5_unweighted",0.312547543393632,400,157.325528941398
4,"prevalence",0.3,"GLaD_0.5_weighted",0.0658155040441046,400,157.325528941398
4,"prevalence",0.3,"GLaD_1_unweighted",0.220852779378621,400,157.325528941398
4,"prevalence",0.3,"GLaD_1_weighted",0.0536460415966272,400,157.325528941398
4,"prevalence",0.3,"GUniFrac",0.103255869309065,400,157.325528941398
4,"prevalence",0.3,"aitchison",0.136406778383665,400,157.325528941398
4,"prevalence",0.3,"bray",0.0763404292585053,400,157.325528941398
4,"prevalence",0.3,"euclidean",0.0377559868834913,400,157.325528941398
4,"prevalence",0.3,"jaccard",0.0719527153850757,400,157.325528941398
4,"prevalence",0.3,"unifrac_unweighted",0.237762953017201,400,157.325528941398
4,"prevalence",0.3,"unifrac_weighted_phyloseq",0.0807904612552777,400,157.325528941398
4,"prevalence",0.35,"GLaD_0.5_unweighted",0.473115790445275,400,157.325528941398
4,"prevalence",0.35,"GLaD_0.5_weighted",0.042959923702755,400,157.325528941398
4,"prevalence",0.35,"GLaD_1_unweighted",0.314615396882342,400,157.325528941398
4,"prevalence",0.35,"GLaD_1_weighted",0.0531861689082074,400,157.325528941398
4,"prevalence",0.35,"GUniFrac",0.119641736270348,400,157.325528941398
4,"prevalence",0.35,"aitchison",0.207098365082814,400,157.325528941398
4,"prevalence",0.35,"bray",0.0481096027382673,400,157.325528941398
4,"prevalence",0.35,"euclidean",0.0421694624474775,400,157.325528941398
4,"prevalence",0.35,"jaccard",0.0445258792649829,400,157.325528941398
4,"prevalence",0.35,"unifrac_unweighted",0.318253914997174,400,157.325528941398
4,"prevalence",0.35,"unifrac_weighted_phyloseq",0.065956403838296,400,157.325528941398
4,"prevalence",0.4,"GLaD_0.5_unweighted",0.649676520435177,400,157.325528941398
4,"prevalence",0.4,"GLaD_0.5_weighted",0.0484841300154261,400,157.325528941398
4,"prevalence",0.4,"GLaD_1_unweighted",0.353640097122572,400,157.325528941398
4,"prevalence",0.4,"GLaD_1_weighted",0.0541614686679774,400,157.325528941398
4,"prevalence",0.4,"GUniFrac",0.109664763558266,400,157.325528941398
4,"prevalence",0.4,"aitchison",0.317576617184276,400,157.325528941398
4,"prevalence",0.4,"bray",0.0777424577386236,400,157.325528941398
4,"prevalence",0.4,"euclidean",0.0492095387447227,400,157.325528941398
4,"prevalence",0.4,"jaccard",0.089196009599855,400,157.325528941398
4,"prevalence",0.4,"unifrac_unweighted",0.48016139507277,400,157.325528941398
4,"prevalence",0.4,"unifrac_weighted_phyloseq",0.064886877397274,400,157.325528941398
4,"prevalence",0.45,"GLaD_0.5_unweighted",0.792875397557852,400,157.325528941398
4,"prevalence",0.45,"GLaD_0.5_weighted",0.0724776405994764,400,157.325528941398
4,"prevalence",0.45,"GLaD_1_unweighted",0.485142437962279,400,157.325528941398
4,"prevalence",0.45,"GLaD_1_weighted",0.0705249252144009,400,157.325528941398
4,"prevalence",0.45,"GUniFrac",0.191262566489386,400,157.325528941398
4,"prevalence",0.45,"aitchison",0.4603089990824,400,157.325528941398
4,"prevalence",0.45,"bray",0.101699411889888,400,157.325528941398
4,"prevalence",0.45,"euclidean",0.0705737141928757,400,157.325528941398
4,"prevalence",0.45,"jaccard",0.109608531113259,400,157.325528941398
4,"prevalence",0.45,"unifrac_unweighted",0.631411110479365,400,157.325528941398
4,"prevalence",0.45,"unifrac_weighted_phyloseq",0.0788058373122928,400,157.325528941398
4,"prevalence",0.5,"GLaD_0.5_unweighted",0.938711813024338,400,157.325528941398
4,"prevalence",0.5,"GLaD_0.5_weighted",0.110351499989241,400,157.325528941398
4,"prevalence",0.5,"GLaD_1_unweighted",0.599310053497609,400,157.325528941398
4,"prevalence",0.5,"GLaD_1_weighted",0.113373741815338,400,157.325528941398
4,"prevalence",0.5,"GUniFrac",0.176367487548241,400,157.325528941398
4,"prevalence",0.5,"aitchison",0.505491822085983,400,157.325528941398
4,"prevalence",0.5,"bray",0.0760626606719398,400,157.325528941398
4,"prevalence",0.5,"euclidean",0.0455499680032278,400,157.325528941398
4,"prevalence",0.5,"jaccard",0.063305954886719,400,157.325528941398
4,"prevalence",0.5,"unifrac_unweighted",0.754943929108639,400,157.325528941398
4,"prevalence",0.5,"unifrac_weighted_phyloseq",0.107467423554696,400,157.325528941398
4,"prevalence",0.55,"GLaD_0.5_unweighted",0.96401462439973,400,157.325528941398
4,"prevalence",0.55,"GLaD_0.5_weighted",0.0813682064499706,400,157.325528941398
4,"prevalence",0.55,"GLaD_1_unweighted",0.639631760794476,400,157.325528941398
4,"prevalence",0.55,"GLaD_1_weighted",0.082057058746481,400,157.325528941398
4,"prevalence",0.55,"GUniFrac",0.23756035363677,400,157.325528941398
4,"prevalence",0.55,"aitchison",0.679694019392844,400,157.325528941398
4,"prevalence",0.55,"bray",0.0889602662513521,400,157.325528941398
4,"prevalence",0.55,"euclidean",0.0379456756561576,400,157.325528941398
4,"prevalence",0.55,"jaccard",0.0798130456299722,400,157.325528941398
4,"prevalence",0.55,"unifrac_unweighted",0.866425977063064,400,157.325528941398
4,"prevalence",0.55,"unifrac_weighted_phyloseq",0.124876082655045,400,157.325528941398
4,"prevalence",0.6,"GLaD_0.5_unweighted",0.990252006896009,400,157.325528941398
4,"prevalence",0.6,"GLaD_0.5_weighted",0.0969439361437548,400,157.325528941398
4,"prevalence",0.6,"GLaD_1_unweighted",0.739291674084567,400,157.325528941398
4,"prevalence",0.6,"GLaD_1_weighted",0.0676828740179191,400,157.325528941398
4,"prevalence",0.6,"GUniFrac",0.293988862709174,400,157.325528941398
4,"prevalence",0.6,"aitchison",0.798730810974484,400,157.325528941398
4,"prevalence",0.6,"bray",0.0956150205292089,400,157.325528941398
4,"prevalence",0.6,"euclidean",0.064374184728562,400,157.325528941398
4,"prevalence",0.6,"jaccard",0.105552702405866,400,157.325528941398
4,"prevalence",0.6,"unifrac_unweighted",0.951370322315506,400,157.325528941398
4,"prevalence",0.6,"unifrac_weighted_phyloseq",0.106028838641792,400,157.325528941398
4,"prevalence",0.65,"GLaD_0.5_unweighted",0.998634527952668,400,157.325528941398
4,"prevalence",0.65,"GLaD_0.5_weighted",0.127685608420558,400,157.325528941398
4,"prevalence",0.65,"GLaD_1_unweighted",0.826547200845036,400,157.325528941398
4,"prevalence",0.65,"GLaD_1_weighted",0.109025318777333,400,157.325528941398
4,"prevalence",0.65,"GUniFrac",0.458405072675799,400,157.325528941398
4,"prevalence",0.65,"aitchison",0.884330387222542,400,157.325528941398
4,"prevalence",0.65,"bray",0.124212992049091,400,157.325528941398
4,"prevalence",0.65,"euclidean",0.0757396567758942,400,157.325528941398
4,"prevalence",0.65,"jaccard",0.129952648824985,400,157.325528941398
4,"prevalence",0.65,"unifrac_unweighted",0.987331374028679,400,157.325528941398
4,"prevalence",0.65,"unifrac_weighted_phyloseq",0.145966520518449,400,157.325528941398
4,"prevalence",0.7,"GLaD_0.5_unweighted",1,400,157.325528941398
4,"prevalence",0.7,"GLaD_0.5_weighted",0.104212992049091,400,157.325528941398
4,"prevalence",0.7,"GLaD_1_unweighted",0.84117257320325,400,157.325528941398
4,"prevalence",0.7,"GLaD_1_weighted",0.0726320695385356,400,157.325528941398
4,"prevalence",0.7,"GUniFrac",0.461587210582189,400,157.325528941398
4,"prevalence",0.7,"aitchison",0.955237080787335,400,157.325528941398
4,"prevalence",0.7,"bray",0.143635246854398,400,157.325528941398
4,"prevalence",0.7,"euclidean",0.0520543243438427,400,157.325528941398
4,"prevalence",0.7,"jaccard",0.138522124251672,400,157.325528941398
4,"prevalence",0.7,"unifrac_unweighted",0.991617478943341,400,157.325528941398
4,"prevalence",0.7,"unifrac_weighted_phyloseq",0.149497424011442,400,157.325528941398
4,"prevalence",0.75,"GLaD_0.5_unweighted",1,400,157.325528941398
4,"prevalence",0.75,"GLaD_0.5_weighted",0.13270197233269,400,157.325528941398
4,"prevalence",0.75,"GLaD_1_unweighted",0.877737809863748,400,157.325528941398
4,"prevalence",0.75,"GLaD_1_weighted",0.122538045250581,400,157.325528941398
4,"prevalence",0.75,"GUniFrac",0.540532712278511,400,157.325528941398
4,"prevalence",0.75,"aitchison",0.961669002324455,400,157.325528941398
4,"prevalence",0.75,"bray",0.124501555377886,400,157.325528941398
4,"prevalence",0.75,"euclidean",0.0459143786002333,400,157.325528941398
4,"prevalence",0.75,"jaccard",0.127258261163106,400,157.325528941398
4,"prevalence",0.75,"unifrac_unweighted",1,400,157.325528941398
4,"prevalence",0.75,"unifrac_weighted_phyloseq",0.16047019176187,400,157.325528941398
4,"prevalence",0.8,"GLaD_0.5_unweighted",1,400,157.325528941398
4,"prevalence",0.8,"GLaD_0.5_weighted",0.179380372435568,400,157.325528941398
4,"prevalence",0.8,"GLaD_1_unweighted",0.929588916290056,400,157.325528941398
4,"prevalence",0.8,"GLaD_1_weighted",0.166022894167736,400,157.325528941398
4,"prevalence",0.8,"GUniFrac",0.710419690040412,400,157.325528941398
4,"prevalence",0.8,"aitchison",0.995739656775894,400,157.325528941398
4,"prevalence",0.8,"bray",0.200521715142984,400,157.325528941398
4,"prevalence",0.8,"euclidean",0.0666317269899386,400,157.325528941398
4,"prevalence",0.8,"jaccard",0.192753495713804,400,157.325528941398
4,"prevalence",0.8,"unifrac_unweighted",1,400,157.325528941398
4,"prevalence",0.8,"unifrac_weighted_phyloseq",0.282817251640606,400,157.325528941398
4,"prevalence",0.85,"GLaD_0.5_unweighted",1,400,157.325528941398
4,"prevalence",0.85,"GLaD_0.5_weighted",0.166295812486128,400,157.325528941398
4,"prevalence",0.85,"GLaD_1_unweighted",0.954316716873394,400,157.325528941398
4,"prevalence",0.85,"GLaD_1_weighted",0.131304591727449,400,157.325528941398
4,"prevalence",0.85,"GUniFrac",0.781942123036145,400,157.325528941398
4,"prevalence",0.85,"aitchison",0.996504356340615,400,157.325528941398
4,"prevalence",0.85,"bray",0.216688719176329,400,157.325528941398
4,"prevalence",0.85,"euclidean",0.0873205792864491,400,157.325528941398
4,"prevalence",0.85,"jaccard",0.208756572665039,400,157.325528941398
4,"prevalence",0.85,"unifrac_unweighted",1,400,157.325528941398
4,"prevalence",0.85,"unifrac_weighted_phyloseq",0.275379418384986,400,157.325528941398
4,"prevalence",0.9,"GLaD_0.5_unweighted",1,400,157.325528941398
4,"prevalence",0.9,"GLaD_0.5_weighted",0.192989857599409,400,157.325528941398
4,"prevalence",0.9,"GLaD_1_unweighted",0.970441695668675,400,157.325528941398
4,"prevalence",0.9,"GLaD_1_weighted",0.175182347334805,400,157.325528941398
4,"prevalence",0.9,"GUniFrac",0.83298588778661,400,157.325528941398
4,"prevalence",0.9,"aitchison",0.998634527952668,400,157.325528941398
4,"prevalence",0.9,"bray",0.217635522842904,400,157.325528941398
4,"prevalence",0.9,"euclidean",0.0696721458357807,400,157.325528941398
4,"prevalence",0.9,"jaccard",0.206054600332349,400,157.325528941398
4,"prevalence",0.9,"unifrac_unweighted",1,400,157.325528941398
4,"prevalence",0.9,"unifrac_weighted_phyloseq",0.259343816002782,400,157.325528941398
4,"prevalence",0.95,"GLaD_0.5_unweighted",1,400,157.325528941398
4,"prevalence",0.95,"GLaD_0.5_weighted",0.211970416736041,400,157.325528941398
4,"prevalence",0.95,"GLaD_1_unweighted",0.985815504044105,400,157.325528941398
4,"prevalence",0.95,"GLaD_1_weighted",0.186443476020732,400,157.325528941398
4,"prevalence",0.95,"GUniFrac",0.905752091714881,400,157.325528941398
4,"prevalence",0.95,"aitchison",1,400,157.325528941398
4,"prevalence",0.95,"bray",0.236995459524868,400,157.325528941398
4,"prevalence",0.95,"euclidean",0.0835701943284168,400,157.325528941398
4,"prevalence",0.95,"jaccard",0.247596232007479,400,157.325528941398
4,"prevalence",0.95,"unifrac_unweighted",1,400,157.325528941398
4,"prevalence",0.95,"unifrac_weighted_phyloseq",0.305203258757188,400,157.325528941398
4,"prevalence",1,"GLaD_0.5_unweighted",1,400,157.325528941398
4,"prevalence",1,"GLaD_0.5_weighted",0.230712022452753,400,157.325528941398
4,"prevalence",1,"GLaD_1_unweighted",0.989399227517389,400,157.325528941398
4,"prevalence",1,"GLaD_1_weighted",0.178606174727797,400,157.325528941398
4,"prevalence",1,"GUniFrac",0.927528647472158,400,157.325528941398
4,"prevalence",1,"aitchison",1,400,157.325528941398
4,"prevalence",1,"bray",0.270530394019678,400,157.325528941398
4,"prevalence",1,"euclidean",0.0643091322025811,400,157.325528941398
4,"prevalence",1,"jaccard",0.268275586160939,400,157.325528941398
4,"prevalence",1,"unifrac_unweighted",1,400,157.325528941398
4,"prevalence",1,"unifrac_weighted_phyloseq",0.377706044174162,400,157.325528941398
6,"abundance",0.05,"GLaD_0.5_unweighted",0.0480150049405956,600,167.483913630963
6,"abundance",0.05,"GLaD_0.5_weighted",0.0460627944116985,600,167.483913630963
6,"abundance",0.05,"GLaD_1_unweighted",0.0661519005211277,600,167.483913630963
6,"abundance",0.05,"GLaD_1_weighted",0.0509615991441773,600,167.483913630963
6,"abundance",0.05,"GUniFrac",0.0489873941197135,600,167.483913630963
6,"abundance",0.05,"aitchison",0.0556890993365156,600,167.483913630963
6,"abundance",0.05,"bray",0.0425995676107076,600,167.483913630963
6,"abundance",0.05,"euclidean",0.0567571611938471,600,167.483913630963
6,"abundance",0.05,"jaccard",0.0349116027214098,600,167.483913630963
6,"abundance",0.05,"unifrac_unweighted",0.047279825841746,600,167.483913630963
6,"abundance",0.05,"unifrac_weighted_phyloseq",0.0371027954834351,600,167.483913630963
6,"abundance",0.1,"GLaD_0.5_unweighted",0.0460363252990464,600,167.483913630963
6,"abundance",0.1,"GLaD_0.5_weighted",0.0578500057919593,600,167.483913630963
6,"abundance",0.1,"GLaD_1_unweighted",0.0512321060286104,600,167.483913630963
6,"abundance",0.1,"GLaD_1_weighted",0.0491310823789977,600,167.483913630963
6,"abundance",0.1,"GUniFrac",0.0264422106196791,600,167.483913630963
6,"abundance",0.1,"aitchison",0.0515818686150906,600,167.483913630963
6,"abundance",0.1,"bray",0.0379963965154689,600,167.483913630963
6,"abundance",0.1,"euclidean",0.0436188811619801,600,167.483913630963
6,"abundance",0.1,"jaccard",0.0402733315611207,600,167.483913630963
6,"abundance",0.1,"unifrac_unweighted",0.0438899407442893,600,167.483913630963
6,"abundance",0.1,"unifrac_weighted_phyloseq",0.0528272924392026,600,167.483913630963
6,"abundance",0.15,"GLaD_0.5_unweighted",0.0441673446430137,600,167.483913630963
6,"abundance",0.15,"GLaD_0.5_weighted",0.0996033125164781,600,167.483913630963
6,"abundance",0.15,"GLaD_1_unweighted",0.0739983966997102,600,167.483913630963
6,"abundance",0.15,"GLaD_1_weighted",0.0902645730007301,600,167.483913630963
6,"abundance",0.15,"GUniFrac",0.09772313022983,600,167.483913630963
6,"abundance",0.15,"aitchison",0.0339316073781241,600,167.483913630963
6,"abundance",0.15,"bray",0.054174761463876,600,167.483913630963
6,"abundance",0.15,"euclidean",0.067566900288252,600,167.483913630963
6,"abundance",0.15,"jaccard",0.0668908532581754,600,167.483913630963
6,"abundance",0.15,"unifrac_unweighted",0.0302102365108443,600,167.483913630963
6,"abundance",0.15,"unifrac_weighted_phyloseq",0.0931605491989231,600,167.483913630963
6,"abundance",0.2,"GLaD_0.5_unweighted",0.0625850786190848,600,167.483913630963
6,"abundance",0.2,"GLaD_0.5_weighted",0.112656562316688,600,167.483913630963
6,"abundance",0.2,"GLaD_1_unweighted",0.0599889977390413,600,167.483913630963
6,"abundance",0.2,"GLaD_1_weighted",0.114222237370944,600,167.483913630963
6,"abundance",0.2,"GUniFrac",0.111925887203819,600,167.483913630963
6,"abundance",0.2,"aitchison",0.066440694248569,600,167.483913630963
6,"abundance",0.2,"bray",0.0763768242480473,600,167.483913630963
6,"abundance",0.2,"euclidean",0.0549903579771889,600,167.483913630963
6,"abundance",0.2,"jaccard",0.0716335838630014,600,167.483913630963
6,"abundance",0.2,"unifrac_unweighted",0.0601400363807436,600,167.483913630963
6,"abundance",0.2,"unifrac_weighted_phyloseq",0.123909578118132,600,167.483913630963
6,"abundance",0.25,"GLaD_0.5_unweighted",0.0528238821555753,600,167.483913630963
6,"abundance",0.25,"GLaD_0.5_weighted",0.186397112504311,600,167.483913630963
6,"abundance",0.25,"GLaD_1_unweighted",0.0367408776194564,600,167.483913630963
6,"abundance",0.25,"GLaD_1_weighted",0.16879488989864,600,167.483913630963
6,"abundance",0.25,"GUniFrac",0.13147403179599,600,167.483913630963
6,"abundance",0.25,"aitchison",0.0428474272617906,600,167.483913630963
6,"abundance",0.25,"bray",0.11176101159812,600,167.483913630963
6,"abundance",0.25,"euclidean",0.0997703236296085,600,167.483913630963
6,"abundance",0.25,"jaccard",0.103897910263028,600,167.483913630963
6,"abundance",0.25,"unifrac_unweighted",0.0491418866007747,600,167.483913630963
6,"abundance",0.25,"unifrac_weighted_phyloseq",0.161503896480546,600,167.483913630963
6,"abundance",0.3,"GLaD_0.5_unweighted",0.060032133123199,600,167.483913630963
6,"abundance",0.3,"GLaD_0.5_weighted",0.193551532697213,600,167.483913630963
6,"abundance",0.3,"GLaD_1_unweighted",0.0441720825747625,600,167.483913630963
6,"abundance",0.3,"GLaD_1_weighted",0.174735023350977,600,167.483913630963
6,"abundance",0.3,"GUniFrac",0.202263526711707,600,167.483913630963
6,"abundance",0.3,"aitchison",0.0662059823922265,600,167.483913630963
6,"abundance",0.3,"bray",0.117042964404325,600,167.483913630963
6,"abundance",0.3,"euclidean",0.122159611811816,600,167.483913630963
6,"abundance",0.3,"jaccard",0.132530826222338,600,167.483913630963
6,"abundance",0.3,"unifrac_unweighted",0.0585343010773193,600,167.483913630963
6,"abundance",0.3,"unifrac_weighted_phyloseq",0.204790092398339,600,167.483913630963
6,"abundance",0.35,"GLaD_0.5_unweighted",0.0454002498350565,600,167.483913630963
6,"abundance",0.35,"GLaD_0.5_weighted",0.230837665260938,600,167.483913630963
6,"abundance",0.35,"GLaD_1_unweighted",0.0506864307927908,600,167.483913630963
6,"abundance",0.35,"GLaD_1_weighted",0.226234461256635,600,167.483913630963
6,"abundance",0.35,"GUniFrac",0.233986637143201,600,167.483913630963
6,"abundance",0.35,"aitchison",0.0406599763918623,600,167.483913630963
6,"abundance",0.35,"bray",0.159033283694818,600,167.483913630963
6,"abundance",0.35,"euclidean",0.106254421972529,600,167.483913630963
6,"abundance",0.35,"jaccard",0.149813714342711,600,167.483913630963
6,"abundance",0.35,"unifrac_unweighted",0.0470826048868293,600,167.483913630963
6,"abundance",0.35,"unifrac_weighted_phyloseq",0.261356485146822,600,167.483913630963
6,"abundance",0.4,"GLaD_0.5_unweighted",0.0401641999852039,600,167.483913630963
6,"abundance",0.4,"GLaD_0.5_weighted",0.34120336555442,600,167.483913630963
6,"abundance",0.4,"GLaD_1_unweighted",0.038570176092615,600,167.483913630963
6,"abundance",0.4,"GLaD_1_weighted",0.325001280343329,600,167.483913630963
6,"abundance",0.4,"GUniFrac",0.419321582731213,600,167.483913630963
6,"abundance",0.4,"aitchison",0.0555348291078236,600,167.483913630963
6,"abundance",0.4,"bray",0.212468061617568,600,167.483913630963
6,"abundance",0.4,"euclidean",0.162068677065351,600,167.483913630963
6,"abundance",0.4,"jaccard",0.198707230819784,600,167.483913630963
6,"abundance",0.4,"unifrac_unweighted",0.0489559923910286,600,167.483913630963
6,"abundance",0.4,"unifrac_weighted_phyloseq",0.421239934369794,600,167.483913630963
6,"abundance",0.45,"GLaD_0.5_unweighted",0.0513790494499963,600,167.483913630963
6,"abundance",0.45,"GLaD_0.5_weighted",0.446257059651912,600,167.483913630963
6,"abundance",0.45,"GLaD_1_unweighted",0.0568223446556541,600,167.483913630963
6,"abundance",0.45,"GLaD_1_weighted",0.407593020175574,600,167.483913630963
6,"abundance",0.45,"GUniFrac",0.486942512471444,600,167.483913630963
6,"abundance",0.45,"aitchison",0.0793463121505356,600,167.483913630963
6,"abundance",0.45,"bray",0.280378161988572,600,167.483913630963
6,"abundance",0.45,"euclidean",0.180098510849111,600,167.483913630963
6,"abundance",0.45,"jaccard",0.268739617941453,600,167.483913630963
6,"abundance",0.45,"unifrac_unweighted",0.0428459766910493,600,167.483913630963
6,"abundance",0.45,"unifrac_weighted_phyloseq",0.495759952056963,600,167.483913630963
6,"abundance",0.5,"GLaD_0.5_unweighted",0.0511402794428861,600,167.483913630963
6,"abundance",0.5,"GLaD_0.5_weighted",0.439117680528192,600,167.483913630963
6,"abundance",0.5,"GLaD_1_unweighted",0.0496514657318922,600,167.483913630963
6,"abundance",0.5,"GLaD_1_weighted",0.404491577669275,600,167.483913630963
6,"abundance",0.5,"GUniFrac",0.539682689213473,600,167.483913630963
6,"abundance",0.5,"aitchison",0.067720320264866,600,167.483913630963
6,"abundance",0.5,"bray",0.353263605096309,600,167.483913630963
6,"abundance",0.5,"euclidean",0.219237010048971,600,167.483913630963
6,"abundance",0.5,"jaccard",0.348561653278803,600,167.483913630963
6,"abundance",0.5,"unifrac_unweighted",0.0385874568696202,600,167.483913630963
6,"abundance",0.5,"unifrac_weighted_phyloseq",0.516805045623713,600,167.483913630963
6,"abundance",0.55,"GLaD_0.5_unweighted",0.0433478509485663,600,167.483913630963
6,"abundance",0.55,"GLaD_0.5_weighted",0.482390870916408,600,167.483913630963
6,"abundance",0.55,"GLaD_1_unweighted",0.0498524809980257,600,167.483913630963
6,"abundance",0.55,"GLaD_1_weighted",0.460046451061242,600,167.483913630963
6,"abundance",0.55,"GUniFrac",0.616468757212425,600,167.483913630963
6,"abundance",0.55,"aitchison",0.0619227649729299,600,167.483913630963
6,"abundance",0.55,"bray",0.402561277771998,600,167.483913630963
6,"abundance",0.55,"euclidean",0.217292769038812,600,167.483913630963
6,"abundance",0.55,"jaccard",0.377948587877847,600,167.483913630963
6,"abundance",0.55,"unifrac_unweighted",0.047225451757424,600,167.483913630963
6,"abundance",0.55,"unifrac_weighted_phyloseq",0.584878799171257,600,167.483913630963
6,"abundance",0.6,"GLaD_0.5_unweighted",0.0588137740450301,600,167.483913630963
6,"abundance",0.6,"GLaD_0.5_weighted",0.569057991171599,600,167.483913630963
6,"abundance",0.6,"GLaD_1_unweighted",0.0549059239991396,600,167.483913630963
6,"abundance",0.6,"GLaD_1_weighted",0.525676537186549,600,167.483913630963
6,"abundance",0.6,"GUniFrac",0.745410255908698,600,167.483913630963
6,"abundance",0.6,"aitchison",0.0945536478389347,600,167.483913630963
6,"abundance",0.6,"bray",0.564341324456745,600,167.483913630963
6,"abundance",0.6,"euclidean",0.316107005243274,600,167.483913630963
6,"abundance",0.6,"jaccard",0.545212533399103,600,167.483913630963
6,"abundance",0.6,"unifrac_unweighted",0.0485694011423697,600,167.483913630963
6,"abundance",0.6,"unifrac_weighted_phyloseq",0.676745219157664,600,167.483913630963
6,"abundance",0.65,"GLaD_0.5_unweighted",0.0459979278466375,600,167.483913630963
6,"abundance",0.65,"GLaD_0.5_weighted",0.649910237650453,600,167.483913630963
6,"abundance",0.65,"GLaD_1_unweighted",0.027223572031743,600,167.483913630963
6,"abundance",0.65,"GLaD_1_weighted",0.59595460313925,600,167.483913630963
6,"abundance",0.65,"GUniFrac",0.835073367775944,600,167.483913630963
6,"abundance",0.65,"aitchison",0.110126672127417,600,167.483913630963
6,"abundance",0.65,"bray",0.624377876255499,600,167.483913630963
6,"abundance",0.65,"euclidean",0.38090109591243,600,167.483913630963
6,"abundance",0.65,"jaccard",0.604712120901641,600,167.483913630963
6,"abundance",0.65,"unifrac_unweighted",0.0428549098830218,600,167.483913630963
6,"abundance",0.65,"unifrac_weighted_phyloseq",0.776992890610645,600,167.483913630963
6,"abundance",0.7,"GLaD_0.5_unweighted",0.0655134101928457,600,167.483913630963
6,"abundance",0.7,"GLaD_0.5_weighted",0.709630628283444,600,167.483913630963
6,"abundance",0.7,"GLaD_1_unweighted",0.0553197646516746,600,167.483913630963
6,"abundance",0.7,"GLaD_1_weighted",0.635702978731116,600,167.483913630963
6,"abundance",0.7,"GUniFrac",0.885864777181767,600,167.483913630963
6,"abundance",0.7,"aitchison",0.125416665648261,600,167.483913630963
6,"abundance",0.7,"bray",0.682793347641035,600,167.483913630963
6,"abundance",0.7,"euclidean",0.410590761057548,600,167.483913630963
6,"abundance",0.7,"jaccard",0.656671057805993,600,167.483913630963
6,"abundance",0.7,"unifrac_unweighted",0.0741494353414125,600,167.483913630963
6,"abundance",0.7,"unifrac_weighted_phyloseq",0.833272271190581,600,167.483913630963
6,"abundance",0.75,"GLaD_0.5_unweighted",0.0341645999535312,600,167.483913630963
6,"abundance",0.75,"GLaD_0.5_weighted",0.770268296583339,600,167.483913630963
6,"abundance",0.75,"GLaD_1_unweighted",0.0618113891715575,600,167.483913630963
6,"abundance",0.75,"GLaD_1_weighted",0.692915477210571,600,167.483913630963
6,"abundance",0.75,"GUniFrac",0.913155615310823,600,167.483913630963
6,"abundance",0.75,"aitchison",0.120973074115808,600,167.483913630963
6,"abundance",0.75,"bray",0.784861160452741,600,167.483913630963
6,"abundance",0.75,"euclidean",0.49454077280577,600,167.483913630963
6,"abundance",0.75,"jaccard",0.765785212921475,600,167.483913630963
6,"abundance",0.75,"unifrac_unweighted",0.0498254162520825,600,167.483913630963
6,"abundance",0.75,"unifrac_weighted_phyloseq",0.866585598364844,600,167.483913630963
6,"abundance",0.8,"GLaD_0.5_unweighted",0.056746068919332,600,167.483913630963
6,"abundance",0.8,"GLaD_0.5_weighted",0.791681384425877,600,167.483913630963
6,"abundance",0.8,"GLaD_1_unweighted",0.0333609364653477,600,167.483913630963
6,"abundance",0.8,"GLaD_1_weighted",0.714054103883048,600,167.483913630963
6,"abundance",0.8,"GUniFrac",0.929954855444337,600,167.483913630963
6,"abundance",0.8,"aitchison",0.131115789385665,600,167.483913630963
6,"abundance",0.8,"bray",0.82622143687238,600,167.483913630963
6,"abundance",0.8,"euclidean",0.538728516916509,600,167.483913630963
6,"abundance",0.8,"jaccard",0.828782517017122,600,167.483913630963
6,"abundance",0.8,"unifrac_unweighted",0.0437135759801234,600,167.483913630963
6,"abundance",0.8,"unifrac_weighted_phyloseq",0.889756159180604,600,167.483913630963
6,"abundance",0.85,"GLaD_0.5_unweighted",0.0411902647631938,600,167.483913630963
6,"abundance",0.85,"GLaD_0.5_weighted",0.815333347487295,600,167.483913630963
6,"abundance",0.85,"GLaD_1_unweighted",0.061649324055709,600,167.483913630963
6,"abundance",0.85,"GLaD_1_weighted",0.7509656204485,600,167.483913630963
6,"abundance",0.85,"GUniFrac",0.962520971599917,600,167.483913630963
6,"abundance",0.85,"aitchison",0.167654432284004,600,167.483913630963
6,"abundance",0.85,"bray",0.888184804766003,600,167.483913630963
6,"abundance",0.85,"euclidean",0.571667784312784,600,167.483913630963
6,"abundance",0.85,"jaccard",0.864843860858079,600,167.483913630963
6,"abundance",0.85,"unifrac_unweighted",0.042713422931537,600,167.483913630963
6,"abundance",0.85,"unifrac_weighted_phyloseq",0.911895182688517,600,167.483913630963
6,"abundance",0.9,"GLaD_0.5_unweighted",0.049060958075617,600,167.483913630963
6,"abundance",0.9,"GLaD_0.5_weighted",0.864417662656296,600,167.483913630963
6,"abundance",0.9,"GLaD_1_unweighted",0.065359702688381,600,167.483913630963
6,"abundance",0.9,"GLaD_1_weighted",0.806613063702419,600,167.483913630963
6,"abundance",0.9,"GUniFrac",0.980570589708056,600,167.483913630963
6,"abundance",0.9,"aitchison",0.199614900384377,600,167.483913630963
6,"abundance",0.9,"bray",0.912009038719505,600,167.483913630963
6,"abundance",0.9,"euclidean",0.663809544922713,600,167.483913630963
6,"abundance",0.9,"jaccard",0.899049901670667,600,167.483913630963
6,"abundance",0.9,"unifrac_unweighted",0.0538963944168049,600,167.483913630963
6,"abundance",0.9,"unifrac_weighted_phyloseq",0.946444547126792,600,167.483913630963
6,"abundance",0.95,"GLaD_0.5_unweighted",0.0396196630542002,600,167.483913630963
6,"abundance",0.95,"GLaD_0.5_weighted",0.879937980342589,600,167.483913630963
6,"abundance",0.95,"GLaD_1_unweighted",0.0645681039392523,600,167.483913630963
6,"abundance",0.95,"GLaD_1_weighted",0.798055596223254,600,167.483913630963
6,"abundance",0.95,"GUniFrac",0.984516147566763,600,167.483913630963
6,"abundance",0.95,"aitchison",0.17583483263687,600,167.483913630963
6,"abundance",0.95,"bray",0.931707551728412,600,167.483913630963
6,"abundance",0.95,"euclidean",0.708475615763628,600,167.483913630963
6,"abundance",0.95,"jaccard",0.923741960688021,600,167.483913630963
6,"abundance",0.95,"unifrac_unweighted",0.0582940005122628,600,167.483913630963
6,"abundance",0.95,"unifrac_weighted_phyloseq",0.960569536021266,600,167.483913630963
6,"abundance",1,"GLaD_0.5_unweighted",0.0858043723190226,600,167.483913630963
6,"abundance",1,"GLaD_0.5_weighted",0.922479290254359,600,167.483913630963
6,"abundance",1,"GLaD_1_unweighted",0.0693387395157482,600,167.483913630963
6,"abundance",1,"GLaD_1_weighted",0.845589820078707,600,167.483913630963
6,"abundance",1,"GUniFrac",0.990363414837993,600,167.483913630963
6,"abundance",1,"aitchison",0.266193849997441,600,167.483913630963
6,"abundance",1,"bray",0.967775991971076,600,167.483913630963
6,"abundance",1,"euclidean",0.782648449260718,600,167.483913630963
6,"abundance",1,"jaccard",0.960572634749126,600,167.483913630963
6,"abundance",1,"unifrac_unweighted",0.0733044174853195,600,167.483913630963
6,"abundance",1,"unifrac_weighted_phyloseq",0.975247305416654,600,167.483913630963
6,"both",0.05,"GLaD_0.5_unweighted",0.053060110383028,600,167.483913630963
6,"both",0.05,"GLaD_0.5_weighted",0.037312191243665,600,167.483913630963
6,"both",0.05,"GLaD_1_unweighted",0.064726715215742,600,167.483913630963
6,"both",0.05,"GLaD_1_weighted",0.0338360911519109,600,167.483913630963
6,"both",0.05,"GUniFrac",0.0598256385044518,600,167.483913630963
6,"both",0.05,"aitchison",0.0359782904727952,600,167.483913630963
6,"both",0.05,"bray",0.0549931361960517,600,167.483913630963
6,"both",0.05,"euclidean",0.0514223412861542,600,167.483913630963
6,"both",0.05,"jaccard",0.0482675554275274,600,167.483913630963
6,"both",0.05,"unifrac_unweighted",0.042442297548859,600,167.483913630963
6,"both",0.05,"unifrac_weighted_phyloseq",0.0575722485650154,600,167.483913630963
6,"both",0.1,"GLaD_0.5_unweighted",0.0535262089549986,600,167.483913630963
6,"both",0.1,"GLaD_0.5_weighted",0.070044207888605,600,167.483913630963
6,"both",0.1,"GLaD_1_unweighted",0.0326608016575307,600,167.483913630963
6,"both",0.1,"GLaD_1_weighted",0.0780857430568489,600,167.483913630963
6,"both",0.1,"GUniFrac",0.0669397338030474,600,167.483913630963
6,"both",0.1,"aitchison",0.034460512947633,600,167.483913630963
6,"both",0.1,"bray",0.0526360282329433,600,167.483913630963
6,"both",0.1,"euclidean",0.0478000062848154,600,167.483913630963
6,"both",0.1,"jaccard",0.0477218366359762,600,167.483913630963
6,"both",0.1,"unifrac_unweighted",0.0603906078122452,600,167.483913630963
6,"both",0.1,"unifrac_weighted_phyloseq",0.070583941087491,600,167.483913630963
6,"both",0.15,"GLaD_0.5_unweighted",0.0789505030120639,600,167.483913630963
6,"both",0.15,"GLaD_0.5_weighted",0.129719916687275,600,167.483913630963
6,"both",0.15,"GLaD_1_unweighted",0.0602908627964278,600,167.483913630963
6,"both",0.15,"GLaD_1_weighted",0.138957229500707,600,167.483913630963
6,"both",0.15,"GUniFrac",0.10396932868515,600,167.483913630963
6,"both",0.15,"aitchison",0.0712103895594308,600,167.483913630963
6,"both",0.15,"bray",0.0714325685968679,600,167.483913630963
6,"both",0.15,"euclidean",0.0507203925530252,600,167.483913630963
6,"both",0.15,"jaccard",0.0678295176411517,600,167.483913630963
6,"both",0.15,"unifrac_unweighted",0.0754491668114022,600,167.483913630963
6,"both",0.15,"unifrac_weighted_phyloseq",0.113935456938471,600,167.483913630963
6,"both",0.2,"GLaD_0.5_unweighted",0.106327221624855,600,167.483913630963
6,"both",0.2,"GLaD_0.5_weighted",0.149301691431211,600,167.483913630963
6,"both",0.2,"GLaD_1_unweighted",0.0789258160786228,600,167.483913630963
6,"both",0.2,"GLaD_1_weighted",0.165906207598689,600,167.483913630963
6,"both",0.2,"GUniFrac",0.148000524102203,600,167.483913630963
6,"both",0.2,"aitchison",0.116491312253958,600,167.483913630963
6,"both",0.2,"bray",0.0962059723658755,600,167.483913630963
6,"both",0.2,"euclidean",0.0502833701488455,600,167.483913630963
6,"both",0.2,"jaccard",0.0793615989751164,600,167.483913630963
6,"both",0.2,"unifrac_unweighted",0.0817964239290952,600,167.483913630963
6,"both",0.2,"unifrac_weighted_phyloseq",0.174305054937976,600,167.483913630963
6,"both",0.25,"GLaD_0.5_unweighted",0.124769959956,600,167.483913630963
6,"both",0.25,"GLaD_0.5_weighted",0.185858022016857,600,167.483913630963
6,"both",0.25,"GLaD_1_unweighted",0.0724995914791327,600,167.483913630963
6,"both",0.25,"GLaD_1_weighted",0.175702235417055,600,167.483913630963
6,"both",0.25,"GUniFrac",0.231368372239014,600,167.483913630963
6,"both",0.25,"aitchison",0.120035652762927,600,167.483913630963
6,"both",0.25,"bray",0.128684286032232,600,167.483913630963
6,"both",0.25,"euclidean",0.0675390181992948,600,167.483913630963
6,"both",0.25,"jaccard",0.126332700977468,600,167.483913630963
6,"both",0.25,"unifrac_unweighted",0.105725905115982,600,167.483913630963
6,"both",0.25,"unifrac_weighted_phyloseq",0.239808176012485,600,167.483913630963
6,"both",0.3,"GLaD_0.5_unweighted",0.141754204412114,600,167.483913630963
6,"both",0.3,"GLaD_0.5_weighted",0.28459633697618,600,167.483913630963
6,"both",0.3,"GLaD_1_unweighted",0.103275194181721,600,167.483913630963
6,"both",0.3,"GLaD_1_weighted",0.280238105668314,600,167.483913630963
6,"both",0.3,"GUniFrac",0.376752647747281,600,167.483913630963
6,"both",0.3,"aitchison",0.195891385146279,600,167.483913630963
6,"both",0.3,"bray",0.138919848665539,600,167.483913630963
6,"both",0.3,"euclidean",0.11448610238476,600,167.483913630963
6,"both",0.3,"jaccard",0.140322164485206,600,167.483913630963
6,"both",0.3,"unifrac_unweighted",0.111164764629465,600,167.483913630963
6,"both",0.3,"unifrac_weighted_phyloseq",0.325036897199669,600,167.483913630963
6,"both",0.35,"GLaD_0.5_unweighted",0.202973613822176,600,167.483913630963
6,"both",0.35,"GLaD_0.5_weighted",0.36590690018148,600,167.483913630963
6,"both",0.35,"GLaD_1_unweighted",0.14168247859471,600,167.483913630963
6,"both",0.35,"GLaD_1_weighted",0.338258022551923,600,167.483913630963
6,"both",0.35,"GUniFrac",0.512120362179657,600,167.483913630963
6,"both",0.35,"aitchison",0.29139678822595,600,167.483913630963
6,"both",0.35,"bray",0.266759324382323,600,167.483913630963
6,"both",0.35,"euclidean",0.135367426379638,600,167.483913630963
6,"both",0.35,"jaccard",0.25900819864238,600,167.483913630963
6,"both",0.35,"unifrac_unweighted",0.1662258438738,600,167.483913630963
6,"both",0.35,"unifrac_weighted_phyloseq",0.450875835703523,600,167.483913630963
6,"both",0.4,"GLaD_0.5_unweighted",0.297534768310258,600,167.483913630963
6,"both",0.4,"GLaD_0.5_weighted",0.473130603289073,600,167.483913630963
6,"both",0.4,"GLaD_1_unweighted",0.153773502341686,600,167.483913630963
6,"both",0.4,"GLaD_1_weighted",0.447033297941674,600,167.483913630963
6,"both",0.4,"GUniFrac",0.705304508718643,600,167.483913630963
6,"both",0.4,"aitchison",0.443837091822384,600,167.483913630963
6,"both",0.4,"bray",0.36563555005604,600,167.483913630963
6,"both",0.4,"euclidean",0.148131482028288,600,167.483913630963
6,"both",0.4,"jaccard",0.341228736282391,600,167.483913630963
6,"both",0.4,"unifrac_unweighted",0.225301030456387,600,167.483913630963
6,"both",0.4,"unifrac_weighted_phyloseq",0.576973393701158,600,167.483913630963
6,"both",0.45,"GLaD_0.5_unweighted",0.504433254608059,600,167.483913630963
6,"both",0.45,"GLaD_0.5_weighted",0.570271668092037,600,167.483913630963
6,"both",0.45,"GLaD_1_unweighted",0.212768038610773,600,167.483913630963
6,"both",0.45,"GLaD_1_weighted",0.530064081101411,600,167.483913630963
6,"both",0.45,"GUniFrac",0.809029667410957,600,167.483913630963
6,"both",0.45,"aitchison",0.647348895765709,600,167.483913630963
6,"both",0.45,"bray",0.485184199104983,600,167.483913630963
6,"both",0.45,"euclidean",0.208917986427041,600,167.483913630963
6,"both",0.45,"jaccard",0.456052110659982,600,167.483913630963
6,"both",0.45,"unifrac_unweighted",0.34673911193525,600,167.483913630963
6,"both",0.45,"unifrac_weighted_phyloseq",0.696706113008183,600,167.483913630963
6,"both",0.5,"GLaD_0.5_unweighted",0.59604985107024,600,167.483913630963
6,"both",0.5,"GLaD_0.5_weighted",0.644065971560614,600,167.483913630963
6,"both",0.5,"GLaD_1_unweighted",0.206605060526854,600,167.483913630963
6,"both",0.5,"GLaD_1_weighted",0.562087952357502,600,167.483913630963
6,"both",0.5,"GUniFrac",0.890391098630415,600,167.483913630963
6,"both",0.5,"aitchison",0.714572425404683,600,167.483913630963
6,"both",0.5,"bray",0.548976111737183,600,167.483913630963
6,"both",0.5,"euclidean",0.258789539244671,600,167.483913630963
6,"both",0.5,"jaccard",0.530835696516924,600,167.483913630963
6,"both",0.5,"unifrac_unweighted",0.403009578195422,600,167.483913630963
6,"both",0.5,"unifrac_weighted_phyloseq",0.777349471387175,600,167.483913630963
6,"both",0.55,"GLaD_0.5_unweighted",0.701274611131283,600,167.483913630963
6,"both",0.55,"GLaD_0.5_weighted",0.669561924471751,600,167.483913630963
6,"both",0.55,"GLaD_1_unweighted",0.299874220970235,600,167.483913630963
6,"both",0.55,"GLaD_1_weighted",0.615671652118992,600,167.483913630963
6,"both",0.55,"GUniFrac",0.953233980205855,600,167.483913630963
6,"both",0.55,"aitchison",0.852102534625192,600,167.483913630963
6,"both",0.55,"bray",0.67495650718555,600,167.483913630963
6,"both",0.55,"euclidean",0.312459798650562,600,167.483913630963
6,"both",0.55,"jaccard",0.645145324781417,600,167.483913630963
6,"both",0.55,"unifrac_unweighted",0.561530293930008,600,167.483913630963
6,"both",0.55,"unifrac_weighted_phyloseq",0.814785517669035,600,167.483913630963
6,"both",0.6,"GLaD_0.5_unweighted",0.834264000957323,600,167.483913630963
6,"both",0.6,"GLaD_0.5_weighted",0.768007943101326,600,167.483913630963
6,"both",0.6,"GLaD_1_unweighted",0.290394231467096,600,167.483913630963
6,"both",0.6,"GLaD_1_weighted",0.681558664018567,600,167.483913630963
6,"both",0.6,"GUniFrac",0.982171654193044,600,167.483913630963
6,"both",0.6,"aitchison",0.931830115648661,600,167.483913630963
6,"both",0.6,"bray",0.783112328798113,600,167.483913630963
6,"both",0.6,"euclidean",0.430231398449905,600,167.483913630963
6,"both",0.6,"jaccard",0.773577099721962,600,167.483913630963
6,"both",0.6,"unifrac_unweighted",0.660028177320506,600,167.483913630963
6,"both",0.6,"unifrac_weighted_phyloseq",0.891537078460769,600,167.483913630963
6,"both",0.65,"GLaD_0.5_unweighted",0.927299016333644,600,167.483913630963
6,"both",0.65,"GLaD_0.5_weighted",0.790340414821386,600,167.483913630963
6,"both",0.65,"GLaD_1_unweighted",0.430146546465353,600,167.483913630963
6,"both",0.65,"GLaD_1_weighted",0.700908849661937,600,167.483913630963
6,"both",0.65,"GUniFrac",0.994095916194541,600,167.483913630963
6,"both",0.65,"aitchison",0.970825016602793,600,167.483913630963
6,"both",0.65,"bray",0.86574185163182,600,167.483913630963
6,"both",0.65,"euclidean",0.440124380208864,600,167.483913630963
6,"both",0.65,"jaccard",0.849035332656549,600,167.483913630963
6,"both",0.65,"unifrac_unweighted",0.830854751356703,600,167.483913630963
6,"both",0.65,"unifrac_weighted_phyloseq",0.918724449079006,600,167.483913630963
6,"both",0.7,"GLaD_0.5_unweighted",0.980740601967287,600,167.483913630963
6,"both",0.7,"GLaD_0.5_weighted",0.853796566436334,600,167.483913630963
6,"both",0.7,"GLaD_1_unweighted",0.457905307738359,600,167.483913630963
6,"both",0.7,"GLaD_1_weighted",0.783862905477157,600,167.483913630963
6,"both",0.7,"GUniFrac",0.998944168722,600,167.483913630963
6,"both",0.7,"aitchison",0.997888337443999,600,167.483913630963
6,"both",0.7,"bray",0.931411067767011,600,167.483913630963
6,"both",0.7,"euclidean",0.545100592496298,600,167.483913630963
6,"both",0.7,"jaccard",0.927358996106505,600,167.483913630963
6,"both",0.7,"unifrac_unweighted",0.896166102622975,600,167.483913630963
6,"both",0.7,"unifrac_weighted_phyloseq",0.953920552100847,600,167.483913630963
6,"both",0.75,"GLaD_0.5_unweighted",0.993679250865318,600,167.483913630963
6,"both",0.75,"GLaD_0.5_weighted",0.897354006553492,600,167.483913630963
6,"both",0.75,"GLaD_1_unweighted",0.505166246943321,600,167.483913630963
6,"both",0.75,"GLaD_1_weighted",0.815807434540054,600,167.483913630963
6,"both",0.75,"GUniFrac",1,600,167.483913630963
6,"both",0.75,"aitchison",0.997191126642619,600,167.483913630963
6,"both",0.75,"bray",0.973521507400171,600,167.483913630963
6,"both",0.75,"euclidean",0.585689527201858,600,167.483913630963
6,"both",0.75,"jaccard",0.964929978192947,600,167.483913630963
6,"both",0.75,"unifrac_unweighted",0.951685998234437,600,167.483913630963
6,"both",0.75,"unifrac_weighted_phyloseq",0.985625692020314,600,167.483913630963
6,"both",0.8,"GLaD_0.5_unweighted",0.999361609001467,600,167.483913630963
6,"both",0.8,"GLaD_0.5_weighted",0.924709376737046,600,167.483913630963
6,"both",0.8,"GLaD_1_unweighted",0.544657102290591,600,167.483913630963
6,"both",0.8,"GLaD_1_weighted",0.842655970281974,600,167.483913630963
6,"both",0.8,"GUniFrac",1,600,167.483913630963
6,"both",0.8,"aitchison",1,600,167.483913630963
6,"both",0.8,"bray",0.982757219224467,600,167.483913630963
6,"both",0.8,"euclidean",0.672172445412958,600,167.483913630963
6,"both",0.8,"jaccard",0.981094577373256,600,167.483913630963
6,"both",0.8,"unifrac_unweighted",0.991070840076195,600,167.483913630963
6,"both",0.8,"unifrac_weighted_phyloseq",0.986990441821992,600,167.483913630963
6,"both",0.85,"GLaD_0.5_unweighted",1,600,167.483913630963
6,"both",0.85,"GLaD_0.5_weighted",0.938907324637939,600,167.483913630963
6,"both",0.85,"GLaD_1_unweighted",0.599392672041575,600,167.483913630963
6,"both",0.85,"GLaD_1_weighted",0.866322452581808,600,167.483913630963
6,"both",0.85,"GUniFrac",1,600,167.483913630963
6,"both",0.85,"aitchison",1,600,167.483913630963
6,"both",0.85,"bray",0.989185607591872,600,167.483913630963
6,"both",0.85,"euclidean",0.700423036561973,600,167.483913630963
6,"both",0.85,"jaccard",0.987257429066697,600,167.483913630963
6,"both",0.85,"unifrac_unweighted",0.990245823473402,600,167.483913630963
6,"both",0.85,"unifrac_weighted_phyloseq",0.996232814859449,600,167.483913630963
6,"both",0.9,"GLaD_0.5_unweighted",1,600,167.483913630963
6,"both",0.9,"GLaD_0.5_weighted",0.954715183067309,600,167.483913630963
6,"both",0.9,"GLaD_1_unweighted",0.672308767712556,600,167.483913630963
6,"both",0.9,"GLaD_1_weighted",0.909324201685823,600,167.483913630963
6,"both",0.9,"GUniFrac",1,600,167.483913630963
6,"both",0.9,"aitchison",1,600,167.483913630963
6,"both",0.9,"bray",0.997919917869322,600,167.483913630963
6,"both",0.9,"euclidean",0.766038255516174,600,167.483913630963
6,"both",0.9,"jaccard",0.997711197729588,600,167.483913630963
6,"both",0.9,"unifrac_unweighted",0.999361609001467,600,167.483913630963
6,"both",0.9,"unifrac_weighted_phyloseq",0.998754798428257,600,167.483913630963
6,"both",0.95,"GLaD_0.5_unweighted",1,600,167.483913630963
6,"both",0.95,"GLaD_0.5_weighted",0.987154892903573,600,167.483913630963
6,"both",0.95,"GLaD_1_unweighted",0.733677985405315,600,167.483913630963
6,"both",0.95,"GLaD_1_weighted",0.954202897496751,600,167.483913630963
6,"both",0.95,"GUniFrac",1,600,167.483913630963
6,"both",0.95,"aitchison",1,600,167.483913630963
6,"both",0.95,"bray",1,600,167.483913630963
6,"both",0.95,"euclidean",0.843353436584403,600,167.483913630963
6,"both",0.95,"jaccard",1,600,167.483913630963
6,"both",0.95,"unifrac_unweighted",1,600,167.483913630963
6,"both",0.95,"unifrac_weighted_phyloseq",1,600,167.483913630963
6,"both",1,"GLaD_0.5_unweighted",1,600,167.483913630963
6,"both",1,"GLaD_0.5_weighted",0.984467683302939,600,167.483913630963
6,"both",1,"GLaD_1_unweighted",0.729970310399831,600,167.483913630963
6,"both",1,"GLaD_1_weighted",0.956290986102529,600,167.483913630963
6,"both",1,"GUniFrac",1,600,167.483913630963
6,"both",1,"aitchison",1,600,167.483913630963
6,"both",1,"bray",1,600,167.483913630963
6,"both",1,"euclidean",0.859120861383682,600,167.483913630963
6,"both",1,"jaccard",1,600,167.483913630963
6,"both",1,"unifrac_unweighted",1,600,167.483913630963
6,"both",1,"unifrac_weighted_phyloseq",1,600,167.483913630963
6,"prevalence",0.05,"GLaD_0.5_unweighted",0.0811047770983543,600,167.483913630963
6,"prevalence",0.05,"GLaD_0.5_weighted",0.0366455172071682,600,167.483913630963
6,"prevalence",0.05,"GLaD_1_unweighted",0.047809492174664,600,167.483913630963
6,"prevalence",0.05,"GLaD_1_weighted",0.0520640296720454,600,167.483913630963
6,"prevalence",0.05,"GUniFrac",0.0495620715697249,600,167.483913630963
6,"prevalence",0.05,"aitchison",0.0641512163576607,600,167.483913630963
6,"prevalence",0.05,"bray",0.0420031408002115,600,167.483913630963
6,"prevalence",0.05,"euclidean",0.0513439493849458,600,167.483913630963
6,"prevalence",0.05,"jaccard",0.038017749630078,600,167.483913630963
6,"prevalence",0.05,"unifrac_unweighted",0.0606932377935259,600,167.483913630963
6,"prevalence",0.05,"unifrac_weighted_phyloseq",0.0514093357565778,600,167.483913630963
6,"prevalence",0.1,"GLaD_0.5_unweighted",0.0715114038398519,600,167.483913630963
6,"prevalence",0.1,"GLaD_0.5_weighted",0.0382517058787193,600,167.483913630963
6,"prevalence",0.1,"GLaD_1_unweighted",0.0678082638562919,600,167.483913630963
6,"prevalence",0.1,"GLaD_1_weighted",0.0467606808335748,600,167.483913630963
6,"prevalence",0.1,"GUniFrac",0.0605874607272187,600,167.483913630963
6,"prevalence",0.1,"aitchison",0.0566974106268292,600,167.483913630963
6,"prevalence",0.1,"bray",0.0485281790132733,600,167.483913630963
6,"prevalence",0.1,"euclidean",0.0505353921510885,600,167.483913630963
6,"prevalence",0.1,"jaccard",0.0528355600370303,600,167.483913630963
6,"prevalence",0.1,"unifrac_unweighted",0.0505696172259862,600,167.483913630963
6,"prevalence",0.1,"unifrac_weighted_phyloseq",0.047797937215829,600,167.483913630963
6,"prevalence",0.15,"GLaD_0.5_unweighted",0.0573941552037211,600,167.483913630963
6,"prevalence",0.15,"GLaD_0.5_weighted",0.0415073086195354,600,167.483913630963
6,"prevalence",0.15,"GLaD_1_unweighted",0.0651422716090438,600,167.483913630963
6,"prevalence",0.15,"GLaD_1_weighted",0.0419006510949117,600,167.483913630963
6,"prevalence",0.15,"GUniFrac",0.0589284285292921,600,167.483913630963
6,"prevalence",0.15,"aitchison",0.0630042099012447,600,167.483913630963
6,"prevalence",0.15,"bray",0.0570681588128628,600,167.483913630963
6,"prevalence",0.15,"euclidean",0.0704743468272543,600,167.483913630963
6,"prevalence",0.15,"jaccard",0.0634272295732335,600,167.483913630963
6,"prevalence",0.15,"unifrac_unweighted",0.0547473227490011,600,167.483913630963
6,"prevalence",0.15,"unifrac_weighted_phyloseq",0.055387022053111,600,167.483913630963
6,"prevalence",0.2,"GLaD_0.5_unweighted",0.0643222051640181,600,167.483913630963
6,"prevalence",0.2,"GLaD_0.5_weighted",0.0511430899327374,600,167.483913630963
6,"prevalence",0.2,"GLaD_1_unweighted",0.0767298753584976,600,167.483913630963
6,"prevalence",0.2,"GLaD_1_weighted",0.0618377782970046,600,167.483913630963
6,"prevalence",0.2,"GUniFrac",0.0453426341373939,600,167.483913630963
6,"prevalence",0.2,"aitchison",0.0506241571505844,600,167.483913630963
6,"prevalence",0.2,"bray",0.0559382201972758,600,167.483913630963
6,"prevalence",0.2,"euclidean",0.031266710500277,600,167.483913630963
6,"prevalence",0.2,"jaccard",0.0587806772485972,600,167.483913630963
6,"prevalence",0.2,"unifrac_unweighted",0.0668627971579529,600,167.483913630963
6,"prevalence",0.2,"unifrac_weighted_phyloseq",0.0460003749819181,600,167.483913630963
6,"prevalence",0.25,"GLaD_0.5_unweighted",0.114916370022054,600,167.483913630963
6,"prevalence",0.25,"GLaD_0.5_weighted",0.080175986697872,600,167.483913630963
6,"prevalence",0.25,"GLaD_1_unweighted",0.0832759255762352,600,167.483913630963
6,"prevalence",0.25,"GLaD_1_weighted",0.0657884327566584,600,167.483913630963
6,"prevalence",0.25,"GUniFrac",0.0890428265216466,600,167.483913630963
6,"prevalence",0.25,"aitchison",0.0968559283495943,600,167.483913630963
6,"prevalence",0.25,"bray",0.0709078906540004,600,167.483913630963
6,"prevalence",0.25,"euclidean",0.0772964921132516,600,167.483913630963
6,"prevalence",0.25,"jaccard",0.0746434953692287,600,167.483913630963
6,"prevalence",0.25,"unifrac_unweighted",0.0832410248808414,600,167.483913630963
6,"prevalence",0.25,"unifrac_weighted_phyloseq",0.0829958623162121,600,167.483913630963
6,"prevalence",0.3,"GLaD_0.5_unweighted",0.182129988084098,600,167.483913630963
6,"prevalence",0.3,"GLaD_0.5_weighted",0.0569874567005593,600,167.483913630963
6,"prevalence",0.3,"GLaD_1_unweighted",0.0966647770396038,600,167.483913630963
6,"prevalence",0.3,"GLaD_1_weighted",0.0748552159801947,600,167.483913630963
6,"prevalence",0.3,"GUniFrac",0.0701979401311445,600,167.483913630963
6,"prevalence",0.3,"aitchison",0.121087586334905,600,167.483913630963
6,"prevalence",0.3,"bray",0.0410983481639133,600,167.483913630963
6,"prevalence",0.3,"euclidean",0.0262406197729568,600,167.483913630963
6,"prevalence",0.3,"jaccard",0.0478625486372157,600,167.483913630963
6,"prevalence",0.3,"unifrac_unweighted",0.13743413962617,600,167.483913630963
6,"prevalence",0.3,"unifrac_weighted_phyloseq",0.0542472671021685,600,167.483913630963
6,"prevalence",0.35,"GLaD_0.5_unweighted",0.248862375853358,600,167.483913630963
6,"prevalence",0.35,"GLaD_0.5_weighted",0.0700683957062526,600,167.483913630963
6,"prevalence",0.35,"GLaD_1_unweighted",0.144022484477451,600,167.483913630963
6,"prevalence",0.35,"GLaD_1_weighted",0.0487505473940159,600,167.483913630963
6,"prevalence",0.35,"GUniFrac",0.0726276806479107,600,167.483913630963
6,"prevalence",0.35,"aitchison",0.15571699012135,600,167.483913630963
6,"prevalence",0.35,"bray",0.051455150029849,600,167.483913630963
6,"prevalence",0.35,"euclidean",0.0602510147732776,600,167.483913630963
6,"prevalence",0.35,"jaccard",0.0649454839695518,600,167.483913630963
6,"prevalence",0.35,"unifrac_unweighted",0.196349320845701,600,167.483913630963
6,"prevalence",0.35,"unifrac_weighted_phyloseq",0.0672259386549313,600,167.483913630963
6,"prevalence",0.4,"GLaD_0.5_unweighted",0.358513709346437,600,167.483913630963
6,"prevalence",0.4,"GLaD_0.5_weighted",0.0405635187370522,600,167.483913630963
6,"prevalence",0.4,"GLaD_1_unweighted",0.175347306268774,600,167.483913630963
6,"prevalence",0.4,"GLaD_1_weighted",0.0544554627499589,600,167.483913630963
6,"prevalence",0.4,"GUniFrac",0.0972252630344353,600,167.483913630963
6,"prevalence",0.4,"aitchison",0.189181412331649,600,167.483913630963
6,"prevalence",0.4,"bray",0.0649127410262259,600,167.483913630963
6,"prevalence",0.4,"euclidean",0.066530484656612,600,167.483913630963
6,"prevalence",0.4,"jaccard",0.0733455496008597,600,167.483913630963
6,"prevalence",0.4,"unifrac_unweighted",0.20946183680886,600,167.483913630963
6,"prevalence",0.4,"unifrac_weighted_phyloseq",0.0651529757909135,600,167.483913630963
6,"prevalence",0.45,"GLaD_0.5_unweighted",0.464407599370563,600,167.483913630963
6,"prevalence",0.45,"GLaD_0.5_weighted",0.0525718701796834,600,167.483913630963
6,"prevalence",0.45,"GLaD_1_unweighted",0.196369729009304,600,167.483913630963
6,"prevalence",0.45,"GLaD_1_weighted",0.0461311101307458,600,167.483913630963
6,"prevalence",0.45,"GUniFrac",0.113963093724835,600,167.483913630963
6,"prevalence",0.45,"aitchison",0.260646723871843,600,167.483913630963
6,"prevalence",0.45,"bray",0.062556814923665,600,167.483913630963
6,"prevalence",0.45,"euclidean",0.0596283739938037,600,167.483913630963
6,"prevalence",0.45,"jaccard",0.0698131056855465,600,167.483913630963
6,"prevalence",0.45,"unifrac_unweighted",0.352538949232348,600,167.483913630963
6,"prevalence",0.45,"unifrac_weighted_phyloseq",0.077197565603411,600,167.483913630963
6,"prevalence",0.5,"GLaD_0.5_unweighted",0.607750868129223,600,167.483913630963
6,"prevalence",0.5,"GLaD_0.5_weighted",0.0917975522075601,600,167.483913630963
6,"prevalence",0.5,"GLaD_1_unweighted",0.231882431835553,600,167.483913630963
6,"prevalence",0.5,"GLaD_1_weighted",0.087412001534964,600,167.483913630963
6,"prevalence",0.5,"GUniFrac",0.120510920966075,600,167.483913630963
6,"prevalence",0.5,"aitchison",0.336312269238754,600,167.483913630963
6,"prevalence",0.5,"bray",0.0612653263679799,600,167.483913630963
6,"prevalence",0.5,"euclidean",0.0516598171745233,600,167.483913630963
6,"prevalence",0.5,"jaccard",0.066351134771013,600,167.483913630963
6,"prevalence",0.5,"unifrac_unweighted",0.421763806836874,600,167.483913630963
6,"prevalence",0.5,"unifrac_weighted_phyloseq",0.103890639867815,600,167.483913630963
6,"prevalence",0.55,"GLaD_0.5_unweighted",0.7176716354774,600,167.483913630963
6,"prevalence",0.55,"GLaD_0.5_weighted",0.0700330209697131,600,167.483913630963
6,"prevalence",0.55,"GLaD_1_unweighted",0.276192513468173,600,167.483913630963
6,"prevalence",0.55,"GLaD_1_weighted",0.0716535993031379,600,167.483913630963
6,"prevalence",0.55,"GUniFrac",0.14551727562788,600,167.483913630963
6,"prevalence",0.55,"aitchison",0.391730559451262,600,167.483913630963
6,"prevalence",0.55,"bray",0.0774037539898386,600,167.483913630963
6,"prevalence",0.55,"euclidean",0.034156564634424,600,167.483913630963
6,"prevalence",0.55,"jaccard",0.0759087659631907,600,167.483913630963
6,"prevalence",0.55,"unifrac_unweighted",0.562678453588234,600,167.483913630963
6,"prevalence",0.55,"unifrac_weighted_phyloseq",0.0895530954600962,600,167.483913630963
6,"prevalence",0.6,"GLaD_0.5_unweighted",0.850977635134198,600,167.483913630963
6,"prevalence",0.6,"GLaD_0.5_weighted",0.063116916890907,600,167.483913630963
6,"prevalence",0.6,"GLaD_1_unweighted",0.323386504182726,600,167.483913630963
6,"prevalence",0.6,"GLaD_1_weighted",0.0614373065286166,600,167.483913630963
6,"prevalence",0.6,"GUniFrac",0.146349363070958,600,167.483913630963
6,"prevalence",0.6,"aitchison",0.503282062225371,600,167.483913630963
6,"prevalence",0.6,"bray",0.0744438077512167,600,167.483913630963
6,"prevalence",0.6,"euclidean",0.0538370871915627,600,167.483913630963
6,"prevalence",0.6,"jaccard",0.0687401865140147,600,167.483913630963
6,"prevalence",0.6,"unifrac_unweighted",0.714037165305817,600,167.483913630963
6,"prevalence",0.6,"unifrac_weighted_phyloseq",0.0637088280220236,600,167.483913630963
6,"prevalence",0.65,"GLaD_0.5_unweighted",0.916797161418671,600,167.483913630963
6,"prevalence",0.65,"GLaD_0.5_weighted",0.102374639198416,600,167.483913630963
6,"prevalence",0.65,"GLaD_1_unweighted",0.41180720439049,600,167.483913630963
6,"prevalence",0.65,"GLaD_1_weighted",0.089265194902389,600,167.483913630963
6,"prevalence",0.65,"GUniFrac",0.236199454038196,600,167.483913630963
6,"prevalence",0.65,"aitchison",0.668627583484922,600,167.483913630963
6,"prevalence",0.65,"bray",0.100551973094411,600,167.483913630963
6,"prevalence",0.65,"euclidean",0.0496960516867912,600,167.483913630963
6,"prevalence",0.65,"jaccard",0.096521995969378,600,167.483913630963
6,"prevalence",0.65,"unifrac_unweighted",0.800650978544725,600,167.483913630963
6,"prevalence",0.65,"unifrac_weighted_phyloseq",0.107889665092121,600,167.483913630963
6,"prevalence",0.7,"GLaD_0.5_unweighted",0.963634730710788,600,167.483913630963
6,"prevalence",0.7,"GLaD_0.5_weighted",0.0950557196107463,600,167.483913630963
6,"prevalence",0.7,"GLaD_1_unweighted",0.413496254256888,600,167.483913630963
6,"prevalence",0.7,"GLaD_1_weighted",0.0956818800299479,600,167.483913630963
6,"prevalence",0.7,"GUniFrac",0.25896481330705,600,167.483913630963
6,"prevalence",0.7,"aitchison",0.807623252903117,600,167.483913630963
6,"prevalence",0.7,"bray",0.100656587827985,600,167.483913630963
6,"prevalence",0.7,"euclidean",0.0586120173580316,600,167.483913630963
6,"prevalence",0.7,"jaccard",0.109236249810449,600,167.483913630963
6,"prevalence",0.7,"unifrac_unweighted",0.906955177772028,600,167.483913630963
6,"prevalence",0.7,"unifrac_weighted_phyloseq",0.110257556603987,600,167.483913630963
6,"prevalence",0.75,"GLaD_0.5_unweighted",0.996839625432659,600,167.483913630963
6,"prevalence",0.75,"GLaD_0.5_weighted",0.115584185378648,600,167.483913630963
6,"prevalence",0.75,"GLaD_1_unweighted",0.458754156337143,600,167.483913630963
6,"prevalence",0.75,"GLaD_1_weighted",0.115606832611998,600,167.483913630963
6,"prevalence",0.75,"GUniFrac",0.298919122594474,600,167.483913630963
6,"prevalence",0.75,"aitchison",0.865568431619421,600,167.483913630963
6,"prevalence",0.75,"bray",0.117776871629071,600,167.483913630963
6,"prevalence",0.75,"euclidean",0.0642125303916888,600,167.483913630963
6,"prevalence",0.75,"jaccard",0.112175517844799,600,167.483913630963
6,"prevalence",0.75,"unifrac_unweighted",0.937993851195643,600,167.483913630963
6,"prevalence",0.75,"unifrac_weighted_phyloseq",0.148220213611591,600,167.483913630963
6,"prevalence",0.8,"GLaD_0.5_unweighted",1,600,167.483913630963
6,"prevalence",0.8,"GLaD_0.5_weighted",0.130064808935682,600,167.483913630963
6,"prevalence",0.8,"GLaD_1_unweighted",0.492308295526773,600,167.483913630963
6,"prevalence",0.8,"GLaD_1_weighted",0.116437660175874,600,167.483913630963
6,"prevalence",0.8,"GUniFrac",0.337278533506285,600,167.483913630963
6,"prevalence",0.8,"aitchison",0.908479129087956,600,167.483913630963
6,"prevalence",0.8,"bray",0.10299162466322,600,167.483913630963
6,"prevalence",0.8,"euclidean",0.0415414026185828,600,167.483913630963
6,"prevalence",0.8,"jaccard",0.0897989847338669,600,167.483913630963
6,"prevalence",0.8,"unifrac_unweighted",0.982587922638316,600,167.483913630963
6,"prevalence",0.8,"unifrac_weighted_phyloseq",0.142168898856895,600,167.483913630963
6,"prevalence",0.85,"GLaD_0.5_unweighted",1,600,167.483913630963
6,"prevalence",0.85,"GLaD_0.5_weighted",0.10538644461716,600,167.483913630963
6,"prevalence",0.85,"GLaD_1_unweighted",0.572937776854121,600,167.483913630963
6,"prevalence",0.85,"GLaD_1_weighted",0.116164871996436,600,167.483913630963
6,"prevalence",0.85,"GUniFrac",0.444594961692785,600,167.483913630963
6,"prevalence",0.85,"aitchison",0.975727893672875,600,167.483913630963
6,"prevalence",0.85,"bray",0.128477016463239,600,167.483913630963
6,"prevalence",0.85,"euclidean",0.0524386878955751,600,167.483913630963
6,"prevalence",0.85,"jaccard",0.131127944138276,600,167.483913630963
6,"prevalence",0.85,"unifrac_unweighted",0.992986013071792,600,167.483913630963
6,"prevalence",0.85,"unifrac_weighted_phyloseq",0.163581021695724,600,167.483913630963
6,"prevalence",0.9,"GLaD_0.5_unweighted",1,600,167.483913630963
6,"prevalence",0.9,"GLaD_0.5_weighted",0.133680071748501,600,167.483913630963
6,"prevalence",0.9,"GLaD_1_unweighted",0.682864727291499,600,167.483913630963
6,"prevalence",0.9,"GLaD_1_weighted",0.129494893630606,600,167.483913630963
6,"prevalence",0.9,"GUniFrac",0.491628522049828,600,167.483913630963
6,"prevalence",0.9,"aitchison",0.97,600,167.483913630963
6,"prevalence",0.9,"bray",0.141720378598373,600,167.483913630963
6,"prevalence",0.9,"euclidean",0.0535597926489387,600,167.483913630963
6,"prevalence",0.9,"jaccard",0.132649179025206,600,167.483913630963
6,"prevalence",0.9,"unifrac_unweighted",1,600,167.483913630963
6,"prevalence",0.9,"unifrac_weighted_phyloseq",0.167515374383647,600,167.483913630963
6,"prevalence",0.95,"GLaD_0.5_unweighted",1,600,167.483913630963
6,"prevalence",0.95,"GLaD_0.5_weighted",0.141408470267889,600,167.483913630963
6,"prevalence",0.95,"GLaD_1_unweighted",0.751429688056321,600,167.483913630963
6,"prevalence",0.95,"GLaD_1_weighted",0.12985580074321,600,167.483913630963
6,"prevalence",0.95,"GUniFrac",0.597526351552428,600,167.483913630963
6,"prevalence",0.95,"aitchison",0.996264395284772,600,167.483913630963
6,"prevalence",0.95,"bray",0.124963137417321,600,167.483913630963
6,"prevalence",0.95,"euclidean",0.0586399981564215,600,167.483913630963
6,"prevalence",0.95,"jaccard",0.12363351189388,600,167.483913630963
6,"prevalence",0.95,"unifrac_unweighted",1,600,167.483913630963
6,"prevalence",0.95,"unifrac_weighted_phyloseq",0.167583415431205,600,167.483913630963
6,"prevalence",1,"GLaD_0.5_unweighted",1,600,167.483913630963
6,"prevalence",1,"GLaD_0.5_weighted",0.143546696580919,600,167.483913630963
6,"prevalence",1,"GLaD_1_unweighted",0.761162536206385,600,167.483913630963
6,"prevalence",1,"GLaD_1_weighted",0.117233708804013,600,167.483913630963
6,"prevalence",1,"GUniFrac",0.659819518844003,600,167.483913630963
6,"prevalence",1,"aitchison",1,600,167.483913630963
6,"prevalence",1,"bray",0.192749963016091,600,167.483913630963
6,"prevalence",1,"euclidean",0.0733833185286725,600,167.483913630963
6,"prevalence",1,"jaccard",0.209881116839322,600,167.483913630963
6,"prevalence",1,"unifrac_unweighted",1,600,167.483913630963
6,"prevalence",1,"unifrac_weighted_phyloseq",0.220268290154753,600,167.483913630963
8,"abundance",0.05,"GLaD_0.5_unweighted",0.0516412374362676,800,190.202452324782
8,"abundance",0.05,"GLaD_0.5_weighted",0.0356435858164062,800,190.202452324782
8,"abundance",0.05,"GLaD_1_unweighted",0.0642231590883302,800,190.202452324782
8,"abundance",0.05,"GLaD_1_weighted",0.0488762394761971,800,190.202452324782
8,"abundance",0.05,"GUniFrac",0.0442174885710292,800,190.202452324782
8,"abundance",0.05,"aitchison",0.0337636128501044,800,190.202452324782
8,"abundance",0.05,"bray",0.0592823295400244,800,190.202452324782
8,"abundance",0.05,"euclidean",0.0380850366616287,800,190.202452324782
8,"abundance",0.05,"jaccard",0.0565719618700089,800,190.202452324782
8,"abundance",0.05,"unifrac_unweighted",0.0465450761631686,800,190.202452324782
8,"abundance",0.05,"unifrac_weighted_phyloseq",0.0379197579993776,800,190.202452324782
8,"abundance",0.1,"GLaD_0.5_unweighted",0.0585916066255605,800,190.202452324782
8,"abundance",0.1,"GLaD_0.5_weighted",0.0855970435056698,800,190.202452324782
8,"abundance",0.1,"GLaD_1_unweighted",0.0478280647042465,800,190.202452324782
8,"abundance",0.1,"GLaD_1_weighted",0.0910202523468388,800,190.202452324782
8,"abundance",0.1,"GUniFrac",0.0825876143025943,800,190.202452324782
8,"abundance",0.1,"aitchison",0.0481783259403276,800,190.202452324782
8,"abundance",0.1,"bray",0.0804429057083654,800,190.202452324782
8,"abundance",0.1,"euclidean",0.07733338035369,800,190.202452324782
8,"abundance",0.1,"jaccard",0.0790614908297887,800,190.202452324782
8,"abundance",0.1,"unifrac_unweighted",0.0540166401748881,800,190.202452324782
8,"abundance",0.1,"unifrac_weighted_phyloseq",0.0972440468677161,800,190.202452324782
8,"abundance",0.15,"GLaD_0.5_unweighted",0.0478966751359929,800,190.202452324782
8,"abundance",0.15,"GLaD_0.5_weighted",0.107499632325934,800,190.202452324782
8,"abundance",0.15,"GLaD_1_unweighted",0.0440110694279717,800,190.202452324782
8,"abundance",0.15,"GLaD_1_weighted",0.0904799139091111,800,190.202452324782
8,"abundance",0.15,"GUniFrac",0.0697259092317905,800,190.202452324782
8,"abundance",0.15,"aitchison",0.0368251091118198,800,190.202452324782
8,"abundance",0.15,"bray",0.067197828104342,800,190.202452324782
8,"abundance",0.15,"euclidean",0.0543454533412695,800,190.202452324782
8,"abundance",0.15,"jaccard",0.0721744432742146,800,190.202452324782
8,"abundance",0.15,"unifrac_unweighted",0.038164320129985,800,190.202452324782
8,"abundance",0.15,"unifrac_weighted_phyloseq",0.0846523068045383,800,190.202452324782
8,"abundance",0.2,"GLaD_0.5_unweighted",0.0537840586519312,800,190.202452324782
8,"abundance",0.2,"GLaD_0.5_weighted",0.0744655207469886,800,190.202452324782
8,"abundance",0.2,"GLaD_1_unweighted",0.0529060142120251,800,190.202452324782
8,"abundance",0.2,"GLaD_1_weighted",0.0878723275752547,800,190.202452324782
8,"abundance",0.2,"GUniFrac",0.0925654067854622,800,190.202452324782
8,"abundance",0.2,"aitchison",0.0492460975089607,800,190.202452324782
8,"abundance",0.2,"bray",0.0686413844003075,800,190.202452324782
8,"abundance",0.2,"euclidean",0.0730949671710468,800,190.202452324782
8,"abundance",0.2,"jaccard",0.0756512957048378,800,190.202452324782
8,"abundance",0.2,"unifrac_unweighted",0.0366295335843559,800,190.202452324782
8,"abundance",0.2,"unifrac_weighted_phyloseq",0.0852390016842359,800,190.202452324782
8,"abundance",0.25,"GLaD_0.5_unweighted",0.057112686415643,800,190.202452324782
8,"abundance",0.25,"GLaD_0.5_weighted",0.15360321048422,800,190.202452324782
8,"abundance",0.25,"GLaD_1_unweighted",0.0499105007882082,800,190.202452324782
8,"abundance",0.25,"GLaD_1_weighted",0.183088238804081,800,190.202452324782
8,"abundance",0.25,"GUniFrac",0.148844026978004,800,190.202452324782
8,"abundance",0.25,"aitchison",0.0654216308639846,800,190.202452324782
8,"abundance",0.25,"bray",0.128797769888626,800,190.202452324782
8,"abundance",0.25,"euclidean",0.079132671022158,800,190.202452324782
8,"abundance",0.25,"jaccard",0.112924957867178,800,190.202452324782
8,"abundance",0.25,"unifrac_unweighted",0.038676837752591,800,190.202452324782
8,"abundance",0.25,"unifrac_weighted_phyloseq",0.156405872703968,800,190.202452324782
8,"abundance",0.3,"GLaD_0.5_unweighted",0.0447608790257795,800,190.202452324782
8,"abundance",0.3,"GLaD_0.5_weighted",0.170022822460376,800,190.202452324782
8,"abundance",0.3,"GLaD_1_unweighted",0.0664427716600135,800,190.202452324782
8,"abundance",0.3,"GLaD_1_weighted",0.191229713154745,800,190.202452324782
8,"abundance",0.3,"GUniFrac",0.165321148747531,800,190.202452324782
8,"abundance",0.3,"aitchison",0.0518467995925707,800,190.202452324782
8,"abundance",0.3,"bray",0.123006248794019,800,190.202452324782
8,"abundance",0.3,"euclidean",0.102600209136865,800,190.202452324782
8,"abundance",0.3,"jaccard",0.117803899169153,800,190.202452324782
8,"abundance",0.3,"unifrac_unweighted",0.0464602317325595,800,190.202452324782
8,"abundance",0.3,"unifrac_weighted_phyloseq",0.20363290949553,800,190.202452324782
8,"abundance",0.35,"GLaD_0.5_unweighted",0.0545848874508077,800,190.202452324782
8,"abundance",0.35,"GLaD_0.5_weighted",0.221224850416154,800,190.202452324782
8,"abundance",0.35,"GLaD_1_unweighted",0.0498847177342456,800,190.202452324782
8,"abundance",0.35,"GLaD_1_weighted",0.239765752757725,800,190.202452324782
8,"abundance",0.35,"GUniFrac",0.204065491239074,800,190.202452324782
8,"abundance",0.35,"aitchison",0.0582667777684956,800,190.202452324782
8,"abundance",0.35,"bray",0.134168204692323,800,190.202452324782
8,"abundance",0.35,"euclidean",0.0976082650064098,800,190.202452324782
8,"abundance",0.35,"jaccard",0.131751404243777,800,190.202452324782
8,"abundance",0.35,"unifrac_unweighted",0.0530931138206059,800,190.202452324782
8,"abundance",0.35,"unifrac_weighted_phyloseq",0.260360736430028,800,190.202452324782
8,"abundance",0.4,"GLaD_0.5_unweighted",0.0804374327139941,800,190.202452324782
8,"abundance",0.4,"GLaD_0.5_weighted",0.310882228151598,800,190.202452324782
8,"abundance",0.4,"GLaD_1_unweighted",0.0635003912616071,800,190.202452324782
8,"abundance",0.4,"GLaD_1_weighted",0.299832599295579,800,190.202452324782
8,"abundance",0.4,"GUniFrac",0.313685544572299,800,190.202452324782
8,"abundance",0.4,"aitchison",0.0754961922195914,800,190.202452324782
8,"abundance",0.4,"bray",0.212327598118175,800,190.202452324782
8,"abundance",0.4,"euclidean",0.136407203357425,800,190.202452324782
8,"abundance",0.4,"jaccard",0.205491450221314,800,190.202452324782
8,"abundance",0.4,"unifrac_unweighted",0.0537195327046739,800,190.202452324782
8,"abundance",0.4,"unifrac_weighted_phyloseq",0.338038267463488,800,190.202452324782
8,"abundance",0.45,"GLaD_0.5_unweighted",0.0423451472137891,800,190.202452324782
8,"abundance",0.45,"GLaD_0.5_weighted",0.336535361266931,800,190.202452324782
8,"abundance",0.45,"GLaD_1_unweighted",0.0377899647382224,800,190.202452324782
8,"abundance",0.45,"GLaD_1_weighted",0.338061452913635,800,190.202452324782
8,"abundance",0.45,"GUniFrac",0.370802660017162,800,190.202452324782
8,"abundance",0.45,"aitchison",0.0573200288366914,800,190.202452324782
8,"abundance",0.45,"bray",0.263139738502104,800,190.202452324782
8,"abundance",0.45,"euclidean",0.155607904102651,800,190.202452324782
8,"abundance",0.45,"jaccard",0.261602770101644,800,190.202452324782
8,"abundance",0.45,"unifrac_unweighted",0.0337390975729861,800,190.202452324782
8,"abundance",0.45,"unifrac_weighted_phyloseq",0.371805042846512,800,190.202452324782
8,"abundance",0.5,"GLaD_0.5_unweighted",0.0333271279625724,800,190.202452324782
8,"abundance",0.5,"GLaD_0.5_weighted",0.410018501052967,800,190.202452324782
8,"abundance",0.5,"GLaD_1_unweighted",0.0500917720770526,800,190.202452324782
8,"abundance",0.5,"GLaD_1_weighted",0.407543864929706,800,190.202452324782
8,"abundance",0.5,"GUniFrac",0.480873035510378,800,190.202452324782
8,"abundance",0.5,"aitchison",0.0533858272643519,800,190.202452324782
8,"abundance",0.5,"bray",0.332308446128686,800,190.202452324782
8,"abundance",0.5,"euclidean",0.223475054335235,800,190.202452324782
8,"abundance",0.5,"jaccard",0.316381999363221,800,190.202452324782
8,"abundance",0.5,"unifrac_unweighted",0.0308238099304274,800,190.202452324782
8,"abundance",0.5,"unifrac_weighted_phyloseq",0.471306748605989,800,190.202452324782
8,"abundance",0.55,"GLaD_0.5_unweighted",0.0568375095937152,800,190.202452324782
8,"abundance",0.55,"GLaD_0.5_weighted",0.536296055223549,800,190.202452324782
8,"abundance",0.55,"GLaD_1_unweighted",0.0507172400722193,800,190.202452324782
8,"abundance",0.55,"GLaD_1_weighted",0.51882288142559,800,190.202452324782
8,"abundance",0.55,"GUniFrac",0.610919203263228,800,190.202452324782
8,"abundance",0.55,"aitchison",0.0888177735778692,800,190.202452324782
8,"abundance",0.55,"bray",0.44952212611349,800,190.202452324782
8,"abundance",0.55,"euclidean",0.335571603181152,800,190.202452324782
8,"abundance",0.55,"jaccard",0.436873902056702,800,190.202452324782
8,"abundance",0.55,"unifrac_unweighted",0.036641464591929,800,190.202452324782
8,"abundance",0.55,"unifrac_weighted_phyloseq",0.602328696984195,800,190.202452324782
8,"abundance",0.6,"GLaD_0.5_unweighted",0.0746761458697725,800,190.202452324782
8,"abundance",0.6,"GLaD_0.5_weighted",0.557937970303002,800,190.202452324782
8,"abundance",0.6,"GLaD_1_unweighted",0.0256433249338113,800,190.202452324782
8,"abundance",0.6,"GLaD_1_weighted",0.521696465826164,800,190.202452324782
8,"abundance",0.6,"GUniFrac",0.651619505094214,800,190.202452324782
8,"abundance",0.6,"aitchison",0.0851847994535942,800,190.202452324782
8,"abundance",0.6,"bray",0.458292270303392,800,190.202452324782
8,"abundance",0.6,"euclidean",0.287021052142987,800,190.202452324782
8,"abundance",0.6,"jaccard",0.447294773393735,800,190.202452324782
8,"abundance",0.6,"unifrac_unweighted",0.0500688589009116,800,190.202452324782
8,"abundance",0.6,"unifrac_weighted_phyloseq",0.654442254228668,800,190.202452324782
8,"abundance",0.65,"GLaD_0.5_unweighted",0.0601051529266535,800,190.202452324782
8,"abundance",0.65,"GLaD_0.5_weighted",0.63847210676587,800,190.202452324782
8,"abundance",0.65,"GLaD_1_unweighted",0.0528144211869858,800,190.202452324782
8,"abundance",0.65,"GLaD_1_weighted",0.598056275290379,800,190.202452324782
8,"abundance",0.65,"GUniFrac",0.743064952899088,800,190.202452324782
8,"abundance",0.65,"aitchison",0.110117969090282,800,190.202452324782
8,"abundance",0.65,"bray",0.583381007242605,800,190.202452324782
8,"abundance",0.65,"euclidean",0.413641459523813,800,190.202452324782
8,"abundance",0.65,"jaccard",0.55748012495313,800,190.202452324782
8,"abundance",0.65,"unifrac_unweighted",0.0592685584987913,800,190.202452324782
8,"abundance",0.65,"unifrac_weighted_phyloseq",0.726976504001024,800,190.202452324782
8,"abundance",0.7,"GLaD_0.5_unweighted",0.0395962230122207,800,190.202452324782
8,"abundance",0.7,"GLaD_0.5_weighted",0.680344700571203,800,190.202452324782
8,"abundance",0.7,"GLaD_1_unweighted",0.028096727851065,800,190.202452324782
8,"abundance",0.7,"GLaD_1_weighted",0.606087809855261,800,190.202452324782
8,"abundance",0.7,"GUniFrac",0.806110688859475,800,190.202452324782
8,"abundance",0.7,"aitchison",0.113176647211724,800,190.202452324782
8,"abundance",0.7,"bray",0.678110346246199,800,190.202452324782
8,"abundance",0.7,"euclidean",0.458701639491083,800,190.202452324782
8,"abundance",0.7,"jaccard",0.67385073945721,800,190.202452324782
8,"abundance",0.7,"unifrac_unweighted",0.0481108523870817,800,190.202452324782
8,"abundance",0.7,"unifrac_weighted_phyloseq",0.752443471394744,800,190.202452324782
8,"abundance",0.75,"GLaD_0.5_unweighted",0.0423578614980255,800,190.202452324782
8,"abundance",0.75,"GLaD_0.5_weighted",0.75124377989284,800,190.202452324782
8,"abundance",0.75,"GLaD_1_unweighted",0.0643443131617377,800,190.202452324782
8,"abundance",0.75,"GLaD_1_weighted",0.68324958453232,800,190.202452324782
8,"abundance",0.75,"GUniFrac",0.870981614658758,800,190.202452324782
8,"abundance",0.75,"aitchison",0.101698732629785,800,190.202452324782
8,"abundance",0.75,"bray",0.724466485298358,800,190.202452324782
8,"abundance",0.75,"euclidean",0.481947144070413,800,190.202452324782
8,"abundance",0.75,"jaccard",0.720790985885563,800,190.202452324782
8,"abundance",0.75,"unifrac_unweighted",0.0383073590030335,800,190.202452324782
8,"abundance",0.75,"unifrac_weighted_phyloseq",0.840930476472257,800,190.202452324782
8,"abundance",0.8,"GLaD_0.5_unweighted",0.0678508992192987,800,190.202452324782
8,"abundance",0.8,"GLaD_0.5_weighted",0.776864981935933,800,190.202452324782
8,"abundance",0.8,"GLaD_1_unweighted",0.0481005333848172,800,190.202452324782
8,"abundance",0.8,"GLaD_1_weighted",0.686280674038906,800,190.202452324782
8,"abundance",0.8,"GUniFrac",0.924514419755336,800,190.202452324782
8,"abundance",0.8,"aitchison",0.146915758110905,800,190.202452324782
8,"abundance",0.8,"bray",0.784033837175353,800,190.202452324782
8,"abundance",0.8,"euclidean",0.54638440531089,800,190.202452324782
8,"abundance",0.8,"jaccard",0.781270444283005,800,190.202452324782
8,"abundance",0.8,"unifrac_unweighted",0.0497201860751664,800,190.202452324782
8,"abundance",0.8,"unifrac_weighted_phyloseq",0.88062043001009,800,190.202452324782
8,"abundance",0.85,"GLaD_0.5_unweighted",0.0501432243708372,800,190.202452324782
8,"abundance",0.85,"GLaD_0.5_weighted",0.813071331721828,800,190.202452324782
8,"abundance",0.85,"GLaD_1_unweighted",0.0561436756342962,800,190.202452324782
8,"abundance",0.85,"GLaD_1_weighted",0.747142524510173,800,190.202452324782
8,"abundance",0.85,"GUniFrac",0.930977878899123,800,190.202452324782
8,"abundance",0.85,"aitchison",0.141768792681627,800,190.202452324782
8,"abundance",0.85,"bray",0.83240715310422,800,190.202452324782
8,"abundance",0.85,"euclidean",0.57993004665976,800,190.202452324782
8,"abundance",0.85,"jaccard",0.827879045731623,800,190.202452324782
8,"abundance",0.85,"unifrac_unweighted",0.0434777435753583,800,190.202452324782
8,"abundance",0.85,"unifrac_weighted_phyloseq",0.906476010128297,800,190.202452324782
8,"abundance",0.9,"GLaD_0.5_unweighted",0.0614806919718638,800,190.202452324782
8,"abundance",0.9,"GLaD_0.5_weighted",0.853797342569907,800,190.202452324782
8,"abundance",0.9,"GLaD_1_unweighted",0.0470539676608441,800,190.202452324782
8,"abundance",0.9,"GLaD_1_weighted",0.757056705420184,800,190.202452324782
8,"abundance",0.9,"GUniFrac",0.961780460617661,800,190.202452324782
8,"abundance",0.9,"aitchison",0.138392703475145,800,190.202452324782
8,"abundance",0.9,"bray",0.883522751716758,800,190.202452324782
8,"abundance",0.9,"euclidean",0.681420029436588,800,190.202452324782
8,"abundance",0.9,"jaccard",0.867330570642587,800,190.202452324782
8,"abundance",0.9,"unifrac_unweighted",0.0752665046768327,800,190.202452324782
8,"abundance",0.9,"unifrac_weighted_phyloseq",0.925830420872359,800,190.202452324782
8,"abundance",0.95,"GLaD_0.5_unweighted",0.0463201401804831,800,190.202452324782
8,"abundance",0.95,"GLaD_0.5_weighted",0.870701183675783,800,190.202452324782
8,"abundance",0.95,"GLaD_1_unweighted",0.0349508793041376,800,190.202452324782
8,"abundance",0.95,"GLaD_1_weighted",0.78874882006563,800,190.202452324782
8,"abundance",0.95,"GUniFrac",0.969352105901876,800,190.202452324782
8,"abundance",0.95,"aitchison",0.14706106166373,800,190.202452324782
8,"abundance",0.95,"bray",0.90794044616028,800,190.202452324782
8,"abundance",0.95,"euclidean",0.673688204128516,800,190.202452324782
8,"abundance",0.95,"jaccard",0.89375866937087,800,190.202452324782
8,"abundance",0.95,"unifrac_unweighted",0.0369162858770366,800,190.202452324782
8,"abundance",0.95,"unifrac_weighted_phyloseq",0.941025233066921,800,190.202452324782
8,"abundance",1,"GLaD_0.5_unweighted",0.0577906460085484,800,190.202452324782
8,"abundance",1,"GLaD_0.5_weighted",0.920753932112386,800,190.202452324782
8,"abundance",1,"GLaD_1_unweighted",0.0306289699684984,800,190.202452324782
8,"abundance",1,"GLaD_1_weighted",0.849302167714614,800,190.202452324782
8,"abundance",1,"GUniFrac",0.980927878240201,800,190.202452324782
8,"abundance",1,"aitchison",0.196461912929109,800,190.202452324782
8,"abundance",1,"bray",0.94208189837851,800,190.202452324782
8,"abundance",1,"euclidean",0.780370963209975,800,190.202452324782
8,"abundance",1,"jaccard",0.939278065344528,800,190.202452324782
8,"abundance",1,"unifrac_unweighted",0.0342159988130361,800,190.202452324782
8,"abundance",1,"unifrac_weighted_phyloseq",0.96398101914748,800,190.202452324782
8,"both",0.05,"GLaD_0.5_unweighted",0.0382186740988435,800,190.202452324782
8,"both",0.05,"GLaD_0.5_weighted",0.0638155283007747,800,190.202452324782
8,"both",0.05,"GLaD_1_unweighted",0.0439209642566423,800,190.202452324782
8,"both",0.05,"GLaD_1_weighted",0.0661812286103474,800,190.202452324782
8,"both",0.05,"GUniFrac",0.0377430017880545,800,190.202452324782
8,"both",0.05,"aitchison",0.0364095344419951,800,190.202452324782
8,"both",0.05,"bray",0.0391927770037667,800,190.202452324782
8,"both",0.05,"euclidean",0.0496057647670067,800,190.202452324782
8,"both",0.05,"jaccard",0.050591695525782,800,190.202452324782
8,"both",0.05,"unifrac_unweighted",0.0417140458166333,800,190.202452324782
8,"both",0.05,"unifrac_weighted_phyloseq",0.0482913779543593,800,190.202452324782
8,"both",0.1,"GLaD_0.5_unweighted",0.0701043226067253,800,190.202452324782
8,"both",0.1,"GLaD_0.5_weighted",0.0547990724294175,800,190.202452324782
8,"both",0.1,"GLaD_1_unweighted",0.0723333213693282,800,190.202452324782
8,"both",0.1,"GLaD_1_weighted",0.0806977693019156,800,190.202452324782
8,"both",0.1,"GUniFrac",0.0665220803487882,800,190.202452324782
8,"both",0.1,"aitchison",0.0817758024171353,800,190.202452324782
8,"both",0.1,"bray",0.0603551279553175,800,190.202452324782
8,"both",0.1,"euclidean",0.058204501016188,800,190.202452324782
8,"both",0.1,"jaccard",0.0601431627939517,800,190.202452324782
8,"both",0.1,"unifrac_unweighted",0.0614557100221381,800,190.202452324782
8,"both",0.1,"unifrac_weighted_phyloseq",0.0684587279975157,800,190.202452324782
8,"both",0.15,"GLaD_0.5_unweighted",0.0608303525082837,800,190.202452324782
8,"both",0.15,"GLaD_0.5_weighted",0.126097822535566,800,190.202452324782
8,"both",0.15,"GLaD_1_unweighted",0.0505498717746728,800,190.202452324782
8,"both",0.15,"GLaD_1_weighted",0.121869888221216,800,190.202452324782
8,"both",0.15,"GUniFrac",0.105600675871947,800,190.202452324782
8,"both",0.15,"aitchison",0.0712394817573964,800,190.202452324782
8,"both",0.15,"bray",0.0673670969499716,800,190.202452324782
8,"both",0.15,"euclidean",0.0571693517236856,800,190.202452324782
8,"both",0.15,"jaccard",0.0634721712835837,800,190.202452324782
8,"both",0.15,"unifrac_unweighted",0.0456251996220946,800,190.202452324782
8,"both",0.15,"unifrac_weighted_phyloseq",0.110919147207471,800,190.202452324782
8,"both",0.2,"GLaD_0.5_unweighted",0.0903485799357802,800,190.202452324782
8,"both",0.2,"GLaD_0.5_weighted",0.128098241285009,800,190.202452324782
8,"both",0.2,"GLaD_1_unweighted",0.0675916150388891,800,190.202452324782
8,"both",0.2,"GLaD_1_weighted",0.147921578955167,800,190.202452324782
8,"both",0.2,"GUniFrac",0.12036770492202,800,190.202452324782
8,"both",0.2,"aitchison",0.120192436320484,800,190.202452324782
8,"both",0.2,"bray",0.0810128858624125,800,190.202452324782
8,"both",0.2,"euclidean",0.0533611849944767,800,190.202452324782
8,"both",0.2,"jaccard",0.0765846970138179,800,190.202452324782
8,"both",0.2,"unifrac_unweighted",0.0934508116077193,800,190.202452324782
8,"both",0.2,"unifrac_weighted_phyloseq",0.132413780233885,800,190.202452324782
8,"both",0.25,"GLaD_0.5_unweighted",0.109663479812155,800,190.202452324782
8,"both",0.25,"GLaD_0.5_weighted",0.16183056103607,800,190.202452324782
8,"both",0.25,"GLaD_1_unweighted",0.0527076456344587,800,190.202452324782
8,"both",0.25,"GLaD_1_weighted",0.179482696891591,800,190.202452324782
8,"both",0.25,"GUniFrac",0.170945758269902,800,190.202452324782
8,"both",0.25,"aitchison",0.138666873507672,800,190.202452324782
8,"both",0.25,"bray",0.11908870705041,800,190.202452324782
8,"both",0.25,"euclidean",0.0809783887537818,800,190.202452324782
8,"both",0.25,"jaccard",0.108658076756081,800,190.202452324782
8,"both",0.25,"unifrac_unweighted",0.0922353175193146,800,190.202452324782
8,"both",0.25,"unifrac_weighted_phyloseq",0.17633437331022,800,190.202452324782
8,"both",0.3,"GLaD_0.5_unweighted",0.107194209471893,800,190.202452324782
8,"both",0.3,"GLaD_0.5_weighted",0.241167767511619,800,190.202452324782
8,"both",0.3,"GLaD_1_unweighted",0.0693703314451118,800,190.202452324782
8,"both",0.3,"GLaD_1_weighted",0.261145771035308,800,190.202452324782
8,"both",0.3,"GUniFrac",0.303238868959003,800,190.202452324782
8,"both",0.3,"aitchison",0.15707576243465,800,190.202452324782
8,"both",0.3,"bray",0.156432494404946,800,190.202452324782
8,"both",0.3,"euclidean",0.0952452633731371,800,190.202452324782
8,"both",0.3,"jaccard",0.15768540142165,800,190.202452324782
8,"both",0.3,"unifrac_unweighted",0.0672473940321045,800,190.202452324782
8,"both",0.3,"unifrac_weighted_phyloseq",0.26367184996892,800,190.202452324782
8,"both",0.35,"GLaD_0.5_unweighted",0.188024127754476,800,190.202452324782
8,"both",0.35,"GLaD_0.5_weighted",0.326444684972421,800,190.202452324782
8,"both",0.35,"GLaD_1_unweighted",0.0957967840187075,800,190.202452324782
8,"both",0.35,"GLaD_1_weighted",0.303666533146045,800,190.202452324782
8,"both",0.35,"GUniFrac",0.423057621878033,800,190.202452324782
8,"both",0.35,"aitchison",0.22790561898434,800,190.202452324782
8,"both",0.35,"bray",0.222597180940984,800,190.202452324782
8,"both",0.35,"euclidean",0.126829326056202,800,190.202452324782
8,"both",0.35,"jaccard",0.202698017031417,800,190.202452324782
8,"both",0.35,"unifrac_unweighted",0.149948051338277,800,190.202452324782
8,"both",0.35,"unifrac_weighted_phyloseq",0.387698658095166,800,190.202452324782
8,"both",0.4,"GLaD_0.5_unweighted",0.219596763761813,800,190.202452324782
8,"both",0.4,"GLaD_0.5_weighted",0.389422056389512,800,190.202452324782
8,"both",0.4,"GLaD_1_unweighted",0.123758374372471,800,190.202452324782
8,"both",0.4,"GLaD_1_weighted",0.374726343753454,800,190.202452324782
8,"both",0.4,"GUniFrac",0.556255256690728,800,190.202452324782
8,"both",0.4,"aitchison",0.36848700344754,800,190.202452324782
8,"both",0.4,"bray",0.276508006608278,800,190.202452324782
8,"both",0.4,"euclidean",0.165842820233175,800,190.202452324782
8,"both",0.4,"jaccard",0.282007823792028,800,190.202452324782
8,"both",0.4,"unifrac_unweighted",0.159373067869737,800,190.202452324782
8,"both",0.4,"unifrac_weighted_phyloseq",0.477354986661508,800,190.202452324782
8,"both",0.45,"GLaD_0.5_unweighted",0.282452240175958,800,190.202452324782
8,"both",0.45,"GLaD_0.5_weighted",0.529466475461897,800,190.202452324782
8,"both",0.45,"GLaD_1_unweighted",0.11854174509945,800,190.202452324782
8,"both",0.45,"GLaD_1_weighted",0.499924096142817,800,190.202452324782
8,"both",0.45,"GUniFrac",0.690565474041076,800,190.202452324782
8,"both",0.45,"aitchison",0.456291579120132,800,190.202452324782
8,"both",0.45,"bray",0.425293202298947,800,190.202452324782
8,"both",0.45,"euclidean",0.225137264170911,800,190.202452324782
8,"both",0.45,"jaccard",0.40298559158435,800,190.202452324782
8,"both",0.45,"unifrac_unweighted",0.204568155422222,800,190.202452324782
8,"both",0.45,"unifrac_weighted_phyloseq",0.630213081769454,800,190.202452324782
8,"both",0.5,"GLaD_0.5_unweighted",0.435293720683419,800,190.202452324782
8,"both",0.5,"GLaD_0.5_weighted",0.566246896533375,800,190.202452324782
8,"both",0.5,"GLaD_1_unweighted",0.135599410179522,800,190.202452324782
8,"both",0.5,"GLaD_1_weighted",0.500800609738187,800,190.202452324782
8,"both",0.5,"GUniFrac",0.834140833607081,800,190.202452324782
8,"both",0.5,"aitchison",0.615820212516591,800,190.202452324782
8,"both",0.5,"bray",0.511082146388456,800,190.202452324782
8,"both",0.5,"euclidean",0.238157389217838,800,190.202452324782
8,"both",0.5,"jaccard",0.495610183090598,800,190.202452324782
8,"both",0.5,"unifrac_unweighted",0.326797463700729,800,190.202452324782
8,"both",0.5,"unifrac_weighted_phyloseq",0.700449753824913,800,190.202452324782
8,"both",0.55,"GLaD_0.5_unweighted",0.545647816173918,800,190.202452324782
8,"both",0.55,"GLaD_0.5_weighted",0.614605274150939,800,190.202452324782
8,"both",0.55,"GLaD_1_unweighted",0.183831858917169,800,190.202452324782
8,"both",0.55,"GLaD_1_weighted",0.557838750050023,800,190.202452324782
8,"both",0.55,"GUniFrac",0.884006413817131,800,190.202452324782
8,"both",0.55,"aitchison",0.765383458542659,800,190.202452324782
8,"both",0.55,"bray",0.638178802837873,800,190.202452324782
8,"both",0.55,"euclidean",0.283705245192932,800,190.202452324782
8,"both",0.55,"jaccard",0.624417883863439,800,190.202452324782
8,"both",0.55,"unifrac_unweighted",0.429768827291622,800,190.202452324782
8,"both",0.55,"unifrac_weighted_phyloseq",0.75375831828705,800,190.202452324782
8,"both",0.6,"GLaD_0.5_unweighted",0.65342735394358,800,190.202452324782
8,"both",0.6,"GLaD_0.5_weighted",0.752819397244836,800,190.202452324782
8,"both",0.6,"GLaD_1_unweighted",0.180118643007367,800,190.202452324782
8,"both",0.6,"GLaD_1_weighted",0.666107518239223,800,190.202452324782
8,"both",0.6,"GUniFrac",0.954474516987846,800,190.202452324782
8,"both",0.6,"aitchison",0.863120453503118,800,190.202452324782
8,"both",0.6,"bray",0.75384538401338,800,190.202452324782
8,"both",0.6,"euclidean",0.388212356129963,800,190.202452324782
8,"both",0.6,"jaccard",0.741703040539121,800,190.202452324782
8,"both",0.6,"unifrac_unweighted",0.475183976148012,800,190.202452324782
8,"both",0.6,"unifrac_weighted_phyloseq",0.864872556065218,800,190.202452324782
8,"both",0.65,"GLaD_0.5_unweighted",0.784558209864923,800,190.202452324782
8,"both",0.65,"GLaD_0.5_weighted",0.790186330811996,800,190.202452324782
8,"both",0.65,"GLaD_1_unweighted",0.26394467783584,800,190.202452324782
8,"both",0.65,"GLaD_1_weighted",0.701727171127742,800,190.202452324782
8,"both",0.65,"GUniFrac",0.982114979139551,800,190.202452324782
8,"both",0.65,"aitchison",0.929869879736258,800,190.202452324782
8,"both",0.65,"bray",0.824832267807036,800,190.202452324782
8,"both",0.65,"euclidean",0.430632562703028,800,190.202452324782
8,"both",0.65,"jaccard",0.801532920798808,800,190.202452324782
8,"both",0.65,"unifrac_unweighted",0.642683381198519,800,190.202452324782
8,"both",0.65,"unifrac_weighted_phyloseq",0.917832029973283,800,190.202452324782
8,"both",0.7,"GLaD_0.5_unweighted",0.839731050654739,800,190.202452324782
8,"both",0.7,"GLaD_0.5_weighted",0.849785321709231,800,190.202452324782
8,"both",0.7,"GLaD_1_unweighted",0.273667980102269,800,190.202452324782
8,"both",0.7,"GLaD_1_weighted",0.771958696849375,800,190.202452324782
8,"both",0.7,"GUniFrac",0.993887651270579,800,190.202452324782
8,"both",0.7,"aitchison",0.980155446133007,800,190.202452324782
8,"both",0.7,"bray",0.882870762921876,800,190.202452324782
8,"both",0.7,"euclidean",0.519225395738466,800,190.202452324782
8,"both",0.7,"jaccard",0.869048483432068,800,190.202452324782
8,"both",0.7,"unifrac_unweighted",0.718392287258375,800,190.202452324782
8,"both",0.7,"unifrac_weighted_phyloseq",0.946634649962907,800,190.202452324782
8,"both",0.75,"GLaD_0.5_unweighted",0.902720294863554,800,190.202452324782
8,"both",0.75,"GLaD_0.5_weighted",0.87489738735876,800,190.202452324782
8,"both",0.75,"GLaD_1_unweighted",0.31024986007345,800,190.202452324782
8,"both",0.75,"GLaD_1_weighted",0.792634977150665,800,190.202452324782
8,"both",0.75,"GUniFrac",0.999278825924195,800,190.202452324782
8,"both",0.75,"aitchison",0.988649911094704,800,190.202452324782
8,"both",0.75,"bray",0.926915544292865,800,190.202452324782
8,"both",0.75,"euclidean",0.591569685471042,800,190.202452324782
8,"both",0.75,"jaccard",0.918492844797492,800,190.202452324782
8,"both",0.75,"unifrac_unweighted",0.803827023246165,800,190.202452324782
8,"both",0.75,"unifrac_weighted_phyloseq",0.969746024111818,800,190.202452324782
8,"both",0.8,"GLaD_0.5_unweighted",0.952276058778852,800,190.202452324782
8,"both",0.8,"GLaD_0.5_weighted",0.90778182567004,800,190.202452324782
8,"both",0.8,"GLaD_1_unweighted",0.290904624161671,800,190.202452324782
8,"both",0.8,"GLaD_1_weighted",0.837088011230707,800,190.202452324782
8,"both",0.8,"GUniFrac",1,800,190.202452324782
8,"both",0.8,"aitchison",0.995178827280156,800,190.202452324782
8,"both",0.8,"bray",0.968013704704582,800,190.202452324782
8,"both",0.8,"euclidean",0.64045173414294,800,190.202452324782
8,"both",0.8,"jaccard",0.96517905845914,800,190.202452324782
8,"both",0.8,"unifrac_unweighted",0.90268165464081,800,190.202452324782
8,"both",0.8,"unifrac_weighted_phyloseq",0.976679396036472,800,190.202452324782
8,"both",0.85,"GLaD_0.5_unweighted",0.988269499748213,800,190.202452324782
8,"both",0.85,"GLaD_0.5_weighted",0.955254187334363,800,190.202452324782
8,"both",0.85,"GLaD_1_unweighted",0.383905465311936,800,190.202452324782
8,"both",0.85,"GLaD_1_weighted",0.899987132338474,800,190.202452324782
8,"both",0.85,"GUniFrac",1,800,190.202452324782
8,"both",0.85,"aitchison",0.999902176728995,800,190.202452324782
8,"both",0.85,"bray",0.987833684518895,800,190.202452324782
8,"both",0.85,"euclidean",0.715047444516636,800,190.202452324782
8,"both",0.85,"jaccard",0.985221573677133,800,190.202452324782
8,"both",0.85,"unifrac_unweighted",0.944514087444797,800,190.202452324782
8,"both",0.85,"unifrac_weighted_phyloseq",0.991514292529406,800,190.202452324782
8,"both",0.9,"GLaD_0.5_unweighted",0.997471182962926,800,190.202452324782
8,"both",0.9,"GLaD_0.5_weighted",0.967922924125073,800,190.202452324782
8,"both",0.9,"GLaD_1_unweighted",0.404595225965786,800,190.202452324782
8,"both",0.9,"GLaD_1_weighted",0.92954792645663,800,190.202452324782
8,"both",0.9,"GUniFrac",1,800,190.202452324782
8,"both",0.9,"aitchison",1,800,190.202452324782
8,"both",0.9,"bray",0.992439330390966,800,190.202452324782
8,"both",0.9,"euclidean",0.770301194933094,800,190.202452324782
8,"both",0.9,"jaccard",0.991698195192325,800,190.202452324782
8,"both",0.9,"unifrac_unweighted",0.948934029832804,800,190.202452324782
8,"both",0.9,"unifrac_weighted_phyloseq",0.996969137091465,800,190.202452324782
8,"both",0.95,"GLaD_0.5_unweighted",1,800,190.202452324782
8,"both",0.95,"GLaD_0.5_weighted",0.96825589176682,800,190.202452324782
8,"both",0.95,"GLaD_1_unweighted",0.453989613776281,800,190.202452324782
8,"both",0.95,"GLaD_1_weighted",0.946786894648734,800,190.202452324782
8,"both",0.95,"GUniFrac",1,800,190.202452324782
8,"both",0.95,"aitchison",1,800,190.202452324782
8,"both",0.95,"bray",0.99445682741473,800,190.202452324782
8,"both",0.95,"euclidean",0.816712184461615,800,190.202452324782
8,"both",0.95,"jaccard",0.993141367930399,800,190.202452324782
8,"both",0.95,"unifrac_unweighted",0.994288380685157,800,190.202452324782
8,"both",0.95,"unifrac_weighted_phyloseq",0.999026525234269,800,190.202452324782
8,"both",1,"GLaD_0.5_unweighted",1,800,190.202452324782
8,"both",1,"GLaD_0.5_weighted",0.985814132376828,800,190.202452324782
8,"both",1,"GLaD_1_unweighted",0.469410997992179,800,190.202452324782
8,"both",1,"GLaD_1_weighted",0.970492534678123,800,190.202452324782
8,"both",1,"GUniFrac",1,800,190.202452324782
8,"both",1,"aitchison",1,800,190.202452324782
8,"both",1,"bray",0.998725198025235,800,190.202452324782
8,"both",1,"euclidean",0.911606644386946,800,190.202452324782
8,"both",1,"jaccard",0.998461716837215,800,190.202452324782
8,"both",1,"unifrac_unweighted",0.998954214490251,800,190.202452324782
8,"both",1,"unifrac_weighted_phyloseq",0.999638695540975,800,190.202452324782
8,"prevalence",0.05,"GLaD_0.5_unweighted",0.0415275461873588,800,190.202452324782
8,"prevalence",0.05,"GLaD_0.5_weighted",0.0424712135178377,800,190.202452324782
8,"prevalence",0.05,"GLaD_1_unweighted",0.0418318565669163,800,190.202452324782
8,"prevalence",0.05,"GLaD_1_weighted",0.0338376944643294,800,190.202452324782
8,"prevalence",0.05,"GUniFrac",0.030824495340989,800,190.202452324782
8,"prevalence",0.05,"aitchison",0.0643995525158293,800,190.202452324782
8,"prevalence",0.05,"bray",0.0443295659256803,800,190.202452324782
8,"prevalence",0.05,"euclidean",0.0578745272301316,800,190.202452324782
8,"prevalence",0.05,"jaccard",0.0518663509294114,800,190.202452324782
8,"prevalence",0.05,"unifrac_unweighted",0.0609935134020785,800,190.202452324782
8,"prevalence",0.05,"unifrac_weighted_phyloseq",0.0444485233664048,800,190.202452324782
8,"prevalence",0.1,"GLaD_0.5_unweighted",0.0296770478248452,800,190.202452324782
8,"prevalence",0.1,"GLaD_0.5_weighted",0.0596651720212727,800,190.202452324782
8,"prevalence",0.1,"GLaD_1_unweighted",0.0748472932768468,800,190.202452324782
8,"prevalence",0.1,"GLaD_1_weighted",0.0495237353815868,800,190.202452324782
8,"prevalence",0.1,"GUniFrac",0.0582522776048552,800,190.202452324782
8,"prevalence",0.1,"aitchison",0.0412499011348608,800,190.202452324782
8,"prevalence",0.1,"bray",0.0365905311009533,800,190.202452324782
8,"prevalence",0.1,"euclidean",0.032280668464174,800,190.202452324782
8,"prevalence",0.1,"jaccard",0.033541456087925,800,190.202452324782
8,"prevalence",0.1,"unifrac_unweighted",0.0132344702564829,800,190.202452324782
8,"prevalence",0.1,"unifrac_weighted_phyloseq",0.0552636809000279,800,190.202452324782
8,"prevalence",0.15,"GLaD_0.5_unweighted",0.0600169105923037,800,190.202452324782
8,"prevalence",0.15,"GLaD_0.5_weighted",0.0646876998646456,800,190.202452324782
8,"prevalence",0.15,"GLaD_1_unweighted",0.0667461671780999,800,190.202452324782
8,"prevalence",0.15,"GLaD_1_weighted",0.0546633988411551,800,190.202452324782
8,"prevalence",0.15,"GUniFrac",0.0674225461788631,800,190.202452324782
8,"prevalence",0.15,"aitchison",0.0561903369283267,800,190.202452324782
8,"prevalence",0.15,"bray",0.041122502577588,800,190.202452324782
8,"prevalence",0.15,"euclidean",0.0560105658975981,800,190.202452324782
8,"prevalence",0.15,"jaccard",0.0412453865708257,800,190.202452324782
8,"prevalence",0.15,"unifrac_unweighted",0.0746053698761362,800,190.202452324782
8,"prevalence",0.15,"unifrac_weighted_phyloseq",0.0484667295782205,800,190.202452324782
8,"prevalence",0.2,"GLaD_0.5_unweighted",0.0484123913921201,800,190.202452324782
8,"prevalence",0.2,"GLaD_0.5_weighted",0.0437289100073001,800,190.202452324782
8,"prevalence",0.2,"GLaD_1_unweighted",0.0716806686237532,800,190.202452324782
8,"prevalence",0.2,"GLaD_1_weighted",0.0207789436645591,800,190.202452324782
8,"prevalence",0.2,"GUniFrac",0.0555348222375869,800,190.202452324782
8,"prevalence",0.2,"aitchison",0.0653140541978063,800,190.202452324782
8,"prevalence",0.2,"bray",0.0482588275129509,800,190.202452324782
8,"prevalence",0.2,"euclidean",0.0479039465650565,800,190.202452324782
8,"prevalence",0.2,"jaccard",0.042495567663047,800,190.202452324782
8,"prevalence",0.2,"unifrac_unweighted",0.0579860250276532,800,190.202452324782
8,"prevalence",0.2,"unifrac_weighted_phyloseq",0.0516538347702224,800,190.202452324782
8,"prevalence",0.25,"GLaD_0.5_unweighted",0.0845510827367491,800,190.202452324782
8,"prevalence",0.25,"GLaD_0.5_weighted",0.0497209522290987,800,190.202452324782
8,"prevalence",0.25,"GLaD_1_unweighted",0.083237497314202,800,190.202452324782
8,"prevalence",0.25,"GLaD_1_weighted",0.0506829466440422,800,190.202452324782
8,"prevalence",0.25,"GUniFrac",0.0637738886349815,800,190.202452324782
8,"prevalence",0.25,"aitchison",0.0676584451347173,800,190.202452324782
8,"prevalence",0.25,"bray",0.0511036766401651,800,190.202452324782
8,"prevalence",0.25,"euclidean",0.0629872802441661,800,190.202452324782
8,"prevalence",0.25,"jaccard",0.0488237440856168,800,190.202452324782
8,"prevalence",0.25,"unifrac_unweighted",0.0767707190975489,800,190.202452324782
8,"prevalence",0.25,"unifrac_weighted_phyloseq",0.0549094527006191,800,190.202452324782
8,"prevalence",0.3,"GLaD_0.5_unweighted",0.123747798877572,800,190.202452324782
8,"prevalence",0.3,"GLaD_0.5_weighted",0.0425994146843509,800,190.202452324782
8,"prevalence",0.3,"GLaD_1_unweighted",0.063885040296401,800,190.202452324782
8,"prevalence",0.3,"GLaD_1_weighted",0.0533162048313515,800,190.202452324782
8,"prevalence",0.3,"GUniFrac",0.0653209647319949,800,190.202452324782
8,"prevalence",0.3,"aitchison",0.0958058799326714,800,190.202452324782
8,"prevalence",0.3,"bray",0.0576235090582473,800,190.202452324782
8,"prevalence",0.3,"euclidean",0.0631233052688678,800,190.202452324782
8,"prevalence",0.3,"jaccard",0.0562679351161276,800,190.202452324782
8,"prevalence",0.3,"unifrac_unweighted",0.0994824351562051,800,190.202452324782
8,"prevalence",0.3,"unifrac_weighted_phyloseq",0.0450545674167673,800,190.202452324782
8,"prevalence",0.35,"GLaD_0.5_unweighted",0.134847388092572,800,190.202452324782
8,"prevalence",0.35,"GLaD_0.5_weighted",0.0696574053020677,800,190.202452324782
8,"prevalence",0.35,"GLaD_1_unweighted",0.0862535646602891,800,190.202452324782
8,"prevalence",0.35,"GLaD_1_weighted",0.065277039821674,800,190.202452324782
8,"prevalence",0.35,"GUniFrac",0.0823095668687487,800,190.202452324782
8,"prevalence",0.35,"aitchison",0.0960393489830287,800,190.202452324782
8,"prevalence",0.35,"bray",0.0573137275634625,800,190.202452324782
8,"prevalence",0.35,"euclidean",0.0626554558861901,800,190.202452324782
8,"prevalence",0.35,"jaccard",0.0589462404455897,800,190.202452324782
8,"prevalence",0.35,"unifrac_unweighted",0.128100865034622,800,190.202452324782
8,"prevalence",0.35,"unifrac_weighted_phyloseq",0.0675990279296955,800,190.202452324782
8,"prevalence",0.4,"GLaD_0.5_unweighted",0.244645010246385,800,190.202452324782
8,"prevalence",0.4,"GLaD_0.5_weighted",0.0378233920860757,800,190.202452324782
8,"prevalence",0.4,"GLaD_1_unweighted",0.136864968189323,800,190.202452324782
8,"prevalence",0.4,"GLaD_1_weighted",0.0377600204178258,800,190.202452324782
8,"prevalence",0.4,"GUniFrac",0.0808231454998804,800,190.202452324782
8,"prevalence",0.4,"aitchison",0.165456623622181,800,190.202452324782
8,"prevalence",0.4,"bray",0.0735641937899236,800,190.202452324782
8,"prevalence",0.4,"euclidean",0.0601559345706769,800,190.202452324782
8,"prevalence",0.4,"jaccard",0.065431333760094,800,190.202452324782
8,"prevalence",0.4,"unifrac_unweighted",0.17860165326223,800,190.202452324782
8,"prevalence",0.4,"unifrac_weighted_phyloseq",0.0499032081832684,800,190.202452324782
8,"prevalence",0.45,"GLaD_0.5_unweighted",0.32032822342421,800,190.202452324782
8,"prevalence",0.45,"GLaD_0.5_weighted",0.0273992475097163,800,190.202452324782
8,"prevalence",0.45,"GLaD_1_unweighted",0.14229177272969,800,190.202452324782
8,"prevalence",0.45,"GLaD_1_weighted",0.0472847058585242,800,190.202452324782
8,"prevalence",0.45,"GUniFrac",0.0821653462546669,800,190.202452324782
8,"prevalence",0.45,"aitchison",0.184916020007083,800,190.202452324782
8,"prevalence",0.45,"bray",0.0597403535275766,800,190.202452324782
8,"prevalence",0.45,"euclidean",0.0349368127276714,800,190.202452324782
8,"prevalence",0.45,"jaccard",0.0572845549842603,800,190.202452324782
8,"prevalence",0.45,"unifrac_unweighted",0.231252696068013,800,190.202452324782
8,"prevalence",0.45,"unifrac_weighted_phyloseq",0.0471579841829445,800,190.202452324782
8,"prevalence",0.5,"GLaD_0.5_unweighted",0.469167723421195,800,190.202452324782
8,"prevalence",0.5,"GLaD_0.5_weighted",0.0618660045229716,800,190.202452324782
8,"prevalence",0.5,"GLaD_1_unweighted",0.168267725446728,800,190.202452324782
8,"prevalence",0.5,"GLaD_1_weighted",0.065603589393972,800,190.202452324782
8,"prevalence",0.5,"GUniFrac",0.106642420876087,800,190.202452324782
8,"prevalence",0.5,"aitchison",0.312611541133066,800,190.202452324782
8,"prevalence",0.5,"bray",0.0489219394220991,800,190.202452324782
8,"prevalence",0.5,"euclidean",0.0370820441692512,800,190.202452324782
8,"prevalence",0.5,"jaccard",0.0533515692397619,800,190.202452324782
8,"prevalence",0.5,"unifrac_unweighted",0.333435133744727,800,190.202452324782
8,"prevalence",0.5,"unifrac_weighted_phyloseq",0.0734438465018728,800,190.202452324782
8,"prevalence",0.55,"GLaD_0.5_unweighted",0.565811912095634,800,190.202452324782
8,"prevalence",0.55,"GLaD_0.5_weighted",0.086483972931692,800,190.202452324782
8,"prevalence",0.55,"GLaD_1_unweighted",0.199985257741797,800,190.202452324782
8,"prevalence",0.55,"GLaD_1_weighted",0.0927067950262286,800,190.202452324782
8,"prevalence",0.55,"GUniFrac",0.12237886111036,800,190.202452324782
8,"prevalence",0.55,"aitchison",0.345327850457319,800,190.202452324782
8,"prevalence",0.55,"bray",0.0644883224791322,800,190.202452324782
8,"prevalence",0.55,"euclidean",0.0513580192655083,800,190.202452324782
8,"prevalence",0.55,"jaccard",0.0628345835903685,800,190.202452324782
8,"prevalence",0.55,"unifrac_unweighted",0.383388362514762,800,190.202452324782
8,"prevalence",0.55,"unifrac_weighted_phyloseq",0.0833287370105498,800,190.202452324782
8,"prevalence",0.6,"GLaD_0.5_unweighted",0.633160606316067,800,190.202452324782
8,"prevalence",0.6,"GLaD_0.5_weighted",0.0583506365670106,800,190.202452324782
8,"prevalence",0.6,"GLaD_1_unweighted",0.176624055595475,800,190.202452324782
8,"prevalence",0.6,"GLaD_1_weighted",0.0621218511445984,800,190.202452324782
8,"prevalence",0.6,"GUniFrac",0.142935311764167,800,190.202452324782
8,"prevalence",0.6,"aitchison",0.434146894091106,800,190.202452324782
8,"prevalence",0.6,"bray",0.0873883396945822,800,190.202452324782
8,"prevalence",0.6,"euclidean",0.0752361780144846,800,190.202452324782
8,"prevalence",0.6,"jaccard",0.0809015904601763,800,190.202452324782
8,"prevalence",0.6,"unifrac_unweighted",0.468229377294953,800,190.202452324782
8,"prevalence",0.6,"unifrac_weighted_phyloseq",0.0804302651570232,800,190.202452324782
8,"prevalence",0.65,"GLaD_0.5_unweighted",0.782498110200074,800,190.202452324782
8,"prevalence",0.65,"GLaD_0.5_weighted",0.102071362431982,800,190.202452324782
8,"prevalence",0.65,"GLaD_1_unweighted",0.245187446597482,800,190.202452324782
8,"prevalence",0.65,"GLaD_1_weighted",0.0869513068622519,800,190.202452324782
8,"prevalence",0.65,"GUniFrac",0.155797643024267,800,190.202452324782
8,"prevalence",0.65,"aitchison",0.541326269496321,800,190.202452324782
8,"prevalence",0.65,"bray",0.0874798281312955,800,190.202452324782
8,"prevalence",0.65,"euclidean",0.0546164529751904,800,190.202452324782
8,"prevalence",0.65,"jaccard",0.0932570700024255,800,190.202452324782
8,"prevalence",0.65,"unifrac_unweighted",0.611684141811886,800,190.202452324782
8,"prevalence",0.65,"unifrac_weighted_phyloseq",0.106941701384011,800,190.202452324782
8,"prevalence",0.7,"GLaD_0.5_unweighted",0.877899044581635,800,190.202452324782
8,"prevalence",0.7,"GLaD_0.5_weighted",0.0626383853354674,800,190.202452324782
8,"prevalence",0.7,"GLaD_1_unweighted",0.237570831481651,800,190.202452324782
8,"prevalence",0.7,"GLaD_1_weighted",0.0611815407883107,800,190.202452324782
8,"prevalence",0.7,"GUniFrac",0.17946813224846,800,190.202452324782
8,"prevalence",0.7,"aitchison",0.646693097087896,800,190.202452324782
8,"prevalence",0.7,"bray",0.0885600195173139,800,190.202452324782
8,"prevalence",0.7,"euclidean",0.05956487786237,800,190.202452324782
8,"prevalence",0.7,"jaccard",0.0871887727667379,800,190.202452324782
8,"prevalence",0.7,"unifrac_unweighted",0.727624016664589,800,190.202452324782
8,"prevalence",0.7,"unifrac_weighted_phyloseq",0.094492171433019,800,190.202452324782
8,"prevalence",0.75,"GLaD_0.5_unweighted",0.938743467766767,800,190.202452324782
8,"prevalence",0.75,"GLaD_0.5_weighted",0.0661146852139947,800,190.202452324782
8,"prevalence",0.75,"GLaD_1_unweighted",0.310186753303083,800,190.202452324782
8,"prevalence",0.75,"GLaD_1_weighted",0.0729287624693352,800,190.202452324782
8,"prevalence",0.75,"GUniFrac",0.195694413613982,800,190.202452324782
8,"prevalence",0.75,"aitchison",0.728095239319589,800,190.202452324782
8,"prevalence",0.75,"bray",0.0865304263359559,800,190.202452324782
8,"prevalence",0.75,"euclidean",0.0483843850146062,800,190.202452324782
8,"prevalence",0.75,"jaccard",0.0841547331571636,800,190.202452324782
8,"prevalence",0.75,"unifrac_unweighted",0.806072368282973,800,190.202452324782
8,"prevalence",0.75,"unifrac_weighted_phyloseq",0.0934751803255048,800,190.202452324782
8,"prevalence",0.8,"GLaD_0.5_unweighted",0.954644376535655,800,190.202452324782
8,"prevalence",0.8,"GLaD_0.5_weighted",0.0807003105838194,800,190.202452324782
8,"prevalence",0.8,"GLaD_1_unweighted",0.360495167130513,800,190.202452324782
8,"prevalence",0.8,"GLaD_1_weighted",0.082337960432356,800,190.202452324782
8,"prevalence",0.8,"GUniFrac",0.22555892070295,800,190.202452324782
8,"prevalence",0.8,"aitchison",0.78952801781181,800,190.202452324782
8,"prevalence",0.8,"bray",0.104173022782225,800,190.202452324782
8,"prevalence",0.8,"euclidean",0.0440481922627185,800,190.202452324782
8,"prevalence",0.8,"jaccard",0.108199318599742,800,190.202452324782
8,"prevalence",0.8,"unifrac_unweighted",0.897049450240316,800,190.202452324782
8,"prevalence",0.8,"unifrac_weighted_phyloseq",0.101266089463077,800,190.202452324782
8,"prevalence",0.85,"GLaD_0.5_unweighted",0.984224720409846,800,190.202452324782
8,"prevalence",0.85,"GLaD_0.5_weighted",0.0573680454853909,800,190.202452324782
8,"prevalence",0.85,"GLaD_1_unweighted",0.382332839341435,800,190.202452324782
8,"prevalence",0.85,"GLaD_1_weighted",0.0640417470812538,800,190.202452324782
8,"prevalence",0.85,"GUniFrac",0.285555309100817,800,190.202452324782
8,"prevalence",0.85,"aitchison",0.895683012367318,800,190.202452324782
8,"prevalence",0.85,"bray",0.0939195867586573,800,190.202452324782
8,"prevalence",0.85,"euclidean",0.0369415248247961,800,190.202452324782
8,"prevalence",0.85,"jaccard",0.0973248076033805,800,190.202452324782
8,"prevalence",0.85,"unifrac_unweighted",0.938611636959497,800,190.202452324782
8,"prevalence",0.85,"unifrac_weighted_phyloseq",0.106005449670584,800,190.202452324782
8,"prevalence",0.9,"GLaD_0.5_unweighted",0.993376322440149,800,190.202452324782
8,"prevalence",0.9,"GLaD_0.5_weighted",0.093367379968429,800,190.202452324782
8,"prevalence",0.9,"GLaD_1_unweighted",0.447334249931613,800,190.202452324782
8,"prevalence",0.9,"GLaD_1_weighted",0.100977769932582,800,190.202452324782
8,"prevalence",0.9,"GUniFrac",0.339284896939778,800,190.202452324782
8,"prevalence",0.9,"aitchison",0.922376461747293,800,190.202452324782
8,"prevalence",0.9,"bray",0.107407130377855,800,190.202452324782
8,"prevalence",0.9,"euclidean",0.0474309185624682,800,190.202452324782
8,"prevalence",0.9,"jaccard",0.10858607862305,800,190.202452324782
8,"prevalence",0.9,"unifrac_unweighted",0.991285071098506,800,190.202452324782
8,"prevalence",0.9,"unifrac_weighted_phyloseq",0.135730908448335,800,190.202452324782
8,"prevalence",0.95,"GLaD_0.5_unweighted",0.997471182962926,800,190.202452324782
8,"prevalence",0.95,"GLaD_0.5_weighted",0.0930176840384694,800,190.202452324782
8,"prevalence",0.95,"GLaD_1_unweighted",0.445735143538026,800,190.202452324782
8,"prevalence",0.95,"GLaD_1_weighted",0.100738536403082,800,190.202452324782
8,"prevalence",0.95,"GUniFrac",0.35993667642313,800,190.202452324782
8,"prevalence",0.95,"aitchison",0.95931784218824,800,190.202452324782
8,"prevalence",0.95,"bray",0.108333590053802,800,190.202452324782
8,"prevalence",0.95,"euclidean",0.0610352025718649,800,190.202452324782
8,"prevalence",0.95,"jaccard",0.128475095131293,800,190.202452324782
8,"prevalence",0.95,"unifrac_unweighted",0.992104106500118,800,190.202452324782
8,"prevalence",0.95,"unifrac_weighted_phyloseq",0.13689971494672,800,190.202452324782
8,"prevalence",1,"GLaD_0.5_unweighted",0.997526402268597,800,190.202452324782
8,"prevalence",1,"GLaD_0.5_weighted",0.133174720224082,800,190.202452324782
8,"prevalence",1,"GLaD_1_unweighted",0.473235951441159,800,190.202452324782
8,"prevalence",1,"GLaD_1_weighted",0.1162103710556,800,190.202452324782
8,"prevalence",1,"GUniFrac",0.480206385283728,800,190.202452324782
8,"prevalence",1,"aitchison",0.986121519961059,800,190.202452324782
8,"prevalence",1,"bray",0.161033300191378,800,190.202452324782
8,"prevalence",1,"euclidean",0.0597260295842373,800,190.202452324782
8,"prevalence",1,"jaccard",0.155991338925686,800,190.202452324782
8,"prevalence",1,"unifrac_unweighted",0.99864442605788,800,190.202452324782
8,"prevalence",1,"unifrac_weighted_phyloseq",0.174870623596853,800,190.202452324782
