"k","signal_mode","beta","method","weighted_power","n_nonmissing","total_weight"
2,"abundance",0.05,"GLaD_0.5_unweighted",0.0350672790377998,200,87471.747346755
2,"abundance",0.05,"GLaD_0.5_weighted",0.0647981628866009,200,87471.747346755
2,"abundance",0.05,"GLaD_1_unweighted",0.0449327209622003,200,87471.747346755
2,"abundance",0.05,"GLaD_1_weighted",0.0549327209622003,200,87471.747346755
2,"abundance",0.05,"GUniFrac",0.0297308838488011,200,87471.747346755
2,"abundance",0.05,"aitchison",0.05,200,87471.747346755
2,"abundance",0.05,"bray",0.0446636048110014,200,87471.747346755
2,"abundance",0.05,"euclidean",0.0345290467354019,200,87471.747346755
2,"abundance",0.05,"jaccard",0.0495963257732017,200,87471.747346755
2,"abundance",0.05,"unifrac_unweighted",0.02,200,87471.747346755
2,"abundance",0.05,"unifrac_weighted_phyloseq",0.0498654419244006,200,87471.747346755
2,"abundance",0.1,"GLaD_0.5_unweighted",0.0750672790377998,200,87471.747346755
2,"abundance",0.1,"GLaD_0.5_weighted",0.1001345580756,200,87471.747346755
2,"abundance",0.1,"GLaD_1_unweighted",0.0398654419244006,200,87471.747346755
2,"abundance",0.1,"GLaD_1_weighted",0.090269116151199,200,87471.747346755
2,"abundance",0.1,"GUniFrac",0.0700000000000001,200,87471.747346755
2,"abundance",0.1,"aitchison",0.0453363951889987,200,87471.747346755
2,"abundance",0.1,"bray",0.0698654419244006,200,87471.747346755
2,"abundance",0.1,"euclidean",0.0753363951889987,200,87471.747346755
2,"abundance",0.1,"jaccard",0.0649327209622003,200,87471.747346755
2,"abundance",0.1,"unifrac_unweighted",0.06,200,87471.747346755
2,"abundance",0.1,"unifrac_weighted_phyloseq",0.104798162886601,200,87471.747346755
2,"abundance",0.15,"GLaD_0.5_unweighted",0.0252018371133992,200,87471.747346755
2,"abundance",0.15,"GLaD_0.5_weighted",0.1101345580756,200,87471.747346755
2,"abundance",0.15,"GLaD_1_unweighted",0.0349327209622003,200,87471.747346755
2,"abundance",0.15,"GLaD_1_weighted",0.120269116151199,200,87471.747346755
2,"abundance",0.15,"GUniFrac",0.0852018371133993,200,87471.747346755
2,"abundance",0.15,"aitchison",0.04,200,87471.747346755
2,"abundance",0.15,"bray",0.06,200,87471.747346755
2,"abundance",0.15,"euclidean",0.0794617676976023,200,87471.747346755
2,"abundance",0.15,"jaccard",0.0700000000000001,200,87471.747346755
2,"abundance",0.15,"unifrac_unweighted",0.0449327209622003,200,87471.747346755
2,"abundance",0.15,"unifrac_weighted_phyloseq",0.0998654419244006,200,87471.747346755
2,"abundance",0.2,"GLaD_0.5_unweighted",0.0249327209622003,200,87471.747346755
2,"abundance",0.2,"GLaD_0.5_weighted",0.150269116151199,200,87471.747346755
2,"abundance",0.2,"GLaD_1_unweighted",0.0398654419244006,200,87471.747346755
2,"abundance",0.2,"GLaD_1_weighted",0.175201837113399,200,87471.747346755
2,"abundance",0.2,"GUniFrac",0.150941906529196,200,87471.747346755
2,"abundance",0.2,"aitchison",0.0553363951889987,200,87471.747346755
2,"abundance",0.2,"bray",0.0856055113401976,200,87471.747346755
2,"abundance",0.2,"euclidean",0.0752018371133992,200,87471.747346755
2,"abundance",0.2,"jaccard",0.0854709532645982,200,87471.747346755
2,"abundance",0.2,"unifrac_unweighted",0.0402691161511989,200,87471.747346755
2,"abundance",0.2,"unifrac_weighted_phyloseq",0.155336395188999,200,87471.747346755
2,"abundance",0.25,"GLaD_0.5_unweighted",0.0547981628866009,200,87471.747346755
2,"abundance",0.25,"GLaD_0.5_weighted",0.229865441924401,200,87471.747346755
2,"abundance",0.25,"GLaD_1_unweighted",0.0197308838488011,200,87471.747346755
2,"abundance",0.25,"GLaD_1_weighted",0.27,200,87471.747346755
2,"abundance",0.25,"GUniFrac",0.2549327209622,200,87471.747346755
2,"abundance",0.25,"aitchison",0.0698654419244006,200,87471.747346755
2,"abundance",0.25,"bray",0.0947981628866009,200,87471.747346755
2,"abundance",0.25,"euclidean",0.0749327209622003,200,87471.747346755
2,"abundance",0.25,"jaccard",0.104798162886601,200,87471.747346755
2,"abundance",0.25,"unifrac_unweighted",0.06,200,87471.747346755
2,"abundance",0.25,"unifrac_weighted_phyloseq",0.2450672790378,200,87471.747346755
2,"abundance",0.3,"GLaD_0.5_unweighted",0.0347981628866009,200,87471.747346755
2,"abundance",0.3,"GLaD_0.5_weighted",0.375470953264598,200,87471.747346755
2,"abundance",0.3,"GLaD_1_unweighted",0.0652018371133992,200,87471.747346755
2,"abundance",0.3,"GLaD_1_weighted",0.400538232302398,200,87471.747346755
2,"abundance",0.3,"GUniFrac",0.365336395188999,200,87471.747346755
2,"abundance",0.3,"aitchison",0.0849327209622004,200,87471.747346755
2,"abundance",0.3,"bray",0.180269116151199,200,87471.747346755
2,"abundance",0.3,"euclidean",0.0901345580755995,200,87471.747346755
2,"abundance",0.3,"jaccard",0.170269116151199,200,87471.747346755
2,"abundance",0.3,"unifrac_unweighted",0.0547981628866009,200,87471.747346755
2,"abundance",0.3,"unifrac_weighted_phyloseq",0.390403674226798,200,87471.747346755
2,"abundance",0.35,"GLaD_0.5_unweighted",0.0398654419244006,200,87471.747346755
2,"abundance",0.35,"GLaD_0.5_weighted",0.454798162886601,200,87471.747346755
2,"abundance",0.35,"GLaD_1_unweighted",0.05,200,87471.747346755
2,"abundance",0.35,"GLaD_1_weighted",0.479865441924401,200,87471.747346755
2,"abundance",0.35,"GUniFrac",0.489192651546403,200,87471.747346755
2,"abundance",0.35,"aitchison",0.0546636048110014,200,87471.747346755
2,"abundance",0.35,"bray",0.224798162886601,200,87471.747346755
2,"abundance",0.35,"euclidean",0.154529046735402,200,87471.747346755
2,"abundance",0.35,"jaccard",0.234663604811001,200,87471.747346755
2,"abundance",0.35,"unifrac_unweighted",0.03,200,87471.747346755
2,"abundance",0.35,"unifrac_weighted_phyloseq",0.534529046735402,200,87471.747346755
2,"abundance",0.4,"GLaD_0.5_unweighted",0.0249327209622003,200,87471.747346755
2,"abundance",0.4,"GLaD_0.5_weighted",0.560538232302398,200,87471.747346755
2,"abundance",0.4,"GLaD_1_unweighted",0.0301345580755995,200,87471.747346755
2,"abundance",0.4,"GLaD_1_weighted",0.560403674226798,200,87471.747346755
2,"abundance",0.4,"GUniFrac",0.63,200,87471.747346755
2,"abundance",0.4,"aitchison",0.0853363951889987,200,87471.747346755
2,"abundance",0.4,"bray",0.280538232302398,200,87471.747346755
2,"abundance",0.4,"euclidean",0.140269116151199,200,87471.747346755
2,"abundance",0.4,"jaccard",0.265470953264598,200,87471.747346755
2,"abundance",0.4,"unifrac_unweighted",0.06,200,87471.747346755
2,"abundance",0.4,"unifrac_weighted_phyloseq",0.625470953264598,200,87471.747346755
2,"abundance",0.45,"GLaD_0.5_unweighted",0.0452018371133992,200,87471.747346755
2,"abundance",0.45,"GLaD_0.5_weighted",0.6401345580756,200,87471.747346755
2,"abundance",0.45,"GLaD_1_unweighted",0.0647981628866009,200,87471.747346755
2,"abundance",0.45,"GLaD_1_weighted",0.650269116151199,200,87471.747346755
2,"abundance",0.45,"GUniFrac",0.7750672790378,200,87471.747346755
2,"abundance",0.45,"aitchison",0.129865441924401,200,87471.747346755
2,"abundance",0.45,"bray",0.38,200,87471.747346755
2,"abundance",0.45,"euclidean",0.195201837113399,200,87471.747346755
2,"abundance",0.45,"jaccard",0.374798162886601,200,87471.747346755
2,"abundance",0.45,"unifrac_unweighted",0.0401345580755995,200,87471.747346755
2,"abundance",0.45,"unifrac_weighted_phyloseq",0.7450672790378,200,87471.747346755
2,"abundance",0.5,"GLaD_0.5_unweighted",0.0805382323023979,200,87471.747346755
2,"abundance",0.5,"GLaD_0.5_weighted",0.7750672790378,200,87471.747346755
2,"abundance",0.5,"GLaD_1_unweighted",0.00506727903779973,200,87471.747346755
2,"abundance",0.5,"GLaD_1_weighted",0.799865441924401,200,87471.747346755
2,"abundance",0.5,"GUniFrac",0.830269116151199,200,87471.747346755
2,"abundance",0.5,"aitchison",0.160672790377997,200,87471.747346755
2,"abundance",0.5,"bray",0.465874627491397,200,87471.747346755
2,"abundance",0.5,"euclidean",0.215605511340198,200,87471.747346755
2,"abundance",0.5,"jaccard",0.445605511340198,200,87471.747346755
2,"abundance",0.5,"unifrac_unweighted",0.0554709532645981,200,87471.747346755
2,"abundance",0.5,"unifrac_weighted_phyloseq",0.829865441924401,200,87471.747346755
2,"abundance",0.55,"GLaD_0.5_unweighted",0.0447981628866009,200,87471.747346755
2,"abundance",0.55,"GLaD_0.5_weighted",0.849730883848801,200,87471.747346755
2,"abundance",0.55,"GLaD_1_unweighted",0.04,200,87471.747346755
2,"abundance",0.55,"GLaD_1_weighted",0.869596325773202,200,87471.747346755
2,"abundance",0.55,"GUniFrac",0.929730883848801,200,87471.747346755
2,"abundance",0.55,"aitchison",0.1249327209622,200,87471.747346755
2,"abundance",0.55,"bray",0.599730883848801,200,87471.747346755
2,"abundance",0.55,"euclidean",0.2250672790378,200,87471.747346755
2,"abundance",0.55,"jaccard",0.564663604811001,200,87471.747346755
2,"abundance",0.55,"unifrac_unweighted",0.0298654419244006,200,87471.747346755
2,"abundance",0.55,"unifrac_weighted_phyloseq",0.914798162886601,200,87471.747346755
2,"abundance",0.6,"GLaD_0.5_unweighted",0.0698654419244006,200,87471.747346755
2,"abundance",0.6,"GLaD_0.5_weighted",0.935605511340198,200,87471.747346755
2,"abundance",0.6,"GLaD_1_unweighted",0.0550672790377998,200,87471.747346755
2,"abundance",0.6,"GLaD_1_weighted",0.960269116151199,200,87471.747346755
2,"abundance",0.6,"GUniFrac",0.9849327209622,200,87471.747346755
2,"abundance",0.6,"aitchison",0.1750672790378,200,87471.747346755
2,"abundance",0.6,"bray",0.690269116151199,200,87471.747346755
2,"abundance",0.6,"euclidean",0.315470953264598,200,87471.747346755
2,"abundance",0.6,"jaccard",0.680269116151199,200,87471.747346755
2,"abundance",0.6,"unifrac_unweighted",0.06,200,87471.747346755
2,"abundance",0.6,"unifrac_weighted_phyloseq",0.965201837113399,200,87471.747346755
2,"abundance",0.65,"GLaD_0.5_unweighted",0.0447981628866009,200,87471.747346755
2,"abundance",0.65,"GLaD_0.5_weighted",0.9350672790378,200,87471.747346755
2,"abundance",0.65,"GLaD_1_unweighted",0.0701345580755995,200,87471.747346755
2,"abundance",0.65,"GLaD_1_weighted",0.940134558075599,200,87471.747346755
2,"abundance",0.65,"GUniFrac",0.964798162886601,200,87471.747346755
2,"abundance",0.65,"aitchison",0.1949327209622,200,87471.747346755
2,"abundance",0.65,"bray",0.729192651546403,200,87471.747346755
2,"abundance",0.65,"euclidean",0.399596325773202,200,87471.747346755
2,"abundance",0.65,"jaccard",0.729461767697602,200,87471.747346755
2,"abundance",0.65,"unifrac_unweighted",0.0595963257732017,200,87471.747346755
2,"abundance",0.65,"unifrac_weighted_phyloseq",0.97,200,87471.747346755
2,"abundance",0.7,"GLaD_0.5_unweighted",0.0849327209622004,200,87471.747346755
2,"abundance",0.7,"GLaD_0.5_weighted",0.969596325773202,200,87471.747346755
2,"abundance",0.7,"GLaD_1_unweighted",0.0350672790377998,200,87471.747346755
2,"abundance",0.7,"GLaD_1_weighted",0.9798654419244,200,87471.747346755
2,"abundance",0.7,"GUniFrac",1,200,87471.747346755
2,"abundance",0.7,"aitchison",0.219865441924401,200,87471.747346755
2,"abundance",0.7,"bray",0.839865441924401,200,87471.747346755
2,"abundance",0.7,"euclidean",0.374394488659802,200,87471.747346755
2,"abundance",0.7,"jaccard",0.819596325773202,200,87471.747346755
2,"abundance",0.7,"unifrac_unweighted",0.0549327209622003,200,87471.747346755
2,"abundance",0.7,"unifrac_weighted_phyloseq",0.9898654419244,200,87471.747346755
2,"abundance",0.75,"GLaD_0.5_unweighted",0.0904036742267984,200,87471.747346755
2,"abundance",0.75,"GLaD_0.5_weighted",0.9850672790378,200,87471.747346755
2,"abundance",0.75,"GLaD_1_unweighted",0.0352018371133992,200,87471.747346755
2,"abundance",0.75,"GLaD_1_weighted",0.9850672790378,200,87471.747346755
2,"abundance",0.75,"GUniFrac",0.9949327209622,200,87471.747346755
2,"abundance",0.75,"aitchison",0.245201837113399,200,87471.747346755
2,"abundance",0.75,"bray",0.914663604811001,200,87471.747346755
2,"abundance",0.75,"euclidean",0.460134558075599,200,87471.747346755
2,"abundance",0.75,"jaccard",0.904529046735402,200,87471.747346755
2,"abundance",0.75,"unifrac_unweighted",0.0452018371133992,200,87471.747346755
2,"abundance",0.75,"unifrac_weighted_phyloseq",0.9949327209622,200,87471.747346755
2,"abundance",0.8,"GLaD_0.5_unweighted",0.0546636048110014,200,87471.747346755
2,"abundance",0.8,"GLaD_0.5_weighted",1,200,87471.747346755
2,"abundance",0.8,"GLaD_1_unweighted",0.0452018371133992,200,87471.747346755
2,"abundance",0.8,"GLaD_1_weighted",0.9950672790378,200,87471.747346755
2,"abundance",0.8,"GUniFrac",1,200,87471.747346755
2,"abundance",0.8,"aitchison",0.294663604811001,200,87471.747346755
2,"abundance",0.8,"bray",0.954663604811001,200,87471.747346755
2,"abundance",0.8,"euclidean",0.569192651546403,200,87471.747346755
2,"abundance",0.8,"jaccard",0.939730883848801,200,87471.747346755
2,"abundance",0.8,"unifrac_unweighted",0.0642599305842031,200,87471.747346755
2,"abundance",0.8,"unifrac_weighted_phyloseq",1,200,87471.747346755
2,"abundance",0.85,"GLaD_0.5_unweighted",0.0446636048110014,200,87471.747346755
2,"abundance",0.85,"GLaD_0.5_weighted",1,200,87471.747346755
2,"abundance",0.85,"GLaD_1_unweighted",0.044529046735402,200,87471.747346755
2,"abundance",0.85,"GLaD_1_weighted",1,200,87471.747346755
2,"abundance",0.85,"GUniFrac",1,200,87471.747346755
2,"abundance",0.85,"aitchison",0.328654419244005,200,87471.747346755
2,"abundance",0.85,"bray",0.9698654419244,200,87471.747346755
2,"abundance",0.85,"euclidean",0.634259930584203,200,87471.747346755
2,"abundance",0.85,"jaccard",0.9698654419244,200,87471.747346755
2,"abundance",0.85,"unifrac_unweighted",0.0447981628866009,200,87471.747346755
2,"abundance",0.85,"unifrac_weighted_phyloseq",1,200,87471.747346755
2,"abundance",0.9,"GLaD_0.5_unweighted",0.03,200,87471.747346755
2,"abundance",0.9,"GLaD_0.5_weighted",1,200,87471.747346755
2,"abundance",0.9,"GLaD_1_unweighted",0.0249327209622003,200,87471.747346755
2,"abundance",0.9,"GLaD_1_weighted",0.9950672790378,200,87471.747346755
2,"abundance",0.9,"GUniFrac",1,200,87471.747346755
2,"abundance",0.9,"aitchison",0.349596325773202,200,87471.747346755
2,"abundance",0.9,"bray",0.9950672790378,200,87471.747346755
2,"abundance",0.9,"euclidean",0.690269116151199,200,87471.747346755
2,"abundance",0.9,"jaccard",0.9950672790378,200,87471.747346755
2,"abundance",0.9,"unifrac_unweighted",0,200,87471.747346755
2,"abundance",0.9,"unifrac_weighted_phyloseq",1,200,87471.747346755
2,"abundance",0.95,"GLaD_0.5_unweighted",0.0250672790377997,200,87471.747346755
2,"abundance",0.95,"GLaD_0.5_weighted",1,200,87471.747346755
2,"abundance",0.95,"GLaD_1_unweighted",0.0349327209622003,200,87471.747346755
2,"abundance",0.95,"GLaD_1_weighted",1,200,87471.747346755
2,"abundance",0.95,"GUniFrac",1,200,87471.747346755
2,"abundance",0.95,"aitchison",0.409865441924401,200,87471.747346755
2,"abundance",0.95,"bray",1,200,87471.747346755
2,"abundance",0.95,"euclidean",0.75,200,87471.747346755
2,"abundance",0.95,"jaccard",1,200,87471.747346755
2,"abundance",0.95,"unifrac_unweighted",0.0450672790377998,200,87471.747346755
2,"abundance",0.95,"unifrac_weighted_phyloseq",1,200,87471.747346755
2,"abundance",1,"GLaD_0.5_unweighted",0.0547981628866009,200,87471.747346755
2,"abundance",1,"GLaD_0.5_weighted",1,200,87471.747346755
2,"abundance",1,"GLaD_1_unweighted",0.0549327209622003,200,87471.747346755
2,"abundance",1,"GLaD_1_weighted",1,200,87471.747346755
2,"abundance",1,"GUniFrac",1,200,87471.747346755
2,"abundance",1,"aitchison",0.444259930584203,200,87471.747346755
2,"abundance",1,"bray",1,200,87471.747346755
2,"abundance",1,"euclidean",0.7801345580756,200,87471.747346755
2,"abundance",1,"jaccard",1,200,87471.747346755
2,"abundance",1,"unifrac_unweighted",0.0647981628866009,200,87471.747346755
2,"abundance",1,"unifrac_weighted_phyloseq",1,200,87471.747346755
2,"both",0.05,"GLaD_0.5_unweighted",0.0908073484535968,200,87471.747346755
2,"both",0.05,"GLaD_0.5_weighted",0.0449327209622003,200,87471.747346755
2,"both",0.05,"GLaD_1_unweighted",0.0900000000000001,200,87471.747346755
2,"both",0.05,"GLaD_1_weighted",0.0447981628866009,200,87471.747346755
2,"both",0.05,"GUniFrac",0.04,200,87471.747346755
2,"both",0.05,"aitchison",0.0502691161511989,200,87471.747346755
2,"both",0.05,"bray",0.0601345580755995,200,87471.747346755
2,"both",0.05,"euclidean",0.06,200,87471.747346755
2,"both",0.05,"jaccard",0.0601345580755995,200,87471.747346755
2,"both",0.05,"unifrac_unweighted",0.0553363951889987,200,87471.747346755
2,"both",0.05,"unifrac_weighted_phyloseq",0.0298654419244006,200,87471.747346755
2,"both",0.1,"GLaD_0.5_unweighted",0.0804036742267984,200,87471.747346755
2,"both",0.1,"GLaD_0.5_weighted",0.104663604811001,200,87471.747346755
2,"both",0.1,"GLaD_1_unweighted",0.1649327209622,200,87471.747346755
2,"both",0.1,"GLaD_1_weighted",0.0746636048110014,200,87471.747346755
2,"both",0.1,"GUniFrac",0.0894617676976023,200,87471.747346755
2,"both",0.1,"aitchison",0.1101345580756,200,87471.747346755
2,"both",0.1,"bray",0.0801345580755995,200,87471.747346755
2,"both",0.1,"euclidean",0.0949327209622004,200,87471.747346755
2,"both",0.1,"jaccard",0.0701345580755995,200,87471.747346755
2,"both",0.1,"unifrac_unweighted",0.1050672790378,200,87471.747346755
2,"both",0.1,"unifrac_weighted_phyloseq",0.104529046735402,200,87471.747346755
2,"both",0.15,"GLaD_0.5_unweighted",0.129730883848801,200,87471.747346755
2,"both",0.15,"GLaD_0.5_weighted",0.149461767697602,200,87471.747346755
2,"both",0.15,"GLaD_1_unweighted",0.269461767697602,200,87471.747346755
2,"both",0.15,"GLaD_1_weighted",0.1449327209622,200,87471.747346755
2,"both",0.15,"GUniFrac",0.2049327209622,200,87471.747346755
2,"both",0.15,"aitchison",0.0998654419244006,200,87471.747346755
2,"both",0.15,"bray",0.0952018371133993,200,87471.747346755
2,"both",0.15,"euclidean",0.0597308838488011,200,87471.747346755
2,"both",0.15,"jaccard",0.1001345580756,200,87471.747346755
2,"both",0.15,"unifrac_unweighted",0.155201837113399,200,87471.747346755
2,"both",0.15,"unifrac_weighted_phyloseq",0.134798162886601,200,87471.747346755
2,"both",0.2,"GLaD_0.5_unweighted",0.360807348453597,200,87471.747346755
2,"both",0.2,"GLaD_0.5_weighted",0.280269116151199,200,87471.747346755
2,"both",0.2,"GLaD_1_unweighted",0.494125372508603,200,87471.747346755
2,"both",0.2,"GLaD_1_weighted",0.305470953264598,200,87471.747346755
2,"both",0.2,"GUniFrac",0.345470953264598,200,87471.747346755
2,"both",0.2,"aitchison",0.270269116151199,200,87471.747346755
2,"both",0.2,"bray",0.130269116151199,200,87471.747346755
2,"both",0.2,"euclidean",0.0900000000000001,200,87471.747346755
2,"both",0.2,"jaccard",0.1201345580756,200,87471.747346755
2,"both",0.2,"unifrac_unweighted",0.2501345580756,200,87471.747346755
2,"both",0.2,"unifrac_weighted_phyloseq",0.315470953264598,200,87471.747346755
2,"both",0.25,"GLaD_0.5_unweighted",0.444798162886601,200,87471.747346755
2,"both",0.25,"GLaD_0.5_weighted",0.409730883848801,200,87471.747346755
2,"both",0.25,"GLaD_1_unweighted",0.688923535395204,200,87471.747346755
2,"both",0.25,"GLaD_1_weighted",0.399596325773202,200,87471.747346755
2,"both",0.25,"GUniFrac",0.544663604811001,200,87471.747346755
2,"both",0.25,"aitchison",0.289730883848801,200,87471.747346755
2,"both",0.25,"bray",0.1701345580756,200,87471.747346755
2,"both",0.25,"euclidean",0.105336395188999,200,87471.747346755
2,"both",0.25,"jaccard",0.1749327209622,200,87471.747346755
2,"both",0.25,"unifrac_unweighted",0.344529046735402,200,87471.747346755
2,"both",0.25,"unifrac_weighted_phyloseq",0.465336395188999,200,87471.747346755
2,"both",0.3,"GLaD_0.5_unweighted",0.704259930584203,200,87471.747346755
2,"both",0.3,"GLaD_0.5_weighted",0.524798162886601,200,87471.747346755
2,"both",0.3,"GLaD_1_unweighted",0.853856256357405,200,87471.747346755
2,"both",0.3,"GLaD_1_weighted",0.5301345580756,200,87471.747346755
2,"both",0.3,"GUniFrac",0.713721698281805,200,87471.747346755
2,"both",0.3,"aitchison",0.4898654419244,200,87471.747346755
2,"both",0.3,"bray",0.32,200,87471.747346755
2,"both",0.3,"euclidean",0.125201837113399,200,87471.747346755
2,"both",0.3,"jaccard",0.27,200,87471.747346755
2,"both",0.3,"unifrac_unweighted",0.614529046735402,200,87471.747346755
2,"both",0.3,"unifrac_weighted_phyloseq",0.619865441924401,200,87471.747346755
2,"both",0.35,"GLaD_0.5_unweighted",0.914529046735402,200,87471.747346755
2,"both",0.35,"GLaD_0.5_weighted",0.599596325773202,200,87471.747346755
2,"both",0.35,"GLaD_1_unweighted",0.944529046735402,200,87471.747346755
2,"both",0.35,"GLaD_1_weighted",0.629596325773202,200,87471.747346755
2,"both",0.35,"GUniFrac",0.854394488659802,200,87471.747346755
2,"both",0.35,"aitchison",0.724798162886601,200,87471.747346755
2,"both",0.35,"bray",0.339730883848801,200,87471.747346755
2,"both",0.35,"euclidean",0.109596325773202,200,87471.747346755
2,"both",0.35,"jaccard",0.339730883848801,200,87471.747346755
2,"both",0.35,"unifrac_unweighted",0.769327209622003,200,87471.747346755
2,"both",0.35,"unifrac_weighted_phyloseq",0.694663604811001,200,87471.747346755
2,"both",0.4,"GLaD_0.5_unweighted",0.9849327209622,200,87471.747346755
2,"both",0.4,"GLaD_0.5_weighted",0.7798654419244,200,87471.747346755
2,"both",0.4,"GLaD_1_unweighted",0.974798162886601,200,87471.747346755
2,"both",0.4,"GLaD_1_weighted",0.78,200,87471.747346755
2,"both",0.4,"GUniFrac",0.964663604811001,200,87471.747346755
2,"both",0.4,"aitchison",0.854529046735402,200,87471.747346755
2,"both",0.4,"bray",0.524259930584203,200,87471.747346755
2,"both",0.4,"euclidean",0.1950672790378,200,87471.747346755
2,"both",0.4,"jaccard",0.479596325773202,200,87471.747346755
2,"both",0.4,"unifrac_unweighted",0.924259930584203,200,87471.747346755
2,"both",0.4,"unifrac_weighted_phyloseq",0.874798162886601,200,87471.747346755
2,"both",0.45,"GLaD_0.5_unweighted",0.9950672790378,200,87471.747346755
2,"both",0.45,"GLaD_0.5_weighted",0.87,200,87471.747346755
2,"both",0.45,"GLaD_1_unweighted",1,200,87471.747346755
2,"both",0.45,"GLaD_1_weighted",0.8901345580756,200,87471.747346755
2,"both",0.45,"GUniFrac",0.9898654419244,200,87471.747346755
2,"both",0.45,"aitchison",0.975201837113399,200,87471.747346755
2,"both",0.45,"bray",0.634529046735402,200,87471.747346755
2,"both",0.45,"euclidean",0.219596325773202,200,87471.747346755
2,"both",0.45,"jaccard",0.629461767697602,200,87471.747346755
2,"both",0.45,"unifrac_unweighted",0.9849327209622,200,87471.747346755
2,"both",0.45,"unifrac_weighted_phyloseq",0.944798162886601,200,87471.747346755
2,"both",0.5,"GLaD_0.5_unweighted",1,200,87471.747346755
2,"both",0.5,"GLaD_0.5_weighted",0.9750672790378,200,87471.747346755
2,"both",0.5,"GLaD_1_unweighted",0.9949327209622,200,87471.747346755
2,"both",0.5,"GLaD_1_weighted",0.965336395188999,200,87471.747346755
2,"both",0.5,"GUniFrac",1,200,87471.747346755
2,"both",0.5,"aitchison",0.9950672790378,200,87471.747346755
2,"both",0.5,"bray",0.809327209622003,200,87471.747346755
2,"both",0.5,"euclidean",0.3,200,87471.747346755
2,"both",0.5,"jaccard",0.779596325773202,200,87471.747346755
2,"both",0.5,"unifrac_unweighted",1,200,87471.747346755
2,"both",0.5,"unifrac_weighted_phyloseq",0.99,200,87471.747346755
2,"both",0.55,"GLaD_0.5_unweighted",1,200,87471.747346755
2,"both",0.55,"GLaD_0.5_weighted",0.9698654419244,200,87471.747346755
2,"both",0.55,"GLaD_1_unweighted",1,200,87471.747346755
2,"both",0.55,"GLaD_1_weighted",0.9698654419244,200,87471.747346755
2,"both",0.55,"GUniFrac",1,200,87471.747346755
2,"both",0.55,"aitchison",1,200,87471.747346755
2,"both",0.55,"bray",0.909192651546403,200,87471.747346755
2,"both",0.55,"euclidean",0.354663604811001,200,87471.747346755
2,"both",0.55,"jaccard",0.899192651546403,200,87471.747346755
2,"both",0.55,"unifrac_unweighted",1,200,87471.747346755
2,"both",0.55,"unifrac_weighted_phyloseq",0.9949327209622,200,87471.747346755
2,"both",0.6,"GLaD_0.5_unweighted",1,200,87471.747346755
2,"both",0.6,"GLaD_0.5_weighted",0.9898654419244,200,87471.747346755
2,"both",0.6,"GLaD_1_unweighted",1,200,87471.747346755
2,"both",0.6,"GLaD_1_weighted",0.99,200,87471.747346755
2,"both",0.6,"GUniFrac",1,200,87471.747346755
2,"both",0.6,"aitchison",1,200,87471.747346755
2,"both",0.6,"bray",0.954663604811001,200,87471.747346755
2,"both",0.6,"euclidean",0.409596325773202,200,87471.747346755
2,"both",0.6,"jaccard",0.944529046735402,200,87471.747346755
2,"both",0.6,"unifrac_unweighted",1,200,87471.747346755
2,"both",0.6,"unifrac_weighted_phyloseq",1,200,87471.747346755
2,"both",0.65,"GLaD_0.5_unweighted",1,200,87471.747346755
2,"both",0.65,"GLaD_0.5_weighted",0.9898654419244,200,87471.747346755
2,"both",0.65,"GLaD_1_unweighted",1,200,87471.747346755
2,"both",0.65,"GLaD_1_weighted",0.9898654419244,200,87471.747346755
2,"both",0.65,"GUniFrac",1,200,87471.747346755
2,"both",0.65,"aitchison",1,200,87471.747346755
2,"both",0.65,"bray",0.9949327209622,200,87471.747346755
2,"both",0.65,"euclidean",0.460269116151199,200,87471.747346755
2,"both",0.65,"jaccard",0.9898654419244,200,87471.747346755
2,"both",0.65,"unifrac_unweighted",1,200,87471.747346755
2,"both",0.65,"unifrac_weighted_phyloseq",1,200,87471.747346755
2,"both",0.7,"GLaD_0.5_unweighted",1,200,87471.747346755
2,"both",0.7,"GLaD_0.5_weighted",1,200,87471.747346755
2,"both",0.7,"GLaD_1_unweighted",1,200,87471.747346755
2,"both",0.7,"GLaD_1_weighted",1,200,87471.747346755
2,"both",0.7,"GUniFrac",1,200,87471.747346755
2,"both",0.7,"aitchison",1,200,87471.747346755
2,"both",0.7,"bray",0.9898654419244,200,87471.747346755
2,"both",0.7,"euclidean",0.534529046735402,200,87471.747346755
2,"both",0.7,"jaccard",0.9898654419244,200,87471.747346755
2,"both",0.7,"unifrac_unweighted",1,200,87471.747346755
2,"both",0.7,"unifrac_weighted_phyloseq",1,200,87471.747346755
2,"both",0.75,"GLaD_0.5_unweighted",1,200,87471.747346755
2,"both",0.75,"GLaD_0.5_weighted",0.9949327209622,200,87471.747346755
2,"both",0.75,"GLaD_1_unweighted",1,200,87471.747346755
2,"both",0.75,"GLaD_1_weighted",0.9949327209622,200,87471.747346755
2,"both",0.75,"GUniFrac",1,200,87471.747346755
2,"both",0.75,"aitchison",1,200,87471.747346755
2,"both",0.75,"bray",0.9949327209622,200,87471.747346755
2,"both",0.75,"euclidean",0.616278301718195,200,87471.747346755
2,"both",0.75,"jaccard",0.9949327209622,200,87471.747346755
2,"both",0.75,"unifrac_unweighted",1,200,87471.747346755
2,"both",0.75,"unifrac_weighted_phyloseq",0.9949327209622,200,87471.747346755
2,"both",0.8,"GLaD_0.5_unweighted",1,200,87471.747346755
2,"both",0.8,"GLaD_0.5_weighted",1,200,87471.747346755
2,"both",0.8,"GLaD_1_unweighted",1,200,87471.747346755
2,"both",0.8,"GLaD_1_weighted",1,200,87471.747346755
2,"both",0.8,"GUniFrac",1,200,87471.747346755
2,"both",0.8,"aitchison",1,200,87471.747346755
2,"both",0.8,"bray",1,200,87471.747346755
2,"both",0.8,"euclidean",0.584529046735402,200,87471.747346755
2,"both",0.8,"jaccard",1,200,87471.747346755
2,"both",0.8,"unifrac_unweighted",1,200,87471.747346755
2,"both",0.8,"unifrac_weighted_phyloseq",1,200,87471.747346755
2,"both",0.85,"GLaD_0.5_unweighted",1,200,87471.747346755
2,"both",0.85,"GLaD_0.5_weighted",1,200,87471.747346755
2,"both",0.85,"GLaD_1_unweighted",1,200,87471.747346755
2,"both",0.85,"GLaD_1_weighted",1,200,87471.747346755
2,"both",0.85,"GUniFrac",1,200,87471.747346755
2,"both",0.85,"aitchison",1,200,87471.747346755
2,"both",0.85,"bray",1,200,87471.747346755
2,"both",0.85,"euclidean",0.730269116151199,200,87471.747346755
2,"both",0.85,"jaccard",1,200,87471.747346755
2,"both",0.85,"unifrac_unweighted",1,200,87471.747346755
2,"both",0.85,"unifrac_weighted_phyloseq",1,200,87471.747346755
2,"both",0.9,"GLaD_0.5_unweighted",1,200,87471.747346755
2,"both",0.9,"GLaD_0.5_weighted",1,200,87471.747346755
2,"both",0.9,"GLaD_1_unweighted",1,200,87471.747346755
2,"both",0.9,"GLaD_1_weighted",1,200,87471.747346755
2,"both",0.9,"GUniFrac",1,200,87471.747346755
2,"both",0.9,"aitchison",1,200,87471.747346755
2,"both",0.9,"bray",1,200,87471.747346755
2,"both",0.9,"euclidean",0.834663604811001,200,87471.747346755
2,"both",0.9,"jaccard",1,200,87471.747346755
2,"both",0.9,"unifrac_unweighted",1,200,87471.747346755
2,"both",0.9,"unifrac_weighted_phyloseq",1,200,87471.747346755
2,"both",0.95,"GLaD_0.5_unweighted",1,200,87471.747346755
2,"both",0.95,"GLaD_0.5_weighted",1,200,87471.747346755
2,"both",0.95,"GLaD_1_unweighted",1,200,87471.747346755
2,"both",0.95,"GLaD_1_weighted",1,200,87471.747346755
2,"both",0.95,"GUniFrac",1,200,87471.747346755
2,"both",0.95,"aitchison",1,200,87471.747346755
2,"both",0.95,"bray",1,200,87471.747346755
2,"both",0.95,"euclidean",0.835336395188999,200,87471.747346755
2,"both",0.95,"jaccard",0.9949327209622,200,87471.747346755
2,"both",0.95,"unifrac_unweighted",1,200,87471.747346755
2,"both",0.95,"unifrac_weighted_phyloseq",1,200,87471.747346755
2,"both",1,"GLaD_0.5_unweighted",1,200,87471.747346755
2,"both",1,"GLaD_0.5_weighted",1,200,87471.747346755
2,"both",1,"GLaD_1_unweighted",1,200,87471.747346755
2,"both",1,"GLaD_1_weighted",1,200,87471.747346755
2,"both",1,"GUniFrac",1,200,87471.747346755
2,"both",1,"aitchison",1,200,87471.747346755
2,"both",1,"bray",1,200,87471.747346755
2,"both",1,"euclidean",0.914798162886601,200,87471.747346755
2,"both",1,"jaccard",1,200,87471.747346755
2,"both",1,"unifrac_unweighted",1,200,87471.747346755
2,"both",1,"unifrac_weighted_phyloseq",1,200,87471.747346755
2,"prevalence",0.05,"GLaD_0.5_unweighted",0.0401345580755995,200,87471.747346755
2,"prevalence",0.05,"GLaD_0.5_weighted",0.0550672790377998,200,87471.747346755
2,"prevalence",0.05,"GLaD_1_unweighted",0.0353363951889987,200,87471.747346755
2,"prevalence",0.05,"GLaD_1_weighted",0.080269116151199,200,87471.747346755
2,"prevalence",0.05,"GUniFrac",0.0347981628866008,200,87471.747346755
2,"prevalence",0.05,"aitchison",0.0501345580755995,200,87471.747346755
2,"prevalence",0.05,"bray",0.0501345580755995,200,87471.747346755
2,"prevalence",0.05,"euclidean",0.03,200,87471.747346755
2,"prevalence",0.05,"jaccard",0.0452018371133992,200,87471.747346755
2,"prevalence",0.05,"unifrac_unweighted",0.0302691161511989,200,87471.747346755
2,"prevalence",0.05,"unifrac_weighted_phyloseq",0.0449327209622003,200,87471.747346755
2,"prevalence",0.1,"GLaD_0.5_unweighted",0.0701345580755995,200,87471.747346755
2,"prevalence",0.1,"GLaD_0.5_weighted",0.0502691161511989,200,87471.747346755
2,"prevalence",0.1,"GLaD_1_unweighted",0.164663604811001,200,87471.747346755
2,"prevalence",0.1,"GLaD_1_weighted",0.0550672790377998,200,87471.747346755
2,"prevalence",0.1,"GUniFrac",0.06,200,87471.747346755
2,"prevalence",0.1,"aitchison",0.0504036742267984,200,87471.747346755
2,"prevalence",0.1,"bray",0.0700000000000001,200,87471.747346755
2,"prevalence",0.1,"euclidean",0.0402691161511989,200,87471.747346755
2,"prevalence",0.1,"jaccard",0.0549327209622003,200,87471.747346755
2,"prevalence",0.1,"unifrac_unweighted",0.0904036742267984,200,87471.747346755
2,"prevalence",0.1,"unifrac_weighted_phyloseq",0.0601345580755995,200,87471.747346755
2,"prevalence",0.15,"GLaD_0.5_unweighted",0.174798162886601,200,87471.747346755
2,"prevalence",0.15,"GLaD_0.5_weighted",0.0698654419244006,200,87471.747346755
2,"prevalence",0.15,"GLaD_1_unweighted",0.309327209622003,200,87471.747346755
2,"prevalence",0.15,"GLaD_1_weighted",0.0649327209622003,200,87471.747346755
2,"prevalence",0.15,"GUniFrac",0.0646636048110014,200,87471.747346755
2,"prevalence",0.15,"aitchison",0.109327209622003,200,87471.747346755
2,"prevalence",0.15,"bray",0.0397308838488011,200,87471.747346755
2,"prevalence",0.15,"euclidean",0.0449327209622003,200,87471.747346755
2,"prevalence",0.15,"jaccard",0.0447981628866009,200,87471.747346755
2,"prevalence",0.15,"unifrac_unweighted",0.159596325773202,200,87471.747346755
2,"prevalence",0.15,"unifrac_weighted_phyloseq",0.0597308838488011,200,87471.747346755
2,"prevalence",0.2,"GLaD_0.5_unweighted",0.2649327209622,200,87471.747346755
2,"prevalence",0.2,"GLaD_0.5_weighted",0.0498654419244006,200,87471.747346755
2,"prevalence",0.2,"GLaD_1_unweighted",0.563587140206206,200,87471.747346755
2,"prevalence",0.2,"GLaD_1_weighted",0.0198654419244006,200,87471.747346755
2,"prevalence",0.2,"GUniFrac",0.0653363951889987,200,87471.747346755
2,"prevalence",0.2,"aitchison",0.120538232302398,200,87471.747346755
2,"prevalence",0.2,"bray",0.0704036742267984,200,87471.747346755
2,"prevalence",0.2,"euclidean",0.0252018371133992,200,87471.747346755
2,"prevalence",0.2,"jaccard",0.0753363951889987,200,87471.747346755
2,"prevalence",0.2,"unifrac_unweighted",0.199730883848801,200,87471.747346755
2,"prevalence",0.2,"unifrac_weighted_phyloseq",0.0652018371133992,200,87471.747346755
2,"prevalence",0.25,"GLaD_0.5_unweighted",0.489327209622003,200,87471.747346755
2,"prevalence",0.25,"GLaD_0.5_weighted",0.0752018371133992,200,87471.747346755
2,"prevalence",0.25,"GLaD_1_unweighted",0.738923535395204,200,87471.747346755
2,"prevalence",0.25,"GLaD_1_weighted",0.0950672790377998,200,87471.747346755
2,"prevalence",0.25,"GUniFrac",0.0954709532645982,200,87471.747346755
2,"prevalence",0.25,"aitchison",0.1850672790378,200,87471.747346755
2,"prevalence",0.25,"bray",0.03,200,87471.747346755
2,"prevalence",0.25,"euclidean",0.0649327209622003,200,87471.747346755
2,"prevalence",0.25,"jaccard",0.0249327209622003,200,87471.747346755
2,"prevalence",0.25,"unifrac_unweighted",0.4050672790378,200,87471.747346755
2,"prevalence",0.25,"unifrac_weighted_phyloseq",0.0649327209622003,200,87471.747346755
2,"prevalence",0.3,"GLaD_0.5_unweighted",0.704394488659802,200,87471.747346755
2,"prevalence",0.3,"GLaD_0.5_weighted",0.03,200,87471.747346755
2,"prevalence",0.3,"GLaD_1_unweighted",0.864394488659802,200,87471.747346755
2,"prevalence",0.3,"GLaD_1_weighted",0.0301345580755995,200,87471.747346755
2,"prevalence",0.3,"GUniFrac",0.119865441924401,200,87471.747346755
2,"prevalence",0.3,"aitchison",0.239730883848801,200,87471.747346755
2,"prevalence",0.3,"bray",0.070269116151199,200,87471.747346755
2,"prevalence",0.3,"euclidean",0.0495963257732017,200,87471.747346755
2,"prevalence",0.3,"jaccard",0.0752018371133992,200,87471.747346755
2,"prevalence",0.3,"unifrac_unweighted",0.523856256357405,200,87471.747346755
2,"prevalence",0.3,"unifrac_weighted_phyloseq",0.0350672790377998,200,87471.747346755
2,"prevalence",0.35,"GLaD_0.5_unweighted",0.899461767697602,200,87471.747346755
2,"prevalence",0.35,"GLaD_0.5_weighted",0.0749327209622003,200,87471.747346755
2,"prevalence",0.35,"GLaD_1_unweighted",0.929192651546403,200,87471.747346755
2,"prevalence",0.35,"GLaD_1_weighted",0.0798654419244006,200,87471.747346755
2,"prevalence",0.35,"GUniFrac",0.159730883848801,200,87471.747346755
2,"prevalence",0.35,"aitchison",0.354798162886601,200,87471.747346755
2,"prevalence",0.35,"bray",0.0743944886598025,200,87471.747346755
2,"prevalence",0.35,"euclidean",0.0601345580755995,200,87471.747346755
2,"prevalence",0.35,"jaccard",0.074529046735402,200,87471.747346755
2,"prevalence",0.35,"unifrac_unweighted",0.784529046735402,200,87471.747346755
2,"prevalence",0.35,"unifrac_weighted_phyloseq",0.06,200,87471.747346755
2,"prevalence",0.4,"GLaD_0.5_unweighted",0.9949327209622,200,87471.747346755
2,"prevalence",0.4,"GLaD_0.5_weighted",0.0752018371133993,200,87471.747346755
2,"prevalence",0.4,"GLaD_1_unweighted",0.974798162886601,200,87471.747346755
2,"prevalence",0.4,"GLaD_1_weighted",0.0701345580755995,200,87471.747346755
2,"prevalence",0.4,"GUniFrac",0.288788977319605,200,87471.747346755
2,"prevalence",0.4,"aitchison",0.494663604811001,200,87471.747346755
2,"prevalence",0.4,"bray",0.0995963257732017,200,87471.747346755
2,"prevalence",0.4,"euclidean",0.0700000000000001,200,87471.747346755
2,"prevalence",0.4,"jaccard",0.0947981628866009,200,87471.747346755
2,"prevalence",0.4,"unifrac_unweighted",0.919461767697602,200,87471.747346755
2,"prevalence",0.4,"unifrac_weighted_phyloseq",0.0898654419244006,200,87471.747346755
2,"prevalence",0.45,"GLaD_0.5_unweighted",1,200,87471.747346755
2,"prevalence",0.45,"GLaD_0.5_weighted",0.0849327209622004,200,87471.747346755
2,"prevalence",0.45,"GLaD_1_unweighted",0.9949327209622,200,87471.747346755
2,"prevalence",0.45,"GLaD_1_weighted",0.0646636048110014,200,87471.747346755
2,"prevalence",0.45,"GUniFrac",0.319327209622003,200,87471.747346755
2,"prevalence",0.45,"aitchison",0.684529046735402,200,87471.747346755
2,"prevalence",0.45,"bray",0.124798162886601,200,87471.747346755
2,"prevalence",0.45,"euclidean",0.0401345580755995,200,87471.747346755
2,"prevalence",0.45,"jaccard",0.1249327209622,200,87471.747346755
2,"prevalence",0.45,"unifrac_unweighted",0.9901345580756,200,87471.747346755
2,"prevalence",0.45,"unifrac_weighted_phyloseq",0.139596325773202,200,87471.747346755
2,"prevalence",0.5,"GLaD_0.5_unweighted",1,200,87471.747346755
2,"prevalence",0.5,"GLaD_0.5_weighted",0.11,200,87471.747346755
2,"prevalence",0.5,"GLaD_1_unweighted",1,200,87471.747346755
2,"prevalence",0.5,"GLaD_1_weighted",0.104663604811001,200,87471.747346755
2,"prevalence",0.5,"GUniFrac",0.378923535395204,200,87471.747346755
2,"prevalence",0.5,"aitchison",0.829461767697602,200,87471.747346755
2,"prevalence",0.5,"bray",0.159596325773202,200,87471.747346755
2,"prevalence",0.5,"euclidean",0.0749327209622003,200,87471.747346755
2,"prevalence",0.5,"jaccard",0.144529046735402,200,87471.747346755
2,"prevalence",0.5,"unifrac_unweighted",1,200,87471.747346755
2,"prevalence",0.5,"unifrac_weighted_phyloseq",0.164663604811001,200,87471.747346755
2,"prevalence",0.55,"GLaD_0.5_unweighted",1,200,87471.747346755
2,"prevalence",0.55,"GLaD_0.5_weighted",0.119865441924401,200,87471.747346755
2,"prevalence",0.55,"GLaD_1_unweighted",1,200,87471.747346755
2,"prevalence",0.55,"GLaD_1_weighted",0.1250672790378,200,87471.747346755
2,"prevalence",0.55,"GUniFrac",0.613452582130606,200,87471.747346755
2,"prevalence",0.55,"aitchison",0.9449327209622,200,87471.747346755
2,"prevalence",0.55,"bray",0.129327209622003,200,87471.747346755
2,"prevalence",0.55,"euclidean",0.0894617676976023,200,87471.747346755
2,"prevalence",0.55,"jaccard",0.139192651546403,200,87471.747346755
2,"prevalence",0.55,"unifrac_unweighted",1,200,87471.747346755
2,"prevalence",0.55,"unifrac_weighted_phyloseq",0.169327209622003,200,87471.747346755
2,"prevalence",0.6,"GLaD_0.5_unweighted",1,200,87471.747346755
2,"prevalence",0.6,"GLaD_0.5_weighted",0.129865441924401,200,87471.747346755
2,"prevalence",0.6,"GLaD_1_unweighted",1,200,87471.747346755
2,"prevalence",0.6,"GLaD_1_weighted",0.139730883848801,200,87471.747346755
2,"prevalence",0.6,"GUniFrac",0.619058093470804,200,87471.747346755
2,"prevalence",0.6,"aitchison",0.9649327209622,200,87471.747346755
2,"prevalence",0.6,"bray",0.0991926515464034,200,87471.747346755
2,"prevalence",0.6,"euclidean",0.0701345580755995,200,87471.747346755
2,"prevalence",0.6,"jaccard",0.0891926515464034,200,87471.747346755
2,"prevalence",0.6,"unifrac_unweighted",1,200,87471.747346755
2,"prevalence",0.6,"unifrac_weighted_phyloseq",0.169192651546403,200,87471.747346755
2,"prevalence",0.65,"GLaD_0.5_unweighted",1,200,87471.747346755
2,"prevalence",0.65,"GLaD_0.5_weighted",0.124798162886601,200,87471.747346755
2,"prevalence",0.65,"GLaD_1_unweighted",1,200,87471.747346755
2,"prevalence",0.65,"GLaD_1_weighted",0.1601345580756,200,87471.747346755
2,"prevalence",0.65,"GUniFrac",0.813721698281805,200,87471.747346755
2,"prevalence",0.65,"aitchison",0.99,200,87471.747346755
2,"prevalence",0.65,"bray",0.143856256357405,200,87471.747346755
2,"prevalence",0.65,"euclidean",0.0646636048110014,200,87471.747346755
2,"prevalence",0.65,"jaccard",0.143990814433004,200,87471.747346755
2,"prevalence",0.65,"unifrac_unweighted",1,200,87471.747346755
2,"prevalence",0.65,"unifrac_weighted_phyloseq",0.209192651546403,200,87471.747346755
2,"prevalence",0.7,"GLaD_0.5_unweighted",1,200,87471.747346755
2,"prevalence",0.7,"GLaD_0.5_weighted",0.139461767697602,200,87471.747346755
2,"prevalence",0.7,"GLaD_1_unweighted",1,200,87471.747346755
2,"prevalence",0.7,"GLaD_1_weighted",0.149461767697602,200,87471.747346755
2,"prevalence",0.7,"GUniFrac",0.883990814433004,200,87471.747346755
2,"prevalence",0.7,"aitchison",1,200,87471.747346755
2,"prevalence",0.7,"bray",0.189327209622003,200,87471.747346755
2,"prevalence",0.7,"euclidean",0.0497308838488011,200,87471.747346755
2,"prevalence",0.7,"jaccard",0.189327209622003,200,87471.747346755
2,"prevalence",0.7,"unifrac_unweighted",1,200,87471.747346755
2,"prevalence",0.7,"unifrac_weighted_phyloseq",0.264125372508604,200,87471.747346755
2,"prevalence",0.75,"GLaD_0.5_unweighted",1,200,87471.747346755
2,"prevalence",0.75,"GLaD_0.5_weighted",0.1750672790378,200,87471.747346755
2,"prevalence",0.75,"GLaD_1_unweighted",1,200,87471.747346755
2,"prevalence",0.75,"GLaD_1_weighted",0.194663604811001,200,87471.747346755
2,"prevalence",0.75,"GUniFrac",0.969596325773202,200,87471.747346755
2,"prevalence",0.75,"aitchison",1,200,87471.747346755
2,"prevalence",0.75,"bray",0.289596325773202,200,87471.747346755
2,"prevalence",0.75,"euclidean",0.1050672790378,200,87471.747346755
2,"prevalence",0.75,"jaccard",0.269730883848801,200,87471.747346755
2,"prevalence",0.75,"unifrac_unweighted",1,200,87471.747346755
2,"prevalence",0.75,"unifrac_weighted_phyloseq",0.349461767697602,200,87471.747346755
2,"prevalence",0.8,"GLaD_0.5_unweighted",1,200,87471.747346755
2,"prevalence",0.8,"GLaD_0.5_weighted",0.209865441924401,200,87471.747346755
2,"prevalence",0.8,"GLaD_1_unweighted",1,200,87471.747346755
2,"prevalence",0.8,"GLaD_1_weighted",0.2,200,87471.747346755
2,"prevalence",0.8,"GUniFrac",0.979730883848801,200,87471.747346755
2,"prevalence",0.8,"aitchison",1,200,87471.747346755
2,"prevalence",0.8,"bray",0.323856256357405,200,87471.747346755
2,"prevalence",0.8,"euclidean",0.0897308838488012,200,87471.747346755
2,"prevalence",0.8,"jaccard",0.318788977319605,200,87471.747346755
2,"prevalence",0.8,"unifrac_unweighted",1,200,87471.747346755
2,"prevalence",0.8,"unifrac_weighted_phyloseq",0.314394488659802,200,87471.747346755
2,"prevalence",0.85,"GLaD_0.5_unweighted",1,200,87471.747346755
2,"prevalence",0.85,"GLaD_0.5_weighted",0.229192651546403,200,87471.747346755
2,"prevalence",0.85,"GLaD_1_unweighted",1,200,87471.747346755
2,"prevalence",0.85,"GLaD_1_weighted",0.234394488659802,200,87471.747346755
2,"prevalence",0.85,"GUniFrac",0.9898654419244,200,87471.747346755
2,"prevalence",0.85,"aitchison",1,200,87471.747346755
2,"prevalence",0.85,"bray",0.363990814433004,200,87471.747346755
2,"prevalence",0.85,"euclidean",0.0746636048110014,200,87471.747346755
2,"prevalence",0.85,"jaccard",0.328923535395204,200,87471.747346755
2,"prevalence",0.85,"unifrac_unweighted",1,200,87471.747346755
2,"prevalence",0.85,"unifrac_weighted_phyloseq",0.413452582130606,200,87471.747346755
2,"prevalence",0.9,"GLaD_0.5_unweighted",1,200,87471.747346755
2,"prevalence",0.9,"GLaD_0.5_weighted",0.214663604811001,200,87471.747346755
2,"prevalence",0.9,"GLaD_1_unweighted",1,200,87471.747346755
2,"prevalence",0.9,"GLaD_1_weighted",0.200269116151199,200,87471.747346755
2,"prevalence",0.9,"GUniFrac",1,200,87471.747346755
2,"prevalence",0.9,"aitchison",1,200,87471.747346755
2,"prevalence",0.9,"bray",0.383856256357405,200,87471.747346755
2,"prevalence",0.9,"euclidean",0.0998654419244007,200,87471.747346755
2,"prevalence",0.9,"jaccard",0.374125372508604,200,87471.747346755
2,"prevalence",0.9,"unifrac_unweighted",1,200,87471.747346755
2,"prevalence",0.9,"unifrac_weighted_phyloseq",0.408788977319605,200,87471.747346755
2,"prevalence",0.95,"GLaD_0.5_unweighted",1,200,87471.747346755
2,"prevalence",0.95,"GLaD_0.5_weighted",0.259461767697602,200,87471.747346755
2,"prevalence",0.95,"GLaD_1_unweighted",1,200,87471.747346755
2,"prevalence",0.95,"GLaD_1_weighted",0.23,200,87471.747346755
2,"prevalence",0.95,"GUniFrac",1,200,87471.747346755
2,"prevalence",0.95,"aitchison",1,200,87471.747346755
2,"prevalence",0.95,"bray",0.458788977319605,200,87471.747346755
2,"prevalence",0.95,"euclidean",0.0797308838488012,200,87471.747346755
2,"prevalence",0.95,"jaccard",0.403587140206206,200,87471.747346755
2,"prevalence",0.95,"unifrac_unweighted",1,200,87471.747346755
2,"prevalence",0.95,"unifrac_weighted_phyloseq",0.478923535395204,200,87471.747346755
2,"prevalence",1,"GLaD_0.5_unweighted",1,200,87471.747346755
2,"prevalence",1,"GLaD_0.5_weighted",0.304394488659803,200,87471.747346755
2,"prevalence",1,"GLaD_1_unweighted",1,200,87471.747346755
2,"prevalence",1,"GLaD_1_weighted",0.264663604811001,200,87471.747346755
2,"prevalence",1,"GUniFrac",1,200,87471.747346755
2,"prevalence",1,"aitchison",1,200,87471.747346755
2,"prevalence",1,"bray",0.568385303092807,200,87471.747346755
2,"prevalence",1,"euclidean",0.109730883848801,200,87471.747346755
2,"prevalence",1,"jaccard",0.533318024055007,200,87471.747346755
2,"prevalence",1,"unifrac_unweighted",1,200,87471.747346755
2,"prevalence",1,"unifrac_weighted_phyloseq",0.543990814433004,200,87471.747346755
4,"abundance",0.05,"GLaD_0.5_unweighted",0.052678188830256,400,87471.7473467549
4,"abundance",0.05,"GLaD_0.5_weighted",0.0289472359926478,400,87471.7473467549
4,"abundance",0.05,"GLaD_1_unweighted",0.0595783403293656,400,87471.7473467549
4,"abundance",0.05,"GLaD_1_weighted",0.042039663935335,400,87471.7473467549
4,"abundance",0.05,"GUniFrac",0.0443052081573413,400,87471.7473467549
4,"abundance",0.05,"aitchison",0.0343965229196838,400,87471.7473467549
4,"abundance",0.05,"bray",0.0347162582614091,400,87471.7473467549
4,"abundance",0.05,"euclidean",0.0308930448729286,400,87471.7473467549
4,"abundance",0.05,"jaccard",0.0347162582614091,400,87471.7473467549
4,"abundance",0.05,"unifrac_unweighted",0.0465723468835294,400,87471.7473467549
4,"abundance",0.05,"unifrac_weighted_phyloseq",0.0387971806362608,400,87471.7473467549
4,"abundance",0.1,"GLaD_0.5_unweighted",0.0468243265688254,400,87471.7473467549
4,"abundance",0.1,"GLaD_0.5_weighted",0.0686184855885376,400,87471.7473467549
4,"abundance",0.1,"GLaD_1_unweighted",0.0653824770591366,400,87471.7473467549
4,"abundance",0.1,"GLaD_1_weighted",0.0755186370876472,400,87471.7473467549
4,"abundance",0.1,"GUniFrac",0.0459312816958968,400,87471.7473467549
4,"abundance",0.1,"aitchison",0.0410601845655555,400,87471.7473467549
4,"abundance",0.1,"bray",0.0539006328229467,400,87471.7473467549
4,"abundance",0.1,"euclidean",0.0494282849729787,400,87471.7473467549
4,"abundance",0.1,"jaccard",0.0555186370876472,400,87471.7473467549
4,"abundance",0.1,"unifrac_unweighted",0.0530843586688324,400,87471.7473467549
4,"abundance",0.1,"unifrac_weighted_phyloseq",0.0525949433417685,400,87471.7473467549
4,"abundance",0.15,"GLaD_0.5_unweighted",0.0293614751050791,400,87471.7473467549
4,"abundance",0.15,"GLaD_0.5_weighted",0.128911175743109,400,87471.7473467549
4,"abundance",0.15,"GLaD_1_unweighted",0.0413815144114626,400,87471.7473467549
4,"abundance",0.15,"GLaD_1_weighted",0.110705334762821,400,87471.7473467549
4,"abundance",0.15,"GUniFrac",0.0850211524867284,400,87471.7473467549
4,"abundance",0.15,"aitchison",0.0629317630197338,400,87471.7473467549
4,"abundance",0.15,"bray",0.0751124672490709,400,87471.7473467549
4,"abundance",0.15,"euclidean",0.0673780114710771,400,87471.7473467549
4,"abundance",0.15,"jaccard",0.0765698065908178,400,87471.7473467549
4,"abundance",0.15,"unifrac_unweighted",0.0226023638999716,400,87471.7473467549
4,"abundance",0.15,"unifrac_weighted_phyloseq",0.124927297431674,400,87471.7473467549
4,"abundance",0.2,"GLaD_0.5_unweighted",0.0478102807082782,400,87471.7473467549
4,"abundance",0.2,"GLaD_0.5_weighted",0.123295397839098,400,87471.7473467549
4,"abundance",0.2,"GLaD_1_unweighted",0.051457339341747,400,87471.7473467549
4,"abundance",0.2,"GLaD_1_weighted",0.105315437145481,400,87471.7473467549
4,"abundance",0.2,"GUniFrac",0.11414519195004,400,87471.7473467549
4,"abundance",0.2,"aitchison",0.0398393350770465,400,87471.7473467549
4,"abundance",0.2,"bray",0.0821145430770896,400,87471.7473467549
4,"abundance",0.2,"euclidean",0.081213428930306,400,87471.7473467549
4,"abundance",0.2,"jaccard",0.0852902165082643,400,87471.7473467549
4,"abundance",0.2,"unifrac_unweighted",0.0449714269550687,400,87471.7473467549
4,"abundance",0.2,"unifrac_weighted_phyloseq",0.112848517531246,400,87471.7473467549
4,"abundance",0.25,"GLaD_0.5_unweighted",0.0367394865761562,400,87471.7473467549
4,"abundance",0.25,"GLaD_0.5_weighted",0.166301391284934,400,87471.7473467549
4,"abundance",0.25,"GLaD_1_unweighted",0.0289398154344447,400,87471.7473467549
4,"abundance",0.25,"GLaD_1_weighted",0.179865204429915,400,87471.7473467549
4,"abundance",0.25,"GUniFrac",0.181833923700457,400,87471.7473467549
4,"abundance",0.25,"aitchison",0.0695783403293656,400,87471.7473467549
4,"abundance",0.25,"bray",0.0847153124728794,400,87471.7473467549
4,"abundance",0.25,"euclidean",0.0627630288229252,400,87471.7473467549
4,"abundance",0.25,"jaccard",0.0780516508270076,400,87471.7473467549
4,"abundance",0.25,"unifrac_unweighted",0.04965416525965,400,87471.7473467549
4,"abundance",0.25,"unifrac_weighted_phyloseq",0.195643241761062,400,87471.7473467549
4,"abundance",0.3,"GLaD_0.5_unweighted",0.0555928675137498,400,87471.7473467549
4,"abundance",0.3,"GLaD_0.5_weighted",0.236825691027251,400,87471.7473467549
4,"abundance",0.3,"GLaD_1_unweighted",0.0395873553917505,400,87471.7473467549
4,"abundance",0.3,"GLaD_1_weighted",0.242344328114898,400,87471.7473467549
4,"abundance",0.3,"GUniFrac",0.231996183127593,400,87471.7473467549
4,"abundance",0.3,"aitchison",0.0607991898178746,400,87471.7473467549
4,"abundance",0.3,"bray",0.108785625281164,400,87471.7473467549
4,"abundance",0.3,"euclidean",0.082520712915666,400,87471.7473467549
4,"abundance",0.3,"jaccard",0.117076306254122,400,87471.7473467549
4,"abundance",0.3,"unifrac_unweighted",0.0595873553917505,400,87471.7473467549
4,"abundance",0.3,"unifrac_weighted_phyloseq",0.249117334647882,400,87471.7473467549
4,"abundance",0.35,"GLaD_0.5_unweighted",0.0435728282073663,400,87471.7473467549
4,"abundance",0.35,"GLaD_0.5_weighted",0.290806283577376,400,87471.7473467549
4,"abundance",0.35,"GLaD_1_unweighted",0.0658473874917575,400,87471.7473467549
4,"abundance",0.35,"GLaD_1_weighted",0.295430281287912,400,87471.7473467549
4,"abundance",0.35,"GUniFrac",0.32807836921546,400,87471.7473467549
4,"abundance",0.35,"aitchison",0.03576414200327,400,87471.7473467549
4,"abundance",0.35,"bray",0.15550220146706,400,87471.7473467549
4,"abundance",0.35,"euclidean",0.126151335928547,400,87471.7473467549
4,"abundance",0.35,"jaccard",0.158341055220269,400,87471.7473467549
4,"abundance",0.35,"unifrac_unweighted",0.0345571878426373,400,87471.7473467549
4,"abundance",0.35,"unifrac_weighted_phyloseq",0.314405211183367,400,87471.7473467549
4,"abundance",0.4,"GLaD_0.5_unweighted",0.0542203681646721,400,87471.7473467549
4,"abundance",0.4,"GLaD_0.5_weighted",0.339860094118668,400,87471.7473467549
4,"abundance",0.4,"GLaD_1_unweighted",0.0504958900967372,400,87471.7473467549
4,"abundance",0.4,"GLaD_1_weighted",0.339608114433372,400,87471.7473467549
4,"abundance",0.4,"GUniFrac",0.431254788115234,400,87471.7473467549
4,"abundance",0.4,"aitchison",0.0624352242073448,400,87471.7473467549
4,"abundance",0.4,"bray",0.238752105324337,400,87471.7473467549
4,"abundance",0.4,"euclidean",0.129073435170244,400,87471.7473467549
4,"abundance",0.4,"jaccard",0.223554798082597,400,87471.7473467549
4,"abundance",0.4,"unifrac_unweighted",0.0490898707908317,400,87471.7473467549
4,"abundance",0.4,"unifrac_weighted_phyloseq",0.41926315845443,400,87471.7473467549
4,"abundance",0.45,"GLaD_0.5_unweighted",0.0323503842146755,400,87471.7473467549
4,"abundance",0.45,"GLaD_0.5_weighted",0.398559284902982,400,87471.7473467549
4,"abundance",0.45,"GLaD_1_unweighted",0.0451214823114557,400,87471.7473467549
4,"abundance",0.45,"GLaD_1_weighted",0.385938242162588,400,87471.7473467549
4,"abundance",0.45,"GUniFrac",0.476441485790408,400,87471.7473467549
4,"abundance",0.45,"aitchison",0.0777825868054717,400,87471.7473467549
4,"abundance",0.45,"bray",0.301727864574655,400,87471.7473467549
4,"abundance",0.45,"euclidean",0.203869452838899,400,87471.7473467549
4,"abundance",0.45,"jaccard",0.291568794155883,400,87471.7473467549
4,"abundance",0.45,"unifrac_unweighted",0.0392676200500251,400,87471.7473467549
4,"abundance",0.45,"unifrac_weighted_phyloseq",0.474363421632753,400,87471.7473467549
4,"abundance",0.5,"GLaD_0.5_unweighted",0.0567378920719744,400,87471.7473467549
4,"abundance",0.5,"GLaD_0.5_weighted",0.475603016988805,400,87471.7473467549
4,"abundance",0.5,"GLaD_1_unweighted",0.0510617790697373,400,87471.7473467549
4,"abundance",0.5,"GLaD_1_weighted",0.470868079886975,400,87471.7473467549
4,"abundance",0.5,"GUniFrac",0.632199153024006,400,87471.7473467549
4,"abundance",0.5,"aitchison",0.0928388537532096,400,87471.7473467549
4,"abundance",0.5,"bray",0.359556175407703,400,87471.7473467549
4,"abundance",0.5,"euclidean",0.193148628244021,400,87471.7473467549
4,"abundance",0.5,"jaccard",0.333213843607738,400,87471.7473467549
4,"abundance",0.5,"unifrac_unweighted",0.0550301675491132,400,87471.7473467549
4,"abundance",0.5,"unifrac_weighted_phyloseq",0.576209846476838,400,87471.7473467549
4,"abundance",0.55,"GLaD_0.5_unweighted",0.0648026927582602,400,87471.7473467549
4,"abundance",0.55,"GLaD_0.5_weighted",0.568885398261435,400,87471.7473467549
4,"abundance",0.55,"GLaD_1_unweighted",0.0536731580320936,400,87471.7473467549
4,"abundance",0.55,"GLaD_1_weighted",0.541931453460894,400,87471.7473467549
4,"abundance",0.55,"GUniFrac",0.759203568824805,400,87471.7473467549
4,"abundance",0.55,"aitchison",0.101709319027043,400,87471.7473467549
4,"abundance",0.55,"bray",0.475436785783411,400,87471.7473467549
4,"abundance",0.55,"euclidean",0.265348011313779,400,87471.7473467549
4,"abundance",0.55,"jaccard",0.471457787737469,400,87471.7473467549
4,"abundance",0.55,"unifrac_unweighted",0.078701731077025,400,87471.7473467549
4,"abundance",0.55,"unifrac_weighted_phyloseq",0.71128872674196,400,87471.7473467549
4,"abundance",0.6,"GLaD_0.5_unweighted",0.0389446956999362,400,87471.7473467549
4,"abundance",0.6,"GLaD_0.5_weighted",0.654502770669629,400,87471.7473467549
4,"abundance",0.6,"GLaD_1_unweighted",0.0468333416312102,400,87471.7473467549
4,"abundance",0.6,"GLaD_1_weighted",0.592580587922382,400,87471.7473467549
4,"abundance",0.6,"GUniFrac",0.84993848906749,400,87471.7473467549
4,"abundance",0.6,"aitchison",0.104650097109162,400,87471.7473467549
4,"abundance",0.6,"bray",0.599945909625694,400,87471.7473467549
4,"abundance",0.6,"euclidean",0.300503729324836,400,87471.7473467549
4,"abundance",0.6,"jaccard",0.58456990733623,400,87471.7473467549
4,"abundance",0.6,"unifrac_unweighted",0.0455341269197053,400,87471.7473467549
4,"abundance",0.6,"unifrac_weighted_phyloseq",0.778039768673212,400,87471.7473467549
4,"abundance",0.65,"GLaD_0.5_unweighted",0.0650366423187865,400,87471.7473467549
4,"abundance",0.65,"GLaD_0.5_weighted",0.68426374052368,400,87471.7473467549
4,"abundance",0.65,"GLaD_1_unweighted",0.0588533809375937,400,87471.7473467549
4,"abundance",0.65,"GLaD_1_weighted",0.663975051873192,400,87471.7473467549
4,"abundance",0.65,"GUniFrac",0.875155420938181,400,87471.7473467549
4,"abundance",0.65,"aitchison",0.146897611206398,400,87471.7473467549
4,"abundance",0.65,"bray",0.674442665617159,400,87471.7473467549
4,"abundance",0.65,"euclidean",0.366718170690077,400,87471.7473467549
4,"abundance",0.65,"jaccard",0.660617857724497,400,87471.7473467549
4,"abundance",0.65,"unifrac_unweighted",0.0684562261614022,400,87471.7473467549
4,"abundance",0.65,"unifrac_weighted_phyloseq",0.83669824898825,400,87471.7473467549
4,"abundance",0.7,"GLaD_0.5_unweighted",0.0543981174238656,400,87471.7473467549
4,"abundance",0.7,"GLaD_0.5_weighted",0.712074021231958,400,87471.7473467549
4,"abundance",0.7,"GLaD_1_unweighted",0.0448026927582601,400,87471.7473467549
4,"abundance",0.7,"GLaD_1_weighted",0.659333024037886,400,87471.7473467549
4,"abundance",0.7,"GUniFrac",0.937934885381693,400,87471.7473467549
4,"abundance",0.7,"aitchison",0.132669173767871,400,87471.7473467549
4,"abundance",0.7,"bray",0.726045276802748,400,87471.7473467549
4,"abundance",0.7,"euclidean",0.400605653653746,400,87471.7473467549
4,"abundance",0.7,"jaccard",0.696525677067427,400,87471.7473467549
4,"abundance",0.7,"unifrac_unweighted",0.0381300160500036,400,87471.7473467549
4,"abundance",0.7,"unifrac_weighted_phyloseq",0.86036493225067,400,87471.7473467549
4,"abundance",0.75,"GLaD_0.5_unweighted",0.0493524600426943,400,87471.7473467549
4,"abundance",0.75,"GLaD_0.5_weighted",0.794457925403461,400,87471.7473467549
4,"abundance",0.75,"GLaD_1_unweighted",0.051693829194985,400,87471.7473467549
4,"abundance",0.75,"GLaD_1_weighted",0.745053266563518,400,87471.7473467549
4,"abundance",0.75,"GUniFrac",0.967144710626203,400,87471.7473467549
4,"abundance",0.75,"aitchison",0.202029703084421,400,87471.7473467549
4,"abundance",0.75,"bray",0.830933458269328,400,87471.7473467549
4,"abundance",0.75,"euclidean",0.490917968437269,400,87471.7473467549
4,"abundance",0.75,"jaccard",0.808667914047322,400,87471.7473467549
4,"abundance",0.75,"unifrac_unweighted",0.0557796318353281,400,87471.7473467549
4,"abundance",0.75,"unifrac_weighted_phyloseq",0.920305542940972,400,87471.7473467549
4,"abundance",0.8,"GLaD_0.5_unweighted",0.062434278418815,400,87471.7473467549
4,"abundance",0.8,"GLaD_0.5_weighted",0.841700722634557,400,87471.7473467549
4,"abundance",0.8,"GLaD_1_unweighted",0.0477238462114272,400,87471.7473467549
4,"abundance",0.8,"GLaD_1_weighted",0.80530205724045,400,87471.7473467549
4,"abundance",0.8,"GUniFrac",0.983976457753231,400,87471.7473467549
4,"abundance",0.8,"aitchison",0.172905663621109,400,87471.7473467549
4,"abundance",0.8,"bray",0.899972954812847,400,87471.7473467549
4,"abundance",0.8,"euclidean",0.571253193611053,400,87471.7473467549
4,"abundance",0.8,"jaccard",0.896475951535765,400,87471.7473467549
4,"abundance",0.8,"unifrac_unweighted",0.0561832613811929,400,87471.7473467549
4,"abundance",0.8,"unifrac_weighted_phyloseq",0.949166344436769,400,87471.7473467549
4,"abundance",0.85,"GLaD_0.5_unweighted",0.0447088377032061,400,87471.7473467549
4,"abundance",0.85,"GLaD_0.5_weighted",0.864096830876808,400,87471.7473467549
4,"abundance",0.85,"GLaD_1_unweighted",0.0490140458605473,400,87471.7473467549
4,"abundance",0.85,"GLaD_1_weighted",0.818835769482723,400,87471.7473467549
4,"abundance",0.85,"GUniFrac",0.997236971177075,400,87471.7473467549
4,"abundance",0.85,"aitchison",0.208032026198056,400,87471.7473467549
4,"abundance",0.85,"bray",0.96330027810459,400,87471.7473467549
4,"abundance",0.85,"euclidean",0.647851639893208,400,87471.7473467549
4,"abundance",0.85,"jaccard",0.948741495757771,400,87471.7473467549
4,"abundance",0.85,"unifrac_unweighted",0.0451214823114557,400,87471.7473467549
4,"abundance",0.85,"unifrac_weighted_phyloseq",0.991137604000022,400,87471.7473467549
4,"abundance",0.9,"GLaD_0.5_unweighted",0.0457038069050437,400,87471.7473467549
4,"abundance",0.9,"GLaD_0.5_weighted",0.894507880980875,400,87471.7473467549
4,"abundance",0.9,"GLaD_1_unweighted",0.0419442143760992,400,87471.7473467549
4,"abundance",0.9,"GLaD_1_weighted",0.848843190040925,400,87471.7473467549
4,"abundance",0.9,"GUniFrac",0.996663661645872,400,87471.7473467549
4,"abundance",0.9,"aitchison",0.280547858848231,400,87471.7473467549
4,"abundance",0.9,"bray",0.963976457753231,400,87471.7473467549
4,"abundance",0.9,"euclidean",0.694830156615314,400,87471.7473467549
4,"abundance",0.9,"jaccard",0.961936793817897,400,87471.7473467549
4,"abundance",0.9,"unifrac_unweighted",0.0481455058820617,400,87471.7473467549
4,"abundance",0.9,"unifrac_weighted_phyloseq",0.982021633810566,400,87471.7473467549
4,"abundance",0.95,"GLaD_0.5_unweighted",0.0641445432343878,400,87471.7473467549
4,"abundance",0.95,"GLaD_0.5_weighted",0.92761674454415,400,87471.7473467549
4,"abundance",0.95,"GLaD_1_unweighted",0.0521154888656194,400,87471.7473467549
4,"abundance",0.95,"GLaD_1_weighted",0.877552990391805,400,87471.7473467549
4,"abundance",0.95,"GUniFrac",1,400,87471.7473467549
4,"abundance",0.95,"aitchison",0.248788165573876,400,87471.7473467549
4,"abundance",0.95,"bray",0.973505072550937,400,87471.7473467549
4,"abundance",0.95,"euclidean",0.776712441389005,400,87471.7473467549
4,"abundance",0.95,"jaccard",0.965375056500934,400,87471.7473467549
4,"abundance",0.95,"unifrac_unweighted",0.0526113789623565,400,87471.7473467549
4,"abundance",0.95,"unifrac_weighted_phyloseq",0.988459415169766,400,87471.7473467549
4,"abundance",1,"GLaD_0.5_unweighted",0.0402455049156229,400,87471.7473467549
4,"abundance",1,"GLaD_0.5_weighted",0.948846609095043,400,87471.7473467549
4,"abundance",1,"GLaD_1_unweighted",0.0486943105188219,400,87471.7473467549
4,"abundance",1,"GLaD_1_weighted",0.909534859521624,400,87471.7473467549
4,"abundance",1,"GUniFrac",0.998045176057334,400,87471.7473467549
4,"abundance",1,"aitchison",0.343606118118438,400,87471.7473467549
4,"abundance",1,"bray",0.988121000987619,400,87471.7473467549
4,"abundance",1,"euclidean",0.814530791371138,400,87471.7473467549
4,"abundance",1,"jaccard",0.983403148222028,400,87471.7473467549
4,"abundance",1,"unifrac_unweighted",0.0493614751050792,400,87471.7473467549
4,"abundance",1,"unifrac_weighted_phyloseq",0.991945808880281,400,87471.7473467549
4,"both",0.05,"GLaD_0.5_unweighted",0.031220849488509,400,87471.7473467549
4,"both",0.05,"GLaD_0.5_weighted",0.0465136062894849,400,87471.7473467549
4,"both",0.05,"GLaD_1_unweighted",0.0635883180394244,400,87471.7473467549
4,"both",0.05,"GLaD_1_weighted",0.0499151600073309,400,87471.7473467549
4,"both",0.05,"GUniFrac",0.0482164505468546,400,87471.7473467549
4,"both",0.05,"aitchison",0.0563423317999647,400,87471.7473467549
4,"both",0.05,"bray",0.0382971557426304,400,87471.7473467549
4,"both",0.05,"euclidean",0.0417289436559945,400,87471.7473467549
4,"both",0.05,"jaccard",0.0350456573811713,400,87471.7473467549
4,"both",0.05,"unifrac_unweighted",0.0371611462467906,400,87471.7473467549
4,"both",0.05,"unifrac_weighted_phyloseq",0.0413921239780293,400,87471.7473467549
4,"both",0.1,"GLaD_0.5_unweighted",0.0417183340894279,400,87471.7473467549
4,"both",0.1,"GLaD_0.5_weighted",0.0679619305688469,400,87471.7473467549
4,"both",0.1,"GLaD_1_unweighted",0.06722890190322,400,87471.7473467549
4,"both",0.1,"GLaD_1_weighted",0.0817696541252693,400,87471.7473467549
4,"both",0.1,"GUniFrac",0.0788549754417755,400,87471.7473467549
4,"both",0.1,"aitchison",0.0441445432343877,400,87471.7473467549
4,"both",0.1,"bray",0.057236971177075,400,87471.7473467549
4,"both",0.1,"euclidean",0.0714589338459288,400,87471.7473467549
4,"both",0.1,"jaccard",0.0598499446436132,400,87471.7473467549
4,"both",0.1,"unifrac_unweighted",0.0363619564289161,400,87471.7473467549
4,"both",0.1,"unifrac_weighted_phyloseq",0.0728404482573913,400,87471.7473467549
4,"both",0.15,"GLaD_0.5_unweighted",0.0847936776958753,400,87471.7473467549
4,"both",0.15,"GLaD_0.5_weighted",0.110718484622099,400,87471.7473467549
4,"both",0.15,"GLaD_1_unweighted",0.0887033255812068,400,87471.7473467549
4,"both",0.15,"GLaD_1_weighted",0.1139544931515,400,87471.7473467549
4,"both",0.15,"GUniFrac",0.103555743871127,400,87471.7473467549
4,"both",0.15,"aitchison",0.102180704229337,400,87471.7473467549
4,"both",0.15,"bray",0.074229383227057,400,87471.7473467549
4,"both",0.15,"euclidean",0.0537595925289446,400,87471.7473467549
4,"both",0.15,"jaccard",0.0776415465114696,400,87471.7473467549
4,"both",0.15,"unifrac_unweighted",0.0739944878780008,400,87471.7473467549
4,"both",0.15,"unifrac_weighted_phyloseq",0.126235527205564,400,87471.7473467549
4,"both",0.2,"GLaD_0.5_unweighted",0.136891136436725,400,87471.7473467549
4,"both",0.2,"GLaD_0.5_weighted",0.153293803334916,400,87471.7473467549
4,"both",0.2,"GLaD_1_unweighted",0.104287178032572,400,87471.7473467549
4,"both",0.2,"GLaD_1_weighted",0.169198985632188,400,87471.7473467549
4,"both",0.2,"GUniFrac",0.198991135470286,400,87471.7473467549
4,"both",0.2,"aitchison",0.14894883049683,400,87471.7473467549
4,"both",0.2,"bray",0.0966726767082567,400,87471.7473467549
4,"both",0.2,"euclidean",0.0662510170376222,400,87471.7473467549
4,"both",0.2,"jaccard",0.0878935261967657,400,87471.7473467549
4,"both",0.2,"unifrac_unweighted",0.101868389445815,400,87471.7473467549
4,"both",0.2,"unifrac_weighted_phyloseq",0.182063938784022,400,87471.7473467549
4,"both",0.25,"GLaD_0.5_unweighted",0.19650787698841,400,87471.7473467549
4,"both",0.25,"GLaD_0.5_weighted",0.211871348408423,400,87471.7473467549
4,"both",0.25,"GLaD_1_unweighted",0.206335857030292,400,87471.7473467549
4,"both",0.25,"GLaD_1_weighted",0.220483359227287,400,87471.7473467549
4,"both",0.25,"GUniFrac",0.318341055220269,400,87471.7473467549
4,"both",0.25,"aitchison",0.193410568780231,400,87471.7473467549
4,"both",0.25,"bray",0.162094918448138,400,87471.7473467549
4,"both",0.25,"euclidean",0.131833923700457,400,87471.7473467549
4,"both",0.25,"jaccard",0.146736946283445,400,87471.7473467549
4,"both",0.25,"unifrac_unweighted",0.143493814268719,400,87471.7473467549
4,"both",0.25,"unifrac_weighted_phyloseq",0.284473712308394,400,87471.7473467549
4,"both",0.3,"GLaD_0.5_unweighted",0.28102825911291,400,87471.7473467549
4,"both",0.3,"GLaD_0.5_weighted",0.324436906590257,400,87471.7473467549
4,"both",0.3,"GLaD_1_unweighted",0.231096014769339,400,87471.7473467549
4,"both",0.3,"GLaD_1_weighted",0.315481601323754,400,87471.7473467549
4,"both",0.3,"GUniFrac",0.487088280279115,400,87471.7473467549
4,"both",0.3,"aitchison",0.269260199491822,400,87471.7473467549
4,"both",0.3,"bray",0.205837426640843,400,87471.7473467549
4,"both",0.3,"euclidean",0.111550248608271,400,87471.7473467549
4,"both",0.3,"jaccard",0.20004877974313,400,87471.7473467549
4,"both",0.3,"unifrac_unweighted",0.217297403028248,400,87471.7473467549
4,"both",0.3,"unifrac_weighted_phyloseq",0.420130103928734,400,87471.7473467549
4,"both",0.35,"GLaD_0.5_unweighted",0.461325829532973,400,87471.7473467549
4,"both",0.35,"GLaD_0.5_weighted",0.420491198455386,400,87471.7473467549
4,"both",0.35,"GLaD_1_unweighted",0.3160404932902,400,87471.7473467549
4,"both",0.35,"GLaD_1_weighted",0.419166830133786,400,87471.7473467549
4,"both",0.35,"GUniFrac",0.661463584065667,400,87471.7473467549
4,"both",0.35,"aitchison",0.454850526712861,400,87471.7473467549
4,"both",0.35,"bray",0.274380087299096,400,87471.7473467549
4,"both",0.35,"euclidean",0.128917650512782,400,87471.7473467549
4,"both",0.35,"jaccard",0.259747074526175,400,87471.7473467549
4,"both",0.35,"unifrac_unweighted",0.34905644758695,400,87471.7473467549
4,"both",0.35,"unifrac_weighted_phyloseq",0.525788835521855,400,87471.7473467549
4,"both",0.4,"GLaD_0.5_unweighted",0.621549369846866,400,87471.7473467549
4,"both",0.4,"GLaD_0.5_weighted",0.490325653266942,400,87471.7473467549
4,"both",0.4,"GLaD_1_unweighted",0.38782743207164,400,87471.7473467549
4,"both",0.4,"GLaD_1_weighted",0.475992751206794,400,87471.7473467549
4,"both",0.4,"GUniFrac",0.820774387850557,400,87471.7473467549
4,"both",0.4,"aitchison",0.637845165123535,400,87471.7473467549
4,"both",0.4,"bray",0.399310573739134,400,87471.7473467549
4,"both",0.4,"euclidean",0.165013731928526,400,87471.7473467549
4,"both",0.4,"jaccard",0.406547544916209,400,87471.7473467549
4,"both",0.4,"unifrac_unweighted",0.472471151164076,400,87471.7473467549
4,"both",0.4,"unifrac_weighted_phyloseq",0.655050859563616,400,87471.7473467549
4,"both",0.45,"GLaD_0.5_unweighted",0.764176238641281,400,87471.7473467549
4,"both",0.45,"GLaD_0.5_weighted",0.595301960487503,400,87471.7473467549
4,"both",0.45,"GLaD_1_unweighted",0.447845462196411,400,87471.7473467549
4,"both",0.45,"GLaD_1_weighted",0.572003143594286,400,87471.7473467549
4,"both",0.45,"GUniFrac",0.905568362619308,400,87471.7473467549
4,"both",0.45,"aitchison",0.804440422397325,400,87471.7473467549
4,"both",0.45,"bray",0.566907044938681,400,87471.7473467549
4,"both",0.45,"euclidean",0.188350070282654,400,87471.7473467549
4,"both",0.45,"jaccard",0.543006412115734,400,87471.7473467549
4,"both",0.45,"unifrac_unweighted",0.605795285447457,400,87471.7473467549
4,"both",0.45,"unifrac_weighted_phyloseq",0.782360466662612,400,87471.7473467549
4,"both",0.5,"GLaD_0.5_unweighted",0.906995467765537,400,87471.7473467549
4,"both",0.5,"GLaD_0.5_weighted",0.685987803914183,400,87471.7473467549
4,"both",0.5,"GLaD_1_unweighted",0.5360004985637,400,87471.7473467549
4,"both",0.5,"GLaD_1_weighted",0.635115196165925,400,87471.7473467549
4,"both",0.5,"GUniFrac",0.974211353102288,400,87471.7473467549
4,"both",0.5,"aitchison",0.903528698683973,400,87471.7473467549
4,"both",0.5,"bray",0.657677079642378,400,87471.7473467549
4,"both",0.5,"euclidean",0.242344558160655,400,87471.7473467549
4,"both",0.5,"jaccard",0.626389420285969,400,87471.7473467549
4,"both",0.5,"unifrac_unweighted",0.758860019487339,400,87471.7473467549
4,"both",0.5,"unifrac_weighted_phyloseq",0.847508994161221,400,87471.7473467549
4,"both",0.55,"GLaD_0.5_unweighted",0.955095382912832,400,87471.7473467549
4,"both",0.55,"GLaD_0.5_weighted",0.731153282456223,400,87471.7473467549
4,"both",0.55,"GLaD_1_unweighted",0.589553835434925,400,87471.7473467549
4,"both",0.55,"GLaD_1_weighted",0.684916227773599,400,87471.7473467549
4,"both",0.55,"GUniFrac",0.992180704229337,400,87471.7473467549
4,"both",0.55,"aitchison",0.97731279610736,400,87471.7473467549
4,"both",0.55,"bray",0.77911160534681,400,87471.7473467549
4,"both",0.55,"euclidean",0.299795854269305,400,87471.7473467549
4,"both",0.55,"jaccard",0.746518256509224,400,87471.7473467549
4,"both",0.55,"unifrac_unweighted",0.880852201110846,400,87471.7473467549
4,"both",0.55,"unifrac_weighted_phyloseq",0.920775333639085,400,87471.7473467549
4,"both",0.6,"GLaD_0.5_unweighted",0.98283885375321,400,87471.7473467549
4,"both",0.6,"GLaD_0.5_weighted",0.805527773747053,400,87471.7473467549
4,"both",0.6,"GLaD_1_unweighted",0.685616493646788,400,87471.7473467549
4,"both",0.6,"GLaD_1_weighted",0.740569363358453,400,87471.7473467549
4,"both",0.6,"GUniFrac",1,400,87471.7473467549
4,"both",0.6,"aitchison",0.993327323291744,400,87471.7473467549
4,"both",0.6,"bray",0.856724645459752,400,87471.7473467549
4,"both",0.6,"euclidean",0.376391014790149,400,87471.7473467549
4,"both",0.6,"jaccard",0.839413443856575,400,87471.7473467549
4,"both",0.6,"unifrac_unweighted",0.955742922870138,400,87471.7473467549
4,"both",0.6,"unifrac_weighted_phyloseq",0.946488155606513,400,87471.7473467549
4,"both",0.65,"GLaD_0.5_unweighted",0.996663661645872,400,87471.7473467549
4,"both",0.65,"GLaD_0.5_weighted",0.837640073604309,400,87471.7473467549
4,"both",0.65,"GLaD_1_unweighted",0.798382062762424,400,87471.7473467549
4,"both",0.65,"GLaD_1_weighted",0.807425615379924,400,87471.7473467549
4,"both",0.65,"GUniFrac",1,400,87471.7473467549
4,"both",0.65,"aitchison",0.996663661645872,400,87471.7473467549
4,"both",0.65,"bray",0.939974549317028,400,87471.7473467549
4,"both",0.65,"euclidean",0.426805350655527,400,87471.7473467549
4,"both",0.65,"jaccard",0.927287345424388,400,87471.7473467549
4,"both",0.65,"unifrac_unweighted",0.981446729775181,400,87471.7473467549
4,"both",0.65,"unifrac_weighted_phyloseq",0.96810297086285,400,87471.7473467549
4,"both",0.7,"GLaD_0.5_unweighted",1,400,87471.7473467549
4,"both",0.7,"GLaD_0.5_weighted",0.877421613875839,400,87471.7473467549
4,"both",0.7,"GLaD_1_unweighted",0.856769587478867,400,87471.7473467549
4,"both",0.7,"GLaD_1_weighted",0.826530976002813,400,87471.7473467549
4,"both",0.7,"GUniFrac",1,400,87471.7473467549
4,"both",0.7,"aitchison",1,400,87471.7473467549
4,"both",0.7,"bray",0.957614501324316,400,87471.7473467549
4,"both",0.7,"euclidean",0.524750196888135,400,87471.7473467549
4,"both",0.7,"jaccard",0.957529661331647,400,87471.7473467549
4,"both",0.7,"unifrac_unweighted",1,400,87471.7473467549
4,"both",0.7,"unifrac_weighted_phyloseq",0.98803616099495,400,87471.7473467549
4,"both",0.75,"GLaD_0.5_unweighted",1,400,87471.7473467549
4,"both",0.75,"GLaD_0.5_weighted",0.919158923878566,400,87471.7473467549
4,"both",0.75,"GLaD_1_unweighted",0.838011007384857,400,87471.7473467549
4,"both",0.75,"GLaD_1_weighted",0.864058527407435,400,87471.7473467549
4,"both",0.75,"GUniFrac",1,400,87471.7473467549
4,"both",0.75,"aitchison",1,400,87471.7473467549
4,"both",0.75,"bray",0.987810280708278,400,87471.7473467549
4,"both",0.75,"euclidean",0.514206472836797,400,87471.7473467549
4,"both",0.75,"jaccard",0.985047251885353,400,87471.7473467549
4,"both",0.75,"unifrac_unweighted",0.996090352114669,400,87471.7473467549
4,"both",0.75,"unifrac_weighted_phyloseq",0.993412163284413,400,87471.7473467549
4,"both",0.8,"GLaD_0.5_unweighted",1,400,87471.7473467549
4,"both",0.8,"GLaD_0.5_weighted",0.962022282526218,400,87471.7473467549
4,"both",0.8,"GLaD_1_unweighted",0.894439773681672,400,87471.7473467549
4,"both",0.8,"GLaD_1_weighted",0.938179444508786,400,87471.7473467549
4,"both",0.8,"GUniFrac",1,400,87471.7473467549
4,"both",0.8,"aitchison",1,400,87471.7473467549
4,"both",0.8,"bray",0.998045176057334,400,87471.7473467549
4,"both",0.8,"euclidean",0.660690493646418,400,87471.7473467549
4,"both",0.8,"jaccard",0.998045176057334,400,87471.7473467549
4,"both",0.8,"unifrac_unweighted",1,400,87471.7473467549
4,"both",0.8,"unifrac_weighted_phyloseq",1,400,87471.7473467549
4,"both",0.85,"GLaD_0.5_unweighted",1,400,87471.7473467549
4,"both",0.85,"GLaD_0.5_weighted",0.972924342461531,400,87471.7473467549
4,"both",0.85,"GLaD_1_unweighted",0.956974381925213,400,87471.7473467549
4,"both",0.85,"GLaD_1_weighted",0.960960503456481,400,87471.7473467549
4,"both",0.85,"GUniFrac",1,400,87471.7473467549
4,"both",0.85,"aitchison",1,400,87471.7473467549
4,"both",0.85,"bray",1,400,87471.7473467549
4,"both",0.85,"euclidean",0.752144777272611,400,87471.7473467549
4,"both",0.85,"jaccard",1,400,87471.7473467549
4,"both",0.85,"unifrac_unweighted",1,400,87471.7473467549
4,"both",0.85,"unifrac_weighted_phyloseq",1,400,87471.7473467549
4,"both",0.9,"GLaD_0.5_unweighted",1,400,87471.7473467549
4,"both",0.9,"GLaD_0.5_weighted",0.987566370296837,400,87471.7473467549
4,"both",0.9,"GLaD_1_unweighted",0.980141040294003,400,87471.7473467549
4,"both",0.9,"GLaD_1_weighted",0.957200910927536,400,87471.7473467549
4,"both",0.9,"GUniFrac",1,400,87471.7473467549
4,"both",0.9,"aitchison",1,400,87471.7473467549
4,"both",0.9,"bray",1,400,87471.7473467549
4,"both",0.9,"euclidean",0.839492554548169,400,87471.7473467549
4,"both",0.9,"jaccard",1,400,87471.7473467549
4,"both",0.9,"unifrac_unweighted",1,400,87471.7473467549
4,"both",0.9,"unifrac_weighted_phyloseq",1,400,87471.7473467549
4,"both",0.95,"GLaD_0.5_unweighted",1,400,87471.7473467549
4,"both",0.95,"GLaD_0.5_weighted",0.993900632822947,400,87471.7473467549
4,"both",0.95,"GLaD_1_unweighted",0.982914678683494,400,87471.7473467549
4,"both",0.95,"GLaD_1_weighted",0.978450400107381,400,87471.7473467549
4,"both",0.95,"GUniFrac",1,400,87471.7473467549
4,"both",0.95,"aitchison",1,400,87471.7473467549
4,"both",0.95,"bray",1,400,87471.7473467549
4,"both",0.95,"euclidean",0.851534758776215,400,87471.7473467549
4,"both",0.95,"jaccard",1,400,87471.7473467549
4,"both",0.95,"unifrac_unweighted",1,400,87471.7473467549
4,"both",0.95,"unifrac_weighted_phyloseq",1,400,87471.7473467549
4,"both",1,"GLaD_0.5_unweighted",1,400,87471.7473467549
4,"both",1,"GLaD_0.5_weighted",0.998045176057334,400,87471.7473467549
4,"both",1,"GLaD_1_unweighted",0.982904069116927,400,87471.7473467549
4,"both",1,"GLaD_1_weighted",0.993327323291744,400,87471.7473467549
4,"both",1,"GUniFrac",1,400,87471.7473467549
4,"both",1,"aitchison",1,400,87471.7473467549
4,"both",1,"bray",1,400,87471.7473467549
4,"both",1,"euclidean",0.890077419434468,400,87471.7473467549
4,"both",1,"jaccard",1,400,87471.7473467549
4,"both",1,"unifrac_unweighted",1,400,87471.7473467549
4,"both",1,"unifrac_weighted_phyloseq",1,400,87471.7473467549
4,"prevalence",0.05,"GLaD_0.5_unweighted",0.0678845111343808,400,87471.7473467549
4,"prevalence",0.05,"GLaD_0.5_weighted",0.0324507140394029,400,87471.7473467549
4,"prevalence",0.05,"GLaD_1_unweighted",0.0499151600073309,400,87471.7473467549
4,"prevalence",0.05,"GLaD_1_weighted",0.0239080533811498,400,87471.7473467549
4,"prevalence",0.05,"GUniFrac",0.0459387022540999,400,87471.7473467549
4,"prevalence",0.05,"aitchison",0.0555431419820902,400,87471.7473467549
4,"prevalence",0.05,"bray",0.0364271717926339,400,87471.7473467549
4,"prevalence",0.05,"euclidean",0.0296028452238086,400,87471.7473467549
4,"prevalence",0.05,"jaccard",0.0345571878426373,400,87471.7473467549
4,"prevalence",0.05,"unifrac_unweighted",0.0633363383541284,400,87471.7473467549
4,"prevalence",0.05,"unifrac_weighted_phyloseq",0.0286168910843557,400,87471.7473467549
4,"prevalence",0.1,"GLaD_0.5_unweighted",0.0629146786834939,400,87471.7473467549
4,"prevalence",0.1,"GLaD_0.5_weighted",0.0578086862040964,400,87471.7473467549
4,"prevalence",0.1,"GLaD_1_unweighted",0.0710340851669308,400,87471.7473467549
4,"prevalence",0.1,"GLaD_1_weighted",0.048938220930263,400,87471.7473467549
4,"prevalence",0.1,"GUniFrac",0.0388533809375937,400,87471.7473467549
4,"prevalence",0.1,"aitchison",0.0550391826114981,400,87471.7473467549
4,"prevalence",0.1,"bray",0.0398393350770465,400,87471.7473467549
4,"prevalence",0.1,"euclidean",0.0493679498747524,400,87471.7473467549
4,"prevalence",0.1,"jaccard",0.0399241750697157,400,87471.7473467549
4,"prevalence",0.1,"unifrac_unweighted",0.0775476914564156,400,87471.7473467549
4,"prevalence",0.1,"unifrac_weighted_phyloseq",0.0519532294384841,400,87471.7473467549
4,"prevalence",0.15,"GLaD_0.5_unweighted",0.105600936787605,400,87471.7473467549
4,"prevalence",0.15,"GLaD_0.5_weighted",0.0453653927228967,400,87471.7473467549
4,"prevalence",0.15,"GLaD_1_unweighted",0.0943003278918499,400,87471.7473467549
4,"prevalence",0.15,"GLaD_1_weighted",0.0392660255458433,400,87471.7473467549
4,"prevalence",0.15,"GUniFrac",0.0631560488022233,400,87471.7473467549
4,"prevalence",0.15,"aitchison",0.0820371236426235,400,87471.7473467549
4,"prevalence",0.15,"bray",0.0710511695031707,400,87471.7473467549
4,"prevalence",0.15,"euclidean",0.0482890864687754,400,87471.7473467549
4,"prevalence",0.15,"jaccard",0.0668960167022164,400,87471.7473467549
4,"prevalence",0.15,"unifrac_unweighted",0.0823503842146756,400,87471.7473467549
4,"prevalence",0.15,"unifrac_weighted_phyloseq",0.0424326839146332,400,87471.7473467549
4,"prevalence",0.2,"GLaD_0.5_unweighted",0.123704853438984,400,87471.7473467549
4,"prevalence",0.2,"GLaD_0.5_weighted",0.0617003039646582,400,87471.7473467549
4,"prevalence",0.2,"GLaD_1_unweighted",0.137065696687555,400,87471.7473467549
4,"prevalence",0.2,"GLaD_1_weighted",0.0595954246656055,400,87471.7473467549
4,"prevalence",0.2,"GUniFrac",0.0899990542114703,400,87471.7473467549
4,"prevalence",0.2,"aitchison",0.112284223062428,400,87471.7473467549
4,"prevalence",0.2,"bray",0.0778102807082782,400,87471.7473467549
4,"prevalence",0.2,"euclidean",0.0429146786834939,400,87471.7473467549
4,"prevalence",0.2,"jaccard",0.0698409295812283,400,87471.7473467549
4,"prevalence",0.2,"unifrac_unweighted",0.103577708472858,400,87471.7473467549
4,"prevalence",0.2,"unifrac_weighted_phyloseq",0.0628469230270646,400,87471.7473467549
4,"prevalence",0.25,"GLaD_0.5_unweighted",0.1865045912271,400,87471.7473467549
4,"prevalence",0.25,"GLaD_0.5_weighted",0.0579709456312318,400,87471.7473467549
4,"prevalence",0.25,"GLaD_1_unweighted",0.190799189817875,400,87471.7473467549
4,"prevalence",0.25,"GLaD_1_weighted",0.0569759764293941,400,87471.7473467549
4,"prevalence",0.25,"GUniFrac",0.0622777482927548,400,87471.7473467549
4,"prevalence",0.25,"aitchison",0.0934382626830375,400,87471.7473467549
4,"prevalence",0.25,"bray",0.038055785623901,400,87471.7473467549
4,"prevalence",0.25,"euclidean",0.0394373000353635,400,87471.7473467549
4,"prevalence",0.25,"jaccard",0.0400864344968511,400,87471.7473467549
4,"prevalence",0.25,"unifrac_unweighted",0.14982872551048,400,87471.7473467549
4,"prevalence",0.25,"unifrac_weighted_phyloseq",0.0587049200853886,400,87471.7473467549
4,"prevalence",0.3,"GLaD_0.5_unweighted",0.300283675092186,400,87471.7473467549
4,"prevalence",0.3,"GLaD_0.5_weighted",0.0661751921073379,400,87471.7473467549
4,"prevalence",0.3,"GLaD_1_unweighted",0.219341850476128,400,87471.7473467549
4,"prevalence",0.3,"GLaD_1_weighted",0.0544723478499681,400,87471.7473467549
4,"prevalence",0.3,"GUniFrac",0.101635088600941,400,87471.7473467549
4,"prevalence",0.3,"aitchison",0.135521177380359,400,87471.7473467549
4,"prevalence",0.3,"bray",0.0739006328229467,400,87471.7473467549
4,"prevalence",0.3,"euclidean",0.0419638390050507,400,87471.7473467549
4,"prevalence",0.3,"jaccard",0.0709011141467837,400,87471.7473467549
4,"prevalence",0.3,"unifrac_unweighted",0.241180951514954,400,87471.7473467549
4,"prevalence",0.3,"unifrac_weighted_phyloseq",0.0781210009876187,400,87471.7473467549
4,"prevalence",0.35,"GLaD_0.5_unweighted",0.456775316779941,400,87471.7473467549
4,"prevalence",0.35,"GLaD_0.5_weighted",0.0398238452449884,400,87471.7473467549
4,"prevalence",0.35,"GLaD_1_unweighted",0.302399163957806,400,87471.7473467549
4,"prevalence",0.35,"GLaD_1_weighted",0.0518528996137568,400,87471.7473467549
4,"prevalence",0.35,"GUniFrac",0.116967907155539,400,87471.7473467549
4,"prevalence",0.35,"aitchison",0.197939965967116,400,87471.7473467549
4,"prevalence",0.35,"bray",0.0503197353417255,400,87471.7473467549
4,"prevalence",0.35,"euclidean",0.0417028442573698,400,87471.7473467549
4,"prevalence",0.35,"jaccard",0.0470682369802664,400,87471.7473467549
4,"prevalence",0.35,"unifrac_unweighted",0.32745413347424,400,87471.7473467549
4,"prevalence",0.35,"unifrac_weighted_phyloseq",0.0641290534023296,400,87471.7473467549
4,"prevalence",0.4,"GLaD_0.5_unweighted",0.621514255385856,400,87471.7473467549
4,"prevalence",0.4,"GLaD_0.5_weighted",0.0488639905041603,400,87471.7473467549
4,"prevalence",0.4,"GLaD_1_unweighted",0.343281599264168,400,87471.7473467549
4,"prevalence",0.4,"GLaD_1_weighted",0.0509704643073948,400,87471.7473467549
4,"prevalence",0.4,"GUniFrac",0.109822250740807,400,87471.7473467549
4,"prevalence",0.4,"aitchison",0.308737561280809,400,87471.7473467549
4,"prevalence",0.4,"bray",0.0803368196779654,400,87471.7473467549
4,"prevalence",0.4,"euclidean",0.0518789990123815,400,87471.7473467549
4,"prevalence",0.4,"jaccard",0.0902519796852962,400,87471.7473467549
4,"prevalence",0.4,"unifrac_unweighted",0.478797993131982,400,87471.7473467549
4,"prevalence",0.4,"unifrac_weighted_phyloseq",0.063985472815616,400,87471.7473467549
4,"prevalence",0.45,"GLaD_0.5_unweighted",0.781900084852708,400,87471.7473467549
4,"prevalence",0.45,"GLaD_0.5_weighted",0.0686265548623926,400,87471.7473467549
4,"prevalence",0.45,"GLaD_1_unweighted",0.472790589432923,400,87471.7473467549
4,"prevalence",0.45,"GLaD_1_weighted",0.067725440715609,400,87471.7473467549
4,"prevalence",0.45,"GUniFrac",0.185852916472901,400,87471.7473467549
4,"prevalence",0.45,"aitchison",0.440017800079015,400,87471.7473467549
4,"prevalence",0.45,"bray",0.0956180211238447,400,87471.7473467549
4,"prevalence",0.45,"euclidean",0.0673192708770326,400,87471.7473467549
4,"prevalence",0.45,"jaccard",0.100648188672958,400,87471.7473467549
4,"prevalence",0.45,"unifrac_unweighted",0.638319284124433,400,87471.7473467549
4,"prevalence",0.45,"unifrac_weighted_phyloseq",0.0774147204362685,400,87471.7473467549
4,"prevalence",0.5,"GLaD_0.5_unweighted",0.928263635785804,400,87471.7473467549
4,"prevalence",0.5,"GLaD_0.5_weighted",0.105689911577167,400,87471.7473467549
4,"prevalence",0.5,"GLaD_1_unweighted",0.58682673356873,400,87471.7473467549
4,"prevalence",0.5,"GLaD_1_weighted",0.106734606310665,400,87471.7473467549
4,"prevalence",0.5,"GUniFrac",0.177154671477118,400,87471.7473467549
4,"prevalence",0.5,"aitchison",0.485814516250583,400,87471.7473467549
4,"prevalence",0.5,"bray",0.0783926053018663,400,87471.7473467549
4,"prevalence",0.5,"euclidean",0.0457796318353281,400,87471.7473467549
4,"prevalence",0.5,"jaccard",0.0677434708403787,400,87471.7473467549
4,"prevalence",0.5,"unifrac_unweighted",0.759310967564961,400,87471.7473467549
4,"prevalence",0.5,"unifrac_weighted_phyloseq",0.108713935147773,400,87471.7473467549
4,"prevalence",0.55,"GLaD_0.5_unweighted",0.951825854426603,400,87471.7473467549
4,"prevalence",0.55,"GLaD_0.5_weighted",0.0758399669335544,400,87471.7473467549
4,"prevalence",0.55,"GLaD_1_unweighted",0.625377463500838,400,87471.7473467549
4,"prevalence",0.55,"GLaD_1_weighted",0.0743736125294226,400,87471.7473467549
4,"prevalence",0.55,"GUniFrac",0.233225398962835,400,87471.7473467549
4,"prevalence",0.55,"aitchison",0.642522077374094,400,87471.7473467549
4,"prevalence",0.55,"bray",0.0869956010583456,400,87471.7473467549
4,"prevalence",0.55,"euclidean",0.0395115304614661,400,87471.7473467549
4,"prevalence",0.55,"jaccard",0.0763374515344732,400,87471.7473467549
4,"prevalence",0.55,"unifrac_unweighted",0.859850757139335,400,87471.7473467549
4,"prevalence",0.55,"unifrac_weighted_phyloseq",0.116243596479419,400,87471.7473467549
4,"prevalence",0.6,"GLaD_0.5_unweighted",0.988768540944925,400,87471.7473467549
4,"prevalence",0.6,"GLaD_0.5_weighted",0.0883590853450385,400,87471.7473467549
4,"prevalence",0.6,"GLaD_1_unweighted",0.728648586491249,400,87471.7473467549
4,"prevalence",0.6,"GLaD_1_weighted",0.0630011131803449,400,87471.7473467549
4,"prevalence",0.6,"GUniFrac",0.285086367850446,400,87471.7473467549
4,"prevalence",0.6,"aitchison",0.777660941094668,400,87471.7473467549
4,"prevalence",0.6,"bray",0.0908856243147256,400,87471.7473467549
4,"prevalence",0.6,"euclidean",0.0613724993490778,400,87471.7473467549
4,"prevalence",0.6,"jaccard",0.0996647748262167,400,87471.7473467549
4,"prevalence",0.6,"unifrac_unweighted",0.948505951693063,400,87471.7473467549
4,"prevalence",0.6,"unifrac_weighted_phyloseq",0.0977963853804019,400,87471.7473467549
4,"prevalence",0.65,"GLaD_0.5_unweighted",0.998045176057334,400,87471.7473467549
4,"prevalence",0.65,"GLaD_0.5_weighted",0.116886256171234,400,87471.7473467549
4,"prevalence",0.65,"GLaD_1_unweighted",0.813111919278832,400,87471.7473467549
4,"prevalence",0.65,"GLaD_1_weighted",0.102101593537743,400,87471.7473467549
4,"prevalence",0.65,"GUniFrac",0.438710516093655,400,87471.7473467549
4,"prevalence",0.65,"aitchison",0.859185835772912,400,87471.7473467549
4,"prevalence",0.65,"bray",0.114449437459707,400,87471.7473467549
4,"prevalence",0.65,"euclidean",0.0733273232917436,400,87471.7473467549
4,"prevalence",0.65,"jaccard",0.11777676075145,400,87471.7473467549
4,"prevalence",0.65,"unifrac_unweighted",0.987311201603178,400,87471.7473467549
4,"prevalence",0.65,"unifrac_weighted_phyloseq",0.136575535891893,400,87471.7473467549
4,"prevalence",0.7,"GLaD_0.5_unweighted",1,400,87471.7473467549
4,"prevalence",0.7,"GLaD_0.5_weighted",0.094449437459707,400,87471.7473467549
4,"prevalence",0.7,"GLaD_1_unweighted",0.827101526891341,400,87471.7473467549
4,"prevalence",0.7,"GLaD_1_weighted",0.0682074354844697,400,87471.7473467549
4,"prevalence",0.7,"GUniFrac",0.440163720638508,400,87471.7473467549
4,"prevalence",0.7,"aitchison",0.943160832314769,400,87471.7473467549
4,"prevalence",0.7,"bray",0.136730471513771,400,87471.7473467549
4,"prevalence",0.7,"euclidean",0.0504884695385341,400,87471.7473467549
4,"prevalence",0.7,"jaccard",0.130715944329387,400,87471.7473467549
4,"prevalence",0.7,"unifrac_unweighted",0.99072336488759,400,87471.7473467549
4,"prevalence",0.7,"unifrac_weighted_phyloseq",0.139833509023025,400,87471.7473467549
4,"prevalence",0.75,"GLaD_0.5_unweighted",1,400,87471.7473467549
4,"prevalence",0.75,"GLaD_0.5_weighted",0.119864555714263,400,87471.7473467549
4,"prevalence",0.75,"GLaD_1_unweighted",0.875660623170181,400,87471.7473467549
4,"prevalence",0.75,"GLaD_1_weighted",0.109056350834004,400,87471.7473467549
4,"prevalence",0.75,"GUniFrac",0.520036642699505,400,87471.7473467549
4,"prevalence",0.75,"aitchison",0.954202338039903,400,87471.7473467549
4,"prevalence",0.75,"bray",0.117699341316984,400,87471.7473467549
4,"prevalence",0.75,"euclidean",0.0518774045081997,400,87471.7473467549
4,"prevalence",0.75,"jaccard",0.118348475778472,400,87471.7473467549
4,"prevalence",0.75,"unifrac_unweighted",1,400,87471.7473467549
4,"prevalence",0.75,"unifrac_weighted_phyloseq",0.146940861968385,400,87471.7473467549
4,"prevalence",0.8,"GLaD_0.5_unweighted",1,400,87471.7473467549
4,"prevalence",0.8,"GLaD_0.5_weighted",0.157828080787292,400,87471.7473467549
4,"prevalence",0.8,"GLaD_1_unweighted",0.926974381925213,400,87471.7473467549
4,"prevalence",0.8,"GLaD_1_weighted",0.146605636794601,400,87471.7473467549
4,"prevalence",0.8,"GUniFrac",0.691488252740178,400,87471.7473467549
4,"prevalence",0.8,"aitchison",0.993327323291744,400,87471.7473467549
4,"prevalence",0.8,"bray",0.180419835120697,400,87471.7473467549
4,"prevalence",0.8,"euclidean",0.0610356796711126,400,87471.7473467549
4,"prevalence",0.8,"jaccard",0.173343528866576,400,87471.7473467549
4,"prevalence",0.8,"unifrac_unweighted",1,400,87471.7473467549
4,"prevalence",0.8,"unifrac_weighted_phyloseq",0.251934969267958,400,87471.7473467549
4,"prevalence",0.85,"GLaD_0.5_unweighted",1,400,87471.7473467549
4,"prevalence",0.85,"GLaD_0.5_weighted",0.145562536565286,400,87471.7473467549
4,"prevalence",0.85,"GLaD_1_unweighted",0.946702777610966,400,87471.7473467549
4,"prevalence",0.85,"GLaD_1_weighted",0.118104565367031,400,87471.7473467549
4,"prevalence",0.85,"GUniFrac",0.7650341690532,400,87471.7473467549
4,"prevalence",0.85,"aitchison",0.994708837703206,400,87471.7473467549
4,"prevalence",0.85,"bray",0.192284938805202,400,87471.7473467549
4,"prevalence",0.85,"euclidean",0.0795693252669808,400,87471.7473467549
4,"prevalence",0.85,"jaccard",0.184400427670821,400,87471.7473467549
4,"prevalence",0.85,"unifrac_unweighted",1,400,87471.7473467549
4,"prevalence",0.85,"unifrac_weighted_phyloseq",0.248485284522635,400,87471.7473467549
4,"prevalence",0.9,"GLaD_0.5_unweighted",1,400,87471.7473467549
4,"prevalence",0.9,"GLaD_0.5_weighted",0.167819065724907,400,87471.7473467549
4,"prevalence",0.9,"GLaD_1_unweighted",0.96631623240134,400,87471.7473467549
4,"prevalence",0.9,"GLaD_1_weighted",0.152376253567544,400,87471.7473467549
4,"prevalence",0.9,"GUniFrac",0.818438263063757,400,87471.7473467549
4,"prevalence",0.9,"aitchison",0.998045176057334,400,87471.7473467549
4,"prevalence",0.9,"bray",0.200777873931795,400,87471.7473467549
4,"prevalence",0.9,"euclidean",0.0683835902394814,400,87471.7473467549
4,"prevalence",0.9,"jaccard",0.194535871956558,400,87471.7473467549
4,"prevalence",0.9,"unifrac_unweighted",1,400,87471.7473467549
4,"prevalence",0.9,"unifrac_weighted_phyloseq",0.233346717874939,400,87471.7473467549
4,"prevalence",0.95,"GLaD_0.5_unweighted",1,400,87471.7473467549
4,"prevalence",0.95,"GLaD_0.5_weighted",0.193783867377632,400,87471.7473467549
4,"prevalence",0.95,"GLaD_1_unweighted",0.986175192107338,400,87471.7473467549
4,"prevalence",0.95,"GLaD_1_weighted",0.170858579127571,400,87471.7473467549
4,"prevalence",0.95,"GUniFrac",0.890314721783426,400,87471.7473467549
4,"prevalence",0.95,"aitchison",1,400,87471.7473467549
4,"prevalence",0.95,"bray",0.221838058497351,400,87471.7473467549
4,"prevalence",0.95,"euclidean",0.0816244790343739,400,87471.7473467549
4,"prevalence",0.95,"jaccard",0.232411368028554,400,87471.7473467549
4,"prevalence",0.95,"unifrac_unweighted",1,400,87471.7473467549
4,"prevalence",0.95,"unifrac_weighted_phyloseq",0.282564612393305,400,87471.7473467549
4,"prevalence",1,"GLaD_0.5_unweighted",1,400,87471.7473467549
4,"prevalence",1,"GLaD_0.5_weighted",0.199186684808493,400,87471.7473467549
4,"prevalence",1,"GLaD_1_unweighted",0.989426690468797,400,87471.7473467549
4,"prevalence",1,"GLaD_1_weighted",0.155219242117647,400,87471.7473467549
4,"prevalence",1,"GUniFrac",0.915295163800879,400,87471.7473467549
4,"prevalence",1,"aitchison",1,400,87471.7473467549
4,"prevalence",1,"bray",0.255495726697386,400,87471.7473467549
4,"prevalence",1,"euclidean",0.0662665068696803,400,87471.7473467549
4,"prevalence",1,"jaccard",0.24971768936624,400,87471.7473467549
4,"prevalence",1,"unifrac_unweighted",1,400,87471.7473467549
4,"prevalence",1,"unifrac_weighted_phyloseq",0.34365415239297,400,87471.7473467549
6,"abundance",0.05,"GLaD_0.5_unweighted",0.0490006185882146,600,87471.7473467556
6,"abundance",0.05,"GLaD_0.5_weighted",0.0466739114851642,600,87471.7473467556
6,"abundance",0.05,"GLaD_1_unweighted",0.0633755416218508,600,87471.7473467556
6,"abundance",0.05,"GLaD_1_weighted",0.0466954140143978,600,87471.7473467556
6,"abundance",0.05,"GUniFrac",0.049527222939838,600,87471.7473467556
6,"abundance",0.05,"aitchison",0.0528991607428014,600,87471.7473467556
6,"abundance",0.05,"bray",0.0445839419256071,600,87471.7473467556
6,"abundance",0.05,"euclidean",0.0544385986377645,600,87471.7473467556
6,"abundance",0.05,"jaccard",0.0386757715626621,600,87471.7473467556
6,"abundance",0.05,"unifrac_unweighted",0.0458521902885011,600,87471.7473467556
6,"abundance",0.05,"unifrac_weighted_phyloseq",0.0398296305933299,600,87471.7473467556
6,"abundance",0.1,"GLaD_0.5_unweighted",0.0433346623527905,600,87471.7473467556
6,"abundance",0.1,"GLaD_0.5_weighted",0.0549114960017153,600,87471.7473467556
6,"abundance",0.1,"GLaD_1_unweighted",0.0493038289271149,600,87471.7473467556
6,"abundance",0.1,"GLaD_1_weighted",0.0489547391370204,600,87471.7473467556
6,"abundance",0.1,"GUniFrac",0.0265914528190465,600,87471.7473467556
6,"abundance",0.1,"aitchison",0.0455037397838444,600,87471.7473467556
6,"abundance",0.1,"bray",0.0413878014840545,600,87471.7473467556
6,"abundance",0.1,"euclidean",0.0433807052039553,600,87471.7473467556
6,"abundance",0.1,"jaccard",0.0427498451212777,600,87471.7473467556
6,"abundance",0.1,"unifrac_unweighted",0.0437184986671637,600,87471.7473467556
6,"abundance",0.1,"unifrac_weighted_phyloseq",0.0490878183688264,600,87471.7473467556
6,"abundance",0.15,"GLaD_0.5_unweighted",0.0463707559454501,600,87471.7473467556
6,"abundance",0.15,"GLaD_0.5_weighted",0.0891773583255575,600,87471.7473467556
6,"abundance",0.15,"GLaD_1_unweighted",0.0717187959790797,600,87471.7473467556
6,"abundance",0.15,"GLaD_1_weighted",0.0837211048006649,600,87471.7473467556
6,"abundance",0.15,"GUniFrac",0.0846656658420339,600,87471.7473467556
6,"abundance",0.15,"aitchison",0.0407594880736485,600,87471.7473467556
6,"abundance",0.15,"bray",0.0520405789354575,600,87471.7473467556
6,"abundance",0.15,"euclidean",0.0609734601649826,600,87471.7473467556
6,"abundance",0.15,"jaccard",0.0606811845279172,600,87471.7473467556
6,"abundance",0.15,"unifrac_unweighted",0.034016621704894,600,87471.7473467556
6,"abundance",0.15,"unifrac_weighted_phyloseq",0.0848565269560195,600,87471.7473467556
6,"abundance",0.2,"GLaD_0.5_unweighted",0.0624646537965122,600,87471.7473467556
6,"abundance",0.2,"GLaD_0.5_weighted",0.0973820905647178,600,87471.7473467556
6,"abundance",0.2,"GLaD_1_unweighted",0.0597768620332297,600,87471.7473467556
6,"abundance",0.2,"GLaD_1_weighted",0.0977506743767417,600,87471.7473467556
6,"abundance",0.2,"GUniFrac",0.109062254085031,600,87471.7473467556
6,"abundance",0.2,"aitchison",0.0631794846059107,600,87471.7473467556
6,"abundance",0.2,"bray",0.0747201430474605,600,87471.7473467556
6,"abundance",0.2,"euclidean",0.0555408070975076,600,87471.7473467556
6,"abundance",0.2,"jaccard",0.072690069456485,600,87471.7473467556
6,"abundance",0.2,"unifrac_unweighted",0.0585570497052303,600,87471.7473467556
6,"abundance",0.2,"unifrac_weighted_phyloseq",0.113041614913225,600,87471.7473467556
6,"abundance",0.25,"GLaD_0.5_unweighted",0.0509401261655821,600,87471.7473467556
6,"abundance",0.25,"GLaD_0.5_weighted",0.158077230767463,600,87471.7473467556
6,"abundance",0.25,"GLaD_1_unweighted",0.0360041359598034,600,87471.7473467556
6,"abundance",0.25,"GLaD_1_weighted",0.142377245011074,600,87471.7473467556
6,"abundance",0.25,"GUniFrac",0.121549972537608,600,87471.7473467556
6,"abundance",0.25,"aitchison",0.0457173956481527,600,87471.7473467556
6,"abundance",0.25,"bray",0.10431270627567,600,87471.7473467556
6,"abundance",0.25,"euclidean",0.0913854044137354,600,87471.7473467556
6,"abundance",0.25,"jaccard",0.0971177002076621,600,87471.7473467556
6,"abundance",0.25,"unifrac_unweighted",0.0481001628481104,600,87471.7473467556
6,"abundance",0.25,"unifrac_weighted_phyloseq",0.141370108608374,600,87471.7473467556
6,"abundance",0.3,"GLaD_0.5_unweighted",0.0582861309438055,600,87471.7473467556
6,"abundance",0.3,"GLaD_0.5_weighted",0.155441312436306,600,87471.7473467556
6,"abundance",0.3,"GLaD_1_unweighted",0.0419739448412521,600,87471.7473467556
6,"abundance",0.3,"GLaD_1_weighted",0.14300996334103,600,87471.7473467556
6,"abundance",0.3,"GUniFrac",0.177429915382227,600,87471.7473467556
6,"abundance",0.3,"aitchison",0.0653324590909816,600,87471.7473467556
6,"abundance",0.3,"bray",0.102816731374847,600,87471.7473467556
6,"abundance",0.3,"euclidean",0.104244534746365,600,87471.7473467556
6,"abundance",0.3,"jaccard",0.113161342986143,600,87471.7473467556
6,"abundance",0.3,"unifrac_unweighted",0.0578587514059978,600,87471.7473467556
6,"abundance",0.3,"unifrac_weighted_phyloseq",0.171084946581772,600,87471.7473467556
6,"abundance",0.35,"GLaD_0.5_unweighted",0.0463197283505266,600,87471.7473467556
6,"abundance",0.35,"GLaD_0.5_weighted",0.187269069792871,600,87471.7473467556
6,"abundance",0.35,"GLaD_1_unweighted",0.0504057536830983,600,87471.7473467556
6,"abundance",0.35,"GLaD_1_weighted",0.183796045907126,600,87471.7473467556
6,"abundance",0.35,"GUniFrac",0.205853560640456,600,87471.7473467556
6,"abundance",0.35,"aitchison",0.0487333098155769,600,87471.7473467556
6,"abundance",0.35,"bray",0.149735627385907,600,87471.7473467556
6,"abundance",0.35,"euclidean",0.0967251441949103,600,87471.7473467556
6,"abundance",0.35,"jaccard",0.13812578817788,600,87471.7473467556
6,"abundance",0.35,"unifrac_unweighted",0.0464245639057888,600,87471.7473467556
6,"abundance",0.35,"unifrac_weighted_phyloseq",0.222146282019243,600,87471.7473467556
6,"abundance",0.4,"GLaD_0.5_unweighted",0.0434439791085376,600,87471.7473467556
6,"abundance",0.4,"GLaD_0.5_weighted",0.274020449876864,600,87471.7473467556
6,"abundance",0.4,"GLaD_1_unweighted",0.0403146555478959,600,87471.7473467556
6,"abundance",0.4,"GLaD_1_weighted",0.252184780169372,600,87471.7473467556
6,"abundance",0.4,"GUniFrac",0.36051934750612,600,87471.7473467556
6,"abundance",0.4,"aitchison",0.056322960426104,600,87471.7473467556
6,"abundance",0.4,"bray",0.190160758528675,600,87471.7473467556
6,"abundance",0.4,"euclidean",0.138834890098827,600,87471.7473467556
6,"abundance",0.4,"jaccard",0.182761244932248,600,87471.7473467556
6,"abundance",0.4,"unifrac_unweighted",0.049322150105071,600,87471.7473467556
6,"abundance",0.4,"unifrac_weighted_phyloseq",0.348218515380786,600,87471.7473467556
6,"abundance",0.45,"GLaD_0.5_unweighted",0.0535095129599453,600,87471.7473467556
6,"abundance",0.45,"GLaD_0.5_weighted",0.364664682788474,600,87471.7473467556
6,"abundance",0.45,"GLaD_1_unweighted",0.0550392035149075,600,87471.7473467556
6,"abundance",0.45,"GLaD_1_weighted",0.331319173510957,600,87471.7473467556
6,"abundance",0.45,"GUniFrac",0.426489315181108,600,87471.7473467556
6,"abundance",0.45,"aitchison",0.0768056645912854,600,87471.7473467556
6,"abundance",0.45,"bray",0.253321554819751,600,87471.7473467556
6,"abundance",0.45,"euclidean",0.165528843110278,600,87471.7473467556
6,"abundance",0.45,"jaccard",0.243031556875888,600,87471.7473467556
6,"abundance",0.45,"unifrac_unweighted",0.0446857088052624,600,87471.7473467556
6,"abundance",0.45,"unifrac_weighted_phyloseq",0.417973798603848,600,87471.7473467556
6,"abundance",0.5,"GLaD_0.5_unweighted",0.0510743086618724,600,87471.7473467556
6,"abundance",0.5,"GLaD_0.5_weighted",0.371385883172413,600,87471.7473467556
6,"abundance",0.5,"GLaD_1_unweighted",0.0528350363945854,600,87471.7473467556
6,"abundance",0.5,"GLaD_1_weighted",0.328110331845759,600,87471.7473467556
6,"abundance",0.5,"GUniFrac",0.488569269286498,600,87471.7473467556
6,"abundance",0.5,"aitchison",0.0661910408983255,600,87471.7473467556
6,"abundance",0.5,"bray",0.330322646029686,600,87471.7473467556
6,"abundance",0.5,"euclidean",0.200153405237306,600,87471.7473467556
6,"abundance",0.5,"jaccard",0.327657234177235,600,87471.7473467556
6,"abundance",0.5,"unifrac_unweighted",0.0404719759594985,600,87471.7473467556
6,"abundance",0.5,"unifrac_weighted_phyloseq",0.45397355816681,600,87471.7473467556
6,"abundance",0.55,"GLaD_0.5_unweighted",0.0493737383999096,600,87471.7473467556
6,"abundance",0.55,"GLaD_0.5_weighted",0.402116517785659,600,87471.7473467556
6,"abundance",0.55,"GLaD_1_unweighted",0.0533928459345162,600,87471.7473467556
6,"abundance",0.55,"GLaD_1_weighted",0.371410990954061,600,87471.7473467556
6,"abundance",0.55,"GUniFrac",0.546494085800596,600,87471.7473467556
6,"abundance",0.55,"aitchison",0.0652915828436076,600,87471.7473467556
6,"abundance",0.55,"bray",0.362058405516642,600,87471.7473467556
6,"abundance",0.55,"euclidean",0.191225899674755,600,87471.7473467556
6,"abundance",0.55,"jaccard",0.341774211877263,600,87471.7473467556
6,"abundance",0.55,"unifrac_unweighted",0.0498088104457157,600,87471.7473467556
6,"abundance",0.55,"unifrac_weighted_phyloseq",0.501608439219962,600,87471.7473467556
6,"abundance",0.6,"GLaD_0.5_unweighted",0.061652355447911,600,87471.7473467556
6,"abundance",0.6,"GLaD_0.5_weighted",0.474149151392269,600,87471.7473467556
6,"abundance",0.6,"GLaD_1_unweighted",0.0520620844863775,600,87471.7473467556
6,"abundance",0.6,"GLaD_1_weighted",0.42473156050853,600,87471.7473467556
6,"abundance",0.6,"GUniFrac",0.669461448955612,600,87471.7473467556
6,"abundance",0.6,"aitchison",0.0907273476828709,600,87471.7473467556
6,"abundance",0.6,"bray",0.495837356780162,600,87471.7473467556
6,"abundance",0.6,"euclidean",0.270955755076028,600,87471.7473467556
6,"abundance",0.6,"jaccard",0.480020703998343,600,87471.7473467556
6,"abundance",0.6,"unifrac_unweighted",0.0505885374058296,600,87471.7473467556
6,"abundance",0.6,"unifrac_weighted_phyloseq",0.587846402862469,600,87471.7473467556
6,"abundance",0.65,"GLaD_0.5_unweighted",0.0404285823380167,600,87471.7473467556
6,"abundance",0.65,"GLaD_0.5_weighted",0.559831401838283,600,87471.7473467556
6,"abundance",0.65,"GLaD_1_unweighted",0.0303873198294717,600,87471.7473467556
6,"abundance",0.65,"GLaD_1_weighted",0.499138537740581,600,87471.7473467556
6,"abundance",0.65,"GUniFrac",0.773837750609532,600,87471.7473467556
6,"abundance",0.65,"aitchison",0.10262255337425,600,87471.7473467556
6,"abundance",0.65,"bray",0.569888271658816,600,87471.7473467556
6,"abundance",0.65,"euclidean",0.337146733491437,600,87471.7473467556
6,"abundance",0.65,"jaccard",0.552258595244548,600,87471.7473467556
6,"abundance",0.65,"unifrac_unweighted",0.0437675000084054,600,87471.7473467556
6,"abundance",0.65,"unifrac_weighted_phyloseq",0.699375956955424,600,87471.7473467556
6,"abundance",0.7,"GLaD_0.5_unweighted",0.0638829464872476,600,87471.7473467556
6,"abundance",0.7,"GLaD_0.5_weighted",0.627630923499102,600,87471.7473467556
6,"abundance",0.7,"GLaD_1_unweighted",0.0534038431192675,600,87471.7473467556
6,"abundance",0.7,"GLaD_1_weighted",0.53733670485592,600,87471.7473467556
6,"abundance",0.7,"GUniFrac",0.832015573259309,600,87471.7473467556
6,"abundance",0.7,"aitchison",0.123451623913922,600,87471.7473467556
6,"abundance",0.7,"bray",0.635238039668895,600,87471.7473467556
6,"abundance",0.7,"euclidean",0.371810135645116,600,87471.7473467556
6,"abundance",0.7,"jaccard",0.609698453117974,600,87471.7473467556
6,"abundance",0.7,"unifrac_unweighted",0.0704989836510803,600,87471.7473467556
6,"abundance",0.7,"unifrac_weighted_phyloseq",0.76192373261977,600,87471.7473467556
6,"abundance",0.75,"GLaD_0.5_unweighted",0.0339238404809993,600,87471.7473467556
6,"abundance",0.75,"GLaD_0.5_weighted",0.689979769191721,600,87471.7473467556
6,"abundance",0.75,"GLaD_1_unweighted",0.0584387472937226,600,87471.7473467556
6,"abundance",0.75,"GLaD_1_weighted",0.59916423008281,600,87471.7473467556
6,"abundance",0.75,"GUniFrac",0.863695693476611,600,87471.7473467556
6,"abundance",0.75,"aitchison",0.116953415787549,600,87471.7473467556
6,"abundance",0.75,"bray",0.721531054146445,600,87471.7473467556
6,"abundance",0.75,"euclidean",0.44679577941069,600,87471.7473467556
6,"abundance",0.75,"jaccard",0.703031579620411,600,87471.7473467556
6,"abundance",0.75,"unifrac_unweighted",0.0464425428454285,600,87471.7473467556
6,"abundance",0.75,"unifrac_weighted_phyloseq",0.80145270427943,600,87471.7473467556
6,"abundance",0.8,"GLaD_0.5_unweighted",0.0509161539648542,600,87471.7473467556
6,"abundance",0.8,"GLaD_0.5_weighted",0.718362862901345,600,87471.7473467556
6,"abundance",0.8,"GLaD_1_unweighted",0.0360524565041712,600,87471.7473467556
6,"abundance",0.8,"GLaD_1_weighted",0.628419696234278,600,87471.7473467556
6,"abundance",0.8,"GUniFrac",0.899375426486747,600,87471.7473467556
6,"abundance",0.8,"aitchison",0.125577099586985,600,87471.7473467556
6,"abundance",0.8,"bray",0.78297949108173,600,87471.7473467556
6,"abundance",0.8,"euclidean",0.493148470224138,600,87471.7473467556
6,"abundance",0.8,"jaccard",0.781358046286423,600,87471.7473467556
6,"abundance",0.8,"unifrac_unweighted",0.043396715710786,600,87471.7473467556
6,"abundance",0.8,"unifrac_weighted_phyloseq",0.841644516034261,600,87471.7473467556
6,"abundance",0.85,"GLaD_0.5_unweighted",0.0422097886380997,600,87471.7473467556
6,"abundance",0.85,"GLaD_0.5_weighted",0.739914506110957,600,87471.7473467556
6,"abundance",0.85,"GLaD_1_unweighted",0.0585163963190569,600,87471.7473467556
6,"abundance",0.85,"GLaD_1_weighted",0.662540811256118,600,87471.7473467556
6,"abundance",0.85,"GUniFrac",0.933338983511093,600,87471.7473467556
6,"abundance",0.85,"aitchison",0.157303828681641,600,87471.7473467556
6,"abundance",0.85,"bray",0.840725375001009,600,87471.7473467556
6,"abundance",0.85,"euclidean",0.528472749366454,600,87471.7473467556
6,"abundance",0.85,"jaccard",0.817000270928698,600,87471.7473467556
6,"abundance",0.85,"unifrac_unweighted",0.0441787634602845,600,87471.7473467556
6,"abundance",0.85,"unifrac_weighted_phyloseq",0.862366346138096,600,87471.7473467556
6,"abundance",0.9,"GLaD_0.5_unweighted",0.0514802404696327,600,87471.7473467556
6,"abundance",0.9,"GLaD_0.5_weighted",0.800699093769512,600,87471.7473467556
6,"abundance",0.9,"GLaD_1_unweighted",0.070640916683072,600,87471.7473467556
6,"abundance",0.9,"GLaD_1_weighted",0.730356346445454,600,87471.7473467556
6,"abundance",0.9,"GUniFrac",0.959720290918894,600,87471.7473467556
6,"abundance",0.9,"aitchison",0.18740675828701,600,87471.7473467556
6,"abundance",0.9,"bray",0.872444716899702,600,87471.7473467556
6,"abundance",0.9,"euclidean",0.615570294991832,600,87471.7473467556
6,"abundance",0.9,"jaccard",0.860195789957718,600,87471.7473467556
6,"abundance",0.9,"unifrac_unweighted",0.0600583038855144,600,87471.7473467556
6,"abundance",0.9,"unifrac_weighted_phyloseq",0.907088776070346,600,87471.7473467556
6,"abundance",0.95,"GLaD_0.5_unweighted",0.0402815444096959,600,87471.7473467556
6,"abundance",0.95,"GLaD_0.5_weighted",0.820036567393363,600,87471.7473467556
6,"abundance",0.95,"GLaD_1_unweighted",0.0607432378859127,600,87471.7473467556
6,"abundance",0.95,"GLaD_1_weighted",0.71933352336979,600,87471.7473467556
6,"abundance",0.95,"GUniFrac",0.970183921945011,600,87471.7473467556
6,"abundance",0.95,"aitchison",0.166679975703656,600,87471.7473467556
6,"abundance",0.95,"bray",0.898952616853206,600,87471.7473467556
6,"abundance",0.95,"euclidean",0.660473639416372,600,87471.7473467556
6,"abundance",0.95,"jaccard",0.8883954496204,600,87471.7473467556
6,"abundance",0.95,"unifrac_unweighted",0.0566973455209247,600,87471.7473467556
6,"abundance",0.95,"unifrac_weighted_phyloseq",0.930738394550109,600,87471.7473467556
6,"abundance",1,"GLaD_0.5_unweighted",0.0832487856761767,600,87471.7473467556
6,"abundance",1,"GLaD_0.5_weighted",0.874631188839756,600,87471.7473467556
6,"abundance",1,"GLaD_1_unweighted",0.0654562535248922,600,87471.7473467556
6,"abundance",1,"GLaD_1_weighted",0.775959395857562,600,87471.7473467556
6,"abundance",1,"GUniFrac",0.979508644278988,600,87471.7473467556
6,"abundance",1,"aitchison",0.252378966796345,600,87471.7473467556
6,"abundance",1,"bray",0.940136817488603,600,87471.7473467556
6,"abundance",1,"euclidean",0.725385654399737,600,87471.7473467556
6,"abundance",1,"jaccard",0.934073589682567,600,87471.7473467556
6,"abundance",1,"unifrac_unweighted",0.0708826565654829,600,87471.7473467556
6,"abundance",1,"unifrac_weighted_phyloseq",0.954143414193109,600,87471.7473467556
6,"both",0.05,"GLaD_0.5_unweighted",0.0521991198936468,600,87471.7473467556
6,"both",0.05,"GLaD_0.5_weighted",0.0417398527859124,600,87471.7473467556
6,"both",0.05,"GLaD_1_unweighted",0.0608728366243066,600,87471.7473467556
6,"both",0.05,"GLaD_1_weighted",0.0393631127516384,600,87471.7473467556
6,"both",0.05,"GUniFrac",0.0584392824370035,600,87471.7473467556
6,"both",0.05,"aitchison",0.0411054660919545,600,87471.7473467556
6,"both",0.05,"bray",0.0540279906329554,600,87471.7473467556
6,"both",0.05,"euclidean",0.0516352400918507,600,87471.7473467556
6,"both",0.05,"jaccard",0.0501461443885052,600,87471.7473467556
6,"both",0.05,"unifrac_unweighted",0.0414606886268307,600,87471.7473467556
6,"both",0.05,"unifrac_weighted_phyloseq",0.0618545082823508,600,87471.7473467556
6,"both",0.1,"GLaD_0.5_unweighted",0.0528517947876384,600,87471.7473467556
6,"both",0.1,"GLaD_0.5_weighted",0.0618646280855048,600,87471.7473467556
6,"both",0.1,"GLaD_1_unweighted",0.0388583247960744,600,87471.7473467556
6,"both",0.1,"GLaD_1_weighted",0.0705227638735168,600,87471.7473467556
6,"both",0.1,"GUniFrac",0.0621212920299666,600,87471.7473467556
6,"both",0.1,"aitchison",0.0357683654222035,600,87471.7473467556
6,"both",0.1,"bray",0.0550461080621885,600,87471.7473467556
6,"both",0.1,"euclidean",0.0484617826516234,600,87471.7473467556
6,"both",0.1,"jaccard",0.0496030091114612,600,87471.7473467556
6,"both",0.1,"unifrac_unweighted",0.0618605354480345,600,87471.7473467556
6,"both",0.1,"unifrac_weighted_phyloseq",0.0670435925182992,600,87471.7473467556
6,"both",0.15,"GLaD_0.5_unweighted",0.0744283191761691,600,87471.7473467556
6,"both",0.15,"GLaD_0.5_weighted",0.11092853673652,600,87471.7473467556
6,"both",0.15,"GLaD_1_unweighted",0.0609452897476864,600,87471.7473467556
6,"both",0.15,"GLaD_1_weighted",0.1171257682005,600,87471.7473467556
6,"both",0.15,"GUniFrac",0.0960074274966103,600,87471.7473467556
6,"both",0.15,"aitchison",0.0732345739553953,600,87471.7473467556
6,"both",0.15,"bray",0.0721322599165542,600,87471.7473467556
6,"both",0.15,"euclidean",0.0573998991377552,600,87471.7473467556
6,"both",0.15,"jaccard",0.067877188281311,600,87471.7473467556
6,"both",0.15,"unifrac_unweighted",0.0738092905636585,600,87471.7473467556
6,"both",0.15,"unifrac_weighted_phyloseq",0.102312588748094,600,87471.7473467556
6,"both",0.2,"GLaD_0.5_unweighted",0.100320220171474,600,87471.7473467556
6,"both",0.2,"GLaD_0.5_weighted",0.124388319648906,600,87471.7473467556
6,"both",0.2,"GLaD_1_unweighted",0.0781428378815334,600,87471.7473467556
6,"both",0.2,"GLaD_1_weighted",0.133335455695394,600,87471.7473467556
6,"both",0.2,"GUniFrac",0.13171313115829,600,87471.7473467556
6,"both",0.2,"aitchison",0.109738857876739,600,87471.7473467556
6,"both",0.2,"bray",0.089727667128951,600,87471.7473467556
6,"both",0.2,"euclidean",0.0472903934254033,600,87471.7473467556
6,"both",0.2,"jaccard",0.0733231623446083,600,87471.7473467556
6,"both",0.2,"unifrac_unweighted",0.0823385385732169,600,87471.7473467556
6,"both",0.2,"unifrac_weighted_phyloseq",0.148913330106565,600,87471.7473467556
6,"both",0.25,"GLaD_0.5_unweighted",0.123407446938155,600,87471.7473467556
6,"both",0.25,"GLaD_0.5_weighted",0.1539269515913,600,87471.7473467556
6,"both",0.25,"GLaD_1_unweighted",0.0763566067075849,600,87471.7473467556
6,"both",0.25,"GLaD_1_weighted",0.143938783061468,600,87471.7473467556
6,"both",0.25,"GUniFrac",0.21247345142234,600,87471.7473467556
6,"both",0.25,"aitchison",0.120459164550322,600,87471.7473467556
6,"both",0.25,"bray",0.117657042709213,600,87471.7473467556
6,"both",0.25,"euclidean",0.0629414209367327,600,87471.7473467556
6,"both",0.25,"jaccard",0.119609259138345,600,87471.7473467556
6,"both",0.25,"unifrac_unweighted",0.110760771103151,600,87471.7473467556
6,"both",0.25,"unifrac_weighted_phyloseq",0.2050413346862,600,87471.7473467556
6,"both",0.3,"GLaD_0.5_unweighted",0.1434371932803,600,87471.7473467556
6,"both",0.3,"GLaD_0.5_weighted",0.23022792991953,600,87471.7473467556
6,"both",0.3,"GLaD_1_unweighted",0.105844271897615,600,87471.7473467556
6,"both",0.3,"GLaD_1_weighted",0.221139219444415,600,87471.7473467556
6,"both",0.3,"GUniFrac",0.332765815611967,600,87471.7473467556
6,"both",0.3,"aitchison",0.187890043713341,600,87471.7473467556
6,"both",0.3,"bray",0.133215259698484,600,87471.7473467556
6,"both",0.3,"euclidean",0.104415384441518,600,87471.7473467556
6,"both",0.3,"jaccard",0.132246263914282,600,87471.7473467556
6,"both",0.3,"unifrac_unweighted",0.116378527097997,600,87471.7473467556
6,"both",0.3,"unifrac_weighted_phyloseq",0.2729470618996,600,87471.7473467556
6,"both",0.35,"GLaD_0.5_unweighted",0.20923778569589,600,87471.7473467556
6,"both",0.35,"GLaD_0.5_weighted",0.29641498145764,600,87471.7473467556
6,"both",0.35,"GLaD_1_unweighted",0.139444410332399,600,87471.7473467556
6,"both",0.35,"GLaD_1_weighted",0.270032693184157,600,87471.7473467556
6,"both",0.35,"GUniFrac",0.462204060014832,600,87471.7473467556
6,"both",0.35,"aitchison",0.282034891913075,600,87471.7473467556
6,"both",0.35,"bray",0.241585909648823,600,87471.7473467556
6,"both",0.35,"euclidean",0.125061223441044,600,87471.7473467556
6,"both",0.35,"jaccard",0.234564234499248,600,87471.7473467556
6,"both",0.35,"unifrac_unweighted",0.179251820673339,600,87471.7473467556
6,"both",0.35,"unifrac_weighted_phyloseq",0.385569717831261,600,87471.7473467556
6,"both",0.4,"GLaD_0.5_unweighted",0.304803285738967,600,87471.7473467556
6,"both",0.4,"GLaD_0.5_weighted",0.395210292136614,600,87471.7473467556
6,"both",0.4,"GLaD_1_unweighted",0.156705021212632,600,87471.7473467556
6,"both",0.4,"GLaD_1_weighted",0.359585427913192,600,87471.7473467556
6,"both",0.4,"GUniFrac",0.654667289076609,600,87471.7473467556
6,"both",0.4,"aitchison",0.429855757881625,600,87471.7473467556
6,"both",0.4,"bray",0.330459254029557,600,87471.7473467556
6,"both",0.4,"euclidean",0.147466165437009,600,87471.7473467556
6,"both",0.4,"jaccard",0.309912248976243,600,87471.7473467556
6,"both",0.4,"unifrac_unweighted",0.23920843309523,600,87471.7473467556
6,"both",0.4,"unifrac_weighted_phyloseq",0.508758343682648,600,87471.7473467556
6,"both",0.45,"GLaD_0.5_unweighted",0.492668600173772,600,87471.7473467556
6,"both",0.45,"GLaD_0.5_weighted",0.471955227400576,600,87471.7473467556
6,"both",0.45,"GLaD_1_unweighted",0.212944917591776,600,87471.7473467556
6,"both",0.45,"GLaD_1_weighted",0.421674413130724,600,87471.7473467556
6,"both",0.45,"GUniFrac",0.750881603425581,600,87471.7473467556
6,"both",0.45,"aitchison",0.623405138571616,600,87471.7473467556
6,"both",0.45,"bray",0.432969277696775,600,87471.7473467556
6,"both",0.45,"euclidean",0.181920298034651,600,87471.7473467556
6,"both",0.45,"jaccard",0.406976330900014,600,87471.7473467556
6,"both",0.45,"unifrac_unweighted",0.356670000049651,600,87471.7473467556
6,"both",0.45,"unifrac_weighted_phyloseq",0.607400378884877,600,87471.7473467556
6,"both",0.5,"GLaD_0.5_unweighted",0.589577253628242,600,87471.7473467556
6,"both",0.5,"GLaD_0.5_weighted",0.561474151858258,600,87471.7473467556
6,"both",0.5,"GLaD_1_unweighted",0.217713736561867,600,87471.7473467556
6,"both",0.5,"GLaD_1_weighted",0.466097171038359,600,87471.7473467556
6,"both",0.5,"GUniFrac",0.865785312833631,600,87471.7473467556
6,"both",0.5,"aitchison",0.702436840403992,600,87471.7473467556
6,"both",0.5,"bray",0.516798589022072,600,87471.7473467556
6,"both",0.5,"euclidean",0.237839582144607,600,87471.7473467556
6,"both",0.5,"jaccard",0.500250632381918,600,87471.7473467556
6,"both",0.5,"unifrac_unweighted",0.42151223118754,600,87471.7473467556
6,"both",0.5,"unifrac_weighted_phyloseq",0.708214637469545,600,87471.7473467556
6,"both",0.55,"GLaD_0.5_unweighted",0.704205415832629,600,87471.7473467556
6,"both",0.55,"GLaD_0.5_weighted",0.574373735788513,600,87471.7473467556
6,"both",0.55,"GLaD_1_unweighted",0.2898975770152,600,87471.7473467556
6,"both",0.55,"GLaD_1_weighted",0.514633156126501,600,87471.7473467556
6,"both",0.55,"GUniFrac",0.937628562373451,600,87471.7473467556
6,"both",0.55,"aitchison",0.837215495473478,600,87471.7473467556
6,"both",0.55,"bray",0.628742284697749,600,87471.7473467556
6,"both",0.55,"euclidean",0.275838973496604,600,87471.7473467556
6,"both",0.55,"jaccard",0.600318892463787,600,87471.7473467556
6,"both",0.55,"unifrac_unweighted",0.581729188706915,600,87471.7473467556
6,"both",0.55,"unifrac_weighted_phyloseq",0.748506813364055,600,87471.7473467556
6,"both",0.6,"GLaD_0.5_unweighted",0.83955559847537,600,87471.7473467556
6,"both",0.6,"GLaD_0.5_weighted",0.682313836556186,600,87471.7473467556
6,"both",0.6,"GLaD_1_unweighted",0.298516131798614,600,87471.7473467556
6,"both",0.6,"GLaD_1_weighted",0.579176467200883,600,87471.7473467556
6,"both",0.6,"GUniFrac",0.97389872033486,600,87471.7473467556
6,"both",0.6,"aitchison",0.929434763909452,600,87471.7473467556
6,"both",0.6,"bray",0.735568849792469,600,87471.7473467556
6,"both",0.6,"euclidean",0.373991535728534,600,87471.7473467556
6,"both",0.6,"jaccard",0.728766027993903,600,87471.7473467556
6,"both",0.6,"unifrac_unweighted",0.685007449382554,600,87471.7473467556
6,"both",0.6,"unifrac_weighted_phyloseq",0.840853174147477,600,87471.7473467556
6,"both",0.65,"GLaD_0.5_unweighted",0.927525212602315,600,87471.7473467556
6,"both",0.65,"GLaD_0.5_weighted",0.712920604999249,600,87471.7473467556
6,"both",0.65,"GLaD_1_unweighted",0.425609214476737,600,87471.7473467556
6,"both",0.65,"GLaD_1_weighted",0.604912467730751,600,87471.7473467556
6,"both",0.65,"GUniFrac",0.991876236694472,600,87471.7473467556
6,"both",0.65,"aitchison",0.967931116545439,600,87471.7473467556
6,"both",0.65,"bray",0.829624806385971,600,87471.7473467556
6,"both",0.65,"euclidean",0.397955625739377,600,87471.7473467556
6,"both",0.65,"jaccard",0.81266460635493,600,87471.7473467556
6,"both",0.65,"unifrac_unweighted",0.841459218284493,600,87471.7473467556
6,"both",0.65,"unifrac_weighted_phyloseq",0.885177094034013,600,87471.7473467556
6,"both",0.7,"GLaD_0.5_unweighted",0.975178428631441,600,87471.7473467556
6,"both",0.7,"GLaD_0.5_weighted",0.790967624525677,600,87471.7473467556
6,"both",0.7,"GLaD_1_unweighted",0.456351395422864,600,87471.7473467556
6,"both",0.7,"GLaD_1_weighted",0.706758267297886,600,87471.7473467556
6,"both",0.7,"GUniFrac",0.997718647323122,600,87471.7473467556
6,"both",0.7,"aitchison",0.995437294646244,600,87471.7473467556
6,"both",0.7,"bray",0.894221956100186,600,87471.7473467556
6,"both",0.7,"euclidean",0.486177083186838,600,87471.7473467556
6,"both",0.7,"jaccard",0.88820082508811,600,87471.7473467556
6,"both",0.7,"unifrac_unweighted",0.901407250825056,600,87471.7473467556
6,"both",0.7,"unifrac_weighted_phyloseq",0.932047098868083,600,87471.7473467556
6,"both",0.75,"GLaD_0.5_unweighted",0.990393047853021,600,87471.7473467556
6,"both",0.75,"GLaD_0.5_weighted",0.854270069941571,600,87471.7473467556
6,"both",0.75,"GLaD_1_unweighted",0.511687562271475,600,87471.7473467556
6,"both",0.75,"GLaD_1_weighted",0.750062793822258,600,87471.7473467556
6,"both",0.75,"GUniFrac",1,600,87471.7473467556
6,"both",0.75,"aitchison",0.99680514258795,600,87471.7473467556
6,"both",0.75,"bray",0.956295276732377,600,87471.7473467556
6,"both",0.75,"euclidean",0.537450059527695,600,87471.7473467556
6,"both",0.75,"jaccard",0.94592088861587,600,87471.7473467556
6,"both",0.75,"unifrac_unweighted",0.951617443938916,600,87471.7473467556
6,"both",0.75,"unifrac_weighted_phyloseq",0.978869891028703,600,87471.7473467556
6,"both",0.8,"GLaD_0.5_unweighted",0.998927954306639,600,87471.7473467556
6,"both",0.8,"GLaD_0.5_weighted",0.886164251671087,600,87471.7473467556
6,"both",0.8,"GLaD_1_unweighted",0.54534137594612,600,87471.7473467556
6,"both",0.8,"GLaD_1_weighted",0.77966901746975,600,87471.7473467556
6,"both",0.8,"GUniFrac",1,600,87471.7473467556
6,"both",0.8,"aitchison",1,600,87471.7473467556
6,"both",0.8,"bray",0.972326795806832,600,87471.7473467556
6,"both",0.8,"euclidean",0.614459141522862,600,87471.7473467556
6,"both",0.8,"jaccard",0.969530149829908,600,87471.7473467556
6,"both",0.8,"unifrac_unweighted",0.990026621430411,600,87471.7473467556
6,"both",0.8,"unifrac_weighted_phyloseq",0.981979972006936,600,87471.7473467556
6,"both",0.85,"GLaD_0.5_unweighted",1,600,87471.7473467556
6,"both",0.85,"GLaD_0.5_weighted",0.913034590988828,600,87471.7473467556
6,"both",0.85,"GLaD_1_unweighted",0.603848422883193,600,87471.7473467556
6,"both",0.85,"GLaD_1_weighted",0.814741406819047,600,87471.7473467556
6,"both",0.85,"GUniFrac",1,600,87471.7473467556
6,"both",0.85,"aitchison",1,600,87471.7473467556
6,"both",0.85,"bray",0.98461569375337,600,87471.7473467556
6,"both",0.85,"euclidean",0.6560001322913,600,87471.7473467556
6,"both",0.85,"jaccard",0.982415353313136,600,87471.7473467556
6,"both",0.85,"unifrac_unweighted",0.992095504884972,600,87471.7473467556
6,"both",0.85,"unifrac_weighted_phyloseq",0.994681230626464,600,87471.7473467556
6,"both",0.9,"GLaD_0.5_unweighted",1,600,87471.7473467556
6,"both",0.9,"GLaD_0.5_weighted",0.932416142200526,600,87471.7473467556
6,"both",0.9,"GLaD_1_unweighted",0.676009746908078,600,87471.7473467556
6,"both",0.9,"GLaD_1_weighted",0.864101050780279,600,87471.7473467556
6,"both",0.9,"GUniFrac",1,600,87471.7473467556
6,"both",0.9,"aitchison",1,600,87471.7473467556
6,"both",0.9,"bray",0.995994047039559,600,87471.7473467556
6,"both",0.9,"euclidean",0.721940787794757,600,87471.7473467556
6,"both",0.9,"jaccard",0.9953893935478,600,87471.7473467556
6,"both",0.9,"unifrac_unweighted",0.998927954306639,600,87471.7473467556
6,"both",0.9,"unifrac_weighted_phyloseq",0.998412661006593,600,87471.7473467556
6,"both",0.95,"GLaD_0.5_unweighted",1,600,87471.7473467556
6,"both",0.95,"GLaD_0.5_weighted",0.977398945475224,600,87471.7473467556
6,"both",0.95,"GLaD_1_unweighted",0.724825096663692,600,87471.7473467556
6,"both",0.95,"GLaD_1_weighted",0.925054015293002,600,87471.7473467556
6,"both",0.95,"GUniFrac",1,600,87471.7473467556
6,"both",0.95,"aitchison",1,600,87471.7473467556
6,"both",0.95,"bray",1,600,87471.7473467556
6,"both",0.95,"euclidean",0.802796387118858,600,87471.7473467556
6,"both",0.95,"jaccard",1,600,87471.7473467556
6,"both",0.95,"unifrac_unweighted",1,600,87471.7473467556
6,"both",0.95,"unifrac_weighted_phyloseq",1,600,87471.7473467556
6,"both",1,"GLaD_0.5_unweighted",1,600,87471.7473467556
6,"both",1,"GLaD_0.5_weighted",0.978522423484741,600,87471.7473467556
6,"both",1,"GLaD_1_unweighted",0.730038807620765,600,87471.7473467556
6,"both",1,"GLaD_1_weighted",0.934861196396011,600,87471.7473467556
6,"both",1,"GUniFrac",1,600,87471.7473467556
6,"both",1,"aitchison",1,600,87471.7473467556
6,"both",1,"bray",1,600,87471.7473467556
6,"both",1,"euclidean",0.820233909478208,600,87471.7473467556
6,"both",1,"jaccard",1,600,87471.7473467556
6,"both",1,"unifrac_unweighted",1,600,87471.7473467556
6,"both",1,"unifrac_weighted_phyloseq",1,600,87471.7473467556
6,"prevalence",0.05,"GLaD_0.5_unweighted",0.0697491696581846,600,87471.7473467556
6,"prevalence",0.05,"GLaD_0.5_weighted",0.0402873487141791,600,87471.7473467556
6,"prevalence",0.05,"GLaD_1_unweighted",0.0452729524052577,600,87471.7473467556
6,"prevalence",0.05,"GLaD_1_weighted",0.0528835798001537,600,87471.7473467556
6,"prevalence",0.05,"GUniFrac",0.0517563852960783,600,87471.7473467556
6,"prevalence",0.05,"aitchison",0.0572633094528869,600,87471.7473467556
6,"prevalence",0.05,"bray",0.0441821266715941,600,87471.7473467556
6,"prevalence",0.05,"euclidean",0.0507797269601136,600,87471.7473467556
6,"prevalence",0.05,"jaccard",0.0414475340526655,600,87471.7473467556
6,"prevalence",0.05,"unifrac_unweighted",0.0571502893425271,600,87471.7473467556
6,"prevalence",0.05,"unifrac_weighted_phyloseq",0.0526510367316993,600,87471.7473467556
6,"prevalence",0.1,"GLaD_0.5_unweighted",0.0666918101955099,600,87471.7473467556
6,"prevalence",0.1,"GLaD_0.5_weighted",0.0402944761226606,600,87471.7473467556
6,"prevalence",0.1,"GLaD_1_unweighted",0.0662380051539423,600,87471.7473467556
6,"prevalence",0.1,"GLaD_1_weighted",0.0466116322442817,600,87471.7473467556
6,"prevalence",0.1,"GUniFrac",0.0592166261248164,600,87471.7473467556
6,"prevalence",0.1,"aitchison",0.0514727860543797,600,87471.7473467556
6,"prevalence",0.1,"bray",0.0475410271824949,600,87471.7473467556
6,"prevalence",0.1,"euclidean",0.0516255660110977,600,87471.7473467556
6,"prevalence",0.1,"jaccard",0.0524688328331759,600,87471.7473467556
6,"prevalence",0.1,"unifrac_unweighted",0.0457251352006922,600,87471.7473467556
6,"prevalence",0.1,"unifrac_weighted_phyloseq",0.0473204358879965,600,87471.7473467556
6,"prevalence",0.15,"GLaD_0.5_unweighted",0.0617288094832929,600,87471.7473467556
6,"prevalence",0.15,"GLaD_0.5_weighted",0.0421173065563399,600,87471.7473467556
6,"prevalence",0.15,"GLaD_1_unweighted",0.0729512115797454,600,87471.7473467556
6,"prevalence",0.15,"GLaD_1_weighted",0.0408199655067952,600,87471.7473467556
6,"prevalence",0.15,"GUniFrac",0.0618923204605498,600,87471.7473467556
6,"prevalence",0.15,"aitchison",0.0571389798756954,600,87471.7473467556
6,"prevalence",0.15,"bray",0.0620134656647774,600,87471.7473467556
6,"prevalence",0.15,"euclidean",0.0733076546612083,600,87471.7473467556
6,"prevalence",0.15,"jaccard",0.0665414244942546,600,87471.7473467556
6,"prevalence",0.15,"unifrac_unweighted",0.0575372777100141,600,87471.7473467556
6,"prevalence",0.15,"unifrac_weighted_phyloseq",0.0553387853988002,600,87471.7473467556
6,"prevalence",0.2,"GLaD_0.5_unweighted",0.0670152315596527,600,87471.7473467556
6,"prevalence",0.2,"GLaD_0.5_weighted",0.0559015054965686,600,87471.7473467556
6,"prevalence",0.2,"GLaD_1_unweighted",0.0757809979930332,600,87471.7473467556
6,"prevalence",0.2,"GLaD_1_weighted",0.0640834816819862,600,87471.7473467556
6,"prevalence",0.2,"GUniFrac",0.0468755439010141,600,87471.7473467556
6,"prevalence",0.2,"aitchison",0.0530528950818938,600,87471.7473467556
6,"prevalence",0.2,"bray",0.0551709596427154,600,87471.7473467556
6,"prevalence",0.2,"euclidean",0.0373266596384036,600,87471.7473467556
6,"prevalence",0.2,"jaccard",0.0576836348414609,600,87471.7473467556
6,"prevalence",0.2,"unifrac_unweighted",0.0683594790439416,600,87471.7473467556
6,"prevalence",0.2,"unifrac_weighted_phyloseq",0.0492462567696043,600,87471.7473467556
6,"prevalence",0.25,"GLaD_0.5_unweighted",0.120609787117626,600,87471.7473467556
6,"prevalence",0.25,"GLaD_0.5_weighted",0.0726454552884164,600,87471.7473467556
6,"prevalence",0.25,"GLaD_1_unweighted",0.0839253300066544,600,87471.7473467556
6,"prevalence",0.25,"GLaD_1_weighted",0.0600978107041917,600,87471.7473467556
6,"prevalence",0.25,"GUniFrac",0.0836117285836879,600,87471.7473467556
6,"prevalence",0.25,"aitchison",0.0943570213016034,600,87471.7473467556
6,"prevalence",0.25,"bray",0.0663528109104058,600,87471.7473467556
6,"prevalence",0.25,"euclidean",0.071022210066703,600,87471.7473467556
6,"prevalence",0.25,"jaccard",0.071114827890627,600,87471.7473467556
6,"prevalence",0.25,"unifrac_unweighted",0.0885201921162359,600,87471.7473467556
6,"prevalence",0.25,"unifrac_weighted_phyloseq",0.0760634506672357,600,87471.7473467556
6,"prevalence",0.3,"GLaD_0.5_unweighted",0.183210302819362,600,87471.7473467556
6,"prevalence",0.3,"GLaD_0.5_weighted",0.057099724289709,600,87471.7473467556
6,"prevalence",0.3,"GLaD_1_unweighted",0.0982867091832677,600,87471.7473467556
6,"prevalence",0.3,"GLaD_1_weighted",0.0722034045094084,600,87471.7473467556
6,"prevalence",0.3,"GUniFrac",0.0723782551165632,600,87471.7473467556
6,"prevalence",0.3,"aitchison",0.112891155952722,600,87471.7473467556
6,"prevalence",0.3,"bray",0.0406809616667168,600,87471.7473467556
6,"prevalence",0.3,"euclidean",0.0336321732464627,600,87471.7473467556
6,"prevalence",0.3,"jaccard",0.0494656275175159,600,87471.7473467556
6,"prevalence",0.3,"unifrac_unweighted",0.134073450638225,600,87471.7473467556
6,"prevalence",0.3,"unifrac_weighted_phyloseq",0.0559524706641874,600,87471.7473467556
6,"prevalence",0.35,"GLaD_0.5_unweighted",0.243836684723241,600,87471.7473467556
6,"prevalence",0.35,"GLaD_0.5_weighted",0.0676705828247071,600,87471.7473467556
6,"prevalence",0.35,"GLaD_1_unweighted",0.138620652050111,600,87471.7473467556
6,"prevalence",0.35,"GLaD_1_weighted",0.0481585692910366,600,87471.7473467556
6,"prevalence",0.35,"GUniFrac",0.0739705788537289,600,87471.7473467556
6,"prevalence",0.35,"aitchison",0.150289058079348,600,87471.7473467556
6,"prevalence",0.35,"bray",0.0512269397364805,600,87471.7473467556
6,"prevalence",0.35,"euclidean",0.0570075228900223,600,87471.7473467556
6,"prevalence",0.35,"jaccard",0.0616228303822212,600,87471.7473467556
6,"prevalence",0.35,"unifrac_unweighted",0.200127816113975,600,87471.7473467556
6,"prevalence",0.35,"unifrac_weighted_phyloseq",0.0651579076259615,600,87471.7473467556
6,"prevalence",0.4,"GLaD_0.5_unweighted",0.357974288232391,600,87471.7473467556
6,"prevalence",0.4,"GLaD_0.5_weighted",0.0423895661681405,600,87471.7473467556
6,"prevalence",0.4,"GLaD_1_unweighted",0.17009845142657,600,87471.7473467556
6,"prevalence",0.4,"GLaD_1_weighted",0.054869130228686,600,87471.7473467556
6,"prevalence",0.4,"GUniFrac",0.0938523389251374,600,87471.7473467556
6,"prevalence",0.4,"aitchison",0.181137091446028,600,87471.7473467556
6,"prevalence",0.4,"bray",0.0644114121078367,600,87471.7473467556
6,"prevalence",0.4,"euclidean",0.0623710560335794,600,87471.7473467556
6,"prevalence",0.4,"jaccard",0.0706308600826771,600,87471.7473467556
6,"prevalence",0.4,"unifrac_unweighted",0.232485639645939,600,87471.7473467556
6,"prevalence",0.4,"unifrac_weighted_phyloseq",0.0631925366226645,600,87471.7473467556
6,"prevalence",0.45,"GLaD_0.5_unweighted",0.461641299784212,600,87471.7473467556
6,"prevalence",0.45,"GLaD_0.5_weighted",0.0522097455419181,600,87471.7473467556
6,"prevalence",0.45,"GLaD_1_unweighted",0.19946760909027,600,87471.7473467556
6,"prevalence",0.45,"GLaD_1_weighted",0.0466499795657617,600,87471.7473467556
6,"prevalence",0.45,"GUniFrac",0.107718305084805,600,87471.7473467556
6,"prevalence",0.45,"aitchison",0.250480769636966,600,87471.7473467556
6,"prevalence",0.45,"bray",0.062810230115272,600,87471.7473467556
6,"prevalence",0.45,"euclidean",0.0573665960212638,600,87471.7473467556
6,"prevalence",0.45,"jaccard",0.0694899428832332,600,87471.7473467556
6,"prevalence",0.45,"unifrac_unweighted",0.365586301724469,600,87471.7473467556
6,"prevalence",0.45,"unifrac_weighted_phyloseq",0.0714781425414486,600,87471.7473467556
6,"prevalence",0.5,"GLaD_0.5_unweighted",0.604544758282722,600,87471.7473467556
6,"prevalence",0.5,"GLaD_0.5_weighted",0.0824693871563612,600,87471.7473467556
6,"prevalence",0.5,"GLaD_1_unweighted",0.242057545468432,600,87471.7473467556
6,"prevalence",0.5,"GLaD_1_weighted",0.078682807965518,600,87471.7473467556
6,"prevalence",0.5,"GUniFrac",0.117504603612896,600,87471.7473467556
6,"prevalence",0.5,"aitchison",0.323287310971098,600,87471.7473467556
6,"prevalence",0.5,"bray",0.0626121243107024,600,87471.7473467556
6,"prevalence",0.5,"euclidean",0.052655215768363,600,87471.7473467556
6,"prevalence",0.5,"jaccard",0.067169025359975,600,87471.7473467556
6,"prevalence",0.5,"unifrac_unweighted",0.446872093629691,600,87471.7473467556
6,"prevalence",0.5,"unifrac_weighted_phyloseq",0.0954595434769539,600,87471.7473467556
6,"prevalence",0.55,"GLaD_0.5_unweighted",0.711582845638673,600,87471.7473467556
6,"prevalence",0.55,"GLaD_0.5_weighted",0.065983647274174,600,87471.7473467556
6,"prevalence",0.55,"GLaD_1_unweighted",0.271434634659549,600,87471.7473467556
6,"prevalence",0.55,"GLaD_1_weighted",0.069689513370508,600,87471.7473467556
6,"prevalence",0.55,"GUniFrac",0.147392294462477,600,87471.7473467556
6,"prevalence",0.55,"aitchison",0.373886802465497,600,87471.7473467556
6,"prevalence",0.55,"bray",0.0765113774252294,600,87471.7473467556
6,"prevalence",0.55,"euclidean",0.0381443575702552,600,87471.7473467556
6,"prevalence",0.55,"jaccard",0.0769514627931149,600,87471.7473467556
6,"prevalence",0.55,"unifrac_unweighted",0.583386941430074,600,87471.7473467556
6,"prevalence",0.55,"unifrac_weighted_phyloseq",0.0849664042048515,600,87471.7473467556
6,"prevalence",0.6,"GLaD_0.5_unweighted",0.848257751787538,600,87471.7473467556
6,"prevalence",0.6,"GLaD_0.5_weighted",0.0553933689031675,600,87471.7473467556
6,"prevalence",0.6,"GLaD_1_unweighted",0.330316826077253,600,87471.7473467556
6,"prevalence",0.6,"GLaD_1_weighted",0.0577354488123562,600,87471.7473467556
6,"prevalence",0.6,"GUniFrac",0.14552594229327,600,87471.7473467556
6,"prevalence",0.6,"aitchison",0.482360396542481,600,87471.7473467556
6,"prevalence",0.6,"bray",0.0680125150432538,600,87471.7473467556
6,"prevalence",0.6,"euclidean",0.0507965284493481,600,87471.7473467556
6,"prevalence",0.6,"jaccard",0.062717182727165,600,87471.7473467556
6,"prevalence",0.6,"unifrac_unweighted",0.728996172216251,600,87471.7473467556
6,"prevalence",0.6,"unifrac_weighted_phyloseq",0.0621887348529535,600,87471.7473467556
6,"prevalence",0.65,"GLaD_0.5_unweighted",0.9135632177048,600,87471.7473467556
6,"prevalence",0.65,"GLaD_0.5_weighted",0.0971773271971752,600,87471.7473467556
6,"prevalence",0.65,"GLaD_1_unweighted",0.410370829757412,600,87471.7473467556
6,"prevalence",0.65,"GLaD_1_weighted",0.0842292706922297,600,87471.7473467556
6,"prevalence",0.65,"GUniFrac",0.233123537058146,600,87471.7473467556
6,"prevalence",0.65,"aitchison",0.651942572573213,600,87471.7473467556
6,"prevalence",0.65,"bray",0.0995582923859809,600,87471.7473467556
6,"prevalence",0.65,"euclidean",0.0523759921480514,600,87471.7473467556
6,"prevalence",0.65,"jaccard",0.0972827440135862,600,87471.7473467556
6,"prevalence",0.65,"unifrac_unweighted",0.819387193759979,600,87471.7473467556
6,"prevalence",0.65,"unifrac_weighted_phyloseq",0.102892791338801,600,87471.7473467556
6,"prevalence",0.7,"GLaD_0.5_unweighted",0.9632323734698,600,87471.7473467556
6,"prevalence",0.7,"GLaD_0.5_weighted",0.0801405196422104,600,87471.7473467556
6,"prevalence",0.7,"GLaD_1_unweighted",0.419732352010729,600,87471.7473467556
6,"prevalence",0.7,"GLaD_1_weighted",0.0819544801174861,600,87471.7473467556
6,"prevalence",0.7,"GUniFrac",0.256195927746715,600,87471.7473467556
6,"prevalence",0.7,"aitchison",0.778506308174265,600,87471.7473467556
6,"prevalence",0.7,"bray",0.0949682670585626,600,87471.7473467556
6,"prevalence",0.7,"euclidean",0.057408695836911,600,87471.7473467556
6,"prevalence",0.7,"jaccard",0.102094092360093,600,87471.7473467556
6,"prevalence",0.7,"unifrac_unweighted",0.910565311713408,600,87471.7473467556
6,"prevalence",0.7,"unifrac_weighted_phyloseq",0.0940471290697923,600,87471.7473467556
6,"prevalence",0.75,"GLaD_0.5_unweighted",0.99519652392651,600,87471.7473467556
6,"prevalence",0.75,"GLaD_0.5_weighted",0.0953914166285762,600,87471.7473467556
6,"prevalence",0.75,"GLaD_1_unweighted",0.453147360376763,600,87471.7473467556
6,"prevalence",0.75,"GLaD_1_weighted",0.0968663778187478,600,87471.7473467556
6,"prevalence",0.75,"GUniFrac",0.29513308503721,600,87471.7473467556
6,"prevalence",0.75,"aitchison",0.850014241018944,600,87471.7473467556
6,"prevalence",0.75,"bray",0.105285152390218,600,87471.7473467556
6,"prevalence",0.75,"euclidean",0.0592322070674642,600,87471.7473467556
6,"prevalence",0.75,"jaccard",0.101355241647353,600,87471.7473467556
6,"prevalence",0.75,"unifrac_unweighted",0.946265534129017,600,87471.7473467556
6,"prevalence",0.75,"unifrac_weighted_phyloseq",0.130437524690765,600,87471.7473467556
6,"prevalence",0.8,"GLaD_0.5_unweighted",1,600,87471.7473467556
6,"prevalence",0.8,"GLaD_0.5_weighted",0.116870333994211,600,87471.7473467556
6,"prevalence",0.8,"GLaD_1_unweighted",0.512327454992684,600,87471.7473467556
6,"prevalence",0.8,"GLaD_1_weighted",0.100108614325906,600,87471.7473467556
6,"prevalence",0.8,"GUniFrac",0.340489788329674,600,87471.7473467556
6,"prevalence",0.8,"aitchison",0.900870482856999,600,87471.7473467556
6,"prevalence",0.8,"bray",0.101229230362799,600,87471.7473467556
6,"prevalence",0.8,"euclidean",0.0478088848964313,600,87471.7473467556
6,"prevalence",0.8,"jaccard",0.0894421904600687,600,87471.7473467556
6,"prevalence",0.8,"unifrac_unweighted",0.983332118702205,600,87471.7473467556
6,"prevalence",0.8,"unifrac_weighted_phyloseq",0.130083628281573,600,87471.7473467556
6,"prevalence",0.85,"GLaD_0.5_unweighted",1,600,87471.7473467556
6,"prevalence",0.85,"GLaD_0.5_weighted",0.0903378096214259,600,87471.7473467556
6,"prevalence",0.85,"GLaD_1_unweighted",0.582926671110007,600,87471.7473467556
6,"prevalence",0.85,"GLaD_1_weighted",0.0999669050200174,600,87471.7473467556
6,"prevalence",0.85,"GUniFrac",0.436580312193095,600,87471.7473467556
6,"prevalence",0.85,"aitchison",0.967855031231681,600,87471.7473467556
6,"prevalence",0.85,"bray",0.118084076060345,600,87471.7473467556
6,"prevalence",0.85,"euclidean",0.0459883483141731,600,87471.7473467556
6,"prevalence",0.85,"jaccard",0.116850111472794,600,87471.7473467556
6,"prevalence",0.85,"unifrac_unweighted",0.993242758510493,600,87471.7473467556
6,"prevalence",0.85,"unifrac_weighted_phyloseq",0.14653719847482,600,87471.7473467556
6,"prevalence",0.9,"GLaD_0.5_unweighted",1,600,87471.7473467556
6,"prevalence",0.9,"GLaD_0.5_weighted",0.115420840777212,600,87471.7473467556
6,"prevalence",0.9,"GLaD_1_unweighted",0.671880586156762,600,87471.7473467556
6,"prevalence",0.9,"GLaD_1_weighted",0.111163385869668,600,87471.7473467556
6,"prevalence",0.9,"GUniFrac",0.49287989430314,600,87471.7473467556
6,"prevalence",0.9,"aitchison",0.97,600,87471.7473467556
6,"prevalence",0.9,"bray",0.125044029313909,600,87471.7473467556
6,"prevalence",0.9,"euclidean",0.0521696125743345,600,87471.7473467556
6,"prevalence",0.9,"jaccard",0.117752535645707,600,87471.7473467556
6,"prevalence",0.9,"unifrac_unweighted",1,600,87471.7473467556
6,"prevalence",0.9,"unifrac_weighted_phyloseq",0.155506986639724,600,87471.7473467556
6,"prevalence",0.95,"GLaD_0.5_unweighted",1,600,87471.7473467556
6,"prevalence",0.95,"GLaD_0.5_weighted",0.123273039992504,600,87471.7473467556
6,"prevalence",0.95,"GLaD_1_unweighted",0.740495175699653,600,87471.7473467556
6,"prevalence",0.95,"GLaD_1_weighted",0.111888659540632,600,87471.7473467556
6,"prevalence",0.95,"GUniFrac",0.60198850049973,600,87471.7473467556
6,"prevalence",0.95,"aitchison",0.995237983019779,600,87471.7473467556
6,"prevalence",0.95,"bray",0.112910915932034,600,87471.7473467556
6,"prevalence",0.95,"euclidean",0.0580978998795984,600,87471.7473467556
6,"prevalence",0.95,"jaccard",0.113449646289527,600,87471.7473467556
6,"prevalence",0.95,"unifrac_unweighted",1,600,87471.7473467556
6,"prevalence",0.95,"unifrac_weighted_phyloseq",0.15652590516962,600,87471.7473467556
6,"prevalence",1,"GLaD_0.5_unweighted",1,600,87471.7473467556
6,"prevalence",1,"GLaD_0.5_weighted",0.123533530617054,600,87471.7473467556
6,"prevalence",1,"GLaD_1_unweighted",0.765611535472953,600,87471.7473467556
6,"prevalence",1,"GLaD_1_weighted",0.101232461057047,600,87471.7473467556
6,"prevalence",1,"GUniFrac",0.659937769503039,600,87471.7473467556
6,"prevalence",1,"aitchison",1,600,87471.7473467556
6,"prevalence",1,"bray",0.175982872449987,600,87471.7473467556
6,"prevalence",1,"euclidean",0.0678224882146839,600,87471.7473467556
6,"prevalence",1,"jaccard",0.187825462862978,600,87471.7473467556
6,"prevalence",1,"unifrac_unweighted",1,600,87471.7473467556
6,"prevalence",1,"unifrac_weighted_phyloseq",0.200619280771873,600,87471.7473467556
8,"abundance",0.05,"GLaD_0.5_unweighted",0.0491847062209491,800,87471.7473467546
8,"abundance",0.05,"GLaD_0.5_weighted",0.0430912195753848,800,87471.7473467546
8,"abundance",0.05,"GLaD_1_unweighted",0.0628761463762084,800,87471.7473467546
8,"abundance",0.05,"GLaD_1_weighted",0.0519350051168994,800,87471.7473467546
8,"abundance",0.05,"GUniFrac",0.0448043612579709,800,87471.7473467546
8,"abundance",0.05,"aitchison",0.0334959393969555,800,87471.7473467546
8,"abundance",0.05,"bray",0.0540299083022168,800,87471.7473467546
8,"abundance",0.05,"euclidean",0.0365835576432908,800,87471.7473467546
8,"abundance",0.05,"jaccard",0.0528532579726349,800,87471.7473467546
8,"abundance",0.05,"unifrac_unweighted",0.0481922731070212,800,87471.7473467546
8,"abundance",0.05,"unifrac_weighted_phyloseq",0.0405430622401642,800,87471.7473467546
8,"abundance",0.1,"GLaD_0.5_unweighted",0.0570858886392496,800,87471.7473467546
8,"abundance",0.1,"GLaD_0.5_weighted",0.0745707355787734,800,87471.7473467546
8,"abundance",0.1,"GLaD_1_unweighted",0.046574779806325,800,87471.7473467546
8,"abundance",0.1,"GLaD_1_weighted",0.081663963079,800,87471.7473467546
8,"abundance",0.1,"GUniFrac",0.0734269808318406,800,87471.7473467546
8,"abundance",0.1,"aitchison",0.053138588033193,800,87471.7473467546
8,"abundance",0.1,"bray",0.0750042863845994,800,87471.7473467546
8,"abundance",0.1,"euclidean",0.0715810688271745,800,87471.7473467546
8,"abundance",0.1,"jaccard",0.0734221697840653,800,87471.7473467546
8,"abundance",0.1,"unifrac_unweighted",0.0554029739624225,800,87471.7473467546
8,"abundance",0.1,"unifrac_weighted_phyloseq",0.0831517870401308,800,87471.7473467546
8,"abundance",0.15,"GLaD_0.5_unweighted",0.0475515898735678,800,87471.7473467546
8,"abundance",0.15,"GLaD_0.5_weighted",0.0947079505346949,800,87471.7473467546
8,"abundance",0.15,"GLaD_1_unweighted",0.0469008804575327,800,87471.7473467546
8,"abundance",0.15,"GLaD_1_weighted",0.0785488996344569,800,87471.7473467546
8,"abundance",0.15,"GUniFrac",0.0689085990235447,800,87471.7473467546
8,"abundance",0.15,"aitchison",0.0415833163535658,800,87471.7473467546
8,"abundance",0.15,"bray",0.0652613702918719,800,87471.7473467546
8,"abundance",0.15,"euclidean",0.0538013610632272,800,87471.7473467546
8,"abundance",0.15,"jaccard",0.0710067173413036,800,87471.7473467546
8,"abundance",0.15,"unifrac_unweighted",0.0413765948949815,800,87471.7473467546
8,"abundance",0.15,"unifrac_weighted_phyloseq",0.0793336638990178,800,87471.7473467546
8,"abundance",0.2,"GLaD_0.5_unweighted",0.0499144432234046,800,87471.7473467546
8,"abundance",0.2,"GLaD_0.5_weighted",0.0708138344954892,800,87471.7473467546
8,"abundance",0.2,"GLaD_1_unweighted",0.051950667333756,800,87471.7473467546
8,"abundance",0.2,"GLaD_1_weighted",0.0777097572252489,800,87471.7473467546
8,"abundance",0.2,"GUniFrac",0.0883739408283774,800,87471.7473467546
8,"abundance",0.2,"aitchison",0.0446153624913135,800,87471.7473467546
8,"abundance",0.2,"bray",0.0740687378919487,800,87471.7473467546
8,"abundance",0.2,"euclidean",0.0723246918929919,800,87471.7473467546
8,"abundance",0.2,"jaccard",0.0791803570410434,800,87471.7473467546
8,"abundance",0.2,"unifrac_unweighted",0.036474026860017,800,87471.7473467546
8,"abundance",0.2,"unifrac_weighted_phyloseq",0.0822700574304647,800,87471.7473467546
8,"abundance",0.25,"GLaD_0.5_unweighted",0.0578270294482719,800,87471.7473467546
8,"abundance",0.25,"GLaD_0.5_weighted",0.122068742636286,800,87471.7473467546
8,"abundance",0.25,"GLaD_1_unweighted",0.0486584656674189,800,87471.7473467546
8,"abundance",0.25,"GLaD_1_weighted",0.142140462658446,800,87471.7473467546
8,"abundance",0.25,"GUniFrac",0.127480050843651,800,87471.7473467546
8,"abundance",0.25,"aitchison",0.063028957126134,800,87471.7473467546
8,"abundance",0.25,"bray",0.111085197711699,800,87471.7473467546
8,"abundance",0.25,"euclidean",0.0723831177146221,800,87471.7473467546
8,"abundance",0.25,"jaccard",0.101789099169029,800,87471.7473467546
8,"abundance",0.25,"unifrac_unweighted",0.0458010842559992,800,87471.7473467546
8,"abundance",0.25,"unifrac_weighted_phyloseq",0.130551179878211,800,87471.7473467546
8,"abundance",0.3,"GLaD_0.5_unweighted",0.0457234542741039,800,87471.7473467546
8,"abundance",0.3,"GLaD_0.5_weighted",0.135699841098953,800,87471.7473467546
8,"abundance",0.3,"GLaD_1_unweighted",0.0606090464445502,800,87471.7473467546
8,"abundance",0.3,"GLaD_1_weighted",0.151575486404439,800,87471.7473467546
8,"abundance",0.3,"GUniFrac",0.144981069913397,800,87471.7473467546
8,"abundance",0.3,"aitchison",0.0502267811881953,800,87471.7473467546
8,"abundance",0.3,"bray",0.109662940067191,800,87471.7473467546
8,"abundance",0.3,"euclidean",0.0916085894781431,800,87471.7473467546
8,"abundance",0.3,"jaccard",0.105170432888459,800,87471.7473467546
8,"abundance",0.3,"unifrac_unweighted",0.0472232947416002,800,87471.7473467546
8,"abundance",0.3,"unifrac_weighted_phyloseq",0.169130296505696,800,87471.7473467546
8,"abundance",0.35,"GLaD_0.5_unweighted",0.0540239234103828,800,87471.7473467546
8,"abundance",0.35,"GLaD_0.5_weighted",0.176613350975064,800,87471.7473467546
8,"abundance",0.35,"GLaD_1_unweighted",0.0489727522419061,800,87471.7473467546
8,"abundance",0.35,"GLaD_1_weighted",0.189460821304664,800,87471.7473467546
8,"abundance",0.35,"GUniFrac",0.174665440198713,800,87471.7473467546
8,"abundance",0.35,"aitchison",0.0596927428853727,800,87471.7473467546
8,"abundance",0.35,"bray",0.116923862103912,800,87471.7473467546
8,"abundance",0.35,"euclidean",0.0912659328518183,800,87471.7473467546
8,"abundance",0.35,"jaccard",0.11922389083248,800,87471.7473467546
8,"abundance",0.35,"unifrac_unweighted",0.0539027596443673,800,87471.7473467546
8,"abundance",0.35,"unifrac_weighted_phyloseq",0.219796706199579,800,87471.7473467546
8,"abundance",0.4,"GLaD_0.5_unweighted",0.0703403325708862,800,87471.7473467546
8,"abundance",0.4,"GLaD_0.5_weighted",0.24907687727627,800,87471.7473467546
8,"abundance",0.4,"GLaD_1_unweighted",0.066382136704465,800,87471.7473467546
8,"abundance",0.4,"GLaD_1_weighted",0.228663553001783,800,87471.7473467546
8,"abundance",0.4,"GUniFrac",0.265728455739949,800,87471.7473467546
8,"abundance",0.4,"aitchison",0.0723268481114136,800,87471.7473467546
8,"abundance",0.4,"bray",0.186823049853661,800,87471.7473467546
8,"abundance",0.4,"euclidean",0.124826277518984,800,87471.7473467546
8,"abundance",0.4,"jaccard",0.181632918244213,800,87471.7473467546
8,"abundance",0.4,"unifrac_unweighted",0.0509191165530915,800,87471.7473467546
8,"abundance",0.4,"unifrac_weighted_phyloseq",0.277355618812807,800,87471.7473467546
8,"abundance",0.45,"GLaD_0.5_unweighted",0.0400982332959777,800,87471.7473467546
8,"abundance",0.45,"GLaD_0.5_weighted",0.271973853423739,800,87471.7473467546
8,"abundance",0.45,"GLaD_1_unweighted",0.0387034127748754,800,87471.7473467546
8,"abundance",0.45,"GLaD_1_weighted",0.259794725213167,800,87471.7473467546
8,"abundance",0.45,"GUniFrac",0.320307407486681,800,87471.7473467546
8,"abundance",0.45,"aitchison",0.0575377822352046,800,87471.7473467546
8,"abundance",0.45,"bray",0.226040193198245,800,87471.7473467546
8,"abundance",0.45,"euclidean",0.138927843783624,800,87471.7473467546
8,"abundance",0.45,"jaccard",0.224427263647899,800,87471.7473467546
8,"abundance",0.45,"unifrac_unweighted",0.0298323885599062,800,87471.7473467546
8,"abundance",0.45,"unifrac_weighted_phyloseq",0.308206310504958,800,87471.7473467546
8,"abundance",0.5,"GLaD_0.5_unweighted",0.0322376474285082,800,87471.7473467546
8,"abundance",0.5,"GLaD_0.5_weighted",0.317809113795806,800,87471.7473467546
8,"abundance",0.5,"GLaD_1_unweighted",0.0500168251790476,800,87471.7473467546
8,"abundance",0.5,"GLaD_1_weighted",0.307259379313323,800,87471.7473467546
8,"abundance",0.5,"GUniFrac",0.406546302536878,800,87471.7473467546
8,"abundance",0.5,"aitchison",0.0541908337218306,800,87471.7473467546
8,"abundance",0.5,"bray",0.280866908563865,800,87471.7473467546
8,"abundance",0.5,"euclidean",0.185567984879837,800,87471.7473467546
8,"abundance",0.5,"jaccard",0.267716028141846,800,87471.7473467546
8,"abundance",0.5,"unifrac_unweighted",0.0354691938103063,800,87471.7473467546
8,"abundance",0.5,"unifrac_weighted_phyloseq",0.38176481655153,800,87471.7473467546
8,"abundance",0.55,"GLaD_0.5_unweighted",0.0519213264684335,800,87471.7473467546
8,"abundance",0.55,"GLaD_0.5_weighted",0.41949022947463,800,87471.7473467546
8,"abundance",0.55,"GLaD_1_unweighted",0.0542032024765118,800,87471.7473467546
8,"abundance",0.55,"GLaD_1_weighted",0.39611475666911,800,87471.7473467546
8,"abundance",0.55,"GUniFrac",0.521291494006693,800,87471.7473467546
8,"abundance",0.55,"aitchison",0.0787988788096191,800,87471.7473467546
8,"abundance",0.55,"bray",0.37434578399133,800,87471.7473467546
8,"abundance",0.55,"euclidean",0.2702633067496,800,87471.7473467546
8,"abundance",0.55,"jaccard",0.363478128879154,800,87471.7473467546
8,"abundance",0.55,"unifrac_unweighted",0.0375341324058772,800,87471.7473467546
8,"abundance",0.55,"unifrac_weighted_phyloseq",0.496279728343803,800,87471.7473467546
8,"abundance",0.6,"GLaD_0.5_unweighted",0.0658706589926776,800,87471.7473467546
8,"abundance",0.6,"GLaD_0.5_weighted",0.443379614405824,800,87471.7473467546
8,"abundance",0.6,"GLaD_1_unweighted",0.0308273277224768,800,87471.7473467546
8,"abundance",0.6,"GLaD_1_weighted",0.401109326628323,800,87471.7473467546
8,"abundance",0.6,"GUniFrac",0.561972644858847,800,87471.7473467546
8,"abundance",0.6,"aitchison",0.0777170447480444,800,87471.7473467546
8,"abundance",0.6,"bray",0.384723437001294,800,87471.7473467546
8,"abundance",0.6,"euclidean",0.238076652818302,800,87471.7473467546
8,"abundance",0.6,"jaccard",0.372786091041019,800,87471.7473467546
8,"abundance",0.6,"unifrac_unweighted",0.0429907659176275,800,87471.7473467546
8,"abundance",0.6,"unifrac_weighted_phyloseq",0.543766022119317,800,87471.7473467546
8,"abundance",0.65,"GLaD_0.5_unweighted",0.0567768885279428,800,87471.7473467546
8,"abundance",0.65,"GLaD_0.5_weighted",0.523409577635536,800,87471.7473467546
8,"abundance",0.65,"GLaD_1_unweighted",0.0500314873049195,800,87471.7473467546
8,"abundance",0.65,"GLaD_1_weighted",0.473740355683195,800,87471.7473467546
8,"abundance",0.65,"GUniFrac",0.648560339991196,800,87471.7473467546
8,"abundance",0.65,"aitchison",0.100449935054402,800,87471.7473467546
8,"abundance",0.65,"bray",0.495296437221093,800,87471.7473467546
8,"abundance",0.65,"euclidean",0.34165641416824,800,87471.7473467546
8,"abundance",0.65,"jaccard",0.471783257380604,800,87471.7473467546
8,"abundance",0.65,"unifrac_unweighted",0.05965163532588,800,87471.7473467546
8,"abundance",0.65,"unifrac_weighted_phyloseq",0.620727158037516,800,87471.7473467546
8,"abundance",0.7,"GLaD_0.5_unweighted",0.0398640542900574,800,87471.7473467546
8,"abundance",0.7,"GLaD_0.5_weighted",0.560188942722466,800,87471.7473467546
8,"abundance",0.7,"GLaD_1_unweighted",0.0321015806622274,800,87471.7473467546
8,"abundance",0.7,"GLaD_1_weighted",0.480242491125433,800,87471.7473467546
8,"abundance",0.7,"GUniFrac",0.715123338806461,800,87471.7473467546
8,"abundance",0.7,"aitchison",0.101842733377552,800,87471.7473467546
8,"abundance",0.7,"bray",0.577951613809872,800,87471.7473467546
8,"abundance",0.7,"euclidean",0.383670333656609,800,87471.7473467546
8,"abundance",0.7,"jaccard",0.575990851545838,800,87471.7473467546
8,"abundance",0.7,"unifrac_unweighted",0.0480056988978157,800,87471.7473467546
8,"abundance",0.7,"unifrac_weighted_phyloseq",0.650569149178642,800,87471.7473467546
8,"abundance",0.75,"GLaD_0.5_unweighted",0.0467918621548869,800,87471.7473467546
8,"abundance",0.75,"GLaD_0.5_weighted",0.633318071872545,800,87471.7473467546
8,"abundance",0.75,"GLaD_1_unweighted",0.0537846389322111,800,87471.7473467546
8,"abundance",0.75,"GLaD_1_weighted",0.556039212726805,800,87471.7473467546
8,"abundance",0.75,"GUniFrac",0.785954247091432,800,87471.7473467546
8,"abundance",0.75,"aitchison",0.0998025743941676,800,87471.7473467546
8,"abundance",0.75,"bray",0.637005880616858,800,87471.7473467546
8,"abundance",0.75,"euclidean",0.406774178147086,800,87471.7473467546
8,"abundance",0.75,"jaccard",0.629818321303154,800,87471.7473467546
8,"abundance",0.75,"unifrac_unweighted",0.0426878519924678,800,87471.7473467546
8,"abundance",0.75,"unifrac_weighted_phyloseq",0.738943029080762,800,87471.7473467546
8,"abundance",0.8,"GLaD_0.5_unweighted",0.0618670837334348,800,87471.7473467546
8,"abundance",0.8,"GLaD_0.5_weighted",0.67076659330564,800,87471.7473467546
8,"abundance",0.8,"GLaD_1_unweighted",0.0502808889222098,800,87471.7473467546
8,"abundance",0.8,"GLaD_1_weighted",0.567191866984717,800,87471.7473467546
8,"abundance",0.8,"GUniFrac",0.858399439988947,800,87471.7473467546
8,"abundance",0.8,"aitchison",0.136860514542132,800,87471.7473467546
8,"abundance",0.8,"bray",0.698003573984025,800,87471.7473467546
8,"abundance",0.8,"euclidean",0.464598028013708,800,87471.7473467546
8,"abundance",0.8,"jaccard",0.699172872279835,800,87471.7473467546
8,"abundance",0.8,"unifrac_unweighted",0.0485158413644043,800,87471.7473467546
8,"abundance",0.8,"unifrac_weighted_phyloseq",0.793012298554091,800,87471.7473467546
8,"abundance",0.85,"GLaD_0.5_unweighted",0.05271540356677,800,87471.7473467546
8,"abundance",0.85,"GLaD_0.5_weighted",0.699632363055557,800,87471.7473467546
8,"abundance",0.85,"GLaD_1_unweighted",0.0545832082586948,800,87471.7473467546
8,"abundance",0.85,"GLaD_1_weighted",0.619671086577429,800,87471.7473467546
8,"abundance",0.85,"GUniFrac",0.86442821534375,800,87471.7473467546
8,"abundance",0.85,"aitchison",0.132428778394194,800,87471.7473467546
8,"abundance",0.85,"bray",0.746574627524704,800,87471.7473467546
8,"abundance",0.85,"euclidean",0.49561559956047,800,87471.7473467546
8,"abundance",0.85,"jaccard",0.73812515833793,800,87471.7473467546
8,"abundance",0.85,"unifrac_unweighted",0.0496529209486746,800,87471.7473467546
8,"abundance",0.85,"unifrac_weighted_phyloseq",0.817498958277222,800,87471.7473467546
8,"abundance",0.9,"GLaD_0.5_unweighted",0.060885499038346,800,87471.7473467546
8,"abundance",0.9,"GLaD_0.5_weighted",0.758200102400652,800,87471.7473467546
8,"abundance",0.9,"GLaD_1_unweighted",0.0465560791441846,800,87471.7473467546
8,"abundance",0.9,"GLaD_1_weighted",0.640373795074017,800,87471.7473467546
8,"abundance",0.9,"GUniFrac",0.908509576805517,800,87471.7473467546
8,"abundance",0.9,"aitchison",0.132525581184664,800,87471.7473467546
8,"abundance",0.9,"bray",0.800012322543579,800,87471.7473467546
8,"abundance",0.9,"euclidean",0.583320966322553,800,87471.7473467546
8,"abundance",0.9,"jaccard",0.780333590328909,800,87471.7473467546
8,"abundance",0.9,"unifrac_unweighted",0.0710987221752984,800,87471.7473467546
8,"abundance",0.9,"unifrac_weighted_phyloseq",0.853867769036392,800,87471.7473467546
8,"abundance",0.95,"GLaD_0.5_unweighted",0.0418260956787189,800,87471.7473467546
8,"abundance",0.95,"GLaD_0.5_weighted",0.784545145030504,800,87471.7473467546
8,"abundance",0.95,"GLaD_1_unweighted",0.0363457575811578,800,87471.7473467546
8,"abundance",0.95,"GLaD_1_weighted",0.677762193348736,800,87471.7473467546
8,"abundance",0.95,"GUniFrac",0.930027866659393,800,87471.7473467546
8,"abundance",0.95,"aitchison",0.139474180919288,800,87471.7473467546
8,"abundance",0.95,"bray",0.844243239512969,800,87471.7473467546
8,"abundance",0.95,"euclidean",0.589279787641935,800,87471.7473467546
8,"abundance",0.95,"jaccard",0.829763254490714,800,87471.7473467546
8,"abundance",0.95,"unifrac_unweighted",0.0366728617214229,800,87471.7473467546
8,"abundance",0.95,"unifrac_weighted_phyloseq",0.877925408890728,800,87471.7473467546
8,"abundance",1,"GLaD_0.5_unweighted",0.0540699586698392,800,87471.7473467546
8,"abundance",1,"GLaD_0.5_weighted",0.840426667136775,800,87471.7473467546
8,"abundance",1,"GLaD_1_unweighted",0.0375160300430547,800,87471.7473467546
8,"abundance",1,"GLaD_1_weighted",0.747745763243794,800,87471.7473467546
8,"abundance",1,"GUniFrac",0.950905870179515,800,87471.7473467546
8,"abundance",1,"aitchison",0.179427281830315,800,87471.7473467546
8,"abundance",1,"bray",0.885301163980176,800,87471.7473467546
8,"abundance",1,"euclidean",0.688339392658747,800,87471.7473467546
8,"abundance",1,"jaccard",0.881253345934711,800,87471.7473467546
8,"abundance",1,"unifrac_unweighted",0.0351754340208537,800,87471.7473467546
8,"abundance",1,"unifrac_weighted_phyloseq",0.908117996107701,800,87471.7473467546
8,"both",0.05,"GLaD_0.5_unweighted",0.0424648249734563,800,87471.7473467546
8,"both",0.05,"GLaD_0.5_weighted",0.0583007594080018,800,87471.7473467546
8,"both",0.05,"GLaD_1_unweighted",0.0455859654206866,800,87471.7473467546
8,"both",0.05,"GLaD_1_weighted",0.0636676985038915,800,87471.7473467546
8,"both",0.05,"GUniFrac",0.0351073539214076,800,87471.7473467546
8,"both",0.05,"aitchison",0.0377814426290007,800,87471.7473467546
8,"both",0.05,"bray",0.0381882508197795,800,87471.7473467546
8,"both",0.05,"euclidean",0.0474847877856664,800,87471.7473467546
8,"both",0.05,"jaccard",0.0451400652542511,800,87471.7473467546
8,"both",0.05,"unifrac_unweighted",0.0441578263337237,800,87471.7473467546
8,"both",0.05,"unifrac_weighted_phyloseq",0.0435372078737216,800,87471.7473467546
8,"both",0.1,"GLaD_0.5_unweighted",0.0649914613867072,800,87471.7473467546
8,"both",0.1,"GLaD_0.5_weighted",0.0527756865112782,800,87471.7473467546
8,"both",0.1,"GLaD_1_unweighted",0.0692391028899599,800,87471.7473467546
8,"both",0.1,"GLaD_1_weighted",0.0733511550359101,800,87471.7473467546
8,"both",0.1,"GUniFrac",0.064112569511871,800,87471.7473467546
8,"both",0.1,"aitchison",0.0793627310786,800,87471.7473467546
8,"both",0.1,"bray",0.0537919247667744,800,87471.7473467546
8,"both",0.1,"euclidean",0.0540005931383486,800,87471.7473467546
8,"both",0.1,"jaccard",0.0544870414257544,800,87471.7473467546
8,"both",0.1,"unifrac_unweighted",0.0586869990176266,800,87471.7473467546
8,"both",0.1,"unifrac_weighted_phyloseq",0.0617920022591513,800,87471.7473467546
8,"both",0.15,"GLaD_0.5_unweighted",0.0605237735544656,800,87471.7473467546
8,"both",0.15,"GLaD_0.5_weighted",0.107698846849376,800,87471.7473467546
8,"both",0.15,"GLaD_1_unweighted",0.0469194405322577,800,87471.7473467546
8,"both",0.15,"GLaD_1_weighted",0.100137245306985,800,87471.7473467546
8,"both",0.15,"GUniFrac",0.0968934770663615,800,87471.7473467546
8,"both",0.15,"aitchison",0.0686633652498017,800,87471.7473467546
8,"both",0.15,"bray",0.0713348162285147,800,87471.7473467546
8,"both",0.15,"euclidean",0.0591769834587284,800,87471.7473467546
8,"both",0.15,"jaccard",0.0668658147998848,800,87471.7473467546
8,"both",0.15,"unifrac_unweighted",0.0496767089311799,800,87471.7473467546
8,"both",0.15,"unifrac_weighted_phyloseq",0.0975398688267529,800,87471.7473467546
8,"both",0.2,"GLaD_0.5_unweighted",0.0867841242254766,800,87471.7473467546
8,"both",0.2,"GLaD_0.5_weighted",0.105205546048916,800,87471.7473467546
8,"both",0.2,"GLaD_1_unweighted",0.069453646887555,800,87471.7473467546
8,"both",0.2,"GLaD_1_weighted",0.121549843700884,800,87471.7473467546
8,"both",0.2,"GUniFrac",0.112799263395724,800,87471.7473467546
8,"both",0.2,"aitchison",0.106571553533224,800,87471.7473467546
8,"both",0.2,"bray",0.0783918438763486,800,87471.7473467546
8,"both",0.2,"euclidean",0.0535219317611665,800,87471.7473467546
8,"both",0.2,"jaccard",0.0731439825607,800,87471.7473467546
8,"both",0.2,"unifrac_unweighted",0.0887762557630505,800,87471.7473467546
8,"both",0.2,"unifrac_weighted_phyloseq",0.119444879707382,800,87471.7473467546
8,"both",0.25,"GLaD_0.5_unweighted",0.106217328632056,800,87471.7473467546
8,"both",0.25,"GLaD_0.5_weighted",0.133419015159599,800,87471.7473467546
8,"both",0.25,"GLaD_1_unweighted",0.054460869824954,800,87471.7473467546
8,"both",0.25,"GLaD_1_weighted",0.144643633750697,800,87471.7473467546
8,"both",0.25,"GUniFrac",0.16229092044888,800,87471.7473467546
8,"both",0.25,"aitchison",0.131193691971125,800,87471.7473467546
8,"both",0.25,"bray",0.107444305132679,800,87471.7473467546
8,"both",0.25,"euclidean",0.0749809491158502,800,87471.7473467546
8,"both",0.25,"jaccard",0.0981654495714225,800,87471.7473467546
8,"both",0.25,"unifrac_unweighted",0.0912098950862154,800,87471.7473467546
8,"both",0.25,"unifrac_weighted_phyloseq",0.152418229023863,800,87471.7473467546
8,"both",0.3,"GLaD_0.5_unweighted",0.111899718549942,800,87471.7473467546
8,"both",0.3,"GLaD_0.5_weighted",0.199690329116661,800,87471.7473467546
8,"both",0.3,"GLaD_1_unweighted",0.0741136488112592,800,87471.7473467546
8,"both",0.3,"GLaD_1_weighted",0.204294895272568,800,87471.7473467546
8,"both",0.3,"GUniFrac",0.265981168962085,800,87471.7473467546
8,"both",0.3,"aitchison",0.152101762876606,800,87471.7473467546
8,"both",0.3,"bray",0.145794085035825,800,87471.7473467546
8,"both",0.3,"euclidean",0.0855471743100279,800,87471.7473467546
8,"both",0.3,"jaccard",0.146472545044281,800,87471.7473467546
8,"both",0.3,"unifrac_unweighted",0.0762791024626703,800,87471.7473467546
8,"both",0.3,"unifrac_weighted_phyloseq",0.224885145939815,800,87471.7473467546
8,"both",0.35,"GLaD_0.5_unweighted",0.183734486426175,800,87471.7473467546
8,"both",0.35,"GLaD_0.5_weighted",0.269217212612578,800,87471.7473467546
8,"both",0.35,"GLaD_1_unweighted",0.0978808253161057,800,87471.7473467546
8,"both",0.35,"GLaD_1_weighted",0.241093662491715,800,87471.7473467546
8,"both",0.35,"GUniFrac",0.377321184038225,800,87471.7473467546
8,"both",0.35,"aitchison",0.215701678981613,800,87471.7473467546
8,"both",0.35,"bray",0.195843611737646,800,87471.7473467546
8,"both",0.35,"euclidean",0.115717579571373,800,87471.7473467546
8,"both",0.35,"jaccard",0.181340039817057,800,87471.7473467546
8,"both",0.35,"unifrac_unweighted",0.148893180210352,800,87471.7473467546
8,"both",0.35,"unifrac_weighted_phyloseq",0.337445820343715,800,87471.7473467546
8,"both",0.4,"GLaD_0.5_unweighted",0.217811669993175,800,87471.7473467546
8,"both",0.4,"GLaD_0.5_weighted",0.310515408840099,800,87471.7473467546
8,"both",0.4,"GLaD_1_unweighted",0.120160608503456,800,87471.7473467546
8,"both",0.4,"GLaD_1_weighted",0.288891916248736,800,87471.7473467546
8,"both",0.4,"GUniFrac",0.499259162626809,800,87471.7473467546
8,"both",0.4,"aitchison",0.342147199667588,800,87471.7473467546
8,"both",0.4,"bray",0.247176672640788,800,87471.7473467546
8,"both",0.4,"euclidean",0.151408144926858,800,87471.7473467546
8,"both",0.4,"jaccard",0.250122257497052,800,87471.7473467546
8,"both",0.4,"unifrac_unweighted",0.167326463497586,800,87471.7473467546
8,"both",0.4,"unifrac_weighted_phyloseq",0.401857553844989,800,87471.7473467546
8,"both",0.45,"GLaD_0.5_unweighted",0.278686147210285,800,87471.7473467546
8,"both",0.45,"GLaD_0.5_weighted",0.432272713491672,800,87471.7473467546
8,"both",0.45,"GLaD_1_unweighted",0.123751831169355,800,87471.7473467546
8,"both",0.45,"GLaD_1_weighted",0.39946256491299,800,87471.7473467546
8,"both",0.45,"GUniFrac",0.626053973564309,800,87471.7473467546
8,"both",0.45,"aitchison",0.418503270272172,800,87471.7473467546
8,"both",0.45,"bray",0.366469658706951,800,87471.7473467546
8,"both",0.45,"euclidean",0.194964941248456,800,87471.7473467546
8,"both",0.45,"jaccard",0.348001287256161,800,87471.7473467546
8,"both",0.45,"unifrac_unweighted",0.212524601764514,800,87471.7473467546
8,"both",0.45,"unifrac_weighted_phyloseq",0.539624019354431,800,87471.7473467546
8,"both",0.5,"GLaD_0.5_unweighted",0.421939909593995,800,87471.7473467546
8,"both",0.5,"GLaD_0.5_weighted",0.47569968527379,800,87471.7473467546
8,"both",0.5,"GLaD_1_unweighted",0.139721899071389,800,87471.7473467546
8,"both",0.5,"GLaD_1_weighted",0.409295304788068,800,87471.7473467546
8,"both",0.5,"GUniFrac",0.772260968208926,800,87471.7473467546
8,"both",0.5,"aitchison",0.586014438579135,800,87471.7473467546
8,"both",0.5,"bray",0.447715236883075,800,87471.7473467546
8,"both",0.5,"euclidean",0.211479501724628,800,87471.7473467546
8,"both",0.5,"jaccard",0.432022464698511,800,87471.7473467546
8,"both",0.5,"unifrac_unweighted",0.332530617096102,800,87471.7473467546
8,"both",0.5,"unifrac_weighted_phyloseq",0.622786735896482,800,87471.7473467546
8,"both",0.55,"GLaD_0.5_unweighted",0.53337063722721,800,87471.7473467546
8,"both",0.55,"GLaD_0.5_weighted",0.52552101468135,800,87471.7473467546
8,"both",0.55,"GLaD_1_unweighted",0.172299195251139,800,87471.7473467546
8,"both",0.55,"GLaD_1_weighted",0.455298024339481,800,87471.7473467546
8,"both",0.55,"GUniFrac",0.849187427029216,800,87471.7473467546
8,"both",0.55,"aitchison",0.730331195542757,800,87471.7473467546
8,"both",0.55,"bray",0.563567206636305,800,87471.7473467546
8,"both",0.55,"euclidean",0.250202276174799,800,87471.7473467546
8,"both",0.55,"jaccard",0.551117140383096,800,87471.7473467546
8,"both",0.55,"unifrac_unweighted",0.432513531015474,800,87471.7473467546
8,"both",0.55,"unifrac_weighted_phyloseq",0.684715873145604,800,87471.7473467546
8,"both",0.6,"GLaD_0.5_unweighted",0.645013755875488,800,87471.7473467546
8,"both",0.6,"GLaD_0.5_weighted",0.652795466815763,800,87471.7473467546
8,"both",0.6,"GLaD_1_unweighted",0.187230700173247,800,87471.7473467546
8,"both",0.6,"GLaD_1_weighted",0.55436481991816,800,87471.7473467546
8,"both",0.6,"GUniFrac",0.930630996800649,800,87471.7473467546
8,"both",0.6,"aitchison",0.831291144281837,800,87471.7473467546
8,"both",0.6,"bray",0.670818049970315,800,87471.7473467546
8,"both",0.6,"euclidean",0.332223439468873,800,87471.7473467546
8,"both",0.6,"jaccard",0.652229443563106,800,87471.7473467546
8,"both",0.6,"unifrac_unweighted",0.485839694986016,800,87471.7473467546
8,"both",0.6,"unifrac_weighted_phyloseq",0.791878757778862,800,87471.7473467546
8,"both",0.65,"GLaD_0.5_unweighted",0.771592298824484,800,87471.7473467546
8,"both",0.65,"GLaD_0.5_weighted",0.700599868663043,800,87471.7473467546
8,"both",0.65,"GLaD_1_unweighted",0.249523160712677,800,87471.7473467546
8,"both",0.65,"GLaD_1_weighted",0.599302294002211,800,87471.7473467546
8,"both",0.65,"GUniFrac",0.96914252637794,800,87471.7473467546
8,"both",0.65,"aitchison",0.916465301296545,800,87471.7473467546
8,"both",0.65,"bray",0.758649358618886,800,87471.7473467546
8,"both",0.65,"euclidean",0.374650371274252,800,87471.7473467546
8,"both",0.65,"jaccard",0.736476640459697,800,87471.7473467546
8,"both",0.65,"unifrac_unweighted",0.644229117113137,800,87471.7473467546
8,"both",0.65,"unifrac_weighted_phyloseq",0.860678972142313,800,87471.7473467546
8,"both",0.7,"GLaD_0.5_unweighted",0.841557783744405,800,87471.7473467546
8,"both",0.7,"GLaD_0.5_weighted",0.764671688540271,800,87471.7473467546
8,"both",0.7,"GLaD_1_unweighted",0.26724240946057,800,87471.7473467546
8,"both",0.7,"GLaD_1_weighted",0.671421507620606,800,87471.7473467546
8,"both",0.7,"GUniFrac",0.988185385575948,800,87471.7473467546
8,"both",0.7,"aitchison",0.970107750621348,800,87471.7473467546
8,"both",0.7,"bray",0.828648149811896,800,87471.7473467546
8,"both",0.7,"euclidean",0.459011210111327,800,87471.7473467546
8,"both",0.7,"jaccard",0.814853824164105,800,87471.7473467546
8,"both",0.7,"unifrac_unweighted",0.723387579138998,800,87471.7473467546
8,"both",0.7,"unifrac_weighted_phyloseq",0.894852915173979,800,87471.7473467546
8,"both",0.75,"GLaD_0.5_unweighted",0.90076906314055,800,87471.7473467546
8,"both",0.75,"GLaD_0.5_weighted",0.800258125508801,800,87471.7473467546
8,"both",0.75,"GLaD_1_unweighted",0.302140361186225,800,87471.7473467546
8,"both",0.75,"GLaD_1_weighted",0.699062057405367,800,87471.7473467546
8,"both",0.75,"GUniFrac",0.997812318339686,800,87471.7473467546
8,"both",0.75,"aitchison",0.986087765058908,800,87471.7473467546
8,"both",0.75,"bray",0.87751890293369,800,87471.7473467546
8,"both",0.75,"euclidean",0.518821986031011,800,87471.7473467546
8,"both",0.75,"jaccard",0.871916031185724,800,87471.7473467546
8,"both",0.75,"unifrac_unweighted",0.812637620894279,800,87471.7473467546
8,"both",0.75,"unifrac_weighted_phyloseq",0.932460780650623,800,87471.7473467546
8,"both",0.8,"GLaD_0.5_unweighted",0.950843567605303,800,87471.7473467546
8,"both",0.8,"GLaD_0.5_weighted",0.837616863339428,800,87471.7473467546
8,"both",0.8,"GLaD_1_unweighted",0.292082464396746,800,87471.7473467546
8,"both",0.8,"GLaD_1_weighted",0.749474051113721,800,87471.7473467546
8,"both",0.8,"GUniFrac",1,800,87471.7473467546
8,"both",0.8,"aitchison",0.993820266360541,800,87471.7473467546
8,"both",0.8,"bray",0.93490199163469,800,87471.7473467546
8,"both",0.8,"euclidean",0.564768076165944,800,87471.7473467546
8,"both",0.8,"jaccard",0.929579224193758,800,87471.7473467546
8,"both",0.8,"unifrac_unweighted",0.899691616662008,800,87471.7473467546
8,"both",0.8,"unifrac_weighted_phyloseq",0.953012448784897,800,87471.7473467546
8,"both",0.85,"GLaD_0.5_unweighted",0.986528253363345,800,87471.7473467546
8,"both",0.85,"GLaD_0.5_weighted",0.895904832045024,800,87471.7473467546
8,"both",0.85,"GLaD_1_unweighted",0.355896541819641,800,87471.7473467546
8,"both",0.85,"GLaD_1_weighted",0.826130774775754,800,87471.7473467546
8,"both",0.85,"GUniFrac",1,800,87471.7473467546
8,"both",0.85,"aitchison",0.999612991497913,800,87471.7473467546
8,"both",0.85,"bray",0.964595718442773,800,87471.7473467546
8,"both",0.85,"euclidean",0.643052959827247,800,87471.7473467546
8,"both",0.85,"jaccard",0.958005457204937,800,87471.7473467546
8,"both",0.85,"unifrac_unweighted",0.944963590679499,800,87471.7473467546
8,"both",0.85,"unifrac_weighted_phyloseq",0.974187446595193,800,87471.7473467546
8,"both",0.9,"GLaD_0.5_unweighted",0.997674159402743,800,87471.7473467546
8,"both",0.9,"GLaD_0.5_weighted",0.916958544272731,800,87471.7473467546
8,"both",0.9,"GLaD_1_unweighted",0.405627197312063,800,87471.7473467546
8,"both",0.9,"GLaD_1_weighted",0.86446141604589,800,87471.7473467546
8,"both",0.9,"GUniFrac",1,800,87471.7473467546
8,"both",0.9,"aitchison",1,800,87471.7473467546
8,"both",0.9,"bray",0.973371696411487,800,87471.7473467546
8,"both",0.9,"euclidean",0.700723444031608,800,87471.7473467546
8,"both",0.9,"jaccard",0.971822937690364,800,87471.7473467546
8,"both",0.9,"unifrac_unweighted",0.960142887580849,800,87471.7473467546
8,"both",0.9,"unifrac_weighted_phyloseq",0.986575459017514,800,87471.7473467546
8,"both",0.95,"GLaD_0.5_unweighted",1,800,87471.7473467546
8,"both",0.95,"GLaD_0.5_weighted",0.91920071645522,800,87471.7473467546
8,"both",0.95,"GLaD_1_unweighted",0.447230925693805,800,87471.7473467546
8,"both",0.95,"GLaD_1_weighted",0.888741348325142,800,87471.7473467546
8,"both",0.95,"GUniFrac",1,800,87471.7473467546
8,"both",0.95,"aitchison",1,800,87471.7473467546
8,"both",0.95,"bray",0.981237851113882,800,87471.7473467546
8,"both",0.95,"euclidean",0.745406292638996,800,87471.7473467546
8,"both",0.95,"jaccard",0.977541631829883,800,87471.7473467546
8,"both",0.95,"unifrac_unweighted",0.995098629338736,800,87471.7473467546
8,"both",0.95,"unifrac_weighted_phyloseq",0.995712352656416,800,87471.7473467546
8,"both",1,"GLaD_0.5_unweighted",1,800,87471.7473467546
8,"both",1,"GLaD_0.5_weighted",0.946289026218298,800,87471.7473467546
8,"both",1,"GLaD_1_unweighted",0.463372858124251,800,87471.7473467546
8,"both",1,"GLaD_1_weighted",0.920762124037458,800,87471.7473467546
8,"both",1,"GUniFrac",1,800,87471.7473467546
8,"both",1,"aitchison",1,800,87471.7473467546
8,"both",1,"bray",0.993959174377794,800,87471.7473467546
8,"both",1,"euclidean",0.847809821702931,800,87471.7473467546
8,"both",1,"jaccard",0.992729767448108,800,87471.7473467546
8,"both",1,"unifrac_unweighted",0.998160774526202,800,87471.7473467546
8,"both",1,"unifrac_weighted_phyloseq",0.998383584568228,800,87471.7473467546
8,"prevalence",0.05,"GLaD_0.5_unweighted",0.0379716051649695,800,87471.7473467546
8,"prevalence",0.05,"GLaD_0.5_weighted",0.0476328386718219,800,87471.7473467546
8,"prevalence",0.05,"GLaD_1_unweighted",0.0447595530427889,800,87471.7473467546
8,"prevalence",0.05,"GLaD_1_weighted",0.0396616063572716,800,87471.7473467546
8,"prevalence",0.05,"GUniFrac",0.0405576877551344,800,87471.7473467546
8,"prevalence",0.05,"aitchison",0.0578290443950884,800,87471.7473467546
8,"prevalence",0.05,"bray",0.0468746679605088,800,87471.7473467546
8,"prevalence",0.05,"euclidean",0.0576365763432268,800,87471.7473467546
8,"prevalence",0.05,"jaccard",0.0517803820156665,800,87471.7473467546
8,"prevalence",0.05,"unifrac_unweighted",0.0506839665689669,800,87471.7473467546
8,"prevalence",0.05,"unifrac_weighted_phyloseq",0.0504685542715778,800,87471.7473467546
8,"prevalence",0.1,"GLaD_0.5_unweighted",0.0339317735271901,800,87471.7473467546
8,"prevalence",0.1,"GLaD_0.5_weighted",0.0530976621278481,800,87471.7473467546
8,"prevalence",0.1,"GLaD_1_unweighted",0.0689948952070493,800,87471.7473467546
8,"prevalence",0.1,"GLaD_1_weighted",0.0452940418560863,800,87471.7473467546
8,"prevalence",0.1,"GUniFrac",0.049648588810031,800,87471.7473467546
8,"prevalence",0.1,"aitchison",0.0404853366015269,800,87471.7473467546
8,"prevalence",0.1,"bray",0.0331304371645474,800,87471.7473467546
8,"prevalence",0.1,"euclidean",0.0314706583694288,800,87471.7473467546
8,"prevalence",0.1,"jaccard",0.030379035749632,800,87471.7473467546
8,"prevalence",0.1,"unifrac_unweighted",0.0181613419905905,800,87471.7473467546
8,"prevalence",0.1,"unifrac_weighted_phyloseq",0.052669555140876,800,87471.7473467546
8,"prevalence",0.15,"GLaD_0.5_unweighted",0.0644384950759498,800,87471.7473467546
8,"prevalence",0.15,"GLaD_0.5_weighted",0.0604909092452245,800,87471.7473467546
8,"prevalence",0.15,"GLaD_1_unweighted",0.0607469569101279,800,87471.7473467546
8,"prevalence",0.15,"GLaD_1_weighted",0.0521364689801813,800,87471.7473467546
8,"prevalence",0.15,"GUniFrac",0.0605415220232047,800,87471.7473467546
8,"prevalence",0.15,"aitchison",0.0623542738428976,800,87471.7473467546
8,"prevalence",0.15,"bray",0.0441199077701535,800,87471.7473467546
8,"prevalence",0.15,"euclidean",0.0508180525170991,800,87471.7473467546
8,"prevalence",0.15,"jaccard",0.0426723312516425,800,87471.7473467546
8,"prevalence",0.15,"unifrac_unweighted",0.0751503878389574,800,87471.7473467546
8,"prevalence",0.15,"unifrac_weighted_phyloseq",0.0456616281348478,800,87471.7473467546
8,"prevalence",0.2,"GLaD_0.5_unweighted",0.0558475185023936,800,87471.7473467546
8,"prevalence",0.2,"GLaD_0.5_weighted",0.0436942573323506,800,87471.7473467546
8,"prevalence",0.2,"GLaD_1_unweighted",0.0706619649291736,800,87471.7473467546
8,"prevalence",0.2,"GLaD_1_weighted",0.0222658572927327,800,87471.7473467546
8,"prevalence",0.2,"GUniFrac",0.0563549956016634,800,87471.7473467546
8,"prevalence",0.2,"aitchison",0.0698894984548496,800,87471.7473467546
8,"prevalence",0.2,"bray",0.0534143231566748,800,87471.7473467546
8,"prevalence",0.2,"euclidean",0.0520536979020194,800,87471.7473467546
8,"prevalence",0.2,"jaccard",0.0498364185425646,800,87471.7473467546
8,"prevalence",0.2,"unifrac_unweighted",0.0603380665720258,800,87471.7473467546
8,"prevalence",0.2,"unifrac_weighted_phyloseq",0.0508368190886246,800,87471.7473467546
8,"prevalence",0.25,"GLaD_0.5_unweighted",0.0904164610052376,800,87471.7473467546
8,"prevalence",0.25,"GLaD_0.5_weighted",0.0517149451843612,800,87471.7473467546
8,"prevalence",0.25,"GLaD_1_unweighted",0.0793094343478768,800,87471.7473467546
8,"prevalence",0.25,"GLaD_1_weighted",0.0558644242269784,800,87471.7473467546
8,"prevalence",0.25,"GUniFrac",0.0640694137614871,800,87471.7473467546
8,"prevalence",0.25,"aitchison",0.0686643456465164,800,87471.7473467546
8,"prevalence",0.25,"bray",0.0468879036461676,800,87471.7473467546
8,"prevalence",0.25,"euclidean",0.0585535234240139,800,87471.7473467546
8,"prevalence",0.25,"jaccard",0.0440958571423236,800,87471.7473467546
8,"prevalence",0.25,"unifrac_unweighted",0.0792817239223536,800,87471.7473467546
8,"prevalence",0.25,"unifrac_weighted_phyloseq",0.054742623788562,800,87471.7473467546
8,"prevalence",0.3,"GLaD_0.5_unweighted",0.122607044537641,800,87471.7473467546
8,"prevalence",0.3,"GLaD_0.5_weighted",0.0436843323939534,800,87471.7473467546
8,"prevalence",0.3,"GLaD_1_unweighted",0.0687214354199301,800,87471.7473467546
8,"prevalence",0.3,"GLaD_1_weighted",0.0489433904746553,800,87471.7473467546
8,"prevalence",0.3,"GUniFrac",0.059716294966612,800,87471.7473467546
8,"prevalence",0.3,"aitchison",0.0963990924391138,800,87471.7473467546
8,"prevalence",0.3,"bray",0.0556823282774115,800,87471.7473467546
8,"prevalence",0.3,"euclidean",0.0583239277274744,800,87471.7473467546
8,"prevalence",0.3,"jaccard",0.0541512109605068,800,87471.7473467546
8,"prevalence",0.3,"unifrac_unweighted",0.107037596659967,800,87471.7473467546
8,"prevalence",0.3,"unifrac_weighted_phyloseq",0.0469324926243478,800,87471.7473467546
8,"prevalence",0.35,"GLaD_0.5_unweighted",0.137689870044754,800,87471.7473467546
8,"prevalence",0.35,"GLaD_0.5_weighted",0.066161321738513,800,87471.7473467546
8,"prevalence",0.35,"GLaD_1_unweighted",0.0809209950182101,800,87471.7473467546
8,"prevalence",0.35,"GLaD_1_weighted",0.0599401415060979,800,87471.7473467546
8,"prevalence",0.35,"GUniFrac",0.0813605358083125,800,87471.7473467546
8,"prevalence",0.35,"aitchison",0.0918362300067149,800,87471.7473467546
8,"prevalence",0.35,"bray",0.0609067326046993,800,87471.7473467546
8,"prevalence",0.35,"euclidean",0.0587986669277468,800,87471.7473467546
8,"prevalence",0.35,"jaccard",0.0607499919487305,800,87471.7473467546
8,"prevalence",0.35,"unifrac_unweighted",0.13178519473575,800,87471.7473467546
8,"prevalence",0.35,"unifrac_weighted_phyloseq",0.0665550250695795,800,87471.7473467546
8,"prevalence",0.4,"GLaD_0.5_unweighted",0.242538893974721,800,87471.7473467546
8,"prevalence",0.4,"GLaD_0.5_weighted",0.0442669059608948,800,87471.7473467546
8,"prevalence",0.4,"GLaD_1_unweighted",0.127993453450138,800,87471.7473467546
8,"prevalence",0.4,"GLaD_1_weighted",0.0419787666369429,800,87471.7473467546
8,"prevalence",0.4,"GUniFrac",0.0792430180276902,800,87471.7473467546
8,"prevalence",0.4,"aitchison",0.153613733848743,800,87471.7473467546
8,"prevalence",0.4,"bray",0.0678015281010991,800,87471.7473467546
8,"prevalence",0.4,"euclidean",0.0595673544024704,800,87471.7473467546
8,"prevalence",0.4,"jaccard",0.0621912893745749,800,87471.7473467546
8,"prevalence",0.4,"unifrac_unweighted",0.177452447127193,800,87471.7473467546
8,"prevalence",0.4,"unifrac_weighted_phyloseq",0.0532013886886107,800,87471.7473467546
8,"prevalence",0.45,"GLaD_0.5_unweighted",0.308322841707099,800,87471.7473467546
8,"prevalence",0.45,"GLaD_0.5_weighted",0.0303480287068486,800,87471.7473467546
8,"prevalence",0.45,"GLaD_1_unweighted",0.129239415014311,800,87471.7473467546
8,"prevalence",0.45,"GLaD_1_weighted",0.0446352690401006,800,87471.7473467546
8,"prevalence",0.45,"GUniFrac",0.0823498282591662,800,87471.7473467546
8,"prevalence",0.45,"aitchison",0.17689789449703,800,87471.7473467546
8,"prevalence",0.45,"bray",0.058713547705566,800,87471.7473467546
8,"prevalence",0.45,"euclidean",0.0371393270662338,800,87471.7473467546
8,"prevalence",0.45,"jaccard",0.0569479897432247,800,87471.7473467546
8,"prevalence",0.45,"unifrac_unweighted",0.235043038744635,800,87471.7473467546
8,"prevalence",0.45,"unifrac_weighted_phyloseq",0.0443583830991302,800,87471.7473467546
8,"prevalence",0.5,"GLaD_0.5_unweighted",0.451507939128069,800,87471.7473467546
8,"prevalence",0.5,"GLaD_0.5_weighted",0.0661239633084663,800,87471.7473467546
8,"prevalence",0.5,"GLaD_1_unweighted",0.159344948136669,800,87471.7473467546
8,"prevalence",0.5,"GLaD_1_weighted",0.0638797443086086,800,87471.7473467546
8,"prevalence",0.5,"GUniFrac",0.102518690574146,800,87471.7473467546
8,"prevalence",0.5,"aitchison",0.287636374084091,800,87471.7473467546
8,"prevalence",0.5,"bray",0.0523955516836873,800,87471.7473467546
8,"prevalence",0.5,"euclidean",0.0416124215251408,800,87471.7473467546
8,"prevalence",0.5,"jaccard",0.0528209336086584,800,87471.7473467546
8,"prevalence",0.5,"unifrac_unweighted",0.336023685115611,800,87471.7473467546
8,"prevalence",0.5,"unifrac_weighted_phyloseq",0.0718881673566891,800,87471.7473467546
8,"prevalence",0.55,"GLaD_0.5_unweighted",0.548811151736971,800,87471.7473467546
8,"prevalence",0.55,"GLaD_0.5_weighted",0.0832152604670394,800,87471.7473467546
8,"prevalence",0.55,"GLaD_1_unweighted",0.198150957904752,800,87471.7473467546
8,"prevalence",0.55,"GLaD_1_weighted",0.0837047562126544,800,87471.7473467546
8,"prevalence",0.55,"GUniFrac",0.123260557149828,800,87471.7473467546
8,"prevalence",0.55,"aitchison",0.320504527194145,800,87471.7473467546
8,"prevalence",0.55,"bray",0.0701365509692146,800,87471.7473467546
8,"prevalence",0.55,"euclidean",0.0558606783046328,800,87471.7473467546
8,"prevalence",0.55,"jaccard",0.0720708312810324,800,87471.7473467546
8,"prevalence",0.55,"unifrac_unweighted",0.39311918091938,800,87471.7473467546
8,"prevalence",0.55,"unifrac_weighted_phyloseq",0.0838730629610577,800,87471.7473467546
8,"prevalence",0.6,"GLaD_0.5_unweighted",0.617873263864102,800,87471.7473467546
8,"prevalence",0.6,"GLaD_0.5_weighted",0.0597432228636605,800,87471.7473467546
8,"prevalence",0.6,"GLaD_1_unweighted",0.174872858874269,800,87471.7473467546
8,"prevalence",0.6,"GLaD_1_weighted",0.0607643379840107,800,87471.7473467546
8,"prevalence",0.6,"GUniFrac",0.139449129131755,800,87471.7473467546
8,"prevalence",0.6,"aitchison",0.403404630776991,800,87471.7473467546
8,"prevalence",0.6,"bray",0.0790664535740009,800,87471.7473467546
8,"prevalence",0.6,"euclidean",0.0625254427556075,800,87471.7473467546
8,"prevalence",0.6,"jaccard",0.0730614898795692,800,87471.7473467546
8,"prevalence",0.6,"unifrac_unweighted",0.470603278116837,800,87471.7473467546
8,"prevalence",0.6,"unifrac_weighted_phyloseq",0.0762008379058496,800,87471.7473467546
8,"prevalence",0.65,"GLaD_0.5_unweighted",0.772513505703158,800,87471.7473467546
8,"prevalence",0.65,"GLaD_0.5_weighted",0.0927062635361784,800,87471.7473467546
8,"prevalence",0.65,"GLaD_1_unweighted",0.238340009578509,800,87471.7473467546
8,"prevalence",0.65,"GLaD_1_weighted",0.0798357932418277,800,87471.7473467546
8,"prevalence",0.65,"GUniFrac",0.155896580152067,800,87471.7473467546
8,"prevalence",0.65,"aitchison",0.503204946782927,800,87471.7473467546
8,"prevalence",0.65,"bray",0.0818623908522786,800,87471.7473467546
8,"prevalence",0.65,"euclidean",0.0520458033200083,800,87471.7473467546
8,"prevalence",0.65,"jaccard",0.086069925755826,800,87471.7473467546
8,"prevalence",0.65,"unifrac_unweighted",0.620719092625416,800,87471.7473467546
8,"prevalence",0.65,"unifrac_weighted_phyloseq",0.103070742331801,800,87471.7473467546
8,"prevalence",0.7,"GLaD_0.5_unweighted",0.865281715043716,800,87471.7473467546
8,"prevalence",0.7,"GLaD_0.5_weighted",0.0608406411111247,800,87471.7473467546
8,"prevalence",0.7,"GLaD_1_unweighted",0.243850597677367,800,87471.7473467546
8,"prevalence",0.7,"GLaD_1_weighted",0.0589049285171637,800,87471.7473467546
8,"prevalence",0.7,"GUniFrac",0.175211189612409,800,87471.7473467546
8,"prevalence",0.7,"aitchison",0.60315817450568,800,87471.7473467546
8,"prevalence",0.7,"bray",0.0810970178852384,800,87471.7473467546
8,"prevalence",0.7,"euclidean",0.058148120683116,800,87471.7473467546
8,"prevalence",0.7,"jaccard",0.0795524319634343,800,87471.7473467546
8,"prevalence",0.7,"unifrac_unweighted",0.738318368065703,800,87471.7473467546
8,"prevalence",0.7,"unifrac_weighted_phyloseq",0.0861181783844277,800,87471.7473467546
8,"prevalence",0.75,"GLaD_0.5_unweighted",0.932647706005033,800,87471.7473467546
8,"prevalence",0.75,"GLaD_0.5_weighted",0.0630089607944169,800,87471.7473467546
8,"prevalence",0.75,"GLaD_1_unweighted",0.307315464036556,800,87471.7473467546
8,"prevalence",0.75,"GLaD_1_weighted",0.0648696952538108,800,87471.7473467546
8,"prevalence",0.75,"GUniFrac",0.197575576746135,800,87471.7473467546
8,"prevalence",0.75,"aitchison",0.703737457197869,800,87471.7473467546
8,"prevalence",0.75,"bray",0.0826475206650499,800,87471.7473467546
8,"prevalence",0.75,"euclidean",0.0503678455431844,800,87471.7473467546
8,"prevalence",0.75,"jaccard",0.0805085350123266,800,87471.7473467546
8,"prevalence",0.75,"unifrac_unweighted",0.8176352209582,800,87471.7473467546
8,"prevalence",0.75,"unifrac_weighted_phyloseq",0.0894098017886754,800,87471.7473467546
8,"prevalence",0.8,"GLaD_0.5_unweighted",0.953803044455262,800,87471.7473467546
8,"prevalence",0.8,"GLaD_0.5_weighted",0.0767842172866276,800,87471.7473467546
8,"prevalence",0.8,"GLaD_1_unweighted",0.352079834748218,800,87471.7473467546
8,"prevalence",0.8,"GLaD_1_weighted",0.0737224908175001,800,87471.7473467546
8,"prevalence",0.8,"GUniFrac",0.228068284731801,800,87471.7473467546
8,"prevalence",0.8,"aitchison",0.762936567372714,800,87471.7473467546
8,"prevalence",0.8,"bray",0.0971565389553565,800,87471.7473467546
8,"prevalence",0.8,"euclidean",0.0471380430477051,800,87471.7473467546
8,"prevalence",0.8,"jaccard",0.1014738233958,800,87471.7473467546
8,"prevalence",0.8,"unifrac_unweighted",0.90125158978701,800,87471.7473467546
8,"prevalence",0.8,"unifrac_weighted_phyloseq",0.099654307307388,800,87471.7473467546
8,"prevalence",0.85,"GLaD_0.5_unweighted",0.982817000860067,800,87471.7473467546
8,"prevalence",0.85,"GLaD_0.5_weighted",0.0615695884842438,800,87471.7473467546
8,"prevalence",0.85,"GLaD_1_unweighted",0.375680269158628,800,87471.7473467546
8,"prevalence",0.85,"GLaD_1_weighted",0.0625012323771294,800,87471.7473467546
8,"prevalence",0.85,"GUniFrac",0.28892725197926,800,87471.7473467546
8,"prevalence",0.85,"aitchison",0.874474129066911,800,87471.7473467546
8,"prevalence",0.85,"bray",0.0934976649841202,800,87471.7473467546
8,"prevalence",0.85,"euclidean",0.0398852686469518,800,87471.7473467546
8,"prevalence",0.85,"jaccard",0.0964710749370332,800,87471.7473467546
8,"prevalence",0.85,"unifrac_unweighted",0.937295426995972,800,87471.7473467546
8,"prevalence",0.85,"unifrac_weighted_phyloseq",0.103605955816841,800,87471.7473467546
8,"prevalence",0.9,"GLaD_0.5_unweighted",0.993083532514029,800,87471.7473467546
8,"prevalence",0.9,"GLaD_0.5_weighted",0.0825744321536171,800,87471.7473467546
8,"prevalence",0.9,"GLaD_1_unweighted",0.420517222529644,800,87471.7473467546
8,"prevalence",0.9,"GLaD_1_weighted",0.0866098843792554,800,87471.7473467546
8,"prevalence",0.9,"GUniFrac",0.327891749508776,800,87471.7473467546
8,"prevalence",0.9,"aitchison",0.906866926103421,800,87471.7473467546
8,"prevalence",0.9,"bray",0.10162358810964,800,87471.7473467546
8,"prevalence",0.9,"euclidean",0.0472506942481615,800,87471.7473467546
8,"prevalence",0.9,"jaccard",0.104288591467163,800,87471.7473467546
8,"prevalence",0.9,"unifrac_unweighted",0.986969715879608,800,87471.7473467546
8,"prevalence",0.9,"unifrac_weighted_phyloseq",0.122243601139649,800,87471.7473467546
8,"prevalence",0.95,"GLaD_0.5_unweighted",0.997674159402743,800,87471.7473467546
8,"prevalence",0.95,"GLaD_0.5_weighted",0.0868422739738961,800,87471.7473467546
8,"prevalence",0.95,"GLaD_1_unweighted",0.448167741071415,800,87471.7473467546
8,"prevalence",0.95,"GLaD_1_weighted",0.092571688000041,800,87471.7473467546
8,"prevalence",0.95,"GUniFrac",0.368331474722078,800,87471.7473467546
8,"prevalence",0.95,"aitchison",0.948965204998786,800,87471.7473467546
8,"prevalence",0.95,"bray",0.102473614850509,800,87471.7473467546
8,"prevalence",0.95,"euclidean",0.058184212422988,800,87471.7473467546
8,"prevalence",0.95,"jaccard",0.116139056548975,800,87471.7473467546
8,"prevalence",0.95,"unifrac_unweighted",0.99183048961099,800,87471.7473467546
8,"prevalence",0.95,"unifrac_weighted_phyloseq",0.129023506213076,800,87471.7473467546
8,"prevalence",1,"GLaD_0.5_unweighted",0.997954958878609,800,87471.7473467546
8,"prevalence",1,"GLaD_0.5_weighted",0.11749705193336,800,87471.7473467546
8,"prevalence",1,"GLaD_1_unweighted",0.466725756198073,800,87471.7473467546
8,"prevalence",1,"GLaD_1_weighted",0.104207367630663,800,87471.7473467546
8,"prevalence",1,"GUniFrac",0.479937477384532,800,87471.7473467546
8,"prevalence",1,"aitchison",0.984284379493771,800,87471.7473467546
8,"prevalence",1,"bray",0.143362716325726,800,87471.7473467546
8,"prevalence",1,"euclidean",0.0636719328980803,800,87471.7473467546
8,"prevalence",1,"jaccard",0.138724503736111,800,87471.7473467546
8,"prevalence",1,"unifrac_unweighted",0.998468882683095,800,87471.7473467546
8,"prevalence",1,"unifrac_weighted_phyloseq",0.157988212196169,800,87471.7473467546
