"k","signal_cluster","cluster_ordered","signal_mode","beta","summary_type","n_otu","avg_silhouette","mean_relative_abundance","mean_prevalence","within_cop_n_pair","within_cop_mean","within_cop_sd","within_cop_min","within_cop_q1","within_cop_median","within_cop_q3","within_cop_max","within_cop_iqr","lower_whisker","upper_whisker","n_outlier","GLaD_0.5_unweighted","GLaD_0.5_weighted","GLaD_1_unweighted","GLaD_1_weighted","GUniFrac","aitchison","bray","euclidean","jaccard","unifrac_unweighted","unifrac_weighted_phyloseq"
2,1,1,"abundance",0,"type1_error",308,0.218226977449767,0.00163073512782414,0.157034632034632,47278,0.339971894862239,0.0553879630681746,0,0.33809383715,0.354951452555,0.3732014576198,0.3732014576568,0.0351076204697999,0.2876996158,0.3732014576568,5393,0.06,0.07,0.03,0.08,0.03,0.1,0.05,0.01,0.04,0.02,0.07
2,1,1,"abundance",0.05,"power",308,0.218226977449767,0.00163073512782414,0.157034632034632,47278,0.339971894862239,0.0553879630681746,0,0.33809383715,0.354951452555,0.3732014576198,0.3732014576568,0.0351076204697999,0.2876996158,0.3732014576568,5393,0.04,0.05,0.04,0.05,0.01,0.04,0.01,0,0.02,0.02,0.04
2,1,1,"abundance",0.1,"power",308,0.218226977449767,0.00163073512782414,0.157034632034632,47278,0.339971894862239,0.0553879630681746,0,0.33809383715,0.354951452555,0.3732014576198,0.3732014576568,0.0351076204697999,0.2876996158,0.3732014576568,5393,0.08,0.11,0.03,0.11,0.06,0.09,0.06,0.09,0.06,0.08,0.1
2,1,1,"abundance",0.15,"power",308,0.218226977449767,0.00163073512782414,0.157034632034632,47278,0.339971894862239,0.0553879630681746,0,0.33809383715,0.354951452555,0.3732014576198,0.3732014576568,0.0351076204697999,0.2876996158,0.3732014576568,5393,0.04,0.12,0.03,0.14,0.11,0.03,0.05,0.05,0.06,0.04,0.1
2,1,1,"abundance",0.2,"power",308,0.218226977449767,0.00163073512782414,0.157034632034632,47278,0.339971894862239,0.0553879630681746,0,0.33809383715,0.354951452555,0.3732014576198,0.3732014576568,0.0351076204697999,0.2876996158,0.3732014576568,5393,0.02,0.17,0.03,0.19,0.21,0.07,0.14,0.08,0.11,0.05,0.19
2,1,1,"abundance",0.25,"power",308,0.218226977449767,0.00163073512782414,0.157034632034632,47278,0.339971894862239,0.0553879630681746,0,0.33809383715,0.354951452555,0.3732014576198,0.3732014576568,0.0351076204697999,0.2876996158,0.3732014576568,5393,0.04,0.22,0,0.27,0.25,0.07,0.09,0.08,0.08,0.05,0.28
2,1,1,"abundance",0.3,"power",308,0.218226977449767,0.00163073512782414,0.157034632034632,47278,0.339971894862239,0.0553879630681746,0,0.33809383715,0.354951452555,0.3732014576198,0.3732014576568,0.0351076204697999,0.2876996158,0.3732014576568,5393,0.02,0.41,0.08,0.44,0.4,0.08,0.19,0.11,0.19,0.03,0.43
2,1,1,"abundance",0.35,"power",308,0.218226977449767,0.00163073512782414,0.157034632034632,47278,0.339971894862239,0.0553879630681746,0,0.33809383715,0.354951452555,0.3732014576198,0.3732014576568,0.0351076204697999,0.2876996158,0.3732014576568,5393,0.03,0.44,0.05,0.47,0.42,0.03,0.22,0.13,0.21,0.04,0.51
2,1,1,"abundance",0.4,"power",308,0.218226977449767,0.00163073512782414,0.157034632034632,47278,0.339971894862239,0.0553879630681746,0,0.33809383715,0.354951452555,0.3732014576198,0.3732014576568,0.0351076204697999,0.2876996158,0.3732014576568,5393,0.02,0.6,0.04,0.59,0.62,0.12,0.31,0.15,0.31,0.06,0.65
2,1,1,"abundance",0.45,"power",308,0.218226977449767,0.00163073512782414,0.157034632034632,47278,0.339971894862239,0.0553879630681746,0,0.33809383715,0.354951452555,0.3732014576198,0.3732014576568,0.0351076204697999,0.2876996158,0.3732014576568,5393,0.06,0.65,0.05,0.67,0.75,0.13,0.38,0.23,0.36,0.05,0.74
2,1,1,"abundance",0.5,"power",308,0.218226977449767,0.00163073512782414,0.157034632034632,47278,0.339971894862239,0.0553879630681746,0,0.33809383715,0.354951452555,0.3732014576198,0.3732014576568,0.0351076204697999,0.2876996158,0.3732014576568,5393,0.12,0.78,0.01,0.79,0.86,0.19,0.53,0.25,0.51,0.09,0.88
2,1,1,"abundance",0.55,"power",308,0.218226977449767,0.00163073512782414,0.157034632034632,47278,0.339971894862239,0.0553879630681746,0,0.33809383715,0.354951452555,0.3732014576198,0.3732014576568,0.0351076204697999,0.2876996158,0.3732014576568,5393,0.03,0.83,0.04,0.84,0.91,0.12,0.58,0.23,0.56,0.03,0.88
2,1,1,"abundance",0.6,"power",308,0.218226977449767,0.00163073512782414,0.157034632034632,47278,0.339971894862239,0.0553879630681746,0,0.33809383715,0.354951452555,0.3732014576198,0.3732014576568,0.0351076204697999,0.2876996158,0.3732014576568,5393,0.06,0.98,0.06,0.98,0.98,0.19,0.7,0.34,0.67,0.07,0.98
2,1,1,"both",0,"type1_error",308,0.218226977449767,0.00163073512782414,0.157034632034632,47278,0.339971894862239,0.0553879630681746,0,0.33809383715,0.354951452555,0.3732014576198,0.3732014576568,0.0351076204697999,0.2876996158,0.3732014576568,5393,0.08,0.06,0.04,0.06,0.06,0.08,0.02,0.06,0.01,0.08,0.05
2,1,1,"both",0.05,"power",308,0.218226977449767,0.00163073512782414,0.157034632034632,47278,0.339971894862239,0.0553879630681746,0,0.33809383715,0.354951452555,0.3732014576198,0.3732014576568,0.0351076204697999,0.2876996158,0.3732014576568,5393,0.03,0.04,0.11,0.04,0.03,0.03,0.09,0.03,0.07,0.02,0.03
2,1,1,"both",0.1,"power",308,0.218226977449767,0.00163073512782414,0.157034632034632,47278,0.339971894862239,0.0553879630681746,0,0.33809383715,0.354951452555,0.3732014576198,0.3732014576568,0.0351076204697999,0.2876996158,0.3732014576568,5393,0.06,0.08,0.2,0.07,0.08,0.07,0.03,0.07,0.03,0.05,0.07
2,1,1,"both",0.15,"power",308,0.218226977449767,0.00163073512782414,0.157034632034632,47278,0.339971894862239,0.0553879630681746,0,0.33809383715,0.354951452555,0.3732014576198,0.3732014576568,0.0351076204697999,0.2876996158,0.3732014576568,5393,0.15,0.16,0.24,0.15,0.19,0.09,0.09,0.06,0.09,0.06,0.17
2,1,1,"both",0.2,"power",308,0.218226977449767,0.00163073512782414,0.157034632034632,47278,0.339971894862239,0.0553879630681746,0,0.33809383715,0.354951452555,0.3732014576198,0.3732014576568,0.0351076204697999,0.2876996158,0.3732014576568,5393,0.24,0.19,0.52,0.22,0.28,0.14,0.12,0.05,0.14,0.16,0.22
2,1,1,"both",0.25,"power",308,0.218226977449767,0.00163073512782414,0.157034632034632,47278,0.339971894862239,0.0553879630681746,0,0.33809383715,0.354951452555,0.3732014576198,0.3732014576568,0.0351076204697999,0.2876996158,0.3732014576568,5393,0.4,0.31,0.65,0.32,0.38,0.27,0.17,0.12,0.16,0.35,0.32
2,1,1,"both",0.3,"power",308,0.218226977449767,0.00163073512782414,0.157034632034632,47278,0.339971894862239,0.0553879630681746,0,0.33809383715,0.354951452555,0.3732014576198,0.3732014576568,0.0351076204697999,0.2876996158,0.3732014576568,5393,0.72,0.44,0.76,0.48,0.69,0.53,0.22,0.1,0.21,0.49,0.53
2,1,1,"both",0.35,"power",308,0.218226977449767,0.00163073512782414,0.157034632034632,47278,0.339971894862239,0.0553879630681746,0,0.33809383715,0.354951452555,0.3732014576198,0.3732014576568,0.0351076204697999,0.2876996158,0.3732014576568,5393,0.89,0.67,0.91,0.65,0.83,0.59,0.3,0.17,0.28,0.77,0.73
2,1,1,"both",0.4,"power",308,0.218226977449767,0.00163073512782414,0.157034632034632,47278,0.339971894862239,0.0553879630681746,0,0.33809383715,0.354951452555,0.3732014576198,0.3732014576568,0.0351076204697999,0.2876996158,0.3732014576568,5393,0.96,0.74,0.98,0.75,0.93,0.79,0.44,0.17,0.42,0.83,0.8
2,1,1,"both",0.45,"power",308,0.218226977449767,0.00163073512782414,0.157034632034632,47278,0.339971894862239,0.0553879630681746,0,0.33809383715,0.354951452555,0.3732014576198,0.3732014576568,0.0351076204697999,0.2876996158,0.3732014576568,5393,1,0.85,0.98,0.86,0.99,0.93,0.59,0.22,0.59,0.98,0.91
2,1,1,"both",0.5,"power",308,0.218226977449767,0.00163073512782414,0.157034632034632,47278,0.339971894862239,0.0553879630681746,0,0.33809383715,0.354951452555,0.3732014576198,0.3732014576568,0.0351076204697999,0.2876996158,0.3732014576568,5393,1,0.93,1,0.93,1,0.99,0.8,0.35,0.76,1,0.99
2,1,1,"both",0.55,"power",308,0.218226977449767,0.00163073512782414,0.157034632034632,47278,0.339971894862239,0.0553879630681746,0,0.33809383715,0.354951452555,0.3732014576198,0.3732014576568,0.0351076204697999,0.2876996158,0.3732014576568,5393,1,0.96,1,0.95,1,1,0.8,0.37,0.78,1,1
2,1,1,"both",0.6,"power",308,0.218226977449767,0.00163073512782414,0.157034632034632,47278,0.339971894862239,0.0553879630681746,0,0.33809383715,0.354951452555,0.3732014576198,0.3732014576568,0.0351076204697999,0.2876996158,0.3732014576568,5393,1,0.97,1,0.98,1,1,0.96,0.37,0.95,1,0.98
2,1,1,"prevalence",0,"type1_error",308,0.218226977449767,0.00163073512782414,0.157034632034632,47278,0.339971894862239,0.0553879630681746,0,0.33809383715,0.354951452555,0.3732014576198,0.3732014576568,0.0351076204697999,0.2876996158,0.3732014576568,5393,0.04,0.02,0.08,0.01,0.03,0.04,0.02,0.03,0.01,0.02,0.03
2,1,1,"prevalence",0.05,"power",308,0.218226977449767,0.00163073512782414,0.157034632034632,47278,0.339971894862239,0.0553879630681746,0,0.33809383715,0.354951452555,0.3732014576198,0.3732014576568,0.0351076204697999,0.2876996158,0.3732014576568,5393,0.09,0.06,0.05,0.05,0.07,0.04,0.05,0.03,0.03,0.06,0.05
2,1,1,"prevalence",0.1,"power",308,0.218226977449767,0.00163073512782414,0.157034632034632,47278,0.339971894862239,0.0553879630681746,0,0.33809383715,0.354951452555,0.3732014576198,0.3732014576568,0.0351076204697999,0.2876996158,0.3732014576568,5393,0.13,0.02,0.2,0.05,0.04,0.11,0.04,0.04,0.05,0.08,0.03
2,1,1,"prevalence",0.15,"power",308,0.218226977449767,0.00163073512782414,0.157034632034632,47278,0.339971894862239,0.0553879630681746,0,0.33809383715,0.354951452555,0.3732014576198,0.3732014576568,0.0351076204697999,0.2876996158,0.3732014576568,5393,0.17,0.06,0.32,0.06,0.05,0.1,0.1,0.04,0.09,0.11,0.05
2,1,1,"prevalence",0.2,"power",308,0.218226977449767,0.00163073512782414,0.157034632034632,47278,0.339971894862239,0.0553879630681746,0,0.33809383715,0.354951452555,0.3732014576198,0.3732014576568,0.0351076204697999,0.2876996158,0.3732014576568,5393,0.25,0.01,0.48,0.03,0.05,0.1,0.05,0.03,0.06,0.14,0.05
2,1,1,"prevalence",0.25,"power",308,0.218226977449767,0.00163073512782414,0.157034632034632,47278,0.339971894862239,0.0553879630681746,0,0.33809383715,0.354951452555,0.3732014576198,0.3732014576568,0.0351076204697999,0.2876996158,0.3732014576568,5393,0.45,0.06,0.66,0.06,0.11,0.19,0.06,0.06,0.06,0.37,0.07
2,1,1,"prevalence",0.3,"power",308,0.218226977449767,0.00163073512782414,0.157034632034632,47278,0.339971894862239,0.0553879630681746,0,0.33809383715,0.354951452555,0.3732014576198,0.3732014576568,0.0351076204697999,0.2876996158,0.3732014576568,5393,0.64,0.08,0.78,0.08,0.13,0.32,0.07,0.02,0.07,0.53,0.09
2,1,1,"prevalence",0.35,"power",308,0.218226977449767,0.00163073512782414,0.157034632034632,47278,0.339971894862239,0.0553879630681746,0,0.33809383715,0.354951452555,0.3732014576198,0.3732014576568,0.0351076204697999,0.2876996158,0.3732014576568,5393,0.91,0.11,0.95,0.12,0.14,0.32,0.09,0.04,0.07,0.8,0.11
2,1,1,"prevalence",0.4,"power",308,0.218226977449767,0.00163073512782414,0.157034632034632,47278,0.339971894862239,0.0553879630681746,0,0.33809383715,0.354951452555,0.3732014576198,0.3732014576568,0.0351076204697999,0.2876996158,0.3732014576568,5393,0.99,0.08,0.96,0.05,0.21,0.52,0.06,0.05,0.05,0.95,0.07
2,1,1,"prevalence",0.45,"power",308,0.218226977449767,0.00163073512782414,0.157034632034632,47278,0.339971894862239,0.0553879630681746,0,0.33809383715,0.354951452555,0.3732014576198,0.3732014576568,0.0351076204697999,0.2876996158,0.3732014576568,5393,1,0.08,0.99,0.08,0.29,0.76,0.12,0.03,0.12,1,0.11
2,1,1,"prevalence",0.5,"power",308,0.218226977449767,0.00163073512782414,0.157034632034632,47278,0.339971894862239,0.0553879630681746,0,0.33809383715,0.354951452555,0.3732014576198,0.3732014576568,0.0351076204697999,0.2876996158,0.3732014576568,5393,1,0.1,1,0.1,0.38,0.84,0.12,0.09,0.11,1,0.14
2,1,1,"prevalence",0.55,"power",308,0.218226977449767,0.00163073512782414,0.157034632034632,47278,0.339971894862239,0.0553879630681746,0,0.33809383715,0.354951452555,0.3732014576198,0.3732014576568,0.0351076204697999,0.2876996158,0.3732014576568,5393,1,0.14,1,0.11,0.54,0.92,0.11,0.07,0.11,1,0.15
2,1,1,"prevalence",0.6,"power",308,0.218226977449767,0.00163073512782414,0.157034632034632,47278,0.339971894862239,0.0553879630681746,0,0.33809383715,0.354951452555,0.3732014576198,0.3732014576568,0.0351076204697999,0.2876996158,0.3732014576568,5393,1,0.17,0.99,0.14,0.64,0.98,0.15,0.07,0.16,1,0.21
2,2,2,"abundance",0,"type1_error",308,0.0713791485264717,0.00161601811892911,0.123971861471861,47278,0.404498026108802,0.128533742579924,0,0.322253966022,0.426094342327,0.4260943423778,0.8035527425968,0.1038403763558,0.16708205935,0.5773720170408,3681,0.06,0.05,0.03,0.08,0.04,0.03,0.07,0.05,0.06,0.05,0.04
2,2,2,"abundance",0.05,"power",308,0.0713791485264717,0.00161601811892911,0.123971861471861,47278,0.404498026108802,0.128533742579924,0,0.322253966022,0.426094342327,0.4260943423778,0.8035527425968,0.1038403763558,0.16708205935,0.5773720170408,3681,0.03,0.08,0.05,0.06,0.06,0.05,0.07,0.09,0.07,0.02,0.06
2,2,2,"abundance",0.1,"power",308,0.0713791485264717,0.00161601811892911,0.123971861471861,47278,0.404498026108802,0.128533742579924,0,0.322253966022,0.426094342327,0.4260943423778,0.8035527425968,0.1038403763558,0.16708205935,0.5773720170408,3681,0.07,0.09,0.05,0.07,0.08,0.03,0.07,0.05,0.08,0.06,0.12
2,2,2,"abundance",0.15,"power",308,0.0713791485264717,0.00161601811892911,0.123971861471861,47278,0.404498026108802,0.128533742579924,0,0.322253966022,0.426094342327,0.4260943423778,0.8035527425968,0.1038403763558,0.16708205935,0.5773720170408,3681,0.01,0.1,0.04,0.1,0.08,0.03,0.07,0.11,0.06,0.05,0.1
2,2,2,"abundance",0.2,"power",308,0.0713791485264717,0.00161601811892911,0.123971861471861,47278,0.404498026108802,0.128533742579924,0,0.322253966022,0.426094342327,0.4260943423778,0.8035527425968,0.1038403763558,0.16708205935,0.5773720170408,3681,0.03,0.13,0.05,0.16,0.08,0.04,0.04,0.05,0.04,0.02,0.15
2,2,2,"abundance",0.25,"power",308,0.0713791485264717,0.00161601811892911,0.123971861471861,47278,0.404498026108802,0.128533742579924,0,0.322253966022,0.426094342327,0.4260943423778,0.8035527425968,0.1038403763558,0.16708205935,0.5773720170408,3681,0.07,0.24,0.04,0.27,0.25,0.09,0.12,0.08,0.1,0.09,0.26
2,2,2,"abundance",0.3,"power",308,0.0713791485264717,0.00161601811892911,0.123971861471861,47278,0.404498026108802,0.128533742579924,0,0.322253966022,0.426094342327,0.4260943423778,0.8035527425968,0.1038403763558,0.16708205935,0.5773720170408,3681,0.05,0.34,0.05,0.36,0.32,0.09,0.17,0.09,0.15,0.06,0.34
2,2,2,"abundance",0.35,"power",308,0.0713791485264717,0.00161601811892911,0.123971861471861,47278,0.404498026108802,0.128533742579924,0,0.322253966022,0.426094342327,0.4260943423778,0.8035527425968,0.1038403763558,0.16708205935,0.5773720170408,3681,0.05,0.47,0.05,0.49,0.54,0.04,0.24,0.19,0.23,0.02,0.55
2,2,2,"abundance",0.4,"power",308,0.0713791485264717,0.00161601811892911,0.123971861471861,47278,0.404498026108802,0.128533742579924,0,0.322253966022,0.426094342327,0.4260943423778,0.8035527425968,0.1038403763558,0.16708205935,0.5773720170408,3681,0.03,0.52,0.02,0.53,0.6,0.07,0.23,0.11,0.23,0.06,0.57
2,2,2,"abundance",0.45,"power",308,0.0713791485264717,0.00161601811892911,0.123971861471861,47278,0.404498026108802,0.128533742579924,0,0.322253966022,0.426094342327,0.4260943423778,0.8035527425968,0.1038403763558,0.16708205935,0.5773720170408,3681,0.03,0.63,0.08,0.63,0.79,0.16,0.37,0.15,0.37,0.03,0.74
2,2,2,"abundance",0.5,"power",308,0.0713791485264717,0.00161601811892911,0.123971861471861,47278,0.404498026108802,0.128533742579924,0,0.322253966022,0.426094342327,0.4260943423778,0.8035527425968,0.1038403763558,0.16708205935,0.5773720170408,3681,0.04,0.77,0,0.81,0.81,0.08,0.41,0.17,0.4,0.02,0.83
2,2,2,"abundance",0.55,"power",308,0.0713791485264717,0.00161601811892911,0.123971861471861,47278,0.404498026108802,0.128533742579924,0,0.322253966022,0.426094342327,0.4260943423778,0.8035527425968,0.1038403763558,0.16708205935,0.5773720170408,3681,0.06,0.87,0.04,0.9,0.95,0.12,0.58,0.23,0.57,0.05,0.93
2,2,2,"abundance",0.6,"power",308,0.0713791485264717,0.00161601811892911,0.123971861471861,47278,0.404498026108802,0.128533742579924,0,0.322253966022,0.426094342327,0.4260943423778,0.8035527425968,0.1038403763558,0.16708205935,0.5773720170408,3681,0.08,0.89,0.05,0.94,0.99,0.18,0.66,0.29,0.64,0.07,0.95
2,2,2,"both",0,"type1_error",308,0.0713791485264717,0.00161601811892911,0.123971861471861,47278,0.404498026108802,0.128533742579924,0,0.322253966022,0.426094342327,0.4260943423778,0.8035527425968,0.1038403763558,0.16708205935,0.5773720170408,3681,0.05,0.04,0.04,0.07,0.03,0.03,0.02,0.06,0.02,0.05,0.02
2,2,2,"both",0.05,"power",308,0.0713791485264717,0.00161601811892911,0.123971861471861,47278,0.404498026108802,0.128533742579924,0,0.322253966022,0.426094342327,0.4260943423778,0.8035527425968,0.1038403763558,0.16708205935,0.5773720170408,3681,0.06,0.02,0.1,0.02,0.04,0.04,0.06,0.05,0.08,0.08,0.02
2,2,2,"both",0.1,"power",308,0.0713791485264717,0.00161601811892911,0.123971861471861,47278,0.404498026108802,0.128533742579924,0,0.322253966022,0.426094342327,0.4260943423778,0.8035527425968,0.1038403763558,0.16708205935,0.5773720170408,3681,0.06,0.09,0.21,0.12,0.07,0.08,0.09,0.02,0.08,0.06,0.07
2,2,2,"both",0.15,"power",308,0.0713791485264717,0.00161601811892911,0.123971861471861,47278,0.404498026108802,0.128533742579924,0,0.322253966022,0.426094342327,0.4260943423778,0.8035527425968,0.1038403763558,0.16708205935,0.5773720170408,3681,0.19,0.16,0.36,0.23,0.21,0.15,0.12,0.09,0.12,0.17,0.21
2,2,2,"both",0.2,"power",308,0.0713791485264717,0.00161601811892911,0.123971861471861,47278,0.404498026108802,0.128533742579924,0,0.322253966022,0.426094342327,0.4260943423778,0.8035527425968,0.1038403763558,0.16708205935,0.5773720170408,3681,0.25,0.23,0.57,0.24,0.35,0.2,0.19,0.04,0.16,0.18,0.28
2,2,2,"both",0.25,"power",308,0.0713791485264717,0.00161601811892911,0.123971861471861,47278,0.404498026108802,0.128533742579924,0,0.322253966022,0.426094342327,0.4260943423778,0.8035527425968,0.1038403763558,0.16708205935,0.5773720170408,3681,0.46,0.35,0.84,0.39,0.57,0.32,0.21,0.13,0.2,0.36,0.44
2,2,2,"both",0.3,"power",308,0.0713791485264717,0.00161601811892911,0.123971861471861,47278,0.404498026108802,0.128533742579924,0,0.322253966022,0.426094342327,0.4260943423778,0.8035527425968,0.1038403763558,0.16708205935,0.5773720170408,3681,0.74,0.61,0.92,0.65,0.83,0.52,0.32,0.12,0.3,0.65,0.7
2,2,2,"both",0.35,"power",308,0.0713791485264717,0.00161601811892911,0.123971861471861,47278,0.404498026108802,0.128533742579924,0,0.322253966022,0.426094342327,0.4260943423778,0.8035527425968,0.1038403763558,0.16708205935,0.5773720170408,3681,0.93,0.62,0.96,0.64,0.89,0.73,0.26,0.12,0.27,0.82,0.75
2,2,2,"both",0.4,"power",308,0.0713791485264717,0.00161601811892911,0.123971861471861,47278,0.404498026108802,0.128533742579924,0,0.322253966022,0.426094342327,0.4260943423778,0.8035527425968,0.1038403763558,0.16708205935,0.5773720170408,3681,0.99,0.79,1,0.77,0.98,0.9,0.56,0.14,0.56,0.97,0.9
2,2,2,"both",0.45,"power",308,0.0713791485264717,0.00161601811892911,0.123971861471861,47278,0.404498026108802,0.128533742579924,0,0.322253966022,0.426094342327,0.4260943423778,0.8035527425968,0.1038403763558,0.16708205935,0.5773720170408,3681,1,0.89,1,0.88,1,0.99,0.8,0.22,0.8,0.99,0.96
2,2,2,"both",0.5,"power",308,0.0713791485264717,0.00161601811892911,0.123971861471861,47278,0.404498026108802,0.128533742579924,0,0.322253966022,0.426094342327,0.4260943423778,0.8035527425968,0.1038403763558,0.16708205935,0.5773720170408,3681,1,0.93,1,0.94,1,0.99,0.87,0.33,0.85,1,0.98
2,2,2,"both",0.55,"power",308,0.0713791485264717,0.00161601811892911,0.123971861471861,47278,0.404498026108802,0.128533742579924,0,0.322253966022,0.426094342327,0.4260943423778,0.8035527425968,0.1038403763558,0.16708205935,0.5773720170408,3681,1,0.95,1,0.96,1,1,0.91,0.33,0.9,1,1
2,2,2,"both",0.6,"power",308,0.0713791485264717,0.00161601811892911,0.123971861471861,47278,0.404498026108802,0.128533742579924,0,0.322253966022,0.426094342327,0.4260943423778,0.8035527425968,0.1038403763558,0.16708205935,0.5773720170408,3681,1,0.99,1,0.99,1,1,0.99,0.42,0.99,1,1
2,2,2,"prevalence",0,"type1_error",308,0.0713791485264717,0.00161601811892911,0.123971861471861,47278,0.404498026108802,0.128533742579924,0,0.322253966022,0.426094342327,0.4260943423778,0.8035527425968,0.1038403763558,0.16708205935,0.5773720170408,3681,0.06,0.08,0.06,0.1,0.08,0.09,0.08,0.09,0.04,0.09,0.1
2,2,2,"prevalence",0.05,"power",308,0.0713791485264717,0.00161601811892911,0.123971861471861,47278,0.404498026108802,0.128533742579924,0,0.322253966022,0.426094342327,0.4260943423778,0.8035527425968,0.1038403763558,0.16708205935,0.5773720170408,3681,0.1,0.07,0.08,0.06,0.05,0.07,0.05,0.07,0.05,0.05,0.07
2,2,2,"prevalence",0.1,"power",308,0.0713791485264717,0.00161601811892911,0.123971861471861,47278,0.404498026108802,0.128533742579924,0,0.322253966022,0.426094342327,0.4260943423778,0.8035527425968,0.1038403763558,0.16708205935,0.5773720170408,3681,0.09,0.01,0.19,0.03,0.05,0.05,0.06,0.08,0.03,0.09,0.04
2,2,2,"prevalence",0.15,"power",308,0.0713791485264717,0.00161601811892911,0.123971861471861,47278,0.404498026108802,0.128533742579924,0,0.322253966022,0.426094342327,0.4260943423778,0.8035527425968,0.1038403763558,0.16708205935,0.5773720170408,3681,0.19,0.05,0.39,0.02,0.05,0.17,0.04,0.05,0.04,0.21,0.05
2,2,2,"prevalence",0.2,"power",308,0.0713791485264717,0.00161601811892911,0.123971861471861,47278,0.404498026108802,0.128533742579924,0,0.322253966022,0.426094342327,0.4260943423778,0.8035527425968,0.1038403763558,0.16708205935,0.5773720170408,3681,0.38,0.16,0.5,0.11,0.09,0.15,0.07,0.08,0.07,0.31,0.09
2,2,2,"prevalence",0.25,"power",308,0.0713791485264717,0.00161601811892911,0.123971861471861,47278,0.404498026108802,0.128533742579924,0,0.322253966022,0.426094342327,0.4260943423778,0.8035527425968,0.1038403763558,0.16708205935,0.5773720170408,3681,0.64,0.1,0.84,0.09,0.16,0.16,0.09,0.09,0.09,0.54,0.11
2,2,2,"prevalence",0.3,"power",308,0.0713791485264717,0.00161601811892911,0.123971861471861,47278,0.404498026108802,0.128533742579924,0,0.322253966022,0.426094342327,0.4260943423778,0.8035527425968,0.1038403763558,0.16708205935,0.5773720170408,3681,0.69,0.06,0.93,0.08,0.15,0.24,0.03,0.07,0.03,0.56,0.09
2,2,2,"prevalence",0.35,"power",308,0.0713791485264717,0.00161601811892911,0.123971861471861,47278,0.404498026108802,0.128533742579924,0,0.322253966022,0.426094342327,0.4260943423778,0.8035527425968,0.1038403763558,0.16708205935,0.5773720170408,3681,0.9,0.08,0.98,0.06,0.17,0.43,0.07,0.05,0.09,0.83,0.08
2,2,2,"prevalence",0.4,"power",308,0.0713791485264717,0.00161601811892911,0.123971861471861,47278,0.404498026108802,0.128533742579924,0,0.322253966022,0.426094342327,0.4260943423778,0.8035527425968,0.1038403763558,0.16708205935,0.5773720170408,3681,1,0.02,1,0.03,0.37,0.55,0.11,0.04,0.11,0.91,0.09
2,2,2,"prevalence",0.45,"power",308,0.0713791485264717,0.00161601811892911,0.123971861471861,47278,0.404498026108802,0.128533742579924,0,0.322253966022,0.426094342327,0.4260943423778,0.8035527425968,0.1038403763558,0.16708205935,0.5773720170408,3681,1,0.09,1,0.12,0.5,0.67,0.12,0.05,0.13,0.99,0.15
2,2,2,"prevalence",0.5,"power",308,0.0713791485264717,0.00161601811892911,0.123971861471861,47278,0.404498026108802,0.128533742579924,0,0.322253966022,0.426094342327,0.4260943423778,0.8035527425968,0.1038403763558,0.16708205935,0.5773720170408,3681,1,0.04,1,0.05,0.48,0.82,0.11,0.02,0.1,0.99,0.09
2,2,2,"prevalence",0.55,"power",308,0.0713791485264717,0.00161601811892911,0.123971861471861,47278,0.404498026108802,0.128533742579924,0,0.322253966022,0.426094342327,0.4260943423778,0.8035527425968,0.1038403763558,0.16708205935,0.5773720170408,3681,1,0.12,1,0.09,0.73,0.94,0.18,0.08,0.18,1,0.19
2,2,2,"prevalence",0.6,"power",308,0.0713791485264717,0.00161601811892911,0.123971861471861,47278,0.404498026108802,0.128533742579924,0,0.322253966022,0.426094342327,0.4260943423778,0.8035527425968,0.1038403763558,0.16708205935,0.5773720170408,3681,1,0.12,1,0.13,0.81,0.98,0.12,0.06,0.13,1,0.17
4,2,1,"abundance",0,"type1_error",154,0.393255003955917,0.00225925051678566,0.143398268398268,11781,0.258530610049366,0.07059962920179,0,0.212409018728,0.279058247463,0.32225396602,0.377714252873,0.109844947292,0.050068360039,0.377714252873,48,0.05,0.05,0.07,0.03,0.07,0.02,0.07,0.08,0.06,0.05,0.05
4,2,1,"abundance",0.05,"power",154,0.393255003955917,0.00225925051678566,0.143398268398268,11781,0.258530610049366,0.07059962920179,0,0.212409018728,0.279058247463,0.32225396602,0.377714252873,0.109844947292,0.050068360039,0.377714252873,48,0.07,0.05,0.04,0.06,0.06,0.07,0.08,0.06,0.07,0.02,0.07
4,2,1,"abundance",0.1,"power",154,0.393255003955917,0.00225925051678566,0.143398268398268,11781,0.258530610049366,0.07059962920179,0,0.212409018728,0.279058247463,0.32225396602,0.377714252873,0.109844947292,0.050068360039,0.377714252873,48,0.01,0.05,0.04,0.03,0.04,0.01,0.02,0.05,0.03,0.02,0.05
4,2,1,"abundance",0.15,"power",154,0.393255003955917,0.00225925051678566,0.143398268398268,11781,0.258530610049366,0.07059962920179,0,0.212409018728,0.279058247463,0.32225396602,0.377714252873,0.109844947292,0.050068360039,0.377714252873,48,0.05,0.15,0.03,0.17,0.1,0.05,0.06,0.07,0.05,0.04,0.14
4,2,1,"abundance",0.2,"power",154,0.393255003955917,0.00225925051678566,0.143398268398268,11781,0.258530610049366,0.07059962920179,0,0.212409018728,0.279058247463,0.32225396602,0.377714252873,0.109844947292,0.050068360039,0.377714252873,48,0.06,0.14,0.04,0.17,0.14,0.06,0.09,0.1,0.11,0.07,0.17
4,2,1,"abundance",0.25,"power",154,0.393255003955917,0.00225925051678566,0.143398268398268,11781,0.258530610049366,0.07059962920179,0,0.212409018728,0.279058247463,0.32225396602,0.377714252873,0.109844947292,0.050068360039,0.377714252873,48,0.05,0.28,0.04,0.26,0.2,0.06,0.07,0.08,0.05,0.08,0.28
4,2,1,"abundance",0.3,"power",154,0.393255003955917,0.00225925051678566,0.143398268398268,11781,0.258530610049366,0.07059962920179,0,0.212409018728,0.279058247463,0.32225396602,0.377714252873,0.109844947292,0.050068360039,0.377714252873,48,0.04,0.5,0.04,0.5,0.4,0,0.16,0.12,0.15,0.05,0.47
4,2,1,"abundance",0.35,"power",154,0.393255003955917,0.00225925051678566,0.143398268398268,11781,0.258530610049366,0.07059962920179,0,0.212409018728,0.279058247463,0.32225396602,0.377714252873,0.109844947292,0.050068360039,0.377714252873,48,0.03,0.53,0.03,0.53,0.44,0.07,0.2,0.09,0.19,0.04,0.52
4,2,1,"abundance",0.4,"power",154,0.393255003955917,0.00225925051678566,0.143398268398268,11781,0.258530610049366,0.07059962920179,0,0.212409018728,0.279058247463,0.32225396602,0.377714252873,0.109844947292,0.050068360039,0.377714252873,48,0.07,0.62,0.04,0.63,0.53,0.08,0.22,0.16,0.21,0.09,0.62
4,2,1,"abundance",0.45,"power",154,0.393255003955917,0.00225925051678566,0.143398268398268,11781,0.258530610049366,0.07059962920179,0,0.212409018728,0.279058247463,0.32225396602,0.377714252873,0.109844947292,0.050068360039,0.377714252873,48,0.06,0.71,0.07,0.73,0.69,0.09,0.34,0.19,0.32,0.04,0.76
4,2,1,"abundance",0.5,"power",154,0.393255003955917,0.00225925051678566,0.143398268398268,11781,0.258530610049366,0.07059962920179,0,0.212409018728,0.279058247463,0.32225396602,0.377714252873,0.109844947292,0.050068360039,0.377714252873,48,0.04,0.85,0.05,0.84,0.86,0.1,0.45,0.29,0.42,0.04,0.85
4,2,1,"abundance",0.55,"power",154,0.393255003955917,0.00225925051678566,0.143398268398268,11781,0.258530610049366,0.07059962920179,0,0.212409018728,0.279058247463,0.32225396602,0.377714252873,0.109844947292,0.050068360039,0.377714252873,48,0.05,0.81,0.06,0.87,0.87,0.07,0.51,0.29,0.5,0.04,0.89
4,2,1,"abundance",0.6,"power",154,0.393255003955917,0.00225925051678566,0.143398268398268,11781,0.258530610049366,0.07059962920179,0,0.212409018728,0.279058247463,0.32225396602,0.377714252873,0.109844947292,0.050068360039,0.377714252873,48,0.05,0.91,0.05,0.9,0.96,0.12,0.58,0.32,0.55,0.06,0.95
4,2,1,"both",0,"type1_error",154,0.393255003955917,0.00225925051678566,0.143398268398268,11781,0.258530610049366,0.07059962920179,0,0.212409018728,0.279058247463,0.32225396602,0.377714252873,0.109844947292,0.050068360039,0.377714252873,48,0.04,0.06,0.04,0.04,0.1,0.04,0.07,0.1,0.08,0.04,0.06
4,2,1,"both",0.05,"power",154,0.393255003955917,0.00225925051678566,0.143398268398268,11781,0.258530610049366,0.07059962920179,0,0.212409018728,0.279058247463,0.32225396602,0.377714252873,0.109844947292,0.050068360039,0.377714252873,48,0.07,0.06,0.08,0.06,0.04,0.03,0.05,0.02,0.06,0.05,0.04
4,2,1,"both",0.1,"power",154,0.393255003955917,0.00225925051678566,0.143398268398268,11781,0.258530610049366,0.07059962920179,0,0.212409018728,0.279058247463,0.32225396602,0.377714252873,0.109844947292,0.050068360039,0.377714252873,48,0.09,0.07,0.08,0.07,0.08,0.08,0.04,0.03,0.04,0.07,0.07
4,2,1,"both",0.15,"power",154,0.393255003955917,0.00225925051678566,0.143398268398268,11781,0.258530610049366,0.07059962920179,0,0.212409018728,0.279058247463,0.32225396602,0.377714252873,0.109844947292,0.050068360039,0.377714252873,48,0.09,0.19,0.1,0.23,0.14,0.08,0.04,0.02,0.05,0.05,0.19
4,2,1,"both",0.2,"power",154,0.393255003955917,0.00225925051678566,0.143398268398268,11781,0.258530610049366,0.07059962920179,0,0.212409018728,0.279058247463,0.32225396602,0.377714252873,0.109844947292,0.050068360039,0.377714252873,48,0.09,0.3,0.09,0.31,0.32,0.13,0.17,0.05,0.19,0.06,0.33
4,2,1,"both",0.25,"power",154,0.393255003955917,0.00225925051678566,0.143398268398268,11781,0.258530610049366,0.07059962920179,0,0.212409018728,0.279058247463,0.32225396602,0.377714252873,0.109844947292,0.050068360039,0.377714252873,48,0.16,0.48,0.24,0.53,0.47,0.13,0.16,0.12,0.15,0.1,0.5
4,2,1,"both",0.3,"power",154,0.393255003955917,0.00225925051678566,0.143398268398268,11781,0.258530610049366,0.07059962920179,0,0.212409018728,0.279058247463,0.32225396602,0.377714252873,0.109844947292,0.050068360039,0.377714252873,48,0.27,0.65,0.27,0.64,0.64,0.44,0.35,0.19,0.28,0.21,0.67
4,2,1,"both",0.35,"power",154,0.393255003955917,0.00225925051678566,0.143398268398268,11781,0.258530610049366,0.07059962920179,0,0.212409018728,0.279058247463,0.32225396602,0.377714252873,0.109844947292,0.050068360039,0.377714252873,48,0.55,0.73,0.39,0.75,0.82,0.54,0.34,0.08,0.37,0.29,0.79
4,2,1,"both",0.4,"power",154,0.393255003955917,0.00225925051678566,0.143398268398268,11781,0.258530610049366,0.07059962920179,0,0.212409018728,0.279058247463,0.32225396602,0.377714252873,0.109844947292,0.050068360039,0.377714252873,48,0.76,0.79,0.32,0.78,0.91,0.79,0.38,0.06,0.39,0.49,0.85
4,2,1,"both",0.45,"power",154,0.393255003955917,0.00225925051678566,0.143398268398268,11781,0.258530610049366,0.07059962920179,0,0.212409018728,0.279058247463,0.32225396602,0.377714252873,0.109844947292,0.050068360039,0.377714252873,48,0.81,0.86,0.58,0.87,0.96,0.85,0.58,0.2,0.54,0.53,0.91
4,2,1,"both",0.5,"power",154,0.393255003955917,0.00225925051678566,0.143398268398268,11781,0.258530610049366,0.07059962920179,0,0.212409018728,0.279058247463,0.32225396602,0.377714252873,0.109844947292,0.050068360039,0.377714252873,48,0.93,0.98,0.53,0.98,1,0.93,0.72,0.32,0.67,0.74,1
4,2,1,"both",0.55,"power",154,0.393255003955917,0.00225925051678566,0.143398268398268,11781,0.258530610049366,0.07059962920179,0,0.212409018728,0.279058247463,0.32225396602,0.377714252873,0.109844947292,0.050068360039,0.377714252873,48,0.99,0.99,0.7,0.99,1,0.99,0.9,0.49,0.87,0.88,0.99
4,2,1,"both",0.6,"power",154,0.393255003955917,0.00225925051678566,0.143398268398268,11781,0.258530610049366,0.07059962920179,0,0.212409018728,0.279058247463,0.32225396602,0.377714252873,0.109844947292,0.050068360039,0.377714252873,48,1,1,0.85,0.98,1,1,0.93,0.43,0.91,0.99,1
4,2,1,"prevalence",0,"type1_error",154,0.393255003955917,0.00225925051678566,0.143398268398268,11781,0.258530610049366,0.07059962920179,0,0.212409018728,0.279058247463,0.32225396602,0.377714252873,0.109844947292,0.050068360039,0.377714252873,48,0.05,0.02,0.08,0.03,0.04,0.03,0.02,0.02,0.02,0.08,0.01
4,2,1,"prevalence",0.05,"power",154,0.393255003955917,0.00225925051678566,0.143398268398268,11781,0.258530610049366,0.07059962920179,0,0.212409018728,0.279058247463,0.32225396602,0.377714252873,0.109844947292,0.050068360039,0.377714252873,48,0.06,0.03,0.03,0.02,0.02,0.03,0.06,0.04,0.06,0.07,0.02
4,2,1,"prevalence",0.1,"power",154,0.393255003955917,0.00225925051678566,0.143398268398268,11781,0.258530610049366,0.07059962920179,0,0.212409018728,0.279058247463,0.32225396602,0.377714252873,0.109844947292,0.050068360039,0.377714252873,48,0.02,0.08,0.04,0.06,0.09,0.06,0.06,0.07,0.06,0.02,0.11
4,2,1,"prevalence",0.15,"power",154,0.393255003955917,0.00225925051678566,0.143398268398268,11781,0.258530610049366,0.07059962920179,0,0.212409018728,0.279058247463,0.32225396602,0.377714252873,0.109844947292,0.050068360039,0.377714252873,48,0.07,0.03,0.11,0.03,0.02,0.08,0.05,0.09,0.05,0.04,0.02
4,2,1,"prevalence",0.2,"power",154,0.393255003955917,0.00225925051678566,0.143398268398268,11781,0.258530610049366,0.07059962920179,0,0.212409018728,0.279058247463,0.32225396602,0.377714252873,0.109844947292,0.050068360039,0.377714252873,48,0.14,0.05,0.1,0.04,0.05,0.1,0.03,0.03,0.05,0.18,0.05
4,2,1,"prevalence",0.25,"power",154,0.393255003955917,0.00225925051678566,0.143398268398268,11781,0.258530610049366,0.07059962920179,0,0.212409018728,0.279058247463,0.32225396602,0.377714252873,0.109844947292,0.050068360039,0.377714252873,48,0.21,0.08,0.18,0.1,0.04,0.13,0.02,0.02,0.03,0.13,0.03
4,2,1,"prevalence",0.3,"power",154,0.393255003955917,0.00225925051678566,0.143398268398268,11781,0.258530610049366,0.07059962920179,0,0.212409018728,0.279058247463,0.32225396602,0.377714252873,0.109844947292,0.050068360039,0.377714252873,48,0.32,0.07,0.24,0.08,0.12,0.19,0.06,0.06,0.05,0.21,0.11
4,2,1,"prevalence",0.35,"power",154,0.393255003955917,0.00225925051678566,0.143398268398268,11781,0.258530610049366,0.07059962920179,0,0.212409018728,0.279058247463,0.32225396602,0.377714252873,0.109844947292,0.050068360039,0.377714252873,48,0.53,0.11,0.41,0.11,0.14,0.31,0.1,0.05,0.1,0.33,0.13
4,2,1,"prevalence",0.4,"power",154,0.393255003955917,0.00225925051678566,0.143398268398268,11781,0.258530610049366,0.07059962920179,0,0.212409018728,0.279058247463,0.32225396602,0.377714252873,0.109844947292,0.050068360039,0.377714252873,48,0.66,0.09,0.52,0.07,0.16,0.33,0.09,0.06,0.07,0.38,0.1
4,2,1,"prevalence",0.45,"power",154,0.393255003955917,0.00225925051678566,0.143398268398268,11781,0.258530610049366,0.07059962920179,0,0.212409018728,0.279058247463,0.32225396602,0.377714252873,0.109844947292,0.050068360039,0.377714252873,48,0.92,0.08,0.63,0.08,0.17,0.52,0.04,0.03,0.06,0.69,0.11
4,2,1,"prevalence",0.5,"power",154,0.393255003955917,0.00225925051678566,0.143398268398268,11781,0.258530610049366,0.07059962920179,0,0.212409018728,0.279058247463,0.32225396602,0.377714252873,0.109844947292,0.050068360039,0.377714252873,48,0.93,0.1,0.66,0.1,0.12,0.62,0.1,0.04,0.08,0.72,0.12
4,2,1,"prevalence",0.55,"power",154,0.393255003955917,0.00225925051678566,0.143398268398268,11781,0.258530610049366,0.07059962920179,0,0.212409018728,0.279058247463,0.32225396602,0.377714252873,0.109844947292,0.050068360039,0.377714252873,48,1,0.13,0.65,0.12,0.35,0.87,0.13,0.06,0.14,0.91,0.15
4,2,1,"prevalence",0.6,"power",154,0.393255003955917,0.00225925051678566,0.143398268398268,11781,0.258530610049366,0.07059962920179,0,0.212409018728,0.279058247463,0.32225396602,0.377714252873,0.109844947292,0.050068360039,0.377714252873,48,1,0.18,0.82,0.17,0.4,0.96,0.13,0.06,0.12,0.96,0.22
4,1,2,"abundance",0,"type1_error",154,0.104502128778298,0.00198235919807057,0.148160173160173,11781,0.335410611046988,0.0644731423096329,0,0.338093837138,0.365352235246,0.3732014576138,0.3732014576438,0.0351076204758,0.2876996158,0.3732014576438,2336,0.01,0.06,0.03,0.05,0.08,0.05,0.08,0.07,0.08,0.04,0.08
4,1,2,"abundance",0.05,"power",154,0.104502128778298,0.00198235919807057,0.148160173160173,11781,0.335410611046988,0.0644731423096329,0,0.338093837138,0.365352235246,0.3732014576138,0.3732014576438,0.0351076204758,0.2876996158,0.3732014576438,2336,0.05,0.08,0.06,0.07,0.07,0.06,0.06,0.05,0.05,0.05,0.07
4,1,2,"abundance",0.1,"power",154,0.104502128778298,0.00198235919807057,0.148160173160173,11781,0.335410611046988,0.0644731423096329,0,0.338093837138,0.365352235246,0.3732014576138,0.3732014576438,0.0351076204758,0.2876996158,0.3732014576438,2336,0.04,0.07,0.03,0.09,0.07,0.07,0.09,0.05,0.09,0.06,0.06
4,1,2,"abundance",0.15,"power",154,0.104502128778298,0.00198235919807057,0.148160173160173,11781,0.335410611046988,0.0644731423096329,0,0.338093837138,0.365352235246,0.3732014576138,0.3732014576438,0.0351076204758,0.2876996158,0.3732014576438,2336,0.04,0.06,0.09,0.07,0.12,0.05,0.05,0.05,0.07,0.06,0.11
4,1,2,"abundance",0.2,"power",154,0.104502128778298,0.00198235919807057,0.148160173160173,11781,0.335410611046988,0.0644731423096329,0,0.338093837138,0.365352235246,0.3732014576138,0.3732014576438,0.0351076204758,0.2876996158,0.3732014576438,2336,0.03,0.09,0.04,0.1,0.17,0.05,0.11,0.08,0.09,0.03,0.15
4,1,2,"abundance",0.25,"power",154,0.104502128778298,0.00198235919807057,0.148160173160173,11781,0.335410611046988,0.0644731423096329,0,0.338093837138,0.365352235246,0.3732014576138,0.3732014576438,0.0351076204758,0.2876996158,0.3732014576438,2336,0.04,0.09,0.05,0.09,0.15,0.03,0.15,0.07,0.17,0.05,0.14
4,1,2,"abundance",0.3,"power",154,0.104502128778298,0.00198235919807057,0.148160173160173,11781,0.335410611046988,0.0644731423096329,0,0.338093837138,0.365352235246,0.3732014576138,0.3732014576438,0.0351076204758,0.2876996158,0.3732014576438,2336,0.02,0.19,0.04,0.21,0.22,0.08,0.19,0.12,0.18,0.06,0.24
4,1,2,"abundance",0.35,"power",154,0.104502128778298,0.00198235919807057,0.148160173160173,11781,0.335410611046988,0.0644731423096329,0,0.338093837138,0.365352235246,0.3732014576138,0.3732014576438,0.0351076204758,0.2876996158,0.3732014576438,2336,0.06,0.29,0.04,0.3,0.41,0.07,0.31,0.15,0.29,0.04,0.4
4,1,2,"abundance",0.4,"power",154,0.104502128778298,0.00198235919807057,0.148160173160173,11781,0.335410611046988,0.0644731423096329,0,0.338093837138,0.365352235246,0.3732014576138,0.3732014576438,0.0351076204758,0.2876996158,0.3732014576438,2336,0.04,0.29,0.1,0.31,0.43,0.07,0.22,0.13,0.21,0.06,0.4
4,1,2,"abundance",0.45,"power",154,0.104502128778298,0.00198235919807057,0.148160173160173,11781,0.335410611046988,0.0644731423096329,0,0.338093837138,0.365352235246,0.3732014576138,0.3732014576438,0.0351076204758,0.2876996158,0.3732014576438,2336,0.08,0.4,0.06,0.34,0.52,0.11,0.33,0.13,0.31,0.05,0.48
4,1,2,"abundance",0.5,"power",154,0.104502128778298,0.00198235919807057,0.148160173160173,11781,0.335410611046988,0.0644731423096329,0,0.338093837138,0.365352235246,0.3732014576138,0.3732014576438,0.0351076204758,0.2876996158,0.3732014576438,2336,0.05,0.48,0.03,0.45,0.68,0.04,0.5,0.2,0.46,0.01,0.64
4,1,2,"abundance",0.55,"power",154,0.104502128778298,0.00198235919807057,0.148160173160173,11781,0.335410611046988,0.0644731423096329,0,0.338093837138,0.365352235246,0.3732014576138,0.3732014576438,0.0351076204758,0.2876996158,0.3732014576438,2336,0.06,0.49,0.06,0.44,0.78,0.13,0.54,0.25,0.53,0.05,0.68
4,1,2,"abundance",0.6,"power",154,0.104502128778298,0.00198235919807057,0.148160173160173,11781,0.335410611046988,0.0644731423096329,0,0.338093837138,0.365352235246,0.3732014576138,0.3732014576438,0.0351076204758,0.2876996158,0.3732014576438,2336,0.05,0.6,0.06,0.53,0.87,0.1,0.64,0.27,0.61,0.05,0.81
4,1,2,"both",0,"type1_error",154,0.104502128778298,0.00198235919807057,0.148160173160173,11781,0.335410611046988,0.0644731423096329,0,0.338093837138,0.365352235246,0.3732014576138,0.3732014576438,0.0351076204758,0.2876996158,0.3732014576438,2336,0.06,0.03,0.03,0.04,0.04,0.05,0.04,0.04,0.04,0.03,0.04
4,1,2,"both",0.05,"power",154,0.104502128778298,0.00198235919807057,0.148160173160173,11781,0.335410611046988,0.0644731423096329,0,0.338093837138,0.365352235246,0.3732014576138,0.3732014576438,0.0351076204758,0.2876996158,0.3732014576438,2336,0.04,0.08,0.04,0.1,0.1,0.08,0.05,0.05,0.05,0.07,0.1
4,1,2,"both",0.1,"power",154,0.104502128778298,0.00198235919807057,0.148160173160173,11781,0.335410611046988,0.0644731423096329,0,0.338093837138,0.365352235246,0.3732014576138,0.3732014576438,0.0351076204758,0.2876996158,0.3732014576438,2336,0.1,0.05,0.08,0.05,0.12,0.09,0.04,0.04,0.04,0.09,0.07
4,1,2,"both",0.15,"power",154,0.104502128778298,0.00198235919807057,0.148160173160173,11781,0.335410611046988,0.0644731423096329,0,0.338093837138,0.365352235246,0.3732014576138,0.3732014576438,0.0351076204758,0.2876996158,0.3732014576438,2336,0.09,0.09,0.07,0.07,0.06,0.09,0.07,0.06,0.08,0.08,0.07
4,1,2,"both",0.2,"power",154,0.104502128778298,0.00198235919807057,0.148160173160173,11781,0.335410611046988,0.0644731423096329,0,0.338093837138,0.365352235246,0.3732014576138,0.3732014576438,0.0351076204758,0.2876996158,0.3732014576438,2336,0.13,0.14,0.09,0.1,0.18,0.14,0.13,0.06,0.14,0.12,0.18
4,1,2,"both",0.25,"power",154,0.104502128778298,0.00198235919807057,0.148160173160173,11781,0.335410611046988,0.0644731423096329,0,0.338093837138,0.365352235246,0.3732014576138,0.3732014576438,0.0351076204758,0.2876996158,0.3732014576438,2336,0.19,0.18,0.11,0.16,0.23,0.18,0.09,0.08,0.1,0.14,0.22
4,1,2,"both",0.3,"power",154,0.104502128778298,0.00198235919807057,0.148160173160173,11781,0.335410611046988,0.0644731423096329,0,0.338093837138,0.365352235246,0.3732014576138,0.3732014576438,0.0351076204758,0.2876996158,0.3732014576438,2336,0.24,0.19,0.24,0.22,0.48,0.32,0.15,0.1,0.14,0.21,0.32
4,1,2,"both",0.35,"power",154,0.104502128778298,0.00198235919807057,0.148160173160173,11781,0.335410611046988,0.0644731423096329,0,0.338093837138,0.365352235246,0.3732014576138,0.3732014576438,0.0351076204758,0.2876996158,0.3732014576438,2336,0.43,0.29,0.33,0.28,0.6,0.4,0.3,0.17,0.32,0.32,0.4
4,1,2,"both",0.4,"power",154,0.104502128778298,0.00198235919807057,0.148160173160173,11781,0.335410611046988,0.0644731423096329,0,0.338093837138,0.365352235246,0.3732014576138,0.3732014576438,0.0351076204758,0.2876996158,0.3732014576438,2336,0.59,0.38,0.36,0.35,0.79,0.64,0.41,0.13,0.38,0.53,0.6
4,1,2,"both",0.45,"power",154,0.104502128778298,0.00198235919807057,0.148160173160173,11781,0.335410611046988,0.0644731423096329,0,0.338093837138,0.365352235246,0.3732014576138,0.3732014576438,0.0351076204758,0.2876996158,0.3732014576438,2336,0.76,0.58,0.44,0.56,0.93,0.76,0.59,0.2,0.56,0.62,0.76
4,1,2,"both",0.5,"power",154,0.104502128778298,0.00198235919807057,0.148160173160173,11781,0.335410611046988,0.0644731423096329,0,0.338093837138,0.365352235246,0.3732014576138,0.3732014576438,0.0351076204758,0.2876996158,0.3732014576438,2336,0.92,0.63,0.59,0.6,0.98,0.89,0.72,0.35,0.74,0.88,0.88
4,1,2,"both",0.55,"power",154,0.104502128778298,0.00198235919807057,0.148160173160173,11781,0.335410611046988,0.0644731423096329,0,0.338093837138,0.365352235246,0.3732014576138,0.3732014576438,0.0351076204758,0.2876996158,0.3732014576438,2336,0.95,0.71,0.59,0.74,1,0.97,0.76,0.41,0.76,0.89,0.95
4,1,2,"both",0.6,"power",154,0.104502128778298,0.00198235919807057,0.148160173160173,11781,0.335410611046988,0.0644731423096329,0,0.338093837138,0.365352235246,0.3732014576138,0.3732014576438,0.0351076204758,0.2876996158,0.3732014576438,2336,1,0.8,0.73,0.75,0.99,0.99,0.86,0.33,0.86,0.99,0.97
4,1,2,"prevalence",0,"type1_error",154,0.104502128778298,0.00198235919807057,0.148160173160173,11781,0.335410611046988,0.0644731423096329,0,0.338093837138,0.365352235246,0.3732014576138,0.3732014576438,0.0351076204758,0.2876996158,0.3732014576438,2336,0.06,0.01,0.06,0.03,0.03,0.05,0.03,0.03,0.03,0.02,0.01
4,1,2,"prevalence",0.05,"power",154,0.104502128778298,0.00198235919807057,0.148160173160173,11781,0.335410611046988,0.0644731423096329,0,0.338093837138,0.365352235246,0.3732014576138,0.3732014576438,0.0351076204758,0.2876996158,0.3732014576438,2336,0.06,0.03,0.09,0.04,0.05,0.06,0.04,0.04,0.04,0.03,0.05
4,1,2,"prevalence",0.1,"power",154,0.104502128778298,0.00198235919807057,0.148160173160173,11781,0.335410611046988,0.0644731423096329,0,0.338093837138,0.365352235246,0.3732014576138,0.3732014576438,0.0351076204758,0.2876996158,0.3732014576438,2336,0.02,0.06,0.08,0.06,0.06,0.08,0.07,0.07,0.07,0.05,0.05
4,1,2,"prevalence",0.15,"power",154,0.104502128778298,0.00198235919807057,0.148160173160173,11781,0.335410611046988,0.0644731423096329,0,0.338093837138,0.365352235246,0.3732014576138,0.3732014576438,0.0351076204758,0.2876996158,0.3732014576438,2336,0.05,0.09,0.11,0.06,0.04,0.06,0.03,0.04,0.03,0.08,0.05
4,1,2,"prevalence",0.2,"power",154,0.104502128778298,0.00198235919807057,0.148160173160173,11781,0.335410611046988,0.0644731423096329,0,0.338093837138,0.365352235246,0.3732014576138,0.3732014576438,0.0351076204758,0.2876996158,0.3732014576438,2336,0.13,0.02,0.07,0.06,0.06,0.11,0.05,0.03,0.06,0.15,0.03
4,1,2,"prevalence",0.25,"power",154,0.104502128778298,0.00198235919807057,0.148160173160173,11781,0.335410611046988,0.0644731423096329,0,0.338093837138,0.365352235246,0.3732014576138,0.3732014576438,0.0351076204758,0.2876996158,0.3732014576438,2336,0.23,0.09,0.17,0.09,0.14,0.12,0.05,0.06,0.06,0.17,0.08
4,1,2,"prevalence",0.3,"power",154,0.104502128778298,0.00198235919807057,0.148160173160173,11781,0.335410611046988,0.0644731423096329,0,0.338093837138,0.365352235246,0.3732014576138,0.3732014576438,0.0351076204758,0.2876996158,0.3732014576438,2336,0.3,0.07,0.26,0.07,0.06,0.11,0.03,0.03,0.03,0.22,0.08
4,1,2,"prevalence",0.35,"power",154,0.104502128778298,0.00198235919807057,0.148160173160173,11781,0.335410611046988,0.0644731423096329,0,0.338093837138,0.365352235246,0.3732014576138,0.3732014576438,0.0351076204758,0.2876996158,0.3732014576438,2336,0.48,0.05,0.29,0.04,0.11,0.24,0.05,0.04,0.04,0.37,0.06
4,1,2,"prevalence",0.4,"power",154,0.104502128778298,0.00198235919807057,0.148160173160173,11781,0.335410611046988,0.0644731423096329,0,0.338093837138,0.365352235246,0.3732014576138,0.3732014576438,0.0351076204758,0.2876996158,0.3732014576438,2336,0.52,0.09,0.34,0.08,0.22,0.31,0.13,0.12,0.12,0.42,0.13
4,1,2,"prevalence",0.45,"power",154,0.104502128778298,0.00198235919807057,0.148160173160173,11781,0.335410611046988,0.0644731423096329,0,0.338093837138,0.365352235246,0.3732014576138,0.3732014576438,0.0351076204758,0.2876996158,0.3732014576438,2336,0.81,0.07,0.52,0.07,0.09,0.37,0.03,0.02,0.03,0.69,0.05
4,1,2,"prevalence",0.5,"power",154,0.104502128778298,0.00198235919807057,0.148160173160173,11781,0.335410611046988,0.0644731423096329,0,0.338093837138,0.365352235246,0.3732014576138,0.3732014576438,0.0351076204758,0.2876996158,0.3732014576438,2336,0.87,0.05,0.58,0.04,0.19,0.49,0.08,0.04,0.1,0.79,0.05
4,1,2,"prevalence",0.55,"power",154,0.104502128778298,0.00198235919807057,0.148160173160173,11781,0.335410611046988,0.0644731423096329,0,0.338093837138,0.365352235246,0.3732014576138,0.3732014576438,0.0351076204758,0.2876996158,0.3732014576438,2336,0.98,0.05,0.57,0.07,0.27,0.66,0.11,0.06,0.12,0.95,0.06
4,1,2,"prevalence",0.6,"power",154,0.104502128778298,0.00198235919807057,0.148160173160173,11781,0.335410611046988,0.0644731423096329,0,0.338093837138,0.365352235246,0.3732014576138,0.3732014576438,0.0351076204758,0.2876996158,0.3732014576438,2336,0.99,0.06,0.71,0.04,0.32,0.82,0.05,0.08,0.06,0.98,0.08
4,4,3,"abundance",0,"type1_error",154,0.0545114597877137,0.0012563381937465,0.136580086580087,11781,0.353552652284318,0.079655002855865,0.00315209675,0.338093837152,0.381087021301,0.4151061077308,0.4151061077488,0.0770122705788001,0.22619639452,0.4151061077488,1161,0.01,0.08,0.03,0.07,0.04,0.08,0.04,0.08,0.05,0.05,0.04
4,4,3,"abundance",0.05,"power",154,0.0545114597877137,0.0012563381937465,0.136580086580087,11781,0.353552652284318,0.079655002855865,0.00315209675,0.338093837152,0.381087021301,0.4151061077308,0.4151061077488,0.0770122705788001,0.22619639452,0.4151061077488,1161,0.02,0.05,0.09,0.03,0.05,0.04,0.04,0.05,0.03,0.02,0.06
4,4,3,"abundance",0.1,"power",154,0.0545114597877137,0.0012563381937465,0.136580086580087,11781,0.353552652284318,0.079655002855865,0.00315209675,0.338093837152,0.381087021301,0.4151061077308,0.4151061077488,0.0770122705788001,0.22619639452,0.4151061077488,1161,0.07,0.06,0.06,0.08,0.05,0.06,0.03,0.07,0.04,0.05,0.06
4,4,3,"abundance",0.15,"power",154,0.0545114597877137,0.0012563381937465,0.136580086580087,11781,0.353552652284318,0.079655002855865,0.00315209675,0.338093837152,0.381087021301,0.4151061077308,0.4151061077488,0.0770122705788001,0.22619639452,0.4151061077488,1161,0.04,0.08,0.05,0.06,0.09,0.05,0.03,0.03,0.04,0.05,0.09
4,4,3,"abundance",0.2,"power",154,0.0545114597877137,0.0012563381937465,0.136580086580087,11781,0.353552652284318,0.079655002855865,0.00315209675,0.338093837152,0.381087021301,0.4151061077308,0.4151061077488,0.0770122705788001,0.22619639452,0.4151061077488,1161,0.07,0.1,0.05,0.11,0.11,0.07,0.11,0.13,0.11,0.13,0.1
4,4,3,"abundance",0.25,"power",154,0.0545114597877137,0.0012563381937465,0.136580086580087,11781,0.353552652284318,0.079655002855865,0.00315209675,0.338093837152,0.381087021301,0.4151061077308,0.4151061077488,0.0770122705788001,0.22619639452,0.4151061077488,1161,0.05,0.08,0.07,0.07,0.17,0.07,0.07,0.04,0.07,0.07,0.14
4,4,3,"abundance",0.3,"power",154,0.0545114597877137,0.0012563381937465,0.136580086580087,11781,0.353552652284318,0.079655002855865,0.00315209675,0.338093837152,0.381087021301,0.4151061077308,0.4151061077488,0.0770122705788001,0.22619639452,0.4151061077488,1161,0.05,0.09,0.03,0.07,0.21,0.11,0.11,0.1,0.1,0.07,0.17
4,4,3,"abundance",0.35,"power",154,0.0545114597877137,0.0012563381937465,0.136580086580087,11781,0.353552652284318,0.079655002855865,0.00315209675,0.338093837152,0.381087021301,0.4151061077308,0.4151061077488,0.0770122705788001,0.22619639452,0.4151061077488,1161,0.06,0.11,0.04,0.07,0.22,0.06,0.14,0.05,0.13,0.06,0.17
4,4,3,"abundance",0.4,"power",154,0.0545114597877137,0.0012563381937465,0.136580086580087,11781,0.353552652284318,0.079655002855865,0.00315209675,0.338093837152,0.381087021301,0.4151061077308,0.4151061077488,0.0770122705788001,0.22619639452,0.4151061077488,1161,0.03,0.15,0.03,0.13,0.34,0.07,0.25,0.16,0.21,0.06,0.3
4,4,3,"abundance",0.45,"power",154,0.0545114597877137,0.0012563381937465,0.136580086580087,11781,0.353552652284318,0.079655002855865,0.00315209675,0.338093837152,0.381087021301,0.4151061077308,0.4151061077488,0.0770122705788001,0.22619639452,0.4151061077488,1161,0.06,0.2,0.09,0.17,0.36,0.07,0.19,0.06,0.18,0.06,0.31
4,4,3,"abundance",0.5,"power",154,0.0545114597877137,0.0012563381937465,0.136580086580087,11781,0.353552652284318,0.079655002855865,0.00315209675,0.338093837152,0.381087021301,0.4151061077308,0.4151061077488,0.0770122705788001,0.22619639452,0.4151061077488,1161,0.05,0.31,0.03,0.25,0.5,0.11,0.28,0.15,0.25,0.06,0.43
4,4,3,"abundance",0.55,"power",154,0.0545114597877137,0.0012563381937465,0.136580086580087,11781,0.353552652284318,0.079655002855865,0.00315209675,0.338093837152,0.381087021301,0.4151061077308,0.4151061077488,0.0770122705788001,0.22619639452,0.4151061077488,1161,0.04,0.3,0.03,0.16,0.6,0.09,0.35,0.2,0.38,0.02,0.48
4,4,3,"abundance",0.6,"power",154,0.0545114597877137,0.0012563381937465,0.136580086580087,11781,0.353552652284318,0.079655002855865,0.00315209675,0.338093837152,0.381087021301,0.4151061077308,0.4151061077488,0.0770122705788001,0.22619639452,0.4151061077488,1161,0.08,0.48,0.05,0.36,0.81,0.18,0.58,0.28,0.56,0.06,0.7
4,4,3,"both",0,"type1_error",154,0.0545114597877137,0.0012563381937465,0.136580086580087,11781,0.353552652284318,0.079655002855865,0.00315209675,0.338093837152,0.381087021301,0.4151061077308,0.4151061077488,0.0770122705788001,0.22619639452,0.4151061077488,1161,0.07,0.02,0.06,0.02,0.02,0.04,0.02,0.03,0.01,0.04,0.02
4,4,3,"both",0.05,"power",154,0.0545114597877137,0.0012563381937465,0.136580086580087,11781,0.353552652284318,0.079655002855865,0.00315209675,0.338093837152,0.381087021301,0.4151061077308,0.4151061077488,0.0770122705788001,0.22619639452,0.4151061077488,1161,0.07,0.05,0.03,0.02,0.02,0.11,0.06,0.09,0.06,0.08,0.03
4,4,3,"both",0.1,"power",154,0.0545114597877137,0.0012563381937465,0.136580086580087,11781,0.353552652284318,0.079655002855865,0.00315209675,0.338093837152,0.381087021301,0.4151061077308,0.4151061077488,0.0770122705788001,0.22619639452,0.4151061077488,1161,0.06,0.06,0.05,0.07,0.07,0.05,0.07,0.05,0.05,0.07,0.08
4,4,3,"both",0.15,"power",154,0.0545114597877137,0.0012563381937465,0.136580086580087,11781,0.353552652284318,0.079655002855865,0.00315209675,0.338093837152,0.381087021301,0.4151061077308,0.4151061077488,0.0770122705788001,0.22619639452,0.4151061077488,1161,0.05,0.04,0.06,0.09,0.12,0.06,0.08,0.07,0.08,0.06,0.11
4,4,3,"both",0.2,"power",154,0.0545114597877137,0.0012563381937465,0.136580086580087,11781,0.353552652284318,0.079655002855865,0.00315209675,0.338093837152,0.381087021301,0.4151061077308,0.4151061077488,0.0770122705788001,0.22619639452,0.4151061077488,1161,0.12,0.15,0.08,0.13,0.16,0.17,0.11,0.09,0.11,0.1,0.17
4,4,3,"both",0.25,"power",154,0.0545114597877137,0.0012563381937465,0.136580086580087,11781,0.353552652284318,0.079655002855865,0.00315209675,0.338093837152,0.381087021301,0.4151061077308,0.4151061077488,0.0770122705788001,0.22619639452,0.4151061077488,1161,0.14,0.12,0.19,0.09,0.3,0.24,0.19,0.1,0.17,0.11,0.26
4,4,3,"both",0.3,"power",154,0.0545114597877137,0.0012563381937465,0.136580086580087,11781,0.353552652284318,0.079655002855865,0.00315209675,0.338093837152,0.381087021301,0.4151061077308,0.4151061077488,0.0770122705788001,0.22619639452,0.4151061077488,1161,0.24,0.17,0.16,0.13,0.27,0.24,0.14,0.11,0.13,0.17,0.27
4,4,3,"both",0.35,"power",154,0.0545114597877137,0.0012563381937465,0.136580086580087,11781,0.353552652284318,0.079655002855865,0.00315209675,0.338093837152,0.381087021301,0.4151061077308,0.4151061077488,0.0770122705788001,0.22619639452,0.4151061077488,1161,0.37,0.19,0.26,0.11,0.59,0.43,0.29,0.11,0.28,0.24,0.39
4,4,3,"both",0.4,"power",154,0.0545114597877137,0.0012563381937465,0.136580086580087,11781,0.353552652284318,0.079655002855865,0.00315209675,0.338093837152,0.381087021301,0.4151061077308,0.4151061077488,0.0770122705788001,0.22619639452,0.4151061077488,1161,0.48,0.26,0.29,0.2,0.69,0.56,0.35,0.07,0.36,0.33,0.49
4,4,3,"both",0.45,"power",154,0.0545114597877137,0.0012563381937465,0.136580086580087,11781,0.353552652284318,0.079655002855865,0.00315209675,0.338093837152,0.381087021301,0.4151061077308,0.4151061077488,0.0770122705788001,0.22619639452,0.4151061077488,1161,0.59,0.34,0.35,0.25,0.8,0.62,0.41,0.2,0.39,0.46,0.58
4,4,3,"both",0.5,"power",154,0.0545114597877137,0.0012563381937465,0.136580086580087,11781,0.353552652284318,0.079655002855865,0.00315209675,0.338093837152,0.381087021301,0.4151061077308,0.4151061077488,0.0770122705788001,0.22619639452,0.4151061077488,1161,0.8,0.44,0.46,0.26,0.94,0.84,0.58,0.2,0.57,0.61,0.75
4,4,3,"both",0.55,"power",154,0.0545114597877137,0.0012563381937465,0.136580086580087,11781,0.353552652284318,0.079655002855865,0.00315209675,0.338093837152,0.381087021301,0.4151061077308,0.4151061077488,0.0770122705788001,0.22619639452,0.4151061077488,1161,0.9,0.47,0.52,0.36,0.96,0.97,0.72,0.24,0.66,0.75,0.81
4,4,3,"both",0.6,"power",154,0.0545114597877137,0.0012563381937465,0.136580086580087,11781,0.353552652284318,0.079655002855865,0.00315209675,0.338093837152,0.381087021301,0.4151061077308,0.4151061077488,0.0770122705788001,0.22619639452,0.4151061077488,1161,0.99,0.61,0.53,0.4,0.99,0.98,0.77,0.34,0.79,0.88,0.87
4,4,3,"prevalence",0,"type1_error",154,0.0545114597877137,0.0012563381937465,0.136580086580087,11781,0.353552652284318,0.079655002855865,0.00315209675,0.338093837152,0.381087021301,0.4151061077308,0.4151061077488,0.0770122705788001,0.22619639452,0.4151061077488,1161,0.04,0.05,0.03,0.06,0.05,0.04,0.03,0.04,0.03,0.03,0.05
4,4,3,"prevalence",0.05,"power",154,0.0545114597877137,0.0012563381937465,0.136580086580087,11781,0.353552652284318,0.079655002855865,0.00315209675,0.338093837152,0.381087021301,0.4151061077308,0.4151061077488,0.0770122705788001,0.22619639452,0.4151061077488,1161,0.05,0.06,0.08,0.05,0.02,0.05,0.05,0.04,0.04,0.04,0.02
4,4,3,"prevalence",0.1,"power",154,0.0545114597877137,0.0012563381937465,0.136580086580087,11781,0.353552652284318,0.079655002855865,0.00315209675,0.338093837152,0.381087021301,0.4151061077308,0.4151061077488,0.0770122705788001,0.22619639452,0.4151061077488,1161,0.06,0.05,0.03,0.04,0.02,0.08,0.05,0.02,0.05,0.03,0.04
4,4,3,"prevalence",0.15,"power",154,0.0545114597877137,0.0012563381937465,0.136580086580087,11781,0.353552652284318,0.079655002855865,0.00315209675,0.338093837152,0.381087021301,0.4151061077308,0.4151061077488,0.0770122705788001,0.22619639452,0.4151061077488,1161,0.08,0.03,0.07,0.01,0.08,0.05,0.05,0.02,0.04,0.07,0.06
4,4,3,"prevalence",0.2,"power",154,0.0545114597877137,0.0012563381937465,0.136580086580087,11781,0.353552652284318,0.079655002855865,0.00315209675,0.338093837152,0.381087021301,0.4151061077308,0.4151061077488,0.0770122705788001,0.22619639452,0.4151061077488,1161,0.09,0.05,0.1,0.04,0.02,0.05,0.02,0.04,0.02,0.06,0.05
4,4,3,"prevalence",0.25,"power",154,0.0545114597877137,0.0012563381937465,0.136580086580087,11781,0.353552652284318,0.079655002855865,0.00315209675,0.338093837152,0.381087021301,0.4151061077308,0.4151061077488,0.0770122705788001,0.22619639452,0.4151061077488,1161,0.12,0.03,0.18,0.01,0.03,0.09,0.04,0.06,0.04,0.13,0.04
4,4,3,"prevalence",0.3,"power",154,0.0545114597877137,0.0012563381937465,0.136580086580087,11781,0.353552652284318,0.079655002855865,0.00315209675,0.338093837152,0.381087021301,0.4151061077308,0.4151061077488,0.0770122705788001,0.22619639452,0.4151061077488,1161,0.24,0.07,0.16,0.09,0.12,0.12,0.05,0.06,0.05,0.19,0.09
4,4,3,"prevalence",0.35,"power",154,0.0545114597877137,0.0012563381937465,0.136580086580087,11781,0.353552652284318,0.079655002855865,0.00315209675,0.338093837152,0.381087021301,0.4151061077308,0.4151061077488,0.0770122705788001,0.22619639452,0.4151061077488,1161,0.28,0.03,0.28,0.01,0.05,0.17,0.03,0.06,0.03,0.25,0.04
4,4,3,"prevalence",0.4,"power",154,0.0545114597877137,0.0012563381937465,0.136580086580087,11781,0.353552652284318,0.079655002855865,0.00315209675,0.338093837152,0.381087021301,0.4151061077308,0.4151061077488,0.0770122705788001,0.22619639452,0.4151061077488,1161,0.38,0.04,0.24,0.03,0.06,0.13,0.04,0.04,0.04,0.25,0.04
4,4,3,"prevalence",0.45,"power",154,0.0545114597877137,0.0012563381937465,0.136580086580087,11781,0.353552652284318,0.079655002855865,0.00315209675,0.338093837152,0.381087021301,0.4151061077308,0.4151061077488,0.0770122705788001,0.22619639452,0.4151061077488,1161,0.65,0.05,0.37,0.06,0.11,0.3,0.04,0.06,0.05,0.51,0.06
4,4,3,"prevalence",0.5,"power",154,0.0545114597877137,0.0012563381937465,0.136580086580087,11781,0.353552652284318,0.079655002855865,0.00315209675,0.338093837152,0.381087021301,0.4151061077308,0.4151061077488,0.0770122705788001,0.22619639452,0.4151061077488,1161,0.81,0.04,0.43,0.04,0.17,0.52,0.1,0.08,0.09,0.66,0.08
4,4,3,"prevalence",0.55,"power",154,0.0545114597877137,0.0012563381937465,0.136580086580087,11781,0.353552652284318,0.079655002855865,0.00315209675,0.338093837152,0.381087021301,0.4151061077308,0.4151061077488,0.0770122705788001,0.22619639452,0.4151061077488,1161,0.87,0.05,0.51,0.04,0.24,0.59,0.11,0.09,0.11,0.78,0.13
4,4,3,"prevalence",0.6,"power",154,0.0545114597877137,0.0012563381937465,0.136580086580087,11781,0.353552652284318,0.079655002855865,0.00315209675,0.338093837152,0.381087021301,0.4151061077308,0.4151061077488,0.0770122705788001,0.22619639452,0.4151061077488,1161,0.95,0.07,0.64,0.05,0.24,0.62,0.1,0.05,0.13,0.85,0.12
4,3,4,"abundance",0,"type1_error",154,-0.108188428146286,0.000995558584903771,0.133874458874459,11781,0.454346511732986,0.128407589374098,0.003030312306,0.354951452567,0.4260943423558,0.5532161424018,0.8035527425968,0.1982646898348,0.05766749812,0.8035527425968,72,0.03,0.02,0.02,0.02,0.04,0.01,0.04,0.04,0.04,0.04,0.01
4,3,4,"abundance",0.05,"power",154,-0.108188428146286,0.000995558584903771,0.133874458874459,11781,0.454346511732986,0.128407589374098,0.003030312306,0.354951452567,0.4260943423558,0.5532161424018,0.8035527425968,0.1982646898348,0.05766749812,0.8035527425968,72,0.02,0.02,0.07,0.03,0.03,0.04,0.07,0.04,0.08,0.04,0.04
4,3,4,"abundance",0.1,"power",154,-0.108188428146286,0.000995558584903771,0.133874458874459,11781,0.454346511732986,0.128407589374098,0.003030312306,0.354951452567,0.4260943423558,0.5532161424018,0.8035527425968,0.1982646898348,0.05766749812,0.8035527425968,72,0.07,0.05,0.09,0.06,0.03,0.05,0.03,0.04,0.03,0.07,0.04
4,3,4,"abundance",0.15,"power",154,-0.108188428146286,0.000995558584903771,0.133874458874459,11781,0.454346511732986,0.128407589374098,0.003030312306,0.354951452567,0.4260943423558,0.5532161424018,0.8035527425968,0.1982646898348,0.05766749812,0.8035527425968,72,0.04,0.06,0.05,0.06,0.08,0.06,0.08,0.07,0.07,0.04,0.07
4,3,4,"abundance",0.2,"power",154,-0.108188428146286,0.000995558584903771,0.133874458874459,11781,0.454346511732986,0.128407589374098,0.003030312306,0.354951452567,0.4260943423558,0.5532161424018,0.8035527425968,0.1982646898348,0.05766749812,0.8035527425968,72,0.05,0.04,0.03,0.06,0.06,0.07,0.05,0.02,0.05,0.07,0.05
4,3,4,"abundance",0.25,"power",154,-0.108188428146286,0.000995558584903771,0.133874458874459,11781,0.454346511732986,0.128407589374098,0.003030312306,0.354951452567,0.4260943423558,0.5532161424018,0.8035527425968,0.1982646898348,0.05766749812,0.8035527425968,72,0.05,0.06,0.05,0.07,0.07,0.03,0.1,0.03,0.08,0.07,0.08
4,3,4,"abundance",0.3,"power",154,-0.108188428146286,0.000995558584903771,0.133874458874459,11781,0.454346511732986,0.128407589374098,0.003030312306,0.354951452567,0.4260943423558,0.5532161424018,0.8035527425968,0.1982646898348,0.05766749812,0.8035527425968,72,0.02,0.09,0.03,0.12,0.15,0.03,0.11,0.05,0.09,0.02,0.13
4,3,4,"abundance",0.35,"power",154,-0.108188428146286,0.000995558584903771,0.133874458874459,11781,0.454346511732986,0.128407589374098,0.003030312306,0.354951452567,0.4260943423558,0.5532161424018,0.8035527425968,0.1982646898348,0.05766749812,0.8035527425968,72,0.05,0.04,0.04,0.11,0.16,0.08,0.12,0.05,0.11,0.07,0.12
4,3,4,"abundance",0.4,"power",154,-0.108188428146286,0.000995558584903771,0.133874458874459,11781,0.454346511732986,0.128407589374098,0.003030312306,0.354951452567,0.4260943423558,0.5532161424018,0.8035527425968,0.1982646898348,0.05766749812,0.8035527425968,72,0.08,0.07,0.08,0.11,0.22,0.02,0.12,0.08,0.12,0.04,0.12
4,3,4,"abundance",0.45,"power",154,-0.108188428146286,0.000995558584903771,0.133874458874459,11781,0.454346511732986,0.128407589374098,0.003030312306,0.354951452567,0.4260943423558,0.5532161424018,0.8035527425968,0.1982646898348,0.05766749812,0.8035527425968,72,0.04,0.12,0.03,0.12,0.29,0.05,0.18,0.12,0.17,0.04,0.16
4,3,4,"abundance",0.5,"power",154,-0.108188428146286,0.000995558584903771,0.133874458874459,11781,0.454346511732986,0.128407589374098,0.003030312306,0.354951452567,0.4260943423558,0.5532161424018,0.8035527425968,0.1982646898348,0.05766749812,0.8035527425968,72,0,0.21,0.04,0.24,0.41,0.07,0.26,0.09,0.24,0.02,0.33
4,3,4,"abundance",0.55,"power",154,-0.108188428146286,0.000995558584903771,0.133874458874459,11781,0.454346511732986,0.128407589374098,0.003030312306,0.354951452567,0.4260943423558,0.5532161424018,0.8035527425968,0.1982646898348,0.05766749812,0.8035527425968,72,0.09,0.21,0.05,0.2,0.51,0.13,0.3,0.11,0.27,0.04,0.35
4,3,4,"abundance",0.6,"power",154,-0.108188428146286,0.000995558584903771,0.133874458874459,11781,0.454346511732986,0.128407589374098,0.003030312306,0.354951452567,0.4260943423558,0.5532161424018,0.8035527425968,0.1982646898348,0.05766749812,0.8035527425968,72,0.07,0.28,0.09,0.25,0.6,0.12,0.43,0.14,0.44,0.09,0.48
4,3,4,"both",0,"type1_error",154,-0.108188428146286,0.000995558584903771,0.133874458874459,11781,0.454346511732986,0.128407589374098,0.003030312306,0.354951452567,0.4260943423558,0.5532161424018,0.8035527425968,0.1982646898348,0.05766749812,0.8035527425968,72,0.04,0.02,0.07,0.03,0.06,0.03,0.05,0.05,0.03,0.05,0.05
4,3,4,"both",0.05,"power",154,-0.108188428146286,0.000995558584903771,0.133874458874459,11781,0.454346511732986,0.128407589374098,0.003030312306,0.354951452567,0.4260943423558,0.5532161424018,0.8035527425968,0.1982646898348,0.05766749812,0.8035527425968,72,0.05,0.05,0.04,0.05,0.07,0.06,0.08,0.07,0.1,0.02,0.07
4,3,4,"both",0.1,"power",154,-0.108188428146286,0.000995558584903771,0.133874458874459,11781,0.454346511732986,0.128407589374098,0.003030312306,0.354951452567,0.4260943423558,0.5532161424018,0.8035527425968,0.1982646898348,0.05766749812,0.8035527425968,72,0.06,0.08,0.06,0.07,0.09,0.01,0.05,0.06,0.06,0.04,0.08
4,3,4,"both",0.15,"power",154,-0.108188428146286,0.000995558584903771,0.133874458874459,11781,0.454346511732986,0.128407589374098,0.003030312306,0.354951452567,0.4260943423558,0.5532161424018,0.8035527425968,0.1982646898348,0.05766749812,0.8035527425968,72,0.09,0.08,0.12,0.08,0.07,0.08,0.1,0.08,0.11,0.11,0.07
4,3,4,"both",0.2,"power",154,-0.108188428146286,0.000995558584903771,0.133874458874459,11781,0.454346511732986,0.128407589374098,0.003030312306,0.354951452567,0.4260943423558,0.5532161424018,0.8035527425968,0.1982646898348,0.05766749812,0.8035527425968,72,0.06,0.06,0.14,0.06,0.13,0.07,0.05,0.05,0.01,0.1,0.05
4,3,4,"both",0.25,"power",154,-0.108188428146286,0.000995558584903771,0.133874458874459,11781,0.454346511732986,0.128407589374098,0.003030312306,0.354951452567,0.4260943423558,0.5532161424018,0.8035527425968,0.1982646898348,0.05766749812,0.8035527425968,72,0.21,0.07,0.22,0.09,0.24,0.17,0.12,0.08,0.11,0.26,0.13
4,3,4,"both",0.3,"power",154,-0.108188428146286,0.000995558584903771,0.133874458874459,11781,0.454346511732986,0.128407589374098,0.003030312306,0.354951452567,0.4260943423558,0.5532161424018,0.8035527425968,0.1982646898348,0.05766749812,0.8035527425968,72,0.25,0.1,0.21,0.13,0.32,0.23,0.1,0.06,0.1,0.29,0.17
4,3,4,"both",0.35,"power",154,-0.108188428146286,0.000995558584903771,0.133874458874459,11781,0.454346511732986,0.128407589374098,0.003030312306,0.354951452567,0.4260943423558,0.5532161424018,0.8035527425968,0.1982646898348,0.05766749812,0.8035527425968,72,0.38,0.12,0.32,0.14,0.53,0.29,0.16,0.08,0.16,0.5,0.2
4,3,4,"both",0.4,"power",154,-0.108188428146286,0.000995558584903771,0.133874458874459,11781,0.454346511732986,0.128407589374098,0.003030312306,0.354951452567,0.4260943423558,0.5532161424018,0.8035527425968,0.1982646898348,0.05766749812,0.8035527425968,72,0.61,0.28,0.44,0.18,0.73,0.55,0.27,0.06,0.26,0.64,0.46
4,3,4,"both",0.45,"power",154,-0.108188428146286,0.000995558584903771,0.133874458874459,11781,0.454346511732986,0.128407589374098,0.003030312306,0.354951452567,0.4260943423558,0.5532161424018,0.8035527425968,0.1982646898348,0.05766749812,0.8035527425968,72,0.78,0.24,0.53,0.27,0.88,0.72,0.39,0.11,0.41,0.79,0.47
4,3,4,"both",0.5,"power",154,-0.108188428146286,0.000995558584903771,0.133874458874459,11781,0.454346511732986,0.128407589374098,0.003030312306,0.354951452567,0.4260943423558,0.5532161424018,0.8035527425968,0.1982646898348,0.05766749812,0.8035527425968,72,0.9,0.33,0.59,0.27,0.96,0.82,0.49,0.21,0.49,0.9,0.66
4,3,4,"both",0.55,"power",154,-0.108188428146286,0.000995558584903771,0.133874458874459,11781,0.454346511732986,0.128407589374098,0.003030312306,0.354951452567,0.4260943423558,0.5532161424018,0.8035527425968,0.1982646898348,0.05766749812,0.8035527425968,72,0.96,0.27,0.66,0.32,1,0.93,0.66,0.16,0.63,0.99,0.8
4,3,4,"both",0.6,"power",154,-0.108188428146286,0.000995558584903771,0.133874458874459,11781,0.454346511732986,0.128407589374098,0.003030312306,0.354951452567,0.4260943423558,0.5532161424018,0.8035527425968,0.1982646898348,0.05766749812,0.8035527425968,72,0.99,0.42,0.78,0.44,1,0.99,0.8,0.23,0.75,1,0.88
4,3,4,"prevalence",0,"type1_error",154,-0.108188428146286,0.000995558584903771,0.133874458874459,11781,0.454346511732986,0.128407589374098,0.003030312306,0.354951452567,0.4260943423558,0.5532161424018,0.8035527425968,0.1982646898348,0.05766749812,0.8035527425968,72,0.06,0.08,0.06,0.04,0.05,0.05,0.06,0.06,0.07,0.05,0.06
4,3,4,"prevalence",0.05,"power",154,-0.108188428146286,0.000995558584903771,0.133874458874459,11781,0.454346511732986,0.128407589374098,0.003030312306,0.354951452567,0.4260943423558,0.5532161424018,0.8035527425968,0.1982646898348,0.05766749812,0.8035527425968,72,0.07,0.03,0.04,0.05,0.01,0.04,0.03,0.01,0.03,0.07,0.02
4,3,4,"prevalence",0.1,"power",154,-0.108188428146286,0.000995558584903771,0.133874458874459,11781,0.454346511732986,0.128407589374098,0.003030312306,0.354951452567,0.4260943423558,0.5532161424018,0.8035527425968,0.1982646898348,0.05766749812,0.8035527425968,72,0.03,0.08,0.04,0.07,0.06,0.01,0.04,0.03,0.03,0.04,0.06
4,3,4,"prevalence",0.15,"power",154,-0.108188428146286,0.000995558584903771,0.133874458874459,11781,0.454346511732986,0.128407589374098,0.003030312306,0.354951452567,0.4260943423558,0.5532161424018,0.8035527425968,0.1982646898348,0.05766749812,0.8035527425968,72,0.05,0.01,0.07,0.02,0,0.06,0.01,0.03,0.01,0.12,0
4,3,4,"prevalence",0.2,"power",154,-0.108188428146286,0.000995558584903771,0.133874458874459,11781,0.454346511732986,0.128407589374098,0.003030312306,0.354951452567,0.4260943423558,0.5532161424018,0.8035527425968,0.1982646898348,0.05766749812,0.8035527425968,72,0.11,0.05,0.18,0.07,0.07,0.08,0.05,0.06,0.05,0.07,0.05
4,3,4,"prevalence",0.25,"power",154,-0.108188428146286,0.000995558584903771,0.133874458874459,11781,0.454346511732986,0.128407589374098,0.003030312306,0.354951452567,0.4260943423558,0.5532161424018,0.8035527425968,0.1982646898348,0.05766749812,0.8035527425968,72,0.24,0.04,0.19,0.06,0.07,0.11,0.04,0.01,0.03,0.25,0.06
4,3,4,"prevalence",0.3,"power",154,-0.108188428146286,0.000995558584903771,0.133874458874459,11781,0.454346511732986,0.128407589374098,0.003030312306,0.354951452567,0.4260943423558,0.5532161424018,0.8035527425968,0.1982646898348,0.05766749812,0.8035527425968,72,0.23,0.06,0.24,0.06,0.06,0.1,0.02,0,0.02,0.24,0.05
4,3,4,"prevalence",0.35,"power",154,-0.108188428146286,0.000995558584903771,0.133874458874459,11781,0.454346511732986,0.128407589374098,0.003030312306,0.354951452567,0.4260943423558,0.5532161424018,0.8035527425968,0.1982646898348,0.05766749812,0.8035527425968,72,0.39,0.03,0.23,0.03,0.07,0.18,0.06,0.03,0.06,0.4,0.04
4,3,4,"prevalence",0.4,"power",154,-0.108188428146286,0.000995558584903771,0.133874458874459,11781,0.454346511732986,0.128407589374098,0.003030312306,0.354951452567,0.4260943423558,0.5532161424018,0.8035527425968,0.1982646898348,0.05766749812,0.8035527425968,72,0.63,0.05,0.3,0.06,0.1,0.24,0.08,0.08,0.05,0.67,0.05
4,3,4,"prevalence",0.45,"power",154,-0.108188428146286,0.000995558584903771,0.133874458874459,11781,0.454346511732986,0.128407589374098,0.003030312306,0.354951452567,0.4260943423558,0.5532161424018,0.8035527425968,0.1982646898348,0.05766749812,0.8035527425968,72,0.72,0.08,0.48,0.05,0.24,0.31,0.08,0.05,0.08,0.72,0.13
4,3,4,"prevalence",0.5,"power",154,-0.108188428146286,0.000995558584903771,0.133874458874459,11781,0.454346511732986,0.128407589374098,0.003030312306,0.354951452567,0.4260943423558,0.5532161424018,0.8035527425968,0.1982646898348,0.05766749812,0.8035527425968,72,0.88,0.03,0.52,0.05,0.16,0.43,0.07,0.07,0.07,0.86,0.05
4,3,4,"prevalence",0.55,"power",154,-0.108188428146286,0.000995558584903771,0.133874458874459,11781,0.454346511732986,0.128407589374098,0.003030312306,0.354951452567,0.4260943423558,0.5532161424018,0.8035527425968,0.1982646898348,0.05766749812,0.8035527425968,72,0.97,0.02,0.66,0.02,0.21,0.61,0.04,0.01,0.04,0.98,0.03
4,3,4,"prevalence",0.6,"power",154,-0.108188428146286,0.000995558584903771,0.133874458874459,11781,0.454346511732986,0.128407589374098,0.003030312306,0.354951452567,0.4260943423558,0.5532161424018,0.8035527425968,0.1982646898348,0.05766749812,0.8035527425968,72,0.98,0.04,0.69,0.06,0.32,0.62,0.05,0.03,0.04,0.98,0.05
6,2,1,"abundance",0,"type1_error",103,0.393389021266935,0.00281782988568751,0.148381877022654,5253,0.2444273763947,0.0730094084486536,0.005899773466,0.188648212222,0.234092389912,0.301465813187,0.377714252863,0.112817600965,0.02106535084,0.377714252863,2,0.04,0.04,0.06,0.01,0.05,0.04,0.01,0.02,0.02,0.07,0.03
6,2,1,"abundance",0.05,"power",103,0.393389021266935,0.00281782988568751,0.148381877022654,5253,0.2444273763947,0.0730094084486536,0.005899773466,0.188648212222,0.234092389912,0.301465813187,0.377714252863,0.112817600965,0.02106535084,0.377714252863,2,0.05,0.08,0.04,0.11,0.06,0.07,0.03,0.07,0.03,0.05,0.07
6,2,1,"abundance",0.1,"power",103,0.393389021266935,0.00281782988568751,0.148381877022654,5253,0.2444273763947,0.0730094084486536,0.005899773466,0.188648212222,0.234092389912,0.301465813187,0.377714252863,0.112817600965,0.02106535084,0.377714252863,2,0.05,0.05,0.05,0.05,0.07,0.08,0.04,0.04,0.04,0.03,0.07
6,2,1,"abundance",0.15,"power",103,0.393389021266935,0.00281782988568751,0.148381877022654,5253,0.2444273763947,0.0730094084486536,0.005899773466,0.188648212222,0.234092389912,0.301465813187,0.377714252863,0.112817600965,0.02106535084,0.377714252863,2,0.01,0.18,0.05,0.19,0.09,0.01,0.07,0.08,0.07,0.04,0.16
6,2,1,"abundance",0.2,"power",103,0.393389021266935,0.00281782988568751,0.148381877022654,5253,0.2444273763947,0.0730094084486536,0.005899773466,0.188648212222,0.234092389912,0.301465813187,0.377714252863,0.112817600965,0.02106535084,0.377714252863,2,0.06,0.12,0.05,0.15,0.12,0.02,0.05,0.07,0.04,0.07,0.13
6,2,1,"abundance",0.25,"power",103,0.393389021266935,0.00281782988568751,0.148381877022654,5253,0.2444273763947,0.0730094084486536,0.005899773466,0.188648212222,0.234092389912,0.301465813187,0.377714252863,0.112817600965,0.02106535084,0.377714252863,2,0.04,0.29,0.02,0.27,0.22,0.03,0.08,0.1,0.09,0.04,0.3
6,2,1,"abundance",0.3,"power",103,0.393389021266935,0.00281782988568751,0.148381877022654,5253,0.2444273763947,0.0730094084486536,0.005899773466,0.188648212222,0.234092389912,0.301465813187,0.377714252863,0.112817600965,0.02106535084,0.377714252863,2,0.07,0.35,0.09,0.39,0.29,0.08,0.13,0.09,0.14,0.07,0.38
6,2,1,"abundance",0.35,"power",103,0.393389021266935,0.00281782988568751,0.148381877022654,5253,0.2444273763947,0.0730094084486536,0.005899773466,0.188648212222,0.234092389912,0.301465813187,0.377714252863,0.112817600965,0.02106535084,0.377714252863,2,0.05,0.4,0.06,0.41,0.36,0.11,0.23,0.12,0.22,0.07,0.4
6,2,1,"abundance",0.4,"power",103,0.393389021266935,0.00281782988568751,0.148381877022654,5253,0.2444273763947,0.0730094084486536,0.005899773466,0.188648212222,0.234092389912,0.301465813187,0.377714252863,0.112817600965,0.02106535084,0.377714252863,2,0.07,0.58,0.06,0.57,0.47,0.07,0.25,0.19,0.24,0.07,0.57
6,2,1,"abundance",0.45,"power",103,0.393389021266935,0.00281782988568751,0.148381877022654,5253,0.2444273763947,0.0730094084486536,0.005899773466,0.188648212222,0.234092389912,0.301465813187,0.377714252863,0.112817600965,0.02106535084,0.377714252863,2,0.08,0.69,0.03,0.67,0.58,0.15,0.35,0.29,0.35,0.07,0.64
6,2,1,"abundance",0.5,"power",103,0.393389021266935,0.00281782988568751,0.148381877022654,5253,0.2444273763947,0.0730094084486536,0.005899773466,0.188648212222,0.234092389912,0.301465813187,0.377714252863,0.112817600965,0.02106535084,0.377714252863,2,0.06,0.8,0.04,0.79,0.8,0.08,0.52,0.38,0.53,0.08,0.82
6,2,1,"abundance",0.55,"power",103,0.393389021266935,0.00281782988568751,0.148381877022654,5253,0.2444273763947,0.0730094084486536,0.005899773466,0.188648212222,0.234092389912,0.301465813187,0.377714252863,0.112817600965,0.02106535084,0.377714252863,2,0.02,0.86,0.05,0.86,0.79,0.07,0.55,0.33,0.55,0.02,0.88
6,2,1,"abundance",0.6,"power",103,0.393389021266935,0.00281782988568751,0.148381877022654,5253,0.2444273763947,0.0730094084486536,0.005899773466,0.188648212222,0.234092389912,0.301465813187,0.377714252863,0.112817600965,0.02106535084,0.377714252863,2,0.05,0.91,0.07,0.92,0.89,0.11,0.66,0.46,0.63,0.05,0.93
6,2,1,"both",0,"type1_error",103,0.393389021266935,0.00281782988568751,0.148381877022654,5253,0.2444273763947,0.0730094084486536,0.005899773466,0.188648212222,0.234092389912,0.301465813187,0.377714252863,0.112817600965,0.02106535084,0.377714252863,2,0.05,0.06,0.05,0.08,0.04,0.08,0.03,0.03,0.04,0.04,0.05
6,2,1,"both",0.05,"power",103,0.393389021266935,0.00281782988568751,0.148381877022654,5253,0.2444273763947,0.0730094084486536,0.005899773466,0.188648212222,0.234092389912,0.301465813187,0.377714252863,0.112817600965,0.02106535084,0.377714252863,2,0.03,0.06,0.11,0.08,0.06,0.04,0.04,0.04,0.03,0.01,0.09
6,2,1,"both",0.1,"power",103,0.393389021266935,0.00281782988568751,0.148381877022654,5253,0.2444273763947,0.0730094084486536,0.005899773466,0.188648212222,0.234092389912,0.301465813187,0.377714252863,0.112817600965,0.02106535084,0.377714252863,2,0.07,0.03,0.03,0.08,0.04,0.1,0.06,0.03,0.03,0.08,0.02
6,2,1,"both",0.15,"power",103,0.393389021266935,0.00281782988568751,0.148381877022654,5253,0.2444273763947,0.0730094084486536,0.005899773466,0.188648212222,0.234092389912,0.301465813187,0.377714252863,0.112817600965,0.02106535084,0.377714252863,2,0.06,0.18,0.06,0.17,0.16,0.07,0.11,0.1,0.1,0.06,0.14
6,2,1,"both",0.2,"power",103,0.393389021266935,0.00281782988568751,0.148381877022654,5253,0.2444273763947,0.0730094084486536,0.005899773466,0.188648212222,0.234092389912,0.301465813187,0.377714252863,0.112817600965,0.02106535084,0.377714252863,2,0.13,0.24,0.07,0.26,0.21,0.09,0.11,0.13,0.11,0.08,0.25
6,2,1,"both",0.25,"power",103,0.393389021266935,0.00281782988568751,0.148381877022654,5253,0.2444273763947,0.0730094084486536,0.005899773466,0.188648212222,0.234092389912,0.301465813187,0.377714252863,0.112817600965,0.02106535084,0.377714252863,2,0.13,0.3,0.18,0.29,0.26,0.07,0.16,0.11,0.17,0.08,0.26
6,2,1,"both",0.3,"power",103,0.393389021266935,0.00281782988568751,0.148381877022654,5253,0.2444273763947,0.0730094084486536,0.005899773466,0.188648212222,0.234092389912,0.301465813187,0.377714252863,0.112817600965,0.02106535084,0.377714252863,2,0.16,0.58,0.1,0.59,0.6,0.24,0.19,0.16,0.22,0.13,0.62
6,2,1,"both",0.35,"power",103,0.393389021266935,0.00281782988568751,0.148381877022654,5253,0.2444273763947,0.0730094084486536,0.005899773466,0.188648212222,0.234092389912,0.301465813187,0.377714252863,0.112817600965,0.02106535084,0.377714252863,2,0.22,0.71,0.17,0.69,0.71,0.36,0.3,0.15,0.26,0.17,0.75
6,2,1,"both",0.4,"power",103,0.393389021266935,0.00281782988568751,0.148381877022654,5253,0.2444273763947,0.0730094084486536,0.005899773466,0.188648212222,0.234092389912,0.301465813187,0.377714252863,0.112817600965,0.02106535084,0.377714252863,2,0.31,0.67,0.19,0.68,0.76,0.45,0.4,0.16,0.38,0.18,0.73
6,2,1,"both",0.45,"power",103,0.393389021266935,0.00281782988568751,0.148381877022654,5253,0.2444273763947,0.0730094084486536,0.005899773466,0.188648212222,0.234092389912,0.301465813187,0.377714252863,0.112817600965,0.02106535084,0.377714252863,2,0.48,0.79,0.2,0.8,0.88,0.65,0.46,0.23,0.45,0.33,0.86
6,2,1,"both",0.5,"power",103,0.393389021266935,0.00281782988568751,0.148381877022654,5253,0.2444273763947,0.0730094084486536,0.005899773466,0.188648212222,0.234092389912,0.301465813187,0.377714252863,0.112817600965,0.02106535084,0.377714252863,2,0.66,0.92,0.31,0.91,0.99,0.82,0.77,0.34,0.74,0.44,0.95
6,2,1,"both",0.55,"power",103,0.393389021266935,0.00281782988568751,0.148381877022654,5253,0.2444273763947,0.0730094084486536,0.005899773466,0.188648212222,0.234092389912,0.301465813187,0.377714252863,0.112817600965,0.02106535084,0.377714252863,2,0.69,0.96,0.27,0.92,0.99,0.92,0.8,0.41,0.79,0.45,0.97
6,2,1,"both",0.6,"power",103,0.393389021266935,0.00281782988568751,0.148381877022654,5253,0.2444273763947,0.0730094084486536,0.005899773466,0.188648212222,0.234092389912,0.301465813187,0.377714252863,0.112817600965,0.02106535084,0.377714252863,2,0.85,0.99,0.39,0.98,1,0.94,0.86,0.46,0.86,0.68,0.99
6,2,1,"prevalence",0,"type1_error",103,0.393389021266935,0.00281782988568751,0.148381877022654,5253,0.2444273763947,0.0730094084486536,0.005899773466,0.188648212222,0.234092389912,0.301465813187,0.377714252863,0.112817600965,0.02106535084,0.377714252863,2,0.04,0.09,0.02,0.09,0.08,0.03,0.09,0.07,0.1,0.04,0.1
6,2,1,"prevalence",0.05,"power",103,0.393389021266935,0.00281782988568751,0.148381877022654,5253,0.2444273763947,0.0730094084486536,0.005899773466,0.188648212222,0.234092389912,0.301465813187,0.377714252863,0.112817600965,0.02106535084,0.377714252863,2,0.04,0.05,0.03,0.04,0.07,0.05,0.08,0.08,0.08,0.03,0.08
6,2,1,"prevalence",0.1,"power",103,0.393389021266935,0.00281782988568751,0.148381877022654,5253,0.2444273763947,0.0730094084486536,0.005899773466,0.188648212222,0.234092389912,0.301465813187,0.377714252863,0.112817600965,0.02106535084,0.377714252863,2,0.03,0.08,0.09,0.07,0.09,0.04,0.11,0.09,0.08,0.04,0.1
6,2,1,"prevalence",0.15,"power",103,0.393389021266935,0.00281782988568751,0.148381877022654,5253,0.2444273763947,0.0730094084486536,0.005899773466,0.188648212222,0.234092389912,0.301465813187,0.377714252863,0.112817600965,0.02106535084,0.377714252863,2,0.03,0.1,0.07,0.09,0.09,0.04,0.08,0.08,0.08,0.04,0.12
6,2,1,"prevalence",0.2,"power",103,0.393389021266935,0.00281782988568751,0.148381877022654,5253,0.2444273763947,0.0730094084486536,0.005899773466,0.188648212222,0.234092389912,0.301465813187,0.377714252863,0.112817600965,0.02106535084,0.377714252863,2,0.08,0.07,0.06,0.07,0.05,0.04,0.07,0.06,0.08,0.07,0.05
6,2,1,"prevalence",0.25,"power",103,0.393389021266935,0.00281782988568751,0.148381877022654,5253,0.2444273763947,0.0730094084486536,0.005899773466,0.188648212222,0.234092389912,0.301465813187,0.377714252863,0.112817600965,0.02106535084,0.377714252863,2,0.11,0.06,0.08,0.09,0.04,0.07,0.04,0.07,0.03,0.04,0.08
6,2,1,"prevalence",0.3,"power",103,0.393389021266935,0.00281782988568751,0.148381877022654,5253,0.2444273763947,0.0730094084486536,0.005899773466,0.188648212222,0.234092389912,0.301465813187,0.377714252863,0.112817600965,0.02106535084,0.377714252863,2,0.12,0.06,0.13,0.03,0.08,0.09,0.05,0.05,0.05,0.1,0.05
6,2,1,"prevalence",0.35,"power",103,0.393389021266935,0.00281782988568751,0.148381877022654,5253,0.2444273763947,0.0730094084486536,0.005899773466,0.188648212222,0.234092389912,0.301465813187,0.377714252863,0.112817600965,0.02106535084,0.377714252863,2,0.26,0.07,0.1,0.08,0.11,0.21,0.11,0.06,0.11,0.16,0.08
6,2,1,"prevalence",0.4,"power",103,0.393389021266935,0.00281782988568751,0.148381877022654,5253,0.2444273763947,0.0730094084486536,0.005899773466,0.188648212222,0.234092389912,0.301465813187,0.377714252863,0.112817600965,0.02106535084,0.377714252863,2,0.26,0.04,0.15,0.06,0.07,0.2,0.02,0.05,0.03,0.14,0.05
6,2,1,"prevalence",0.45,"power",103,0.393389021266935,0.00281782988568751,0.148381877022654,5253,0.2444273763947,0.0730094084486536,0.005899773466,0.188648212222,0.234092389912,0.301465813187,0.377714252863,0.112817600965,0.02106535084,0.377714252863,2,0.39,0.08,0.23,0.08,0.13,0.23,0.12,0.05,0.1,0.26,0.12
6,2,1,"prevalence",0.5,"power",103,0.393389021266935,0.00281782988568751,0.148381877022654,5253,0.2444273763947,0.0730094084486536,0.005899773466,0.188648212222,0.234092389912,0.301465813187,0.377714252863,0.112817600965,0.02106535084,0.377714252863,2,0.57,0.08,0.18,0.1,0.08,0.29,0.04,0.05,0.05,0.37,0.11
6,2,1,"prevalence",0.55,"power",103,0.393389021266935,0.00281782988568751,0.148381877022654,5253,0.2444273763947,0.0730094084486536,0.005899773466,0.188648212222,0.234092389912,0.301465813187,0.377714252863,0.112817600965,0.02106535084,0.377714252863,2,0.73,0.12,0.27,0.09,0.22,0.5,0.07,0.05,0.08,0.56,0.11
6,2,1,"prevalence",0.6,"power",103,0.393389021266935,0.00281782988568751,0.148381877022654,5253,0.2444273763947,0.0730094084486536,0.005899773466,0.188648212222,0.234092389912,0.301465813187,0.377714252863,0.112817600965,0.02106535084,0.377714252863,2,0.83,0.05,0.31,0.06,0.17,0.56,0.07,0.08,0.06,0.64,0.06
6,1,2,"abundance",0,"type1_error",103,0.175702347296132,0.001957717767688,0.151618122977346,5253,0.304674352309825,0.0771876671381329,0,0.283637661368,0.340675686765,0.355304135656,0.3732014576368,0.071666474288,0.1871098107281,0.3732014576368,487,0.04,0.09,0.07,0.1,0.08,0.04,0.08,0.07,0.08,0.04,0.07
6,1,2,"abundance",0.05,"power",103,0.175702347296132,0.001957717767688,0.151618122977346,5253,0.304674352309825,0.0771876671381329,0,0.283637661368,0.340675686765,0.355304135656,0.3732014576368,0.071666474288,0.1871098107281,0.3732014576368,487,0.05,0.07,0.05,0.07,0.09,0.04,0.05,0.07,0.05,0.05,0.08
6,1,2,"abundance",0.1,"power",103,0.175702347296132,0.001957717767688,0.151618122977346,5253,0.304674352309825,0.0771876671381329,0,0.283637661368,0.340675686765,0.355304135656,0.3732014576368,0.071666474288,0.1871098107281,0.3732014576368,487,0.07,0.06,0.04,0.06,0.06,0.05,0.1,0.07,0.1,0.03,0.05
6,1,2,"abundance",0.15,"power",103,0.175702347296132,0.001957717767688,0.151618122977346,5253,0.304674352309825,0.0771876671381329,0,0.283637661368,0.340675686765,0.355304135656,0.3732014576368,0.071666474288,0.1871098107281,0.3732014576368,487,0.08,0.05,0.03,0.05,0.08,0.06,0.05,0.03,0.05,0.05,0.06
6,1,2,"abundance",0.2,"power",103,0.175702347296132,0.001957717767688,0.151618122977346,5253,0.304674352309825,0.0771876671381329,0,0.283637661368,0.340675686765,0.355304135656,0.3732014576368,0.071666474288,0.1871098107281,0.3732014576368,487,0.06,0.06,0.05,0.09,0.05,0.05,0.04,0.02,0.04,0.06,0.04
6,1,2,"abundance",0.25,"power",103,0.175702347296132,0.001957717767688,0.151618122977346,5253,0.304674352309825,0.0771876671381329,0,0.283637661368,0.340675686765,0.355304135656,0.3732014576368,0.071666474288,0.1871098107281,0.3732014576368,487,0.05,0.09,0.06,0.1,0.06,0.03,0.04,0.05,0.03,0.06,0.08
6,1,2,"abundance",0.3,"power",103,0.175702347296132,0.001957717767688,0.151618122977346,5253,0.304674352309825,0.0771876671381329,0,0.283637661368,0.340675686765,0.355304135656,0.3732014576368,0.071666474288,0.1871098107281,0.3732014576368,487,0.06,0.09,0.06,0.1,0.12,0.05,0.12,0.04,0.11,0.05,0.11
6,1,2,"abundance",0.35,"power",103,0.175702347296132,0.001957717767688,0.151618122977346,5253,0.304674352309825,0.0771876671381329,0,0.283637661368,0.340675686765,0.355304135656,0.3732014576368,0.071666474288,0.1871098107281,0.3732014576368,487,0.06,0.17,0.08,0.13,0.31,0.05,0.26,0.14,0.25,0.05,0.25
6,1,2,"abundance",0.4,"power",103,0.175702347296132,0.001957717767688,0.151618122977346,5253,0.304674352309825,0.0771876671381329,0,0.283637661368,0.340675686765,0.355304135656,0.3732014576368,0.071666474288,0.1871098107281,0.3732014576368,487,0.01,0.22,0.04,0.22,0.38,0.02,0.18,0.17,0.19,0.01,0.31
6,1,2,"abundance",0.45,"power",103,0.175702347296132,0.001957717767688,0.151618122977346,5253,0.304674352309825,0.0771876671381329,0,0.283637661368,0.340675686765,0.355304135656,0.3732014576368,0.071666474288,0.1871098107281,0.3732014576368,487,0.07,0.25,0.02,0.2,0.46,0.11,0.33,0.18,0.31,0.02,0.4
6,1,2,"abundance",0.5,"power",103,0.175702347296132,0.001957717767688,0.151618122977346,5253,0.304674352309825,0.0771876671381329,0,0.283637661368,0.340675686765,0.355304135656,0.3732014576368,0.071666474288,0.1871098107281,0.3732014576368,487,0.02,0.44,0.06,0.37,0.73,0.09,0.51,0.28,0.48,0.03,0.63
6,1,2,"abundance",0.55,"power",103,0.175702347296132,0.001957717767688,0.151618122977346,5253,0.304674352309825,0.0771876671381329,0,0.283637661368,0.340675686765,0.355304135656,0.3732014576368,0.071666474288,0.1871098107281,0.3732014576368,487,0.03,0.41,0.07,0.36,0.69,0.1,0.53,0.29,0.52,0.1,0.63
6,1,2,"abundance",0.6,"power",103,0.175702347296132,0.001957717767688,0.151618122977346,5253,0.304674352309825,0.0771876671381329,0,0.283637661368,0.340675686765,0.355304135656,0.3732014576368,0.071666474288,0.1871098107281,0.3732014576368,487,0.08,0.46,0.07,0.4,0.79,0.11,0.54,0.33,0.53,0.04,0.68
6,1,2,"both",0,"type1_error",103,0.175702347296132,0.001957717767688,0.151618122977346,5253,0.304674352309825,0.0771876671381329,0,0.283637661368,0.340675686765,0.355304135656,0.3732014576368,0.071666474288,0.1871098107281,0.3732014576368,487,0.05,0.03,0.03,0.02,0.01,0.05,0.02,0.04,0.01,0.03,0.02
6,1,2,"both",0.05,"power",103,0.175702347296132,0.001957717767688,0.151618122977346,5253,0.304674352309825,0.0771876671381329,0,0.283637661368,0.340675686765,0.355304135656,0.3732014576368,0.071666474288,0.1871098107281,0.3732014576368,487,0.06,0.1,0.07,0.12,0.04,0.02,0.03,0.07,0.04,0.02,0.09
6,1,2,"both",0.1,"power",103,0.175702347296132,0.001957717767688,0.151618122977346,5253,0.304674352309825,0.0771876671381329,0,0.283637661368,0.340675686765,0.355304135656,0.3732014576368,0.071666474288,0.1871098107281,0.3732014576368,487,0.08,0.06,0.09,0.08,0.05,0.05,0.05,0.06,0.04,0.06,0.1
6,1,2,"both",0.15,"power",103,0.175702347296132,0.001957717767688,0.151618122977346,5253,0.304674352309825,0.0771876671381329,0,0.283637661368,0.340675686765,0.355304135656,0.3732014576368,0.071666474288,0.1871098107281,0.3732014576368,487,0.11,0.07,0.06,0.05,0.1,0.06,0.09,0.06,0.08,0.11,0.1
6,1,2,"both",0.2,"power",103,0.175702347296132,0.001957717767688,0.151618122977346,5253,0.304674352309825,0.0771876671381329,0,0.283637661368,0.340675686765,0.355304135656,0.3732014576368,0.071666474288,0.1871098107281,0.3732014576368,487,0.13,0.06,0.08,0.08,0.14,0.1,0.05,0.06,0.04,0.09,0.07
6,1,2,"both",0.25,"power",103,0.175702347296132,0.001957717767688,0.151618122977346,5253,0.304674352309825,0.0771876671381329,0,0.283637661368,0.340675686765,0.355304135656,0.3732014576368,0.071666474288,0.1871098107281,0.3732014576368,487,0.12,0.15,0.04,0.12,0.25,0.08,0.16,0.06,0.14,0.08,0.21
6,1,2,"both",0.3,"power",103,0.175702347296132,0.001957717767688,0.151618122977346,5253,0.304674352309825,0.0771876671381329,0,0.283637661368,0.340675686765,0.355304135656,0.3732014576368,0.071666474288,0.1871098107281,0.3732014576368,487,0.22,0.21,0.11,0.18,0.41,0.15,0.15,0.12,0.14,0.13,0.32
6,1,2,"both",0.35,"power",103,0.175702347296132,0.001957717767688,0.151618122977346,5253,0.304674352309825,0.0771876671381329,0,0.283637661368,0.340675686765,0.355304135656,0.3732014576368,0.071666474288,0.1871098107281,0.3732014576368,487,0.27,0.27,0.12,0.23,0.52,0.26,0.21,0.15,0.18,0.16,0.42
6,1,2,"both",0.4,"power",103,0.175702347296132,0.001957717767688,0.151618122977346,5253,0.304674352309825,0.0771876671381329,0,0.283637661368,0.340675686765,0.355304135656,0.3732014576368,0.071666474288,0.1871098107281,0.3732014576368,487,0.42,0.34,0.16,0.26,0.7,0.42,0.4,0.16,0.39,0.23,0.52
6,1,2,"both",0.45,"power",103,0.175702347296132,0.001957717767688,0.151618122977346,5253,0.304674352309825,0.0771876671381329,0,0.283637661368,0.340675686765,0.355304135656,0.3732014576368,0.071666474288,0.1871098107281,0.3732014576368,487,0.56,0.36,0.2,0.3,0.8,0.56,0.44,0.18,0.48,0.33,0.57
6,1,2,"both",0.5,"power",103,0.175702347296132,0.001957717767688,0.151618122977346,5253,0.304674352309825,0.0771876671381329,0,0.283637661368,0.340675686765,0.355304135656,0.3732014576368,0.071666474288,0.1871098107281,0.3732014576368,487,0.69,0.53,0.19,0.4,0.95,0.78,0.67,0.31,0.64,0.57,0.83
6,1,2,"both",0.55,"power",103,0.175702347296132,0.001957717767688,0.151618122977346,5253,0.304674352309825,0.0771876671381329,0,0.283637661368,0.340675686765,0.355304135656,0.3732014576368,0.071666474288,0.1871098107281,0.3732014576368,487,0.81,0.63,0.24,0.57,0.99,0.86,0.69,0.34,0.68,0.68,0.91
6,1,2,"both",0.6,"power",103,0.175702347296132,0.001957717767688,0.151618122977346,5253,0.304674352309825,0.0771876671381329,0,0.283637661368,0.340675686765,0.355304135656,0.3732014576368,0.071666474288,0.1871098107281,0.3732014576368,487,0.91,0.71,0.37,0.68,1,0.92,0.81,0.37,0.81,0.74,0.97
6,1,2,"prevalence",0,"type1_error",103,0.175702347296132,0.001957717767688,0.151618122977346,5253,0.304674352309825,0.0771876671381329,0,0.283637661368,0.340675686765,0.355304135656,0.3732014576368,0.071666474288,0.1871098107281,0.3732014576368,487,0.03,0.08,0.03,0.08,0.05,0.05,0.03,0.03,0.02,0.02,0.04
6,1,2,"prevalence",0.05,"power",103,0.175702347296132,0.001957717767688,0.151618122977346,5253,0.304674352309825,0.0771876671381329,0,0.283637661368,0.340675686765,0.355304135656,0.3732014576368,0.071666474288,0.1871098107281,0.3732014576368,487,0.04,0.07,0.07,0.02,0.07,0.05,0.05,0.08,0.05,0.08,0.04
6,1,2,"prevalence",0.1,"power",103,0.175702347296132,0.001957717767688,0.151618122977346,5253,0.304674352309825,0.0771876671381329,0,0.283637661368,0.340675686765,0.355304135656,0.3732014576368,0.071666474288,0.1871098107281,0.3732014576368,487,0.08,0.06,0.07,0.05,0.09,0.08,0.08,0.08,0.08,0.1,0.07
6,1,2,"prevalence",0.15,"power",103,0.175702347296132,0.001957717767688,0.151618122977346,5253,0.304674352309825,0.0771876671381329,0,0.283637661368,0.340675686765,0.355304135656,0.3732014576368,0.071666474288,0.1871098107281,0.3732014576368,487,0.06,0.06,0.09,0.07,0.07,0.06,0.08,0.05,0.08,0.09,0.05
6,1,2,"prevalence",0.2,"power",103,0.175702347296132,0.001957717767688,0.151618122977346,5253,0.304674352309825,0.0771876671381329,0,0.283637661368,0.340675686765,0.355304135656,0.3732014576368,0.071666474288,0.1871098107281,0.3732014576368,487,0.08,0.06,0.13,0.05,0.08,0.08,0.06,0.05,0.07,0.08,0.06
6,1,2,"prevalence",0.25,"power",103,0.175702347296132,0.001957717767688,0.151618122977346,5253,0.304674352309825,0.0771876671381329,0,0.283637661368,0.340675686765,0.355304135656,0.3732014576368,0.071666474288,0.1871098107281,0.3732014576368,487,0.13,0.05,0.09,0.06,0.03,0.09,0.01,0.05,0.02,0.16,0.03
6,1,2,"prevalence",0.3,"power",103,0.175702347296132,0.001957717767688,0.151618122977346,5253,0.304674352309825,0.0771876671381329,0,0.283637661368,0.340675686765,0.355304135656,0.3732014576368,0.071666474288,0.1871098107281,0.3732014576368,487,0.21,0.04,0.17,0.05,0.12,0.18,0.05,0.05,0.05,0.21,0.08
6,1,2,"prevalence",0.35,"power",103,0.175702347296132,0.001957717767688,0.151618122977346,5253,0.304674352309825,0.0771876671381329,0,0.283637661368,0.340675686765,0.355304135656,0.3732014576368,0.071666474288,0.1871098107281,0.3732014576368,487,0.32,0.02,0.14,0.06,0.04,0.16,0.05,0.05,0.08,0.25,0.03
6,1,2,"prevalence",0.4,"power",103,0.175702347296132,0.001957717767688,0.151618122977346,5253,0.304674352309825,0.0771876671381329,0,0.283637661368,0.340675686765,0.355304135656,0.3732014576368,0.071666474288,0.1871098107281,0.3732014576368,487,0.39,0.05,0.15,0.03,0.11,0.18,0.07,0.08,0.07,0.31,0.04
6,1,2,"prevalence",0.45,"power",103,0.175702347296132,0.001957717767688,0.151618122977346,5253,0.304674352309825,0.0771876671381329,0,0.283637661368,0.340675686765,0.355304135656,0.3732014576368,0.071666474288,0.1871098107281,0.3732014576368,487,0.58,0.09,0.23,0.06,0.16,0.28,0.1,0.07,0.1,0.43,0.13
6,1,2,"prevalence",0.5,"power",103,0.175702347296132,0.001957717767688,0.151618122977346,5253,0.304674352309825,0.0771876671381329,0,0.283637661368,0.340675686765,0.355304135656,0.3732014576368,0.071666474288,0.1871098107281,0.3732014576368,487,0.68,0.08,0.18,0.06,0.14,0.35,0.04,0.07,0.05,0.54,0.08
6,1,2,"prevalence",0.55,"power",103,0.175702347296132,0.001957717767688,0.151618122977346,5253,0.304674352309825,0.0771876671381329,0,0.283637661368,0.340675686765,0.355304135656,0.3732014576368,0.071666474288,0.1871098107281,0.3732014576368,487,0.86,0.05,0.29,0.05,0.15,0.39,0.09,0.03,0.06,0.62,0.06
6,1,2,"prevalence",0.6,"power",103,0.175702347296132,0.001957717767688,0.151618122977346,5253,0.304674352309825,0.0771876671381329,0,0.283637661368,0.340675686765,0.355304135656,0.3732014576368,0.071666474288,0.1871098107281,0.3732014576368,487,0.87,0.05,0.41,0.06,0.23,0.48,0.09,0.05,0.09,0.79,0.1
6,4,3,"abundance",0,"type1_error",103,0.0109206897815015,0.00165568866895467,0.159223300970874,5253,0.348403903692237,0.0959776967062853,0.00315209675,0.2569870141512,0.4151061077378,0.4151061077488,0.4260943423748,0.1581190935976,0.02338390966,0.4260943423748,7,0.03,0.05,0.05,0.03,0.03,0.05,0.04,0.03,0.05,0.04,0.02
6,4,3,"abundance",0.05,"power",103,0.0109206897815015,0.00165568866895467,0.159223300970874,5253,0.348403903692237,0.0959776967062853,0.00315209675,0.2569870141512,0.4151061077378,0.4151061077488,0.4260943423748,0.1581190935976,0.02338390966,0.4260943423748,7,0.06,0.07,0.03,0.05,0.02,0.09,0.03,0.03,0.04,0.04,0.03
6,4,3,"abundance",0.1,"power",103,0.0109206897815015,0.00165568866895467,0.159223300970874,5253,0.348403903692237,0.0959776967062853,0.00315209675,0.2569870141512,0.4151061077378,0.4151061077488,0.4260943423748,0.1581190935976,0.02338390966,0.4260943423748,7,0.05,0.05,0.09,0.06,0.05,0.04,0.05,0.03,0.04,0.05,0.05
6,4,3,"abundance",0.15,"power",103,0.0109206897815015,0.00165568866895467,0.159223300970874,5253,0.348403903692237,0.0959776967062853,0.00315209675,0.2569870141512,0.4151061077378,0.4151061077488,0.4260943423748,0.1581190935976,0.02338390966,0.4260943423748,7,0.03,0.06,0.07,0.06,0.06,0.04,0.03,0.05,0.06,0.04,0.07
6,4,3,"abundance",0.2,"power",103,0.0109206897815015,0.00165568866895467,0.159223300970874,5253,0.348403903692237,0.0959776967062853,0.00315209675,0.2569870141512,0.4151061077378,0.4151061077488,0.4260943423748,0.1581190935976,0.02338390966,0.4260943423748,7,0.05,0.04,0.02,0.04,0.09,0.05,0.09,0.07,0.06,0.05,0.06
6,4,3,"abundance",0.25,"power",103,0.0109206897815015,0.00165568866895467,0.159223300970874,5253,0.348403903692237,0.0959776967062853,0.00315209675,0.2569870141512,0.4151061077378,0.4151061077488,0.4260943423748,0.1581190935976,0.02338390966,0.4260943423748,7,0.03,0.07,0.03,0.06,0.07,0.03,0.09,0.07,0.08,0.04,0.08
6,4,3,"abundance",0.3,"power",103,0.0109206897815015,0.00165568866895467,0.159223300970874,5253,0.348403903692237,0.0959776967062853,0.00315209675,0.2569870141512,0.4151061077378,0.4151061077488,0.4260943423748,0.1581190935976,0.02338390966,0.4260943423748,7,0.06,0.04,0.06,0.04,0.13,0.06,0.09,0.07,0.08,0.05,0.11
6,4,3,"abundance",0.35,"power",103,0.0109206897815015,0.00165568866895467,0.159223300970874,5253,0.348403903692237,0.0959776967062853,0.00315209675,0.2569870141512,0.4151061077378,0.4151061077488,0.4260943423748,0.1581190935976,0.02338390966,0.4260943423748,7,0.03,0.08,0.02,0.04,0.15,0.05,0.07,0.06,0.06,0.04,0.14
6,4,3,"abundance",0.4,"power",103,0.0109206897815015,0.00165568866895467,0.159223300970874,5253,0.348403903692237,0.0959776967062853,0.00315209675,0.2569870141512,0.4151061077378,0.4151061077488,0.4260943423748,0.1581190935976,0.02338390966,0.4260943423748,7,0.09,0.13,0.05,0.06,0.24,0.09,0.15,0.12,0.17,0.11,0.17
6,4,3,"abundance",0.45,"power",103,0.0109206897815015,0.00165568866895467,0.159223300970874,5253,0.348403903692237,0.0959776967062853,0.00315209675,0.2569870141512,0.4151061077378,0.4151061077488,0.4260943423748,0.1581190935976,0.02338390966,0.4260943423748,7,0.06,0.2,0.06,0.16,0.33,0.1,0.22,0.15,0.2,0.05,0.32
6,4,3,"abundance",0.5,"power",103,0.0109206897815015,0.00165568866895467,0.159223300970874,5253,0.348403903692237,0.0959776967062853,0.00315209675,0.2569870141512,0.4151061077378,0.4151061077488,0.4260943423748,0.1581190935976,0.02338390966,0.4260943423748,7,0.06,0.25,0.04,0.15,0.46,0.09,0.29,0.14,0.28,0.05,0.43
6,4,3,"abundance",0.55,"power",103,0.0109206897815015,0.00165568866895467,0.159223300970874,5253,0.348403903692237,0.0959776967062853,0.00315209675,0.2569870141512,0.4151061077378,0.4151061077488,0.4260943423748,0.1581190935976,0.02338390966,0.4260943423748,7,0.03,0.24,0.03,0.13,0.6,0.06,0.27,0.15,0.31,0.01,0.44
6,4,3,"abundance",0.6,"power",103,0.0109206897815015,0.00165568866895467,0.159223300970874,5253,0.348403903692237,0.0959776967062853,0.00315209675,0.2569870141512,0.4151061077378,0.4151061077488,0.4260943423748,0.1581190935976,0.02338390966,0.4260943423748,7,0.04,0.36,0.06,0.21,0.62,0.09,0.38,0.24,0.39,0.02,0.5
6,4,3,"both",0,"type1_error",103,0.0109206897815015,0.00165568866895467,0.159223300970874,5253,0.348403903692237,0.0959776967062853,0.00315209675,0.2569870141512,0.4151061077378,0.4151061077488,0.4260943423748,0.1581190935976,0.02338390966,0.4260943423748,7,0.05,0.05,0.06,0.09,0.02,0.02,0.04,0.02,0.05,0.05,0.04
6,4,3,"both",0.05,"power",103,0.0109206897815015,0.00165568866895467,0.159223300970874,5253,0.348403903692237,0.0959776967062853,0.00315209675,0.2569870141512,0.4151061077378,0.4151061077488,0.4260943423748,0.1581190935976,0.02338390966,0.4260943423748,7,0.06,0.04,0.08,0.04,0.03,0.05,0.04,0.03,0.03,0.08,0.04
6,4,3,"both",0.1,"power",103,0.0109206897815015,0.00165568866895467,0.159223300970874,5253,0.348403903692237,0.0959776967062853,0.00315209675,0.2569870141512,0.4151061077378,0.4151061077488,0.4260943423748,0.1581190935976,0.02338390966,0.4260943423748,7,0.04,0.03,0.07,0.02,0.06,0.03,0.04,0.07,0.05,0.03,0.05
6,4,3,"both",0.15,"power",103,0.0109206897815015,0.00165568866895467,0.159223300970874,5253,0.348403903692237,0.0959776967062853,0.00315209675,0.2569870141512,0.4151061077378,0.4151061077488,0.4260943423748,0.1581190935976,0.02338390966,0.4260943423748,7,0.05,0.04,0.05,0.06,0.09,0.05,0.06,0.06,0.09,0.04,0.09
6,4,3,"both",0.2,"power",103,0.0109206897815015,0.00165568866895467,0.159223300970874,5253,0.348403903692237,0.0959776967062853,0.00315209675,0.2569870141512,0.4151061077378,0.4151061077488,0.4260943423748,0.1581190935976,0.02338390966,0.4260943423748,7,0.12,0.07,0.07,0.07,0.15,0.13,0.08,0.05,0.08,0.06,0.11
6,4,3,"both",0.25,"power",103,0.0109206897815015,0.00165568866895467,0.159223300970874,5253,0.348403903692237,0.0959776967062853,0.00315209675,0.2569870141512,0.4151061077378,0.4151061077488,0.4260943423748,0.1581190935976,0.02338390966,0.4260943423748,7,0.07,0.06,0.1,0.05,0.11,0.09,0.07,0.06,0.06,0.09,0.07
6,4,3,"both",0.3,"power",103,0.0109206897815015,0.00165568866895467,0.159223300970874,5253,0.348403903692237,0.0959776967062853,0.00315209675,0.2569870141512,0.4151061077378,0.4151061077488,0.4260943423748,0.1581190935976,0.02338390966,0.4260943423748,7,0.19,0.11,0.11,0.05,0.33,0.19,0.15,0.09,0.15,0.17,0.2
6,4,3,"both",0.35,"power",103,0.0109206897815015,0.00165568866895467,0.159223300970874,5253,0.348403903692237,0.0959776967062853,0.00315209675,0.2569870141512,0.4151061077378,0.4151061077488,0.4260943423748,0.1581190935976,0.02338390966,0.4260943423748,7,0.21,0.2,0.16,0.1,0.43,0.29,0.2,0.11,0.18,0.14,0.35
6,4,3,"both",0.4,"power",103,0.0109206897815015,0.00165568866895467,0.159223300970874,5253,0.348403903692237,0.0959776967062853,0.00315209675,0.2569870141512,0.4151061077378,0.4151061077488,0.4260943423748,0.1581190935976,0.02338390966,0.4260943423748,7,0.38,0.27,0.16,0.15,0.55,0.46,0.35,0.12,0.35,0.16,0.46
6,4,3,"both",0.45,"power",103,0.0109206897815015,0.00165568866895467,0.159223300970874,5253,0.348403903692237,0.0959776967062853,0.00315209675,0.2569870141512,0.4151061077378,0.4151061077488,0.4260943423748,0.1581190935976,0.02338390966,0.4260943423748,7,0.47,0.27,0.24,0.13,0.74,0.56,0.35,0.13,0.34,0.31,0.52
6,4,3,"both",0.5,"power",103,0.0109206897815015,0.00165568866895467,0.159223300970874,5253,0.348403903692237,0.0959776967062853,0.00315209675,0.2569870141512,0.4151061077378,0.4151061077488,0.4260943423748,0.1581190935976,0.02338390966,0.4260943423748,7,0.68,0.33,0.31,0.14,0.85,0.79,0.5,0.16,0.46,0.46,0.63
6,4,3,"both",0.55,"power",103,0.0109206897815015,0.00165568866895467,0.159223300970874,5253,0.348403903692237,0.0959776967062853,0.00315209675,0.2569870141512,0.4151061077378,0.4151061077488,0.4260943423748,0.1581190935976,0.02338390966,0.4260943423748,7,0.82,0.45,0.31,0.24,0.96,0.87,0.67,0.28,0.64,0.59,0.82
6,4,3,"both",0.6,"power",103,0.0109206897815015,0.00165568866895467,0.159223300970874,5253,0.348403903692237,0.0959776967062853,0.00315209675,0.2569870141512,0.4151061077378,0.4151061077488,0.4260943423748,0.1581190935976,0.02338390966,0.4260943423748,7,0.86,0.56,0.34,0.29,0.99,0.92,0.78,0.33,0.79,0.68,0.91
6,4,3,"prevalence",0,"type1_error",103,0.0109206897815015,0.00165568866895467,0.159223300970874,5253,0.348403903692237,0.0959776967062853,0.00315209675,0.2569870141512,0.4151061077378,0.4151061077488,0.4260943423748,0.1581190935976,0.02338390966,0.4260943423748,7,0.03,0.07,0.04,0.08,0.05,0.01,0.06,0.02,0.05,0.03,0.07
6,4,3,"prevalence",0.05,"power",103,0.0109206897815015,0.00165568866895467,0.159223300970874,5253,0.348403903692237,0.0959776967062853,0.00315209675,0.2569870141512,0.4151061077378,0.4151061077488,0.4260943423748,0.1581190935976,0.02338390966,0.4260943423748,7,0.04,0.09,0.03,0.1,0.04,0.05,0.04,0.05,0.03,0.02,0.04
6,4,3,"prevalence",0.1,"power",103,0.0109206897815015,0.00165568866895467,0.159223300970874,5253,0.348403903692237,0.0959776967062853,0.00315209675,0.2569870141512,0.4151061077378,0.4151061077488,0.4260943423748,0.1581190935976,0.02338390966,0.4260943423748,7,0.07,0.07,0.11,0.08,0.06,0.05,0.04,0.05,0.05,0.05,0.06
6,4,3,"prevalence",0.15,"power",103,0.0109206897815015,0.00165568866895467,0.159223300970874,5253,0.348403903692237,0.0959776967062853,0.00315209675,0.2569870141512,0.4151061077378,0.4151061077488,0.4260943423748,0.1581190935976,0.02338390966,0.4260943423748,7,0.03,0.05,0.06,0.05,0.06,0.05,0.07,0.08,0.07,0.06,0.05
6,4,3,"prevalence",0.2,"power",103,0.0109206897815015,0.00165568866895467,0.159223300970874,5253,0.348403903692237,0.0959776967062853,0.00315209675,0.2569870141512,0.4151061077378,0.4151061077488,0.4260943423748,0.1581190935976,0.02338390966,0.4260943423748,7,0.06,0.04,0.09,0.06,0.06,0.08,0.02,0.06,0.05,0.07,0.06
6,4,3,"prevalence",0.25,"power",103,0.0109206897815015,0.00165568866895467,0.159223300970874,5253,0.348403903692237,0.0959776967062853,0.00315209675,0.2569870141512,0.4151061077378,0.4151061077488,0.4260943423748,0.1581190935976,0.02338390966,0.4260943423748,7,0.13,0.06,0.11,0.04,0.11,0.08,0.1,0.1,0.08,0.08,0.06
6,4,3,"prevalence",0.3,"power",103,0.0109206897815015,0.00165568866895467,0.159223300970874,5253,0.348403903692237,0.0959776967062853,0.00315209675,0.2569870141512,0.4151061077378,0.4151061077488,0.4260943423748,0.1581190935976,0.02338390966,0.4260943423748,7,0.18,0.04,0.15,0.05,0.05,0.17,0.06,0,0.06,0.14,0.05
6,4,3,"prevalence",0.35,"power",103,0.0109206897815015,0.00165568866895467,0.159223300970874,5253,0.348403903692237,0.0959776967062853,0.00315209675,0.2569870141512,0.4151061077378,0.4151061077488,0.4260943423748,0.1581190935976,0.02338390966,0.4260943423748,7,0.18,0.04,0.16,0.01,0.09,0.15,0.06,0.04,0.05,0.17,0.03
6,4,3,"prevalence",0.4,"power",103,0.0109206897815015,0.00165568866895467,0.159223300970874,5253,0.348403903692237,0.0959776967062853,0.00315209675,0.2569870141512,0.4151061077378,0.4151061077488,0.4260943423748,0.1581190935976,0.02338390966,0.4260943423748,7,0.27,0.05,0.17,0.03,0.06,0.13,0.04,0.06,0.05,0.18,0.06
6,4,3,"prevalence",0.45,"power",103,0.0109206897815015,0.00165568866895467,0.159223300970874,5253,0.348403903692237,0.0959776967062853,0.00315209675,0.2569870141512,0.4151061077378,0.4151061077488,0.4260943423748,0.1581190935976,0.02338390966,0.4260943423748,7,0.44,0.05,0.24,0.05,0.06,0.21,0.06,0.03,0.03,0.26,0.06
6,4,3,"prevalence",0.5,"power",103,0.0109206897815015,0.00165568866895467,0.159223300970874,5253,0.348403903692237,0.0959776967062853,0.00315209675,0.2569870141512,0.4151061077378,0.4151061077488,0.4260943423748,0.1581190935976,0.02338390966,0.4260943423748,7,0.68,0.03,0.29,0.05,0.12,0.38,0.07,0.06,0.07,0.49,0.06
6,4,3,"prevalence",0.55,"power",103,0.0109206897815015,0.00165568866895467,0.159223300970874,5253,0.348403903692237,0.0959776967062853,0.00315209675,0.2569870141512,0.4151061077378,0.4151061077488,0.4260943423748,0.1581190935976,0.02338390966,0.4260943423748,7,0.77,0.05,0.26,0.06,0.12,0.52,0.03,0.04,0.03,0.57,0.07
6,4,3,"prevalence",0.6,"power",103,0.0109206897815015,0.00165568866895467,0.159223300970874,5253,0.348403903692237,0.0959776967062853,0.00315209675,0.2569870141512,0.4151061077378,0.4151061077488,0.4260943423748,0.1581190935976,0.02338390966,0.4260943423748,7,0.83,0.05,0.37,0.05,0.12,0.48,0.04,0.03,0.05,0.69,0.08
6,5,4,"abundance",0,"type1_error",102,-0.00977445038325841,0.00150201847199348,0.14281045751634,5151,0.340177143022315,0.0634572005857591,0.003341846944,0.338093837138,0.354951452538,0.3876755726523,0.3876755726758,0.0495817355143,0.271443420434,0.3876755726758,485,0.03,0.04,0.09,0.04,0.07,0.01,0.06,0.06,0.05,0.03,0.05
6,5,4,"abundance",0.05,"power",102,-0.00977445038325841,0.00150201847199348,0.14281045751634,5151,0.340177143022315,0.0634572005857591,0.003341846944,0.338093837138,0.354951452538,0.3876755726523,0.3876755726758,0.0495817355143,0.271443420434,0.3876755726758,485,0.05,0.04,0.06,0.04,0.06,0.05,0.06,0.06,0.07,0.04,0.04
6,5,4,"abundance",0.1,"power",102,-0.00977445038325841,0.00150201847199348,0.14281045751634,5151,0.340177143022315,0.0634572005857591,0.003341846944,0.338093837138,0.354951452538,0.3876755726523,0.3876755726758,0.0495817355143,0.271443420434,0.3876755726758,485,0.06,0.02,0.03,0.04,0.02,0.03,0.04,0.03,0.04,0.03,0.03
6,5,4,"abundance",0.15,"power",102,-0.00977445038325841,0.00150201847199348,0.14281045751634,5151,0.340177143022315,0.0634572005857591,0.003341846944,0.338093837138,0.354951452538,0.3876755726523,0.3876755726758,0.0495817355143,0.271443420434,0.3876755726758,485,0.09,0.04,0.05,0.06,0.06,0.06,0.02,0.04,0.04,0.05,0.05
6,5,4,"abundance",0.2,"power",102,-0.00977445038325841,0.00150201847199348,0.14281045751634,5151,0.340177143022315,0.0634572005857591,0.003341846944,0.338093837138,0.354951452538,0.3876755726523,0.3876755726758,0.0495817355143,0.271443420434,0.3876755726758,485,0.05,0.05,0.06,0.06,0.1,0.06,0.08,0.1,0.08,0.07,0.04
6,5,4,"abundance",0.25,"power",102,-0.00977445038325841,0.00150201847199348,0.14281045751634,5151,0.340177143022315,0.0634572005857591,0.003341846944,0.338093837138,0.354951452538,0.3876755726523,0.3876755726758,0.0495817355143,0.271443420434,0.3876755726758,485,0.01,0.04,0.07,0.03,0.07,0.04,0.04,0.04,0.04,0.03,0.04
6,5,4,"abundance",0.3,"power",102,-0.00977445038325841,0.00150201847199348,0.14281045751634,5151,0.340177143022315,0.0634572005857591,0.003341846944,0.338093837138,0.354951452538,0.3876755726523,0.3876755726758,0.0495817355143,0.271443420434,0.3876755726758,485,0.03,0.08,0.04,0.06,0.1,0.06,0.09,0.05,0.08,0.04,0.07
6,5,4,"abundance",0.35,"power",102,-0.00977445038325841,0.00150201847199348,0.14281045751634,5151,0.340177143022315,0.0634572005857591,0.003341846944,0.338093837138,0.354951452538,0.3876755726523,0.3876755726758,0.0495817355143,0.271443420434,0.3876755726758,485,0.04,0.11,0.05,0.07,0.11,0.03,0.06,0.03,0.08,0.04,0.09
6,5,4,"abundance",0.4,"power",102,-0.00977445038325841,0.00150201847199348,0.14281045751634,5151,0.340177143022315,0.0634572005857591,0.003341846944,0.338093837138,0.354951452538,0.3876755726523,0.3876755726758,0.0495817355143,0.271443420434,0.3876755726758,485,0.04,0.15,0.04,0.14,0.16,0.06,0.15,0.11,0.13,0.04,0.12
6,5,4,"abundance",0.45,"power",102,-0.00977445038325841,0.00150201847199348,0.14281045751634,5151,0.340177143022315,0.0634572005857591,0.003341846944,0.338093837138,0.354951452538,0.3876755726523,0.3876755726758,0.0495817355143,0.271443420434,0.3876755726758,485,0.02,0.11,0.01,0.12,0.17,0.04,0.15,0.09,0.14,0.03,0.13
6,5,4,"abundance",0.5,"power",102,-0.00977445038325841,0.00150201847199348,0.14281045751634,5151,0.340177143022315,0.0634572005857591,0.003341846944,0.338093837138,0.354951452538,0.3876755726523,0.3876755726758,0.0495817355143,0.271443420434,0.3876755726758,485,0.04,0.25,0.02,0.17,0.26,0.08,0.23,0.21,0.21,0.03,0.27
6,5,4,"abundance",0.55,"power",102,-0.00977445038325841,0.00150201847199348,0.14281045751634,5151,0.340177143022315,0.0634572005857591,0.003341846944,0.338093837138,0.354951452538,0.3876755726523,0.3876755726758,0.0495817355143,0.271443420434,0.3876755726758,485,0.06,0.25,0.05,0.22,0.33,0.06,0.23,0.13,0.21,0.07,0.25
6,5,4,"abundance",0.6,"power",102,-0.00977445038325841,0.00150201847199348,0.14281045751634,5151,0.340177143022315,0.0634572005857591,0.003341846944,0.338093837138,0.354951452538,0.3876755726523,0.3876755726758,0.0495817355143,0.271443420434,0.3876755726758,485,0.04,0.37,0.05,0.28,0.51,0.07,0.26,0.25,0.25,0.04,0.44
6,5,4,"both",0,"type1_error",102,-0.00977445038325841,0.00150201847199348,0.14281045751634,5151,0.340177143022315,0.0634572005857591,0.003341846944,0.338093837138,0.354951452538,0.3876755726523,0.3876755726758,0.0495817355143,0.271443420434,0.3876755726758,485,0.03,0.04,0.04,0.07,0.06,0.03,0.05,0.04,0.05,0.03,0.06
6,5,4,"both",0.05,"power",102,-0.00977445038325841,0.00150201847199348,0.14281045751634,5151,0.340177143022315,0.0634572005857591,0.003341846944,0.338093837138,0.354951452538,0.3876755726523,0.3876755726758,0.0495817355143,0.271443420434,0.3876755726758,485,0.04,0.05,0.07,0.02,0.03,0.05,0.06,0.05,0.06,0.04,0.04
6,5,4,"both",0.1,"power",102,-0.00977445038325841,0.00150201847199348,0.14281045751634,5151,0.340177143022315,0.0634572005857591,0.003341846944,0.338093837138,0.354951452538,0.3876755726523,0.3876755726758,0.0495817355143,0.271443420434,0.3876755726758,485,0.1,0.04,0.08,0.05,0.12,0.11,0.07,0.03,0.07,0.06,0.08
6,5,4,"both",0.15,"power",102,-0.00977445038325841,0.00150201847199348,0.14281045751634,5151,0.340177143022315,0.0634572005857591,0.003341846944,0.338093837138,0.354951452538,0.3876755726523,0.3876755726758,0.0495817355143,0.271443420434,0.3876755726758,485,0.07,0.11,0.08,0.08,0.08,0.08,0.08,0.08,0.08,0.09,0.08
6,5,4,"both",0.2,"power",102,-0.00977445038325841,0.00150201847199348,0.14281045751634,5151,0.340177143022315,0.0634572005857591,0.003341846944,0.338093837138,0.354951452538,0.3876755726523,0.3876755726758,0.0495817355143,0.271443420434,0.3876755726758,485,0.05,0.11,0.07,0.07,0.1,0.08,0.13,0.12,0.12,0.07,0.09
6,5,4,"both",0.25,"power",102,-0.00977445038325841,0.00150201847199348,0.14281045751634,5151,0.340177143022315,0.0634572005857591,0.003341846944,0.338093837138,0.354951452538,0.3876755726523,0.3876755726758,0.0495817355143,0.271443420434,0.3876755726758,485,0.18,0.08,0.11,0.06,0.17,0.22,0.12,0.06,0.13,0.15,0.1
6,5,4,"both",0.3,"power",102,-0.00977445038325841,0.00150201847199348,0.14281045751634,5151,0.340177143022315,0.0634572005857591,0.003341846944,0.338093837138,0.354951452538,0.3876755726523,0.3876755726758,0.0495817355143,0.271443420434,0.3876755726758,485,0.09,0.12,0.18,0.09,0.16,0.1,0.12,0.08,0.13,0.12,0.12
6,5,4,"both",0.35,"power",102,-0.00977445038325841,0.00150201847199348,0.14281045751634,5151,0.340177143022315,0.0634572005857591,0.003341846944,0.338093837138,0.354951452538,0.3876755726523,0.3876755726758,0.0495817355143,0.271443420434,0.3876755726758,485,0.16,0.23,0.12,0.2,0.26,0.19,0.15,0.09,0.15,0.15,0.22
6,5,4,"both",0.4,"power",102,-0.00977445038325841,0.00150201847199348,0.14281045751634,5151,0.340177143022315,0.0634572005857591,0.003341846944,0.338093837138,0.354951452538,0.3876755726523,0.3876755726758,0.0495817355143,0.271443420434,0.3876755726758,485,0.37,0.19,0.14,0.17,0.44,0.45,0.3,0.16,0.28,0.31,0.26
6,5,4,"both",0.45,"power",102,-0.00977445038325841,0.00150201847199348,0.14281045751634,5151,0.340177143022315,0.0634572005857591,0.003341846944,0.338093837138,0.354951452538,0.3876755726523,0.3876755726758,0.0495817355143,0.271443420434,0.3876755726758,485,0.41,0.26,0.16,0.22,0.64,0.49,0.34,0.11,0.32,0.38,0.35
6,5,4,"both",0.5,"power",102,-0.00977445038325841,0.00150201847199348,0.14281045751634,5151,0.340177143022315,0.0634572005857591,0.003341846944,0.338093837138,0.354951452538,0.3876755726523,0.3876755726758,0.0495817355143,0.271443420434,0.3876755726758,485,0.57,0.33,0.2,0.27,0.7,0.65,0.34,0.12,0.31,0.5,0.43
6,5,4,"both",0.55,"power",102,-0.00977445038325841,0.00150201847199348,0.14281045751634,5151,0.340177143022315,0.0634572005857591,0.003341846944,0.338093837138,0.354951452538,0.3876755726523,0.3876755726758,0.0495817355143,0.271443420434,0.3876755726758,485,0.64,0.39,0.31,0.35,0.95,0.81,0.55,0.25,0.55,0.64,0.61
6,5,4,"both",0.6,"power",102,-0.00977445038325841,0.00150201847199348,0.14281045751634,5151,0.340177143022315,0.0634572005857591,0.003341846944,0.338093837138,0.354951452538,0.3876755726523,0.3876755726758,0.0495817355143,0.271443420434,0.3876755726758,485,0.79,0.53,0.32,0.41,0.96,0.88,0.65,0.28,0.62,0.71,0.71
6,5,4,"prevalence",0,"type1_error",102,-0.00977445038325841,0.00150201847199348,0.14281045751634,5151,0.340177143022315,0.0634572005857591,0.003341846944,0.338093837138,0.354951452538,0.3876755726523,0.3876755726758,0.0495817355143,0.271443420434,0.3876755726758,485,0.04,0.01,0.05,0.02,0.05,0.05,0.09,0.04,0.09,0.04,0.06
6,5,4,"prevalence",0.05,"power",102,-0.00977445038325841,0.00150201847199348,0.14281045751634,5151,0.340177143022315,0.0634572005857591,0.003341846944,0.338093837138,0.354951452538,0.3876755726523,0.3876755726758,0.0495817355143,0.271443420434,0.3876755726758,485,0.06,0.09,0.07,0.08,0.05,0.06,0.07,0.05,0.06,0.08,0.06
6,5,4,"prevalence",0.1,"power",102,-0.00977445038325841,0.00150201847199348,0.14281045751634,5151,0.340177143022315,0.0634572005857591,0.003341846944,0.338093837138,0.354951452538,0.3876755726523,0.3876755726758,0.0495817355143,0.271443420434,0.3876755726758,485,0.05,0.06,0.01,0.05,0.05,0.05,0.04,0.02,0.03,0.06,0.08
6,5,4,"prevalence",0.15,"power",102,-0.00977445038325841,0.00150201847199348,0.14281045751634,5151,0.340177143022315,0.0634572005857591,0.003341846944,0.338093837138,0.354951452538,0.3876755726523,0.3876755726758,0.0495817355143,0.271443420434,0.3876755726758,485,0.13,0.06,0.08,0.05,0.05,0.07,0.05,0.06,0.06,0.11,0.04
6,5,4,"prevalence",0.2,"power",102,-0.00977445038325841,0.00150201847199348,0.14281045751634,5151,0.340177143022315,0.0634572005857591,0.003341846944,0.338093837138,0.354951452538,0.3876755726523,0.3876755726758,0.0495817355143,0.271443420434,0.3876755726758,485,0.12,0.07,0.08,0.03,0.06,0.07,0.04,0.05,0.04,0.08,0.05
6,5,4,"prevalence",0.25,"power",102,-0.00977445038325841,0.00150201847199348,0.14281045751634,5151,0.340177143022315,0.0634572005857591,0.003341846944,0.338093837138,0.354951452538,0.3876755726523,0.3876755726758,0.0495817355143,0.271443420434,0.3876755726758,485,0.1,0.04,0.07,0.04,0.06,0.06,0.06,0.05,0.04,0.07,0.02
6,5,4,"prevalence",0.3,"power",102,-0.00977445038325841,0.00150201847199348,0.14281045751634,5151,0.340177143022315,0.0634572005857591,0.003341846944,0.338093837138,0.354951452538,0.3876755726523,0.3876755726758,0.0495817355143,0.271443420434,0.3876755726758,485,0.14,0.03,0.12,0.04,0.1,0.09,0.06,0.05,0.05,0.11,0.05
6,5,4,"prevalence",0.35,"power",102,-0.00977445038325841,0.00150201847199348,0.14281045751634,5151,0.340177143022315,0.0634572005857591,0.003341846944,0.338093837138,0.354951452538,0.3876755726523,0.3876755726758,0.0495817355143,0.271443420434,0.3876755726758,485,0.23,0.04,0.15,0.02,0.04,0.1,0.03,0.05,0.02,0.19,0.04
6,5,4,"prevalence",0.4,"power",102,-0.00977445038325841,0.00150201847199348,0.14281045751634,5151,0.340177143022315,0.0634572005857591,0.003341846944,0.338093837138,0.354951452538,0.3876755726523,0.3876755726758,0.0495817355143,0.271443420434,0.3876755726758,485,0.32,0.04,0.11,0.05,0.07,0.13,0.04,0.04,0.05,0.26,0.04
6,5,4,"prevalence",0.45,"power",102,-0.00977445038325841,0.00150201847199348,0.14281045751634,5151,0.340177143022315,0.0634572005857591,0.003341846944,0.338093837138,0.354951452538,0.3876755726523,0.3876755726758,0.0495817355143,0.271443420434,0.3876755726758,485,0.44,0.09,0.24,0.07,0.19,0.27,0.07,0.06,0.06,0.33,0.1
6,5,4,"prevalence",0.5,"power",102,-0.00977445038325841,0.00150201847199348,0.14281045751634,5151,0.340177143022315,0.0634572005857591,0.003341846944,0.338093837138,0.354951452538,0.3876755726523,0.3876755726758,0.0495817355143,0.271443420434,0.3876755726758,485,0.55,0.11,0.2,0.09,0.11,0.3,0.08,0.05,0.08,0.46,0.08
6,5,4,"prevalence",0.55,"power",102,-0.00977445038325841,0.00150201847199348,0.14281045751634,5151,0.340177143022315,0.0634572005857591,0.003341846944,0.338093837138,0.354951452538,0.3876755726523,0.3876755726758,0.0495817355143,0.271443420434,0.3876755726758,485,0.73,0.1,0.22,0.11,0.13,0.44,0.07,0.05,0.08,0.63,0.11
6,5,4,"prevalence",0.6,"power",102,-0.00977445038325841,0.00150201847199348,0.14281045751634,5151,0.340177143022315,0.0634572005857591,0.003341846944,0.338093837138,0.354951452538,0.3876755726523,0.3876755726758,0.0495817355143,0.271443420434,0.3876755726758,485,0.8,0.03,0.29,0.04,0.21,0.5,0.03,0.05,0.02,0.76,0.04
6,6,5,"abundance",0,"type1_error",102,0.0582270236800359,0.00114019401410543,0.139705882352941,5151,0.31827048060882,0.070005061374536,0.003074565912,0.315392314815,0.338093837162,0.354951452551,0.4151061077402,0.0395591377360001,0.2714434204484,0.3714655241324,1071,0.05,0.05,0.07,0.04,0.11,0.06,0.06,0.06,0.07,0.05,0.08
6,6,5,"abundance",0.05,"power",102,0.0582270236800359,0.00114019401410543,0.139705882352941,5151,0.31827048060882,0.070005061374536,0.003074565912,0.315392314815,0.338093837162,0.354951452551,0.4151061077402,0.0395591377360001,0.2714434204484,0.3714655241324,1071,0.04,0.07,0.03,0.07,0.07,0.04,0.09,0.1,0.08,0.02,0.08
6,6,5,"abundance",0.1,"power",102,0.0582270236800359,0.00114019401410543,0.139705882352941,5151,0.31827048060882,0.070005061374536,0.003074565912,0.315392314815,0.338093837162,0.354951452551,0.4151061077402,0.0395591377360001,0.2714434204484,0.3714655241324,1071,0.02,0.04,0.03,0.07,0.01,0.04,0.02,0.02,0.02,0.03,0.03
6,6,5,"abundance",0.15,"power",102,0.0582270236800359,0.00114019401410543,0.139705882352941,5151,0.31827048060882,0.070005061374536,0.003074565912,0.315392314815,0.338093837162,0.354951452551,0.4151061077402,0.0395591377360001,0.2714434204484,0.3714655241324,1071,0.06,0.03,0.03,0.05,0.07,0.05,0.03,0.05,0.03,0.13,0.05
6,6,5,"abundance",0.2,"power",102,0.0582270236800359,0.00114019401410543,0.139705882352941,5151,0.31827048060882,0.070005061374536,0.003074565912,0.315392314815,0.338093837162,0.354951452551,0.4151061077402,0.0395591377360001,0.2714434204484,0.3714655241324,1071,0.08,0.12,0.06,0.12,0.13,0.08,0.1,0.06,0.09,0.06,0.14
6,6,5,"abundance",0.25,"power",102,0.0582270236800359,0.00114019401410543,0.139705882352941,5151,0.31827048060882,0.070005061374536,0.003074565912,0.315392314815,0.338093837162,0.354951452551,0.4151061077402,0.0395591377360001,0.2714434204484,0.3714655241324,1071,0.05,0.06,0.01,0.05,0.08,0.02,0.07,0.04,0.08,0.06,0.06
6,6,5,"abundance",0.3,"power",102,0.0582270236800359,0.00114019401410543,0.139705882352941,5151,0.31827048060882,0.070005061374536,0.003074565912,0.315392314815,0.338093837162,0.354951452551,0.4151061077402,0.0395591377360001,0.2714434204484,0.3714655241324,1071,0.01,0.06,0.05,0.09,0.07,0.01,0.1,0.03,0.11,0.02,0.07
6,6,5,"abundance",0.35,"power",102,0.0582270236800359,0.00114019401410543,0.139705882352941,5151,0.31827048060882,0.070005061374536,0.003074565912,0.315392314815,0.338093837162,0.354951452551,0.4151061077402,0.0395591377360001,0.2714434204484,0.3714655241324,1071,0.09,0.14,0.05,0.1,0.19,0.05,0.14,0.06,0.12,0.02,0.16
6,6,5,"abundance",0.4,"power",102,0.0582270236800359,0.00114019401410543,0.139705882352941,5151,0.31827048060882,0.070005061374536,0.003074565912,0.315392314815,0.338093837162,0.354951452551,0.4151061077402,0.0395591377360001,0.2714434204484,0.3714655241324,1071,0.08,0.09,0.04,0.08,0.13,0.05,0.06,0.03,0.06,0.04,0.12
6,6,5,"abundance",0.45,"power",102,0.0582270236800359,0.00114019401410543,0.139705882352941,5151,0.31827048060882,0.070005061374536,0.003074565912,0.315392314815,0.338093837162,0.354951452551,0.4151061077402,0.0395591377360001,0.2714434204484,0.3714655241324,1071,0,0.14,0.06,0.15,0.25,0.04,0.16,0.07,0.18,0.02,0.18
6,6,5,"abundance",0.5,"power",102,0.0582270236800359,0.00114019401410543,0.139705882352941,5151,0.31827048060882,0.070005061374536,0.003074565912,0.315392314815,0.338093837162,0.354951452551,0.4151061077402,0.0395591377360001,0.2714434204484,0.3714655241324,1071,0.05,0.21,0.04,0.19,0.33,0.08,0.26,0.13,0.21,0.03,0.24
6,6,5,"abundance",0.55,"power",102,0.0582270236800359,0.00114019401410543,0.139705882352941,5151,0.31827048060882,0.070005061374536,0.003074565912,0.315392314815,0.338093837162,0.354951452551,0.4151061077402,0.0395591377360001,0.2714434204484,0.3714655241324,1071,0.03,0.21,0.03,0.21,0.36,0.05,0.29,0.19,0.29,0.05,0.29
6,6,5,"abundance",0.6,"power",102,0.0582270236800359,0.00114019401410543,0.139705882352941,5151,0.31827048060882,0.070005061374536,0.003074565912,0.315392314815,0.338093837162,0.354951452551,0.4151061077402,0.0395591377360001,0.2714434204484,0.3714655241324,1071,0.06,0.21,0.02,0.19,0.43,0.1,0.36,0.17,0.32,0.05,0.33
6,6,5,"both",0,"type1_error",102,0.0582270236800359,0.00114019401410543,0.139705882352941,5151,0.31827048060882,0.070005061374536,0.003074565912,0.315392314815,0.338093837162,0.354951452551,0.4151061077402,0.0395591377360001,0.2714434204484,0.3714655241324,1071,0.04,0.04,0.05,0.04,0.03,0.04,0.06,0.07,0.07,0.06,0.02
6,6,5,"both",0.05,"power",102,0.0582270236800359,0.00114019401410543,0.139705882352941,5151,0.31827048060882,0.070005061374536,0.003074565912,0.315392314815,0.338093837162,0.354951452551,0.4151061077402,0.0395591377360001,0.2714434204484,0.3714655241324,1071,0.07,0.02,0.04,0.05,0.04,0.06,0.04,0.02,0.04,0.07,0.03
6,6,5,"both",0.1,"power",102,0.0582270236800359,0.00114019401410543,0.139705882352941,5151,0.31827048060882,0.070005061374536,0.003074565912,0.315392314815,0.338093837162,0.354951452551,0.4151061077402,0.0395591377360001,0.2714434204484,0.3714655241324,1071,0.07,0.08,0.05,0.08,0.09,0.05,0.05,0.06,0.06,0.04,0.08
6,6,5,"both",0.15,"power",102,0.0582270236800359,0.00114019401410543,0.139705882352941,5151,0.31827048060882,0.070005061374536,0.003074565912,0.315392314815,0.338093837162,0.354951452551,0.4151061077402,0.0395591377360001,0.2714434204484,0.3714655241324,1071,0.01,0.1,0.04,0.11,0.08,0.05,0.06,0.03,0.05,0.04,0.1
6,6,5,"both",0.2,"power",102,0.0582270236800359,0.00114019401410543,0.139705882352941,5151,0.31827048060882,0.070005061374536,0.003074565912,0.315392314815,0.338093837162,0.354951452551,0.4151061077402,0.0395591377360001,0.2714434204484,0.3714655241324,1071,0.08,0.04,0.06,0.06,0.07,0.06,0.02,0,0.02,0.08,0.05
6,6,5,"both",0.25,"power",102,0.0582270236800359,0.00114019401410543,0.139705882352941,5151,0.31827048060882,0.070005061374536,0.003074565912,0.315392314815,0.338093837162,0.354951452551,0.4151061077402,0.0395591377360001,0.2714434204484,0.3714655241324,1071,0.06,0.08,0.1,0.08,0.14,0.07,0.11,0.11,0.12,0.07,0.1
6,6,5,"both",0.3,"power",102,0.0582270236800359,0.00114019401410543,0.139705882352941,5151,0.31827048060882,0.070005061374536,0.003074565912,0.315392314815,0.338093837162,0.354951452551,0.4151061077402,0.0395591377360001,0.2714434204484,0.3714655241324,1071,0.22,0.11,0.11,0.1,0.23,0.21,0.13,0.02,0.12,0.2,0.16
6,6,5,"both",0.35,"power",102,0.0582270236800359,0.00114019401410543,0.139705882352941,5151,0.31827048060882,0.070005061374536,0.003074565912,0.315392314815,0.338093837162,0.354951452551,0.4151061077402,0.0395591377360001,0.2714434204484,0.3714655241324,1071,0.2,0.1,0.09,0.15,0.33,0.31,0.22,0.14,0.21,0.18,0.17
6,6,5,"both",0.4,"power",102,0.0582270236800359,0.00114019401410543,0.139705882352941,5151,0.31827048060882,0.070005061374536,0.003074565912,0.315392314815,0.338093837162,0.354951452551,0.4151061077402,0.0395591377360001,0.2714434204484,0.3714655241324,1071,0.28,0.26,0.13,0.26,0.41,0.37,0.23,0.1,0.23,0.26,0.34
6,6,5,"both",0.45,"power",102,0.0582270236800359,0.00114019401410543,0.139705882352941,5151,0.31827048060882,0.070005061374536,0.003074565912,0.315392314815,0.338093837162,0.354951452551,0.4151061077402,0.0395591377360001,0.2714434204484,0.3714655241324,1071,0.26,0.2,0.2,0.21,0.41,0.46,0.19,0.09,0.21,0.28,0.24
6,6,5,"both",0.5,"power",102,0.0582270236800359,0.00114019401410543,0.139705882352941,5151,0.31827048060882,0.070005061374536,0.003074565912,0.315392314815,0.338093837162,0.354951452551,0.4151061077402,0.0395591377360001,0.2714434204484,0.3714655241324,1071,0.4,0.19,0.2,0.22,0.64,0.63,0.4,0.1,0.37,0.41,0.38
6,6,5,"both",0.55,"power",102,0.0582270236800359,0.00114019401410543,0.139705882352941,5151,0.31827048060882,0.070005061374536,0.003074565912,0.315392314815,0.338093837162,0.354951452551,0.4151061077402,0.0395591377360001,0.2714434204484,0.3714655241324,1071,0.53,0.28,0.17,0.24,0.77,0.76,0.42,0.17,0.41,0.48,0.41
6,6,5,"both",0.6,"power",102,0.0582270236800359,0.00114019401410543,0.139705882352941,5151,0.31827048060882,0.070005061374536,0.003074565912,0.315392314815,0.338093837162,0.354951452551,0.4151061077402,0.0395591377360001,0.2714434204484,0.3714655241324,1071,0.69,0.4,0.18,0.38,0.94,0.9,0.64,0.18,0.59,0.62,0.64
6,6,5,"prevalence",0,"type1_error",102,0.0582270236800359,0.00114019401410543,0.139705882352941,5151,0.31827048060882,0.070005061374536,0.003074565912,0.315392314815,0.338093837162,0.354951452551,0.4151061077402,0.0395591377360001,0.2714434204484,0.3714655241324,1071,0.05,0.05,0.06,0.06,0.03,0.03,0.08,0.05,0.08,0.01,0.06
6,6,5,"prevalence",0.05,"power",102,0.0582270236800359,0.00114019401410543,0.139705882352941,5151,0.31827048060882,0.070005061374536,0.003074565912,0.315392314815,0.338093837162,0.354951452551,0.4151061077402,0.0395591377360001,0.2714434204484,0.3714655241324,1071,0.04,0.01,0.02,0.03,0.05,0.06,0.08,0.07,0.08,0.05,0.04
6,6,5,"prevalence",0.1,"power",102,0.0582270236800359,0.00114019401410543,0.139705882352941,5151,0.31827048060882,0.070005061374536,0.003074565912,0.315392314815,0.338093837162,0.354951452551,0.4151061077402,0.0395591377360001,0.2714434204484,0.3714655241324,1071,0.08,0.03,0.06,0.02,0.07,0.08,0.03,0.02,0.03,0.09,0.06
6,6,5,"prevalence",0.15,"power",102,0.0582270236800359,0.00114019401410543,0.139705882352941,5151,0.31827048060882,0.070005061374536,0.003074565912,0.315392314815,0.338093837162,0.354951452551,0.4151061077402,0.0395591377360001,0.2714434204484,0.3714655241324,1071,0.04,0.06,0.05,0.08,0.02,0.07,0.03,0.04,0.04,0.05,0.03
6,6,5,"prevalence",0.2,"power",102,0.0582270236800359,0.00114019401410543,0.139705882352941,5151,0.31827048060882,0.070005061374536,0.003074565912,0.315392314815,0.338093837162,0.354951452551,0.4151061077402,0.0395591377360001,0.2714434204484,0.3714655241324,1071,0.11,0.04,0.07,0.02,0.04,0.06,0.05,0.03,0.05,0.08,0.05
6,6,5,"prevalence",0.25,"power",102,0.0582270236800359,0.00114019401410543,0.139705882352941,5151,0.31827048060882,0.070005061374536,0.003074565912,0.315392314815,0.338093837162,0.354951452551,0.4151061077402,0.0395591377360001,0.2714434204484,0.3714655241324,1071,0.12,0.06,0.09,0.05,0.07,0.11,0.07,0.04,0.04,0.15,0.04
6,6,5,"prevalence",0.3,"power",102,0.0582270236800359,0.00114019401410543,0.139705882352941,5151,0.31827048060882,0.070005061374536,0.003074565912,0.315392314815,0.338093837162,0.354951452551,0.4151061077402,0.0395591377360001,0.2714434204484,0.3714655241324,1071,0.12,0.03,0.07,0.04,0.06,0.07,0.06,0.02,0.03,0.1,0.04
6,6,5,"prevalence",0.35,"power",102,0.0582270236800359,0.00114019401410543,0.139705882352941,5151,0.31827048060882,0.070005061374536,0.003074565912,0.315392314815,0.338093837162,0.354951452551,0.4151061077402,0.0395591377360001,0.2714434204484,0.3714655241324,1071,0.2,0.06,0.11,0.07,0.07,0.11,0.07,0.03,0.07,0.19,0.06
6,6,5,"prevalence",0.4,"power",102,0.0582270236800359,0.00114019401410543,0.139705882352941,5151,0.31827048060882,0.070005061374536,0.003074565912,0.315392314815,0.338093837162,0.354951452551,0.4151061077402,0.0395591377360001,0.2714434204484,0.3714655241324,1071,0.3,0.07,0.17,0.04,0.07,0.18,0.08,0.07,0.07,0.26,0.06
6,6,5,"prevalence",0.45,"power",102,0.0582270236800359,0.00114019401410543,0.139705882352941,5151,0.31827048060882,0.070005061374536,0.003074565912,0.315392314815,0.338093837162,0.354951452551,0.4151061077402,0.0395591377360001,0.2714434204484,0.3714655241324,1071,0.33,0.04,0.17,0.04,0.06,0.23,0.05,0.04,0.05,0.27,0.06
6,6,5,"prevalence",0.5,"power",102,0.0582270236800359,0.00114019401410543,0.139705882352941,5151,0.31827048060882,0.070005061374536,0.003074565912,0.315392314815,0.338093837162,0.354951452551,0.4151061077402,0.0395591377360001,0.2714434204484,0.3714655241324,1071,0.38,0.09,0.19,0.06,0.11,0.27,0.08,0.04,0.06,0.37,0.06
6,6,5,"prevalence",0.55,"power",102,0.0582270236800359,0.00114019401410543,0.139705882352941,5151,0.31827048060882,0.070005061374536,0.003074565912,0.315392314815,0.338093837162,0.354951452551,0.4151061077402,0.0395591377360001,0.2714434204484,0.3714655241324,1071,0.51,0,0.18,0,0.01,0.31,0.01,0.03,0.01,0.5,0
6,6,5,"prevalence",0.6,"power",102,0.0582270236800359,0.00114019401410543,0.139705882352941,5151,0.31827048060882,0.070005061374536,0.003074565912,0.315392314815,0.338093837162,0.354951452551,0.4151061077402,0.0395591377360001,0.2714434204484,0.3714655241324,1071,0.71,0.05,0.25,0.04,0.17,0.37,0.05,0.07,0.06,0.63,0.06
6,3,6,"abundance",0,"type1_error",103,-0.167208314567582,0.000660941604057312,0.101294498381877,5253,0.469599155684588,0.149959011358877,0,0.322253966046,0.553216142353,0.577372016923,0.803552742596,0.255118050877,0,0.803552742596,0,0.03,0.06,0.07,0.04,0.04,0.08,0.07,0.09,0.07,0.01,0.04
6,3,6,"abundance",0.05,"power",103,-0.167208314567582,0.000660941604057312,0.101294498381877,5253,0.469599155684588,0.149959011358877,0,0.322253966046,0.553216142353,0.577372016923,0.803552742596,0.255118050877,0,0.803552742596,0,0.03,0.02,0.07,0.03,0.07,0.05,0.07,0.06,0.07,0.06,0.03
6,3,6,"abundance",0.1,"power",103,-0.167208314567582,0.000660941604057312,0.101294498381877,5253,0.469599155684588,0.149959011358877,0,0.322253966046,0.553216142353,0.577372016923,0.803552742596,0.255118050877,0,0.803552742596,0,0.06,0.01,0.04,0.02,0.02,0.04,0,0.01,0,0.08,0
6,3,6,"abundance",0.15,"power",103,-0.167208314567582,0.000660941604057312,0.101294498381877,5253,0.469599155684588,0.149959011358877,0,0.322253966046,0.553216142353,0.577372016923,0.803552742596,0.255118050877,0,0.803552742596,0,0.05,0.05,0.09,0.07,0.05,0.05,0.03,0.03,0.02,0.05,0.04
6,3,6,"abundance",0.2,"power",103,-0.167208314567582,0.000660941604057312,0.101294498381877,5253,0.469599155684588,0.149959011358877,0,0.322253966046,0.553216142353,0.577372016923,0.803552742596,0.255118050877,0,0.803552742596,0,0.09,0.02,0.04,0.02,0.02,0.07,0.02,0.04,0.02,0.04,0.02
6,3,6,"abundance",0.25,"power",103,-0.167208314567582,0.000660941604057312,0.101294498381877,5253,0.469599155684588,0.149959011358877,0,0.322253966046,0.553216142353,0.577372016923,0.803552742596,0.255118050877,0,0.803552742596,0,0.08,0.05,0.06,0.05,0.06,0.06,0.02,0.04,0.02,0.08,0.04
6,3,6,"abundance",0.3,"power",103,-0.167208314567582,0.000660941604057312,0.101294498381877,5253,0.469599155684588,0.149959011358877,0,0.322253966046,0.553216142353,0.577372016923,0.803552742596,0.255118050877,0,0.803552742596,0,0.04,0.12,0.03,0.09,0.08,0.09,0.09,0.07,0.07,0.06,0.1
6,3,6,"abundance",0.35,"power",103,-0.167208314567582,0.000660941604057312,0.101294498381877,5253,0.469599155684588,0.149959011358877,0,0.322253966046,0.553216142353,0.577372016923,0.803552742596,0.255118050877,0,0.803552742596,0,0.06,0.09,0.03,0.08,0.08,0.05,0.07,0.05,0.06,0.05,0.11
6,3,6,"abundance",0.4,"power",103,-0.167208314567582,0.000660941604057312,0.101294498381877,5253,0.469599155684588,0.149959011358877,0,0.322253966046,0.553216142353,0.577372016923,0.803552742596,0.255118050877,0,0.803552742596,0,0.05,0.05,0.05,0.03,0.05,0.05,0.05,0.04,0.06,0.05,0.06
6,3,6,"abundance",0.45,"power",103,-0.167208314567582,0.000660941604057312,0.101294498381877,5253,0.469599155684588,0.149959011358877,0,0.322253966046,0.553216142353,0.577372016923,0.803552742596,0.255118050877,0,0.803552742596,0,0.07,0.05,0.04,0.07,0.07,0.07,0.05,0.05,0.05,0.07,0.08
6,3,6,"abundance",0.5,"power",103,-0.167208314567582,0.000660941604057312,0.101294498381877,5253,0.469599155684588,0.149959011358877,0,0.322253966046,0.553216142353,0.577372016923,0.803552742596,0.255118050877,0,0.803552742596,0,0.04,0.1,0.01,0.07,0.14,0.09,0.12,0.1,0.1,0.04,0.12
6,3,6,"abundance",0.55,"power",103,-0.167208314567582,0.000660941604057312,0.101294498381877,5253,0.469599155684588,0.149959011358877,0,0.322253966046,0.553216142353,0.577372016923,0.803552742596,0.255118050877,0,0.803552742596,0,0.03,0.05,0.04,0.06,0.12,0.03,0.05,0.06,0.07,0.03,0.06
6,3,6,"abundance",0.6,"power",103,-0.167208314567582,0.000660941604057312,0.101294498381877,5253,0.469599155684588,0.149959011358877,0,0.322253966046,0.553216142353,0.577372016923,0.803552742596,0.255118050877,0,0.803552742596,0,0.06,0.1,0.04,0.08,0.26,0.08,0.1,0.08,0.11,0.06,0.16
6,3,6,"both",0,"type1_error",103,-0.167208314567582,0.000660941604057312,0.101294498381877,5253,0.469599155684588,0.149959011358877,0,0.322253966046,0.553216142353,0.577372016923,0.803552742596,0.255118050877,0,0.803552742596,0,0.01,0.04,0.03,0.04,0.02,0.03,0.04,0.05,0.04,0.02,0.04
6,3,6,"both",0.05,"power",103,-0.167208314567582,0.000660941604057312,0.101294498381877,5253,0.469599155684588,0.149959011358877,0,0.322253966046,0.553216142353,0.577372016923,0.803552742596,0.255118050877,0,0.803552742596,0,0.03,0.04,0.05,0.06,0.03,0.07,0.04,0.03,0.02,0.04,0.03
6,3,6,"both",0.1,"power",103,-0.167208314567582,0.000660941604057312,0.101294498381877,5253,0.469599155684588,0.149959011358877,0,0.322253966046,0.553216142353,0.577372016923,0.803552742596,0.255118050877,0,0.803552742596,0,0.09,0.06,0.03,0.06,0.08,0.08,0.05,0.04,0.05,0.06,0.08
6,3,6,"both",0.15,"power",103,-0.167208314567582,0.000660941604057312,0.101294498381877,5253,0.469599155684588,0.149959011358877,0,0.322253966046,0.553216142353,0.577372016923,0.803552742596,0.255118050877,0,0.803552742596,0,0.04,0.04,0.04,0.04,0.07,0.06,0.08,0.04,0.07,0.09,0.05
6,3,6,"both",0.2,"power",103,-0.167208314567582,0.000660941604057312,0.101294498381877,5253,0.469599155684588,0.149959011358877,0,0.322253966046,0.553216142353,0.577372016923,0.803552742596,0.255118050877,0,0.803552742596,0,0.07,0.03,0.07,0.03,0.05,0.07,0.02,0.05,0.03,0.06,0.07
6,3,6,"both",0.25,"power",103,-0.167208314567582,0.000660941604057312,0.101294498381877,5253,0.469599155684588,0.149959011358877,0,0.322253966046,0.553216142353,0.577372016923,0.803552742596,0.255118050877,0,0.803552742596,0,0.2,0.04,0.09,0.06,0.08,0.16,0.06,0.06,0.06,0.2,0.05
6,3,6,"both",0.3,"power",103,-0.167208314567582,0.000660941604057312,0.101294498381877,5253,0.469599155684588,0.149959011358877,0,0.322253966046,0.553216142353,0.577372016923,0.803552742596,0.255118050877,0,0.803552742596,0,0.19,0.06,0.13,0.05,0.19,0.17,0.11,0.07,0.11,0.22,0.09
6,3,6,"both",0.35,"power",103,-0.167208314567582,0.000660941604057312,0.101294498381877,5253,0.469599155684588,0.149959011358877,0,0.322253966046,0.553216142353,0.577372016923,0.803552742596,0.255118050877,0,0.803552742596,0,0.31,0.09,0.1,0.09,0.27,0.28,0.1,0.04,0.11,0.26,0.15
6,3,6,"both",0.4,"power",103,-0.167208314567582,0.000660941604057312,0.101294498381877,5253,0.469599155684588,0.149959011358877,0,0.322253966046,0.553216142353,0.577372016923,0.803552742596,0.255118050877,0,0.803552742596,0,0.33,0.09,0.19,0.07,0.47,0.39,0.16,0.07,0.13,0.45,0.21
6,3,6,"both",0.45,"power",103,-0.167208314567582,0.000660941604057312,0.101294498381877,5253,0.469599155684588,0.149959011358877,0,0.322253966046,0.553216142353,0.577372016923,0.803552742596,0.255118050877,0,0.803552742596,0,0.51,0.09,0.24,0.07,0.57,0.46,0.11,0.07,0.11,0.58,0.16
6,3,6,"both",0.5,"power",103,-0.167208314567582,0.000660941604057312,0.101294498381877,5253,0.469599155684588,0.149959011358877,0,0.322253966046,0.553216142353,0.577372016923,0.803552742596,0.255118050877,0,0.803552742596,0,0.72,0.13,0.31,0.1,0.69,0.58,0.17,0.08,0.16,0.72,0.29
6,3,6,"both",0.55,"power",103,-0.167208314567582,0.000660941604057312,0.101294498381877,5253,0.469599155684588,0.149959011358877,0,0.322253966046,0.553216142353,0.577372016923,0.803552742596,0.255118050877,0,0.803552742596,0,0.86,0.28,0.43,0.19,0.91,0.77,0.35,0.11,0.33,0.87,0.53
6,3,6,"both",0.6,"power",103,-0.167208314567582,0.000660941604057312,0.101294498381877,5253,0.469599155684588,0.149959011358877,0,0.322253966046,0.553216142353,0.577372016923,0.803552742596,0.255118050877,0,0.803552742596,0,0.95,0.19,0.45,0.19,0.97,0.89,0.36,0.15,0.36,0.96,0.55
6,3,6,"prevalence",0,"type1_error",103,-0.167208314567582,0.000660941604057312,0.101294498381877,5253,0.469599155684588,0.149959011358877,0,0.322253966046,0.553216142353,0.577372016923,0.803552742596,0.255118050877,0,0.803552742596,0,0.06,0.08,0.05,0.1,0.09,0.06,0.09,0.04,0.09,0.06,0.07
6,3,6,"prevalence",0.05,"power",103,-0.167208314567582,0.000660941604057312,0.101294498381877,5253,0.469599155684588,0.149959011358877,0,0.322253966046,0.553216142353,0.577372016923,0.803552742596,0.255118050877,0,0.803552742596,0,0.04,0.07,0.03,0.07,0.03,0.04,0.04,0.05,0.05,0.02,0.03
6,3,6,"prevalence",0.1,"power",103,-0.167208314567582,0.000660941604057312,0.101294498381877,5253,0.469599155684588,0.149959011358877,0,0.322253966046,0.553216142353,0.577372016923,0.803552742596,0.255118050877,0,0.803552742596,0,0.04,0.05,0.06,0.03,0.03,0.06,0.04,0.01,0.04,0.02,0.04
6,3,6,"prevalence",0.15,"power",103,-0.167208314567582,0.000660941604057312,0.101294498381877,5253,0.469599155684588,0.149959011358877,0,0.322253966046,0.553216142353,0.577372016923,0.803552742596,0.255118050877,0,0.803552742596,0,0.08,0.05,0.11,0.05,0.04,0.04,0.03,0.01,0.03,0.1,0.06
6,3,6,"prevalence",0.2,"power",103,-0.167208314567582,0.000660941604057312,0.101294498381877,5253,0.469599155684588,0.149959011358877,0,0.322253966046,0.553216142353,0.577372016923,0.803552742596,0.255118050877,0,0.803552742596,0,0.11,0.04,0.11,0.03,0.04,0.07,0.06,0.05,0.05,0.11,0.04
6,3,6,"prevalence",0.25,"power",103,-0.167208314567582,0.000660941604057312,0.101294498381877,5253,0.469599155684588,0.149959011358877,0,0.322253966046,0.553216142353,0.577372016923,0.803552742596,0.255118050877,0,0.803552742596,0,0.14,0.05,0.11,0.06,0.06,0.06,0.06,0.04,0.06,0.21,0.03
6,3,6,"prevalence",0.3,"power",103,-0.167208314567582,0.000660941604057312,0.101294498381877,5253,0.469599155684588,0.149959011358877,0,0.322253966046,0.553216142353,0.577372016923,0.803552742596,0.255118050877,0,0.803552742596,0,0.18,0.04,0.14,0.05,0.05,0.04,0.02,0.03,0.02,0.18,0.03
6,3,6,"prevalence",0.35,"power",103,-0.167208314567582,0.000660941604057312,0.101294498381877,5253,0.469599155684588,0.149959011358877,0,0.322253966046,0.553216142353,0.577372016923,0.803552742596,0.255118050877,0,0.803552742596,0,0.29,0.04,0.16,0.05,0.08,0.16,0.06,0.03,0.07,0.35,0.02
6,3,6,"prevalence",0.4,"power",103,-0.167208314567582,0.000660941604057312,0.101294498381877,5253,0.469599155684588,0.149959011358877,0,0.322253966046,0.553216142353,0.577372016923,0.803552742596,0.255118050877,0,0.803552742596,0,0.41,0.04,0.23,0.04,0.1,0.12,0.06,0.01,0.04,0.46,0.06
6,3,6,"prevalence",0.45,"power",103,-0.167208314567582,0.000660941604057312,0.101294498381877,5253,0.469599155684588,0.149959011358877,0,0.322253966046,0.553216142353,0.577372016923,0.803552742596,0.255118050877,0,0.803552742596,0,0.48,0.03,0.18,0.03,0.1,0.19,0.06,0.01,0.05,0.54,0.05
6,3,6,"prevalence",0.5,"power",103,-0.167208314567582,0.000660941604057312,0.101294498381877,5253,0.469599155684588,0.149959011358877,0,0.322253966046,0.553216142353,0.577372016923,0.803552742596,0.255118050877,0,0.803552742596,0,0.67,0.07,0.37,0.04,0.18,0.29,0.07,0.07,0.06,0.79,0.07
6,3,6,"prevalence",0.55,"power",103,-0.167208314567582,0.000660941604057312,0.101294498381877,5253,0.469599155684588,0.149959011358877,0,0.322253966046,0.553216142353,0.577372016923,0.803552742596,0.255118050877,0,0.803552742596,0,0.8,0.06,0.3,0.08,0.2,0.39,0.05,0.05,0.07,0.84,0.05
6,3,6,"prevalence",0.6,"power",103,-0.167208314567582,0.000660941604057312,0.101294498381877,5253,0.469599155684588,0.149959011358877,0,0.322253966046,0.553216142353,0.577372016923,0.803552742596,0.255118050877,0,0.803552742596,0,0.92,0.08,0.4,0.06,0.29,0.43,0.08,0.05,0.08,0.93,0.1
8,2,1,"abundance",0,"type1_error",77,0.094692237715971,0.00340299928397805,0.170995670995671,2926,0.239245874773047,0.0733595388703529,0,0.188648212229,0.234092389923,0.29344919303,0.377714252869,0.104800980801,0.031662953856,0.377714252869,7,0.03,0.03,0.07,0.03,0.03,0.01,0.05,0.04,0.06,0.05,0.04
8,2,1,"abundance",0.05,"power",77,0.094692237715971,0.00340299928397805,0.170995670995671,2926,0.239245874773047,0.0733595388703529,0,0.188648212229,0.234092389923,0.29344919303,0.377714252869,0.104800980801,0.031662953856,0.377714252869,7,0.06,0.02,0.08,0.02,0.02,0.04,0.03,0.05,0.03,0.05,0.03
8,2,1,"abundance",0.1,"power",77,0.094692237715971,0.00340299928397805,0.170995670995671,2926,0.239245874773047,0.0733595388703529,0,0.188648212229,0.234092389923,0.29344919303,0.377714252869,0.104800980801,0.031662953856,0.377714252869,7,0.04,0.06,0.06,0.06,0.08,0.07,0.05,0.04,0.04,0.03,0.08
8,2,1,"abundance",0.15,"power",77,0.094692237715971,0.00340299928397805,0.170995670995671,2926,0.239245874773047,0.0733595388703529,0,0.188648212229,0.234092389923,0.29344919303,0.377714252869,0.104800980801,0.031662953856,0.377714252869,7,0.04,0.05,0.05,0.07,0.07,0.05,0.12,0.11,0.12,0.08,0.04
8,2,1,"abundance",0.2,"power",77,0.094692237715971,0.00340299928397805,0.170995670995671,2926,0.239245874773047,0.0733595388703529,0,0.188648212229,0.234092389923,0.29344919303,0.377714252869,0.104800980801,0.031662953856,0.377714252869,7,0.01,0.19,0.04,0.18,0.11,0.04,0.09,0.1,0.08,0.03,0.18
8,2,1,"abundance",0.25,"power",77,0.094692237715971,0.00340299928397805,0.170995670995671,2926,0.239245874773047,0.0733595388703529,0,0.188648212229,0.234092389923,0.29344919303,0.377714252869,0.104800980801,0.031662953856,0.377714252869,7,0.06,0.17,0.04,0.23,0.13,0.07,0.14,0.1,0.13,0.09,0.16
8,2,1,"abundance",0.3,"power",77,0.094692237715971,0.00340299928397805,0.170995670995671,2926,0.239245874773047,0.0733595388703529,0,0.188648212229,0.234092389923,0.29344919303,0.377714252869,0.104800980801,0.031662953856,0.377714252869,7,0.09,0.35,0.07,0.36,0.3,0.08,0.16,0.11,0.16,0.08,0.32
8,2,1,"abundance",0.35,"power",77,0.094692237715971,0.00340299928397805,0.170995670995671,2926,0.239245874773047,0.0733595388703529,0,0.188648212229,0.234092389923,0.29344919303,0.377714252869,0.104800980801,0.031662953856,0.377714252869,7,0.04,0.33,0.08,0.37,0.3,0.04,0.2,0.12,0.24,0.07,0.33
8,2,1,"abundance",0.4,"power",77,0.094692237715971,0.00340299928397805,0.170995670995671,2926,0.239245874773047,0.0733595388703529,0,0.188648212229,0.234092389923,0.29344919303,0.377714252869,0.104800980801,0.031662953856,0.377714252869,7,0.03,0.48,0.01,0.43,0.38,0.06,0.26,0.21,0.25,0.03,0.49
8,2,1,"abundance",0.45,"power",77,0.094692237715971,0.00340299928397805,0.170995670995671,2926,0.239245874773047,0.0733595388703529,0,0.188648212229,0.234092389923,0.29344919303,0.377714252869,0.104800980801,0.031662953856,0.377714252869,7,0.01,0.56,0.05,0.6,0.56,0.1,0.35,0.21,0.35,0.04,0.62
8,2,1,"abundance",0.5,"power",77,0.094692237715971,0.00340299928397805,0.170995670995671,2926,0.239245874773047,0.0733595388703529,0,0.188648212229,0.234092389923,0.29344919303,0.377714252869,0.104800980801,0.031662953856,0.377714252869,7,0.05,0.75,0.04,0.75,0.67,0.08,0.43,0.27,0.43,0.06,0.74
8,2,1,"abundance",0.55,"power",77,0.094692237715971,0.00340299928397805,0.170995670995671,2926,0.239245874773047,0.0733595388703529,0,0.188648212229,0.234092389923,0.29344919303,0.377714252869,0.104800980801,0.031662953856,0.377714252869,7,0.06,0.74,0.07,0.73,0.72,0.13,0.6,0.37,0.6,0.1,0.75
8,2,1,"abundance",0.6,"power",77,0.094692237715971,0.00340299928397805,0.170995670995671,2926,0.239245874773047,0.0733595388703529,0,0.188648212229,0.234092389923,0.29344919303,0.377714252869,0.104800980801,0.031662953856,0.377714252869,7,0.03,0.83,0.03,0.85,0.82,0.1,0.7,0.48,0.67,0.04,0.9
8,2,1,"both",0,"type1_error",77,0.094692237715971,0.00340299928397805,0.170995670995671,2926,0.239245874773047,0.0733595388703529,0,0.188648212229,0.234092389923,0.29344919303,0.377714252869,0.104800980801,0.031662953856,0.377714252869,7,0.04,0.06,0.04,0.06,0.03,0.06,0.04,0.05,0.04,0.04,0.04
8,2,1,"both",0.05,"power",77,0.094692237715971,0.00340299928397805,0.170995670995671,2926,0.239245874773047,0.0733595388703529,0,0.188648212229,0.234092389923,0.29344919303,0.377714252869,0.104800980801,0.031662953856,0.377714252869,7,0.09,0.08,0.06,0.08,0.09,0.05,0.06,0.06,0.06,0.04,0.08
8,2,1,"both",0.1,"power",77,0.094692237715971,0.00340299928397805,0.170995670995671,2926,0.239245874773047,0.0733595388703529,0,0.188648212229,0.234092389923,0.29344919303,0.377714252869,0.104800980801,0.031662953856,0.377714252869,7,0.07,0.09,0.06,0.06,0.06,0.05,0.05,0.06,0.06,0.09,0.1
8,2,1,"both",0.15,"power",77,0.094692237715971,0.00340299928397805,0.170995670995671,2926,0.239245874773047,0.0733595388703529,0,0.188648212229,0.234092389923,0.29344919303,0.377714252869,0.104800980801,0.031662953856,0.377714252869,7,0.08,0.13,0.04,0.15,0.1,0.1,0.14,0.13,0.13,0.07,0.14
8,2,1,"both",0.2,"power",77,0.094692237715971,0.00340299928397805,0.170995670995671,2926,0.239245874773047,0.0733595388703529,0,0.188648212229,0.234092389923,0.29344919303,0.377714252869,0.104800980801,0.031662953856,0.377714252869,7,0.09,0.2,0.04,0.24,0.24,0.11,0.09,0.08,0.09,0.07,0.27
8,2,1,"both",0.25,"power",77,0.094692237715971,0.00340299928397805,0.170995670995671,2926,0.239245874773047,0.0733595388703529,0,0.188648212229,0.234092389923,0.29344919303,0.377714252869,0.104800980801,0.031662953856,0.377714252869,7,0.07,0.34,0.06,0.35,0.27,0.13,0.14,0.09,0.14,0.06,0.34
8,2,1,"both",0.3,"power",77,0.094692237715971,0.00340299928397805,0.170995670995671,2926,0.239245874773047,0.0733595388703529,0,0.188648212229,0.234092389923,0.29344919303,0.377714252869,0.104800980801,0.031662953856,0.377714252869,7,0.19,0.36,0.07,0.37,0.38,0.29,0.19,0.09,0.2,0.14,0.41
8,2,1,"both",0.35,"power",77,0.094692237715971,0.00340299928397805,0.170995670995671,2926,0.239245874773047,0.0733595388703529,0,0.188648212229,0.234092389923,0.29344919303,0.377714252869,0.104800980801,0.031662953856,0.377714252869,7,0.17,0.55,0.15,0.57,0.52,0.28,0.24,0.19,0.23,0.1,0.51
8,2,1,"both",0.4,"power",77,0.094692237715971,0.00340299928397805,0.170995670995671,2926,0.239245874773047,0.0733595388703529,0,0.188648212229,0.234092389923,0.29344919303,0.377714252869,0.104800980801,0.031662953856,0.377714252869,7,0.32,0.67,0.12,0.67,0.69,0.44,0.39,0.19,0.38,0.21,0.71
8,2,1,"both",0.45,"power",77,0.094692237715971,0.00340299928397805,0.170995670995671,2926,0.239245874773047,0.0733595388703529,0,0.188648212229,0.234092389923,0.29344919303,0.377714252869,0.104800980801,0.031662953856,0.377714252869,7,0.33,0.72,0.19,0.73,0.82,0.54,0.61,0.21,0.59,0.2,0.79
8,2,1,"both",0.5,"power",77,0.094692237715971,0.00340299928397805,0.170995670995671,2926,0.239245874773047,0.0733595388703529,0,0.188648212229,0.234092389923,0.29344919303,0.377714252869,0.104800980801,0.031662953856,0.377714252869,7,0.44,0.88,0.18,0.91,0.95,0.62,0.69,0.38,0.69,0.2,0.93
8,2,1,"both",0.55,"power",77,0.094692237715971,0.00340299928397805,0.170995670995671,2926,0.239245874773047,0.0733595388703529,0,0.188648212229,0.234092389923,0.29344919303,0.377714252869,0.104800980801,0.031662953856,0.377714252869,7,0.6,0.95,0.26,0.95,0.97,0.89,0.77,0.38,0.77,0.36,0.97
8,2,1,"both",0.6,"power",77,0.094692237715971,0.00340299928397805,0.170995670995671,2926,0.239245874773047,0.0733595388703529,0,0.188648212229,0.234092389923,0.29344919303,0.377714252869,0.104800980801,0.031662953856,0.377714252869,7,0.73,0.92,0.31,0.92,0.97,0.92,0.89,0.51,0.88,0.39,0.96
8,2,1,"prevalence",0,"type1_error",77,0.094692237715971,0.00340299928397805,0.170995670995671,2926,0.239245874773047,0.0733595388703529,0,0.188648212229,0.234092389923,0.29344919303,0.377714252869,0.104800980801,0.031662953856,0.377714252869,7,0.03,0.04,0.04,0.05,0.04,0.03,0.03,0.04,0.04,0.06,0.04
8,2,1,"prevalence",0.05,"power",77,0.094692237715971,0.00340299928397805,0.170995670995671,2926,0.239245874773047,0.0733595388703529,0,0.188648212229,0.234092389923,0.29344919303,0.377714252869,0.104800980801,0.031662953856,0.377714252869,7,0.02,0.03,0.02,0.05,0.04,0.04,0.04,0.03,0.04,0.02,0.03
8,2,1,"prevalence",0.1,"power",77,0.094692237715971,0.00340299928397805,0.170995670995671,2926,0.239245874773047,0.0733595388703529,0,0.188648212229,0.234092389923,0.29344919303,0.377714252869,0.104800980801,0.031662953856,0.377714252869,7,0.05,0.07,0.04,0.06,0.06,0.06,0.07,0.06,0.06,0.06,0.06
8,2,1,"prevalence",0.15,"power",77,0.094692237715971,0.00340299928397805,0.170995670995671,2926,0.239245874773047,0.0733595388703529,0,0.188648212229,0.234092389923,0.29344919303,0.377714252869,0.104800980801,0.031662953856,0.377714252869,7,0.02,0.02,0.04,0,0.06,0.02,0.05,0.03,0.05,0.04,0.02
8,2,1,"prevalence",0.2,"power",77,0.094692237715971,0.00340299928397805,0.170995670995671,2926,0.239245874773047,0.0733595388703529,0,0.188648212229,0.234092389923,0.29344919303,0.377714252869,0.104800980801,0.031662953856,0.377714252869,7,0.06,0.06,0.07,0.05,0.04,0.05,0.05,0.02,0.04,0.04,0.04
8,2,1,"prevalence",0.25,"power",77,0.094692237715971,0.00340299928397805,0.170995670995671,2926,0.239245874773047,0.0733595388703529,0,0.188648212229,0.234092389923,0.29344919303,0.377714252869,0.104800980801,0.031662953856,0.377714252869,7,0.15,0.06,0.09,0.07,0.1,0.13,0.06,0.05,0.05,0.11,0.05
8,2,1,"prevalence",0.3,"power",77,0.094692237715971,0.00340299928397805,0.170995670995671,2926,0.239245874773047,0.0733595388703529,0,0.188648212229,0.234092389923,0.29344919303,0.377714252869,0.104800980801,0.031662953856,0.377714252869,7,0.08,0.07,0.03,0.08,0.06,0.09,0.05,0.04,0.05,0.04,0.08
8,2,1,"prevalence",0.35,"power",77,0.094692237715971,0.00340299928397805,0.170995670995671,2926,0.239245874773047,0.0733595388703529,0,0.188648212229,0.234092389923,0.29344919303,0.377714252869,0.104800980801,0.031662953856,0.377714252869,7,0.21,0.05,0.13,0.04,0.07,0.18,0.07,0.03,0.07,0.17,0.07
8,2,1,"prevalence",0.4,"power",77,0.094692237715971,0.00340299928397805,0.170995670995671,2926,0.239245874773047,0.0733595388703529,0,0.188648212229,0.234092389923,0.29344919303,0.377714252869,0.104800980801,0.031662953856,0.377714252869,7,0.24,0.04,0.15,0.06,0.06,0.15,0.04,0.03,0.03,0.16,0.05
8,2,1,"prevalence",0.45,"power",77,0.094692237715971,0.00340299928397805,0.170995670995671,2926,0.239245874773047,0.0733595388703529,0,0.188648212229,0.234092389923,0.29344919303,0.377714252869,0.104800980801,0.031662953856,0.377714252869,7,0.32,0.08,0.13,0.07,0.1,0.23,0.06,0.07,0.06,0.23,0.11
8,2,1,"prevalence",0.5,"power",77,0.094692237715971,0.00340299928397805,0.170995670995671,2926,0.239245874773047,0.0733595388703529,0,0.188648212229,0.234092389923,0.29344919303,0.377714252869,0.104800980801,0.031662953856,0.377714252869,7,0.51,0.04,0.18,0.05,0.15,0.35,0.09,0.08,0.09,0.37,0.09
8,2,1,"prevalence",0.55,"power",77,0.094692237715971,0.00340299928397805,0.170995670995671,2926,0.239245874773047,0.0733595388703529,0,0.188648212229,0.234092389923,0.29344919303,0.377714252869,0.104800980801,0.031662953856,0.377714252869,7,0.61,0.09,0.21,0.11,0.09,0.36,0.1,0.1,0.12,0.3,0.09
8,2,1,"prevalence",0.6,"power",77,0.094692237715971,0.00340299928397805,0.170995670995671,2926,0.239245874773047,0.0733595388703529,0,0.188648212229,0.234092389923,0.29344919303,0.377714252869,0.104800980801,0.031662953856,0.377714252869,7,0.8,0.06,0.3,0.06,0.1,0.56,0.09,0.04,0.08,0.49,0.05
8,7,2,"abundance",0,"type1_error",77,0.00479525315535938,0.00263011863728081,0.167532467532468,2926,0.328454584547345,0.0567403315695777,0,0.315392314808,0.338093837144,0.354951452538,0.3805862612188,0.03955913773,0.262653402898,0.3805862612188,232,0.05,0.09,0.05,0.09,0.08,0.06,0.08,0.06,0.08,0.04,0.09
8,7,2,"abundance",0.05,"power",77,0.00479525315535938,0.00263011863728081,0.167532467532468,2926,0.328454584547345,0.0567403315695777,0,0.315392314808,0.338093837144,0.354951452538,0.3805862612188,0.03955913773,0.262653402898,0.3805862612188,232,0.02,0.04,0.03,0.04,0.03,0.04,0.05,0.04,0.04,0.02,0.02
8,7,2,"abundance",0.1,"power",77,0.00479525315535938,0.00263011863728081,0.167532467532468,2926,0.328454584547345,0.0567403315695777,0,0.315392314808,0.338093837144,0.354951452538,0.3805862612188,0.03955913773,0.262653402898,0.3805862612188,232,0.05,0.06,0.11,0.05,0.04,0.05,0.06,0.06,0.05,0.06,0.02
8,7,2,"abundance",0.15,"power",77,0.00479525315535938,0.00263011863728081,0.167532467532468,2926,0.328454584547345,0.0567403315695777,0,0.315392314808,0.338093837144,0.354951452538,0.3805862612188,0.03955913773,0.262653402898,0.3805862612188,232,0.08,0.04,0.07,0.01,0.06,0.06,0.04,0.04,0.04,0.07,0.05
8,7,2,"abundance",0.2,"power",77,0.00479525315535938,0.00263011863728081,0.167532467532468,2926,0.328454584547345,0.0567403315695777,0,0.315392314808,0.338093837144,0.354951452538,0.3805862612188,0.03955913773,0.262653402898,0.3805862612188,232,0.07,0.09,0.07,0.09,0.07,0.05,0.03,0.05,0.03,0.07,0.11
8,7,2,"abundance",0.25,"power",77,0.00479525315535938,0.00263011863728081,0.167532467532468,2926,0.328454584547345,0.0567403315695777,0,0.315392314808,0.338093837144,0.354951452538,0.3805862612188,0.03955913773,0.262653402898,0.3805862612188,232,0.06,0.09,0.02,0.1,0.13,0.04,0.1,0.1,0.09,0.06,0.12
8,7,2,"abundance",0.3,"power",77,0.00479525315535938,0.00263011863728081,0.167532467532468,2926,0.328454584547345,0.0567403315695777,0,0.315392314808,0.338093837144,0.354951452538,0.3805862612188,0.03955913773,0.262653402898,0.3805862612188,232,0.08,0.17,0.06,0.12,0.16,0.07,0.13,0.1,0.13,0.09,0.15
8,7,2,"abundance",0.35,"power",77,0.00479525315535938,0.00263011863728081,0.167532467532468,2926,0.328454584547345,0.0567403315695777,0,0.315392314808,0.338093837144,0.354951452538,0.3805862612188,0.03955913773,0.262653402898,0.3805862612188,232,0.07,0.1,0.05,0.07,0.22,0.09,0.19,0.13,0.2,0.07,0.14
8,7,2,"abundance",0.4,"power",77,0.00479525315535938,0.00263011863728081,0.167532467532468,2926,0.328454584547345,0.0567403315695777,0,0.315392314808,0.338093837144,0.354951452538,0.3805862612188,0.03955913773,0.262653402898,0.3805862612188,232,0.06,0.23,0.01,0.18,0.3,0.07,0.23,0.15,0.19,0.06,0.32
8,7,2,"abundance",0.45,"power",77,0.00479525315535938,0.00263011863728081,0.167532467532468,2926,0.328454584547345,0.0567403315695777,0,0.315392314808,0.338093837144,0.354951452538,0.3805862612188,0.03955913773,0.262653402898,0.3805862612188,232,0.02,0.29,0.04,0.28,0.38,0.06,0.31,0.13,0.29,0.02,0.37
8,7,2,"abundance",0.5,"power",77,0.00479525315535938,0.00263011863728081,0.167532467532468,2926,0.328454584547345,0.0567403315695777,0,0.315392314808,0.338093837144,0.354951452538,0.3805862612188,0.03955913773,0.262653402898,0.3805862612188,232,0.03,0.38,0.04,0.35,0.44,0.08,0.36,0.21,0.38,0.04,0.44
8,7,2,"abundance",0.55,"power",77,0.00479525315535938,0.00263011863728081,0.167532467532468,2926,0.328454584547345,0.0567403315695777,0,0.315392314808,0.338093837144,0.354951452538,0.3805862612188,0.03955913773,0.262653402898,0.3805862612188,232,0.08,0.45,0.03,0.38,0.61,0.09,0.45,0.3,0.49,0.05,0.54
8,7,2,"abundance",0.6,"power",77,0.00479525315535938,0.00263011863728081,0.167532467532468,2926,0.328454584547345,0.0567403315695777,0,0.315392314808,0.338093837144,0.354951452538,0.3805862612188,0.03955913773,0.262653402898,0.3805862612188,232,0.02,0.5,0.06,0.43,0.68,0.07,0.49,0.28,0.46,0.05,0.62
8,7,2,"both",0,"type1_error",77,0.00479525315535938,0.00263011863728081,0.167532467532468,2926,0.328454584547345,0.0567403315695777,0,0.315392314808,0.338093837144,0.354951452538,0.3805862612188,0.03955913773,0.262653402898,0.3805862612188,232,0.05,0.07,0.03,0.04,0.07,0.02,0.04,0.05,0.04,0.06,0.05
8,7,2,"both",0.05,"power",77,0.00479525315535938,0.00263011863728081,0.167532467532468,2926,0.328454584547345,0.0567403315695777,0,0.315392314808,0.338093837144,0.354951452538,0.3805862612188,0.03955913773,0.262653402898,0.3805862612188,232,0.04,0.04,0.03,0.03,0.05,0.08,0.03,0.04,0.04,0.03,0.05
8,7,2,"both",0.1,"power",77,0.00479525315535938,0.00263011863728081,0.167532467532468,2926,0.328454584547345,0.0567403315695777,0,0.315392314808,0.338093837144,0.354951452538,0.3805862612188,0.03955913773,0.262653402898,0.3805862612188,232,0.05,0.07,0.08,0.05,0.05,0.04,0.07,0.04,0.06,0.04,0.06
8,7,2,"both",0.15,"power",77,0.00479525315535938,0.00263011863728081,0.167532467532468,2926,0.328454584547345,0.0567403315695777,0,0.315392314808,0.338093837144,0.354951452538,0.3805862612188,0.03955913773,0.262653402898,0.3805862612188,232,0.05,0.05,0.05,0.06,0.1,0.1,0.08,0.04,0.06,0.05,0.03
8,7,2,"both",0.2,"power",77,0.00479525315535938,0.00263011863728081,0.167532467532468,2926,0.328454584547345,0.0567403315695777,0,0.315392314808,0.338093837144,0.354951452538,0.3805862612188,0.03955913773,0.262653402898,0.3805862612188,232,0.1,0.05,0.05,0.06,0.04,0.08,0.04,0.02,0.03,0.05,0.07
8,7,2,"both",0.25,"power",77,0.00479525315535938,0.00263011863728081,0.167532467532468,2926,0.328454584547345,0.0567403315695777,0,0.315392314808,0.338093837144,0.354951452538,0.3805862612188,0.03955913773,0.262653402898,0.3805862612188,232,0.09,0.14,0.07,0.11,0.12,0.14,0.11,0.07,0.09,0.1,0.1
8,7,2,"both",0.3,"power",77,0.00479525315535938,0.00263011863728081,0.167532467532468,2926,0.328454584547345,0.0567403315695777,0,0.315392314808,0.338093837144,0.354951452538,0.3805862612188,0.03955913773,0.262653402898,0.3805862612188,232,0.14,0.25,0.07,0.21,0.36,0.15,0.19,0.11,0.18,0.13,0.32
8,7,2,"both",0.35,"power",77,0.00479525315535938,0.00263011863728081,0.167532467532468,2926,0.328454584547345,0.0567403315695777,0,0.315392314808,0.338093837144,0.354951452538,0.3805862612188,0.03955913773,0.262653402898,0.3805862612188,232,0.09,0.25,0.07,0.23,0.34,0.23,0.27,0.18,0.26,0.16,0.27
8,7,2,"both",0.4,"power",77,0.00479525315535938,0.00263011863728081,0.167532467532468,2926,0.328454584547345,0.0567403315695777,0,0.315392314808,0.338093837144,0.354951452538,0.3805862612188,0.03955913773,0.262653402898,0.3805862612188,232,0.12,0.32,0.07,0.25,0.46,0.21,0.26,0.08,0.24,0.16,0.38
8,7,2,"both",0.45,"power",77,0.00479525315535938,0.00263011863728081,0.167532467532468,2926,0.328454584547345,0.0567403315695777,0,0.315392314808,0.338093837144,0.354951452538,0.3805862612188,0.03955913773,0.262653402898,0.3805862612188,232,0.18,0.38,0.09,0.38,0.63,0.36,0.4,0.17,0.36,0.22,0.45
8,7,2,"both",0.5,"power",77,0.00479525315535938,0.00263011863728081,0.167532467532468,2926,0.328454584547345,0.0567403315695777,0,0.315392314808,0.338093837144,0.354951452538,0.3805862612188,0.03955913773,0.262653402898,0.3805862612188,232,0.27,0.45,0.11,0.36,0.77,0.52,0.55,0.28,0.56,0.33,0.55
8,7,2,"both",0.55,"power",77,0.00479525315535938,0.00263011863728081,0.167532467532468,2926,0.328454584547345,0.0567403315695777,0,0.315392314808,0.338093837144,0.354951452538,0.3805862612188,0.03955913773,0.262653402898,0.3805862612188,232,0.32,0.56,0.15,0.51,0.95,0.72,0.69,0.3,0.67,0.45,0.76
8,7,2,"both",0.6,"power",77,0.00479525315535938,0.00263011863728081,0.167532467532468,2926,0.328454584547345,0.0567403315695777,0,0.315392314808,0.338093837144,0.354951452538,0.3805862612188,0.03955913773,0.262653402898,0.3805862612188,232,0.44,0.67,0.12,0.56,0.91,0.75,0.73,0.41,0.75,0.59,0.77
8,7,2,"prevalence",0,"type1_error",77,0.00479525315535938,0.00263011863728081,0.167532467532468,2926,0.328454584547345,0.0567403315695777,0,0.315392314808,0.338093837144,0.354951452538,0.3805862612188,0.03955913773,0.262653402898,0.3805862612188,232,0.04,0.06,0.03,0.03,0.03,0.03,0.04,0.03,0.04,0.02,0.03
8,7,2,"prevalence",0.05,"power",77,0.00479525315535938,0.00263011863728081,0.167532467532468,2926,0.328454584547345,0.0567403315695777,0,0.315392314808,0.338093837144,0.354951452538,0.3805862612188,0.03955913773,0.262653402898,0.3805862612188,232,0.14,0.05,0.05,0.06,0.04,0.07,0.1,0.11,0.08,0.12,0.04
8,7,2,"prevalence",0.1,"power",77,0.00479525315535938,0.00263011863728081,0.167532467532468,2926,0.328454584547345,0.0567403315695777,0,0.315392314808,0.338093837144,0.354951452538,0.3805862612188,0.03955913773,0.262653402898,0.3805862612188,232,0.05,0.03,0.02,0.04,0.04,0.07,0.05,0.06,0.04,0.04,0.05
8,7,2,"prevalence",0.15,"power",77,0.00479525315535938,0.00263011863728081,0.167532467532468,2926,0.328454584547345,0.0567403315695777,0,0.315392314808,0.338093837144,0.354951452538,0.3805862612188,0.03955913773,0.262653402898,0.3805862612188,232,0.07,0.03,0.05,0.04,0.03,0.06,0.04,0.05,0.04,0.05,0.02
8,7,2,"prevalence",0.2,"power",77,0.00479525315535938,0.00263011863728081,0.167532467532468,2926,0.328454584547345,0.0567403315695777,0,0.315392314808,0.338093837144,0.354951452538,0.3805862612188,0.03955913773,0.262653402898,0.3805862612188,232,0.08,0.04,0.08,0.05,0.05,0.05,0.05,0.03,0.04,0.07,0.08
8,7,2,"prevalence",0.25,"power",77,0.00479525315535938,0.00263011863728081,0.167532467532468,2926,0.328454584547345,0.0567403315695777,0,0.315392314808,0.338093837144,0.354951452538,0.3805862612188,0.03955913773,0.262653402898,0.3805862612188,232,0.06,0.02,0.13,0.01,0.03,0.05,0.02,0.03,0.02,0.05,0.02
8,7,2,"prevalence",0.3,"power",77,0.00479525315535938,0.00263011863728081,0.167532467532468,2926,0.328454584547345,0.0567403315695777,0,0.315392314808,0.338093837144,0.354951452538,0.3805862612188,0.03955913773,0.262653402898,0.3805862612188,232,0.09,0.03,0.08,0.04,0.05,0.07,0.04,0.04,0.04,0.12,0.06
8,7,2,"prevalence",0.35,"power",77,0.00479525315535938,0.00263011863728081,0.167532467532468,2926,0.328454584547345,0.0567403315695777,0,0.315392314808,0.338093837144,0.354951452538,0.3805862612188,0.03955913773,0.262653402898,0.3805862612188,232,0.12,0.08,0.1,0.1,0.07,0.09,0.03,0.03,0.03,0.18,0.06
8,7,2,"prevalence",0.4,"power",77,0.00479525315535938,0.00263011863728081,0.167532467532468,2926,0.328454584547345,0.0567403315695777,0,0.315392314808,0.338093837144,0.354951452538,0.3805862612188,0.03955913773,0.262653402898,0.3805862612188,232,0.14,0.06,0.08,0.06,0.06,0.12,0.04,0.03,0.05,0.18,0.05
8,7,2,"prevalence",0.45,"power",77,0.00479525315535938,0.00263011863728081,0.167532467532468,2926,0.328454584547345,0.0567403315695777,0,0.315392314808,0.338093837144,0.354951452538,0.3805862612188,0.03955913773,0.262653402898,0.3805862612188,232,0.3,0.08,0.03,0.13,0.09,0.2,0.06,0.06,0.05,0.32,0.1
8,7,2,"prevalence",0.5,"power",77,0.00479525315535938,0.00263011863728081,0.167532467532468,2926,0.328454584547345,0.0567403315695777,0,0.315392314808,0.338093837144,0.354951452538,0.3805862612188,0.03955913773,0.262653402898,0.3805862612188,232,0.32,0.02,0.18,0.02,0.05,0.19,0.04,0.03,0.02,0.42,0.02
8,7,2,"prevalence",0.55,"power",77,0.00479525315535938,0.00263011863728081,0.167532467532468,2926,0.328454584547345,0.0567403315695777,0,0.315392314808,0.338093837144,0.354951452538,0.3805862612188,0.03955913773,0.262653402898,0.3805862612188,232,0.3,0.05,0.16,0.03,0.14,0.23,0.09,0.07,0.08,0.47,0.08
8,7,2,"prevalence",0.6,"power",77,0.00479525315535938,0.00263011863728081,0.167532467532468,2926,0.328454584547345,0.0567403315695777,0,0.315392314808,0.338093837144,0.354951452538,0.3805862612188,0.03955913773,0.262653402898,0.3805862612188,232,0.45,0.07,0.18,0.06,0.06,0.24,0.03,0.03,0.03,0.51,0.05
8,4,3,"abundance",0,"type1_error",77,0.14360327055421,0.0019251432613828,0.155627705627706,2926,0.31750192088757,0.105188839103158,0.00315209675,0.256987014129,0.338093837173,0.4151061077398,0.4151061077558,0.1581190936108,0.02338390966,0.4151061077558,5,0.05,0.03,0.03,0.04,0.02,0.06,0.06,0.08,0.06,0.02,0.03
8,4,3,"abundance",0.05,"power",77,0.14360327055421,0.0019251432613828,0.155627705627706,2926,0.31750192088757,0.105188839103158,0.00315209675,0.256987014129,0.338093837173,0.4151061077398,0.4151061077558,0.1581190936108,0.02338390966,0.4151061077558,5,0.03,0.07,0.02,0.07,0.04,0.02,0.06,0.08,0.05,0.04,0.05
8,4,3,"abundance",0.1,"power",77,0.14360327055421,0.0019251432613828,0.155627705627706,2926,0.31750192088757,0.105188839103158,0.00315209675,0.256987014129,0.338093837173,0.4151061077398,0.4151061077558,0.1581190936108,0.02338390966,0.4151061077558,5,0.04,0.06,0.06,0.05,0.1,0.05,0.07,0.03,0.06,0.02,0.07
8,4,3,"abundance",0.15,"power",77,0.14360327055421,0.0019251432613828,0.155627705627706,2926,0.31750192088757,0.105188839103158,0.00315209675,0.256987014129,0.338093837173,0.4151061077398,0.4151061077558,0.1581190936108,0.02338390966,0.4151061077558,5,0.04,0.03,0.05,0.04,0.03,0.06,0.09,0.08,0.08,0.06,0.05
8,4,3,"abundance",0.2,"power",77,0.14360327055421,0.0019251432613828,0.155627705627706,2926,0.31750192088757,0.105188839103158,0.00315209675,0.256987014129,0.338093837173,0.4151061077398,0.4151061077558,0.1581190936108,0.02338390966,0.4151061077558,5,0.03,0.06,0.05,0.05,0.09,0.06,0.06,0.03,0.05,0.03,0.07
8,4,3,"abundance",0.25,"power",77,0.14360327055421,0.0019251432613828,0.155627705627706,2926,0.31750192088757,0.105188839103158,0.00315209675,0.256987014129,0.338093837173,0.4151061077398,0.4151061077558,0.1581190936108,0.02338390966,0.4151061077558,5,0.07,0.12,0.05,0.1,0.11,0.07,0.12,0.06,0.11,0.04,0.11
8,4,3,"abundance",0.3,"power",77,0.14360327055421,0.0019251432613828,0.155627705627706,2926,0.31750192088757,0.105188839103158,0.00315209675,0.256987014129,0.338093837173,0.4151061077398,0.4151061077558,0.1581190936108,0.02338390966,0.4151061077558,5,0.06,0.11,0.07,0.09,0.13,0.04,0.09,0.06,0.07,0.07,0.14
8,4,3,"abundance",0.35,"power",77,0.14360327055421,0.0019251432613828,0.155627705627706,2926,0.31750192088757,0.105188839103158,0.00315209675,0.256987014129,0.338093837173,0.4151061077398,0.4151061077558,0.1581190936108,0.02338390966,0.4151061077558,5,0.02,0.09,0.04,0.1,0.23,0.03,0.19,0.1,0.2,0.03,0.23
8,4,3,"abundance",0.4,"power",77,0.14360327055421,0.0019251432613828,0.155627705627706,2926,0.31750192088757,0.105188839103158,0.00315209675,0.256987014129,0.338093837173,0.4151061077398,0.4151061077558,0.1581190936108,0.02338390966,0.4151061077558,5,0.05,0.2,0.04,0.11,0.22,0.05,0.15,0.12,0.16,0.04,0.25
8,4,3,"abundance",0.45,"power",77,0.14360327055421,0.0019251432613828,0.155627705627706,2926,0.31750192088757,0.105188839103158,0.00315209675,0.256987014129,0.338093837173,0.4151061077398,0.4151061077558,0.1581190936108,0.02338390966,0.4151061077558,5,0.07,0.15,0.05,0.13,0.3,0.07,0.16,0.13,0.18,0.03,0.3
8,4,3,"abundance",0.5,"power",77,0.14360327055421,0.0019251432613828,0.155627705627706,2926,0.31750192088757,0.105188839103158,0.00315209675,0.256987014129,0.338093837173,0.4151061077398,0.4151061077558,0.1581190936108,0.02338390966,0.4151061077558,5,0.04,0.21,0.06,0.07,0.35,0.07,0.21,0.15,0.19,0.07,0.34
8,4,3,"abundance",0.55,"power",77,0.14360327055421,0.0019251432613828,0.155627705627706,2926,0.31750192088757,0.105188839103158,0.00315209675,0.256987014129,0.338093837173,0.4151061077398,0.4151061077558,0.1581190936108,0.02338390966,0.4151061077558,5,0.07,0.24,0.07,0.18,0.45,0.1,0.26,0.14,0.27,0.06,0.35
8,4,3,"abundance",0.6,"power",77,0.14360327055421,0.0019251432613828,0.155627705627706,2926,0.31750192088757,0.105188839103158,0.00315209675,0.256987014129,0.338093837173,0.4151061077398,0.4151061077558,0.1581190936108,0.02338390966,0.4151061077558,5,0.02,0.23,0.05,0.14,0.45,0.04,0.31,0.23,0.29,0.02,0.45
8,4,3,"both",0,"type1_error",77,0.14360327055421,0.0019251432613828,0.155627705627706,2926,0.31750192088757,0.105188839103158,0.00315209675,0.256987014129,0.338093837173,0.4151061077398,0.4151061077558,0.1581190936108,0.02338390966,0.4151061077558,5,0.03,0.09,0.03,0.07,0.05,0.03,0.04,0.05,0.04,0.05,0.07
8,4,3,"both",0.05,"power",77,0.14360327055421,0.0019251432613828,0.155627705627706,2926,0.31750192088757,0.105188839103158,0.00315209675,0.256987014129,0.338093837173,0.4151061077398,0.4151061077558,0.1581190936108,0.02338390966,0.4151061077558,5,0.07,0.05,0.09,0.04,0.06,0.05,0.04,0.05,0.04,0.04,0.04
8,4,3,"both",0.1,"power",77,0.14360327055421,0.0019251432613828,0.155627705627706,2926,0.31750192088757,0.105188839103158,0.00315209675,0.256987014129,0.338093837173,0.4151061077398,0.4151061077558,0.1581190936108,0.02338390966,0.4151061077558,5,0.05,0.05,0.05,0.03,0.04,0.02,0.03,0.07,0.04,0.02,0.06
8,4,3,"both",0.15,"power",77,0.14360327055421,0.0019251432613828,0.155627705627706,2926,0.31750192088757,0.105188839103158,0.00315209675,0.256987014129,0.338093837173,0.4151061077398,0.4151061077558,0.1581190936108,0.02338390966,0.4151061077558,5,0.06,0.07,0.04,0.07,0.11,0.06,0.09,0.05,0.09,0.04,0.09
8,4,3,"both",0.2,"power",77,0.14360327055421,0.0019251432613828,0.155627705627706,2926,0.31750192088757,0.105188839103158,0.00315209675,0.256987014129,0.338093837173,0.4151061077398,0.4151061077558,0.1581190936108,0.02338390966,0.4151061077558,5,0.11,0.06,0.04,0.06,0.14,0.11,0.07,0.03,0.08,0.05,0.1
8,4,3,"both",0.25,"power",77,0.14360327055421,0.0019251432613828,0.155627705627706,2926,0.31750192088757,0.105188839103158,0.00315209675,0.256987014129,0.338093837173,0.4151061077398,0.4151061077558,0.1581190936108,0.02338390966,0.4151061077558,5,0.06,0.08,0.1,0.05,0.17,0.08,0.11,0.06,0.1,0.05,0.17
8,4,3,"both",0.3,"power",77,0.14360327055421,0.0019251432613828,0.155627705627706,2926,0.31750192088757,0.105188839103158,0.00315209675,0.256987014129,0.338093837173,0.4151061077398,0.4151061077558,0.1581190936108,0.02338390966,0.4151061077558,5,0.12,0.07,0.11,0.06,0.24,0.13,0.11,0.07,0.12,0.14,0.14
8,4,3,"both",0.35,"power",77,0.14360327055421,0.0019251432613828,0.155627705627706,2926,0.31750192088757,0.105188839103158,0.00315209675,0.256987014129,0.338093837173,0.4151061077398,0.4151061077558,0.1581190936108,0.02338390966,0.4151061077558,5,0.19,0.2,0.12,0.09,0.33,0.19,0.1,0.09,0.11,0.13,0.29
8,4,3,"both",0.4,"power",77,0.14360327055421,0.0019251432613828,0.155627705627706,2926,0.31750192088757,0.105188839103158,0.00315209675,0.256987014129,0.338093837173,0.4151061077398,0.4151061077558,0.1581190936108,0.02338390966,0.4151061077558,5,0.25,0.15,0.15,0.08,0.44,0.25,0.17,0.12,0.17,0.16,0.39
8,4,3,"both",0.45,"power",77,0.14360327055421,0.0019251432613828,0.155627705627706,2926,0.31750192088757,0.105188839103158,0.00315209675,0.256987014129,0.338093837173,0.4151061077398,0.4151061077558,0.1581190936108,0.02338390966,0.4151061077558,5,0.36,0.41,0.23,0.24,0.65,0.46,0.4,0.29,0.38,0.19,0.6
8,4,3,"both",0.5,"power",77,0.14360327055421,0.0019251432613828,0.155627705627706,2926,0.31750192088757,0.105188839103158,0.00315209675,0.256987014129,0.338093837173,0.4151061077398,0.4151061077558,0.1581190936108,0.02338390966,0.4151061077558,5,0.34,0.31,0.19,0.18,0.75,0.47,0.36,0.13,0.38,0.23,0.6
8,4,3,"both",0.55,"power",77,0.14360327055421,0.0019251432613828,0.155627705627706,2926,0.31750192088757,0.105188839103158,0.00315209675,0.256987014129,0.338093837173,0.4151061077398,0.4151061077558,0.1581190936108,0.02338390966,0.4151061077558,5,0.49,0.49,0.24,0.33,0.88,0.73,0.56,0.27,0.56,0.28,0.77
8,4,3,"both",0.6,"power",77,0.14360327055421,0.0019251432613828,0.155627705627706,2926,0.31750192088757,0.105188839103158,0.00315209675,0.256987014129,0.338093837173,0.4151061077398,0.4151061077558,0.1581190936108,0.02338390966,0.4151061077558,5,0.64,0.54,0.2,0.39,0.96,0.81,0.62,0.29,0.62,0.33,0.86
8,4,3,"prevalence",0,"type1_error",77,0.14360327055421,0.0019251432613828,0.155627705627706,2926,0.31750192088757,0.105188839103158,0.00315209675,0.256987014129,0.338093837173,0.4151061077398,0.4151061077558,0.1581190936108,0.02338390966,0.4151061077558,5,0.03,0.08,0.07,0.07,0.05,0.09,0.02,0.03,0.03,0.03,0.07
8,4,3,"prevalence",0.05,"power",77,0.14360327055421,0.0019251432613828,0.155627705627706,2926,0.31750192088757,0.105188839103158,0.00315209675,0.256987014129,0.338093837173,0.4151061077398,0.4151061077558,0.1581190936108,0.02338390966,0.4151061077558,5,0.02,0.05,0.02,0.05,0.03,0.03,0.08,0.06,0.07,0.02,0.05
8,4,3,"prevalence",0.1,"power",77,0.14360327055421,0.0019251432613828,0.155627705627706,2926,0.31750192088757,0.105188839103158,0.00315209675,0.256987014129,0.338093837173,0.4151061077398,0.4151061077558,0.1581190936108,0.02338390966,0.4151061077558,5,0.02,0.05,0.04,0.05,0.08,0.04,0.08,0.03,0.07,0.04,0.08
8,4,3,"prevalence",0.15,"power",77,0.14360327055421,0.0019251432613828,0.155627705627706,2926,0.31750192088757,0.105188839103158,0.00315209675,0.256987014129,0.338093837173,0.4151061077398,0.4151061077558,0.1581190936108,0.02338390966,0.4151061077558,5,0.07,0.07,0.06,0.07,0.06,0.08,0.05,0.07,0.04,0.08,0.08
8,4,3,"prevalence",0.2,"power",77,0.14360327055421,0.0019251432613828,0.155627705627706,2926,0.31750192088757,0.105188839103158,0.00315209675,0.256987014129,0.338093837173,0.4151061077398,0.4151061077558,0.1581190936108,0.02338390966,0.4151061077558,5,0.16,0.07,0.08,0.05,0.09,0.08,0.04,0.05,0.03,0.11,0.07
8,4,3,"prevalence",0.25,"power",77,0.14360327055421,0.0019251432613828,0.155627705627706,2926,0.31750192088757,0.105188839103158,0.00315209675,0.256987014129,0.338093837173,0.4151061077398,0.4151061077558,0.1581190936108,0.02338390966,0.4151061077558,5,0.06,0.03,0.07,0.05,0.01,0.02,0.02,0.01,0.03,0.05,0.03
8,4,3,"prevalence",0.3,"power",77,0.14360327055421,0.0019251432613828,0.155627705627706,2926,0.31750192088757,0.105188839103158,0.00315209675,0.256987014129,0.338093837173,0.4151061077398,0.4151061077558,0.1581190936108,0.02338390966,0.4151061077558,5,0.15,0.08,0.09,0.1,0.05,0.09,0.02,0.04,0.02,0.09,0.08
8,4,3,"prevalence",0.35,"power",77,0.14360327055421,0.0019251432613828,0.155627705627706,2926,0.31750192088757,0.105188839103158,0.00315209675,0.256987014129,0.338093837173,0.4151061077398,0.4151061077558,0.1581190936108,0.02338390966,0.4151061077558,5,0.17,0.05,0.12,0.06,0.06,0.11,0.03,0.03,0.03,0.08,0.07
8,4,3,"prevalence",0.4,"power",77,0.14360327055421,0.0019251432613828,0.155627705627706,2926,0.31750192088757,0.105188839103158,0.00315209675,0.256987014129,0.338093837173,0.4151061077398,0.4151061077558,0.1581190936108,0.02338390966,0.4151061077558,5,0.11,0.05,0.08,0.03,0.08,0.12,0.08,0.06,0.07,0.06,0.08
8,4,3,"prevalence",0.45,"power",77,0.14360327055421,0.0019251432613828,0.155627705627706,2926,0.31750192088757,0.105188839103158,0.00315209675,0.256987014129,0.338093837173,0.4151061077398,0.4151061077558,0.1581190936108,0.02338390966,0.4151061077558,5,0.29,0.04,0.19,0.06,0.07,0.12,0.04,0.03,0.03,0.16,0.03
8,4,3,"prevalence",0.5,"power",77,0.14360327055421,0.0019251432613828,0.155627705627706,2926,0.31750192088757,0.105188839103158,0.00315209675,0.256987014129,0.338093837173,0.4151061077398,0.4151061077558,0.1581190936108,0.02338390966,0.4151061077558,5,0.43,0.03,0.19,0.03,0.06,0.19,0.03,0.04,0.03,0.31,0.04
8,4,3,"prevalence",0.55,"power",77,0.14360327055421,0.0019251432613828,0.155627705627706,2926,0.31750192088757,0.105188839103158,0.00315209675,0.256987014129,0.338093837173,0.4151061077398,0.4151061077558,0.1581190936108,0.02338390966,0.4151061077558,5,0.6,0.02,0.23,0.02,0.15,0.3,0.06,0.04,0.05,0.33,0.07
8,4,3,"prevalence",0.6,"power",77,0.14360327055421,0.0019251432613828,0.155627705627706,2926,0.31750192088757,0.105188839103158,0.00315209675,0.256987014129,0.338093837173,0.4151061077398,0.4151061077558,0.1581190936108,0.02338390966,0.4151061077558,5,0.67,0.05,0.27,0.03,0.1,0.39,0.12,0.07,0.1,0.41,0.06
8,1,4,"abundance",0,"type1_error",77,0.282555862656558,0.00160297053880335,0.144805194805195,2926,0.266762570720137,0.0783100522841126,0.003018875384,0.22978751774,0.283637661376,0.34067568676,0.355304135656,0.11088816902,0.063828230652,0.355304135656,44,0.03,0.03,0.05,0.04,0.04,0.03,0.04,0.02,0.04,0.04,0.03
8,1,4,"abundance",0.05,"power",77,0.282555862656558,0.00160297053880335,0.144805194805195,2926,0.266762570720137,0.0783100522841126,0.003018875384,0.22978751774,0.283637661376,0.34067568676,0.355304135656,0.11088816902,0.063828230652,0.355304135656,44,0.04,0.06,0.05,0.06,0.06,0.04,0.04,0.11,0.07,0.05,0.05
8,1,4,"abundance",0.1,"power",77,0.282555862656558,0.00160297053880335,0.144805194805195,2926,0.266762570720137,0.0783100522841126,0.003018875384,0.22978751774,0.283637661376,0.34067568676,0.355304135656,0.11088816902,0.063828230652,0.355304135656,44,0.03,0.07,0.01,0.06,0.02,0.02,0.02,0.04,0.02,0,0.08
8,1,4,"abundance",0.15,"power",77,0.282555862656558,0.00160297053880335,0.144805194805195,2926,0.266762570720137,0.0783100522841126,0.003018875384,0.22978751774,0.283637661376,0.34067568676,0.355304135656,0.11088816902,0.063828230652,0.355304135656,44,0.05,0.07,0.04,0.05,0.06,0.04,0.08,0.08,0.11,0.05,0.03
8,1,4,"abundance",0.2,"power",77,0.282555862656558,0.00160297053880335,0.144805194805195,2926,0.266762570720137,0.0783100522841126,0.003018875384,0.22978751774,0.283637661376,0.34067568676,0.355304135656,0.11088816902,0.063828230652,0.355304135656,44,0.09,0.06,0.06,0.07,0.04,0.1,0.09,0.07,0.09,0.06,0.06
8,1,4,"abundance",0.25,"power",77,0.282555862656558,0.00160297053880335,0.144805194805195,2926,0.266762570720137,0.0783100522841126,0.003018875384,0.22978751774,0.283637661376,0.34067568676,0.355304135656,0.11088816902,0.063828230652,0.355304135656,44,0.05,0.15,0.07,0.09,0.12,0.05,0.1,0.08,0.1,0.09,0.15
8,1,4,"abundance",0.3,"power",77,0.282555862656558,0.00160297053880335,0.144805194805195,2926,0.266762570720137,0.0783100522841126,0.003018875384,0.22978751774,0.283637661376,0.34067568676,0.355304135656,0.11088816902,0.063828230652,0.355304135656,44,0.02,0.1,0.07,0.13,0.14,0.02,0.06,0.06,0.06,0.02,0.12
8,1,4,"abundance",0.35,"power",77,0.282555862656558,0.00160297053880335,0.144805194805195,2926,0.266762570720137,0.0783100522841126,0.003018875384,0.22978751774,0.283637661376,0.34067568676,0.355304135656,0.11088816902,0.063828230652,0.355304135656,44,0.04,0.14,0.04,0.14,0.21,0.05,0.14,0.11,0.16,0.03,0.19
8,1,4,"abundance",0.4,"power",77,0.282555862656558,0.00160297053880335,0.144805194805195,2926,0.266762570720137,0.0783100522841126,0.003018875384,0.22978751774,0.283637661376,0.34067568676,0.355304135656,0.11088816902,0.063828230652,0.355304135656,44,0.04,0.08,0.04,0.07,0.2,0.03,0.11,0.07,0.11,0.04,0.16
8,1,4,"abundance",0.45,"power",77,0.282555862656558,0.00160297053880335,0.144805194805195,2926,0.266762570720137,0.0783100522841126,0.003018875384,0.22978751774,0.283637661376,0.34067568676,0.355304135656,0.11088816902,0.063828230652,0.355304135656,44,0.07,0.13,0.05,0.11,0.22,0.09,0.13,0.08,0.13,0.05,0.18
8,1,4,"abundance",0.5,"power",77,0.282555862656558,0.00160297053880335,0.144805194805195,2926,0.266762570720137,0.0783100522841126,0.003018875384,0.22978751774,0.283637661376,0.34067568676,0.355304135656,0.11088816902,0.063828230652,0.355304135656,44,0.03,0.17,0.06,0.13,0.27,0.06,0.17,0.1,0.18,0.04,0.24
8,1,4,"abundance",0.55,"power",77,0.282555862656558,0.00160297053880335,0.144805194805195,2926,0.266762570720137,0.0783100522841126,0.003018875384,0.22978751774,0.283637661376,0.34067568676,0.355304135656,0.11088816902,0.063828230652,0.355304135656,44,0.05,0.19,0.07,0.2,0.39,0.03,0.23,0.07,0.21,0.03,0.36
8,1,4,"abundance",0.6,"power",77,0.282555862656558,0.00160297053880335,0.144805194805195,2926,0.266762570720137,0.0783100522841126,0.003018875384,0.22978751774,0.283637661376,0.34067568676,0.355304135656,0.11088816902,0.063828230652,0.355304135656,44,0.02,0.32,0.06,0.22,0.52,0.05,0.29,0.17,0.28,0.01,0.45
8,1,4,"both",0,"type1_error",77,0.282555862656558,0.00160297053880335,0.144805194805195,2926,0.266762570720137,0.0783100522841126,0.003018875384,0.22978751774,0.283637661376,0.34067568676,0.355304135656,0.11088816902,0.063828230652,0.355304135656,44,0.06,0.08,0.06,0.09,0.05,0.07,0.07,0.07,0.05,0.07,0.06
8,1,4,"both",0.05,"power",77,0.282555862656558,0.00160297053880335,0.144805194805195,2926,0.266762570720137,0.0783100522841126,0.003018875384,0.22978751774,0.283637661376,0.34067568676,0.355304135656,0.11088816902,0.063828230652,0.355304135656,44,0.05,0.08,0.03,0.07,0.1,0.06,0.09,0.09,0.08,0.05,0.08
8,1,4,"both",0.1,"power",77,0.282555862656558,0.00160297053880335,0.144805194805195,2926,0.266762570720137,0.0783100522841126,0.003018875384,0.22978751774,0.283637661376,0.34067568676,0.355304135656,0.11088816902,0.063828230652,0.355304135656,44,0.06,0.1,0.06,0.08,0.05,0.05,0.06,0.03,0.06,0.04,0.05
8,1,4,"both",0.15,"power",77,0.282555862656558,0.00160297053880335,0.144805194805195,2926,0.266762570720137,0.0783100522841126,0.003018875384,0.22978751774,0.283637661376,0.34067568676,0.355304135656,0.11088816902,0.063828230652,0.355304135656,44,0.03,0.05,0.05,0.05,0.06,0.08,0.06,0.07,0.05,0.05,0.05
8,1,4,"both",0.2,"power",77,0.282555862656558,0.00160297053880335,0.144805194805195,2926,0.266762570720137,0.0783100522841126,0.003018875384,0.22978751774,0.283637661376,0.34067568676,0.355304135656,0.11088816902,0.063828230652,0.355304135656,44,0.11,0.09,0.09,0.11,0.15,0.09,0.09,0.09,0.09,0.08,0.12
8,1,4,"both",0.25,"power",77,0.282555862656558,0.00160297053880335,0.144805194805195,2926,0.266762570720137,0.0783100522841126,0.003018875384,0.22978751774,0.283637661376,0.34067568676,0.355304135656,0.11088816902,0.063828230652,0.355304135656,44,0.13,0.04,0.1,0.04,0.16,0.09,0.06,0.06,0.05,0.08,0.06
8,1,4,"both",0.3,"power",77,0.282555862656558,0.00160297053880335,0.144805194805195,2926,0.266762570720137,0.0783100522841126,0.003018875384,0.22978751774,0.283637661376,0.34067568676,0.355304135656,0.11088816902,0.063828230652,0.355304135656,44,0.13,0.1,0.09,0.08,0.25,0.17,0.14,0.05,0.14,0.12,0.18
8,1,4,"both",0.35,"power",77,0.282555862656558,0.00160297053880335,0.144805194805195,2926,0.266762570720137,0.0783100522841126,0.003018875384,0.22978751774,0.283637661376,0.34067568676,0.355304135656,0.11088816902,0.063828230652,0.355304135656,44,0.13,0.12,0.06,0.11,0.34,0.18,0.15,0.11,0.12,0.07,0.26
8,1,4,"both",0.4,"power",77,0.282555862656558,0.00160297053880335,0.144805194805195,2926,0.266762570720137,0.0783100522841126,0.003018875384,0.22978751774,0.283637661376,0.34067568676,0.355304135656,0.11088816902,0.063828230652,0.355304135656,44,0.28,0.25,0.08,0.18,0.5,0.25,0.19,0.12,0.19,0.18,0.35
8,1,4,"both",0.45,"power",77,0.282555862656558,0.00160297053880335,0.144805194805195,2926,0.266762570720137,0.0783100522841126,0.003018875384,0.22978751774,0.283637661376,0.34067568676,0.355304135656,0.11088816902,0.063828230652,0.355304135656,44,0.38,0.27,0.11,0.2,0.72,0.48,0.26,0.11,0.26,0.2,0.56
8,1,4,"both",0.5,"power",77,0.282555862656558,0.00160297053880335,0.144805194805195,2926,0.266762570720137,0.0783100522841126,0.003018875384,0.22978751774,0.283637661376,0.34067568676,0.355304135656,0.11088816902,0.063828230652,0.355304135656,44,0.5,0.41,0.14,0.33,0.86,0.64,0.38,0.17,0.39,0.31,0.69
8,1,4,"both",0.55,"power",77,0.282555862656558,0.00160297053880335,0.144805194805195,2926,0.266762570720137,0.0783100522841126,0.003018875384,0.22978751774,0.283637661376,0.34067568676,0.355304135656,0.11088816902,0.063828230652,0.355304135656,44,0.59,0.45,0.16,0.35,0.9,0.7,0.4,0.2,0.4,0.31,0.68
8,1,4,"both",0.6,"power",77,0.282555862656558,0.00160297053880335,0.144805194805195,2926,0.266762570720137,0.0783100522841126,0.003018875384,0.22978751774,0.283637661376,0.34067568676,0.355304135656,0.11088816902,0.063828230652,0.355304135656,44,0.74,0.57,0.28,0.41,0.98,0.83,0.6,0.22,0.55,0.46,0.88
8,1,4,"prevalence",0,"type1_error",77,0.282555862656558,0.00160297053880335,0.144805194805195,2926,0.266762570720137,0.0783100522841126,0.003018875384,0.22978751774,0.283637661376,0.34067568676,0.355304135656,0.11088816902,0.063828230652,0.355304135656,44,0.02,0.1,0.05,0.1,0.04,0.01,0.07,0.09,0.06,0.02,0.07
8,1,4,"prevalence",0.05,"power",77,0.282555862656558,0.00160297053880335,0.144805194805195,2926,0.266762570720137,0.0783100522841126,0.003018875384,0.22978751774,0.283637661376,0.34067568676,0.355304135656,0.11088816902,0.063828230652,0.355304135656,44,0.01,0.05,0.04,0.05,0.03,0.03,0.04,0.07,0.03,0.02,0.04
8,1,4,"prevalence",0.1,"power",77,0.282555862656558,0.00160297053880335,0.144805194805195,2926,0.266762570720137,0.0783100522841126,0.003018875384,0.22978751774,0.283637661376,0.34067568676,0.355304135656,0.11088816902,0.063828230652,0.355304135656,44,0.07,0.06,0.07,0.05,0.07,0.05,0.07,0.07,0.07,0.06,0.06
8,1,4,"prevalence",0.15,"power",77,0.282555862656558,0.00160297053880335,0.144805194805195,2926,0.266762570720137,0.0783100522841126,0.003018875384,0.22978751774,0.283637661376,0.34067568676,0.355304135656,0.11088816902,0.063828230652,0.355304135656,44,0.09,0.07,0.1,0.04,0.04,0.03,0.05,0.06,0.04,0.06,0.07
8,1,4,"prevalence",0.2,"power",77,0.282555862656558,0.00160297053880335,0.144805194805195,2926,0.266762570720137,0.0783100522841126,0.003018875384,0.22978751774,0.283637661376,0.34067568676,0.355304135656,0.11088816902,0.063828230652,0.355304135656,44,0.09,0.09,0.01,0.11,0.08,0.06,0.05,0.08,0.07,0.11,0.08
8,1,4,"prevalence",0.25,"power",77,0.282555862656558,0.00160297053880335,0.144805194805195,2926,0.266762570720137,0.0783100522841126,0.003018875384,0.22978751774,0.283637661376,0.34067568676,0.355304135656,0.11088816902,0.063828230652,0.355304135656,44,0.17,0.05,0.08,0.04,0.06,0.11,0.06,0.05,0.05,0.09,0.07
8,1,4,"prevalence",0.3,"power",77,0.282555862656558,0.00160297053880335,0.144805194805195,2926,0.266762570720137,0.0783100522841126,0.003018875384,0.22978751774,0.283637661376,0.34067568676,0.355304135656,0.11088816902,0.063828230652,0.355304135656,44,0.14,0.01,0.1,0,0.05,0.08,0.02,0.03,0.02,0.1,0.01
8,1,4,"prevalence",0.35,"power",77,0.282555862656558,0.00160297053880335,0.144805194805195,2926,0.266762570720137,0.0783100522841126,0.003018875384,0.22978751774,0.283637661376,0.34067568676,0.355304135656,0.11088816902,0.063828230652,0.355304135656,44,0.18,0.08,0.12,0.09,0.1,0.11,0.08,0.04,0.09,0.09,0.09
8,1,4,"prevalence",0.4,"power",77,0.282555862656558,0.00160297053880335,0.144805194805195,2926,0.266762570720137,0.0783100522841126,0.003018875384,0.22978751774,0.283637661376,0.34067568676,0.355304135656,0.11088816902,0.063828230652,0.355304135656,44,0.28,0.04,0.06,0.03,0.05,0.22,0.06,0.04,0.07,0.17,0.05
8,1,4,"prevalence",0.45,"power",77,0.282555862656558,0.00160297053880335,0.144805194805195,2926,0.266762570720137,0.0783100522841126,0.003018875384,0.22978751774,0.283637661376,0.34067568676,0.355304135656,0.11088816902,0.063828230652,0.355304135656,44,0.45,0.05,0.12,0.04,0.07,0.18,0.05,0.06,0.05,0.23,0.08
8,1,4,"prevalence",0.5,"power",77,0.282555862656558,0.00160297053880335,0.144805194805195,2926,0.266762570720137,0.0783100522841126,0.003018875384,0.22978751774,0.283637661376,0.34067568676,0.355304135656,0.11088816902,0.063828230652,0.355304135656,44,0.4,0.12,0.13,0.08,0.14,0.21,0.06,0.07,0.05,0.24,0.13
8,1,4,"prevalence",0.55,"power",77,0.282555862656558,0.00160297053880335,0.144805194805195,2926,0.266762570720137,0.0783100522841126,0.003018875384,0.22978751774,0.283637661376,0.34067568676,0.355304135656,0.11088816902,0.063828230652,0.355304135656,44,0.65,0.1,0.13,0.09,0.22,0.41,0.1,0.05,0.08,0.42,0.13
8,1,4,"prevalence",0.6,"power",77,0.282555862656558,0.00160297053880335,0.144805194805195,2926,0.266762570720137,0.0783100522841126,0.003018875384,0.22978751774,0.283637661376,0.34067568676,0.355304135656,0.11088816902,0.063828230652,0.355304135656,44,0.78,0.1,0.19,0.1,0.12,0.44,0.11,0.1,0.1,0.55,0.07
8,6,5,"abundance",0,"type1_error",77,0.030098543801317,0.00138925299951731,0.147186147186147,2926,0.318729146063952,0.0762649990164494,0.003074565912,0.315392314819,0.338093837164,0.354951452554,0.4151061077408,0.039559137735,0.271443420454,0.3732014576268,612,0.03,0.02,0.05,0.02,0.04,0.06,0.06,0.06,0.05,0.03,0.03
8,6,5,"abundance",0.05,"power",77,0.030098543801317,0.00138925299951731,0.147186147186147,2926,0.318729146063952,0.0762649990164494,0.003074565912,0.315392314819,0.338093837164,0.354951452554,0.4151061077408,0.039559137735,0.271443420454,0.3732014576268,612,0.07,0.05,0.08,0.04,0.05,0.07,0.05,0.05,0.04,0.06,0.05
8,6,5,"abundance",0.1,"power",77,0.030098543801317,0.00138925299951731,0.147186147186147,2926,0.318729146063952,0.0762649990164494,0.003074565912,0.315392314819,0.338093837164,0.354951452554,0.4151061077408,0.039559137735,0.271443420454,0.3732014576268,612,0.05,0.04,0.1,0.04,0.04,0.05,0.02,0.04,0.02,0.07,0.02
8,6,5,"abundance",0.15,"power",77,0.030098543801317,0.00138925299951731,0.147186147186147,2926,0.318729146063952,0.0762649990164494,0.003074565912,0.315392314819,0.338093837164,0.354951452554,0.4151061077408,0.039559137735,0.271443420454,0.3732014576268,612,0.05,0.08,0.03,0.08,0.06,0.06,0.08,0.06,0.08,0.04,0.07
8,6,5,"abundance",0.2,"power",77,0.030098543801317,0.00138925299951731,0.147186147186147,2926,0.318729146063952,0.0762649990164494,0.003074565912,0.315392314819,0.338093837164,0.354951452554,0.4151061077408,0.039559137735,0.271443420454,0.3732014576268,612,0.07,0.08,0.02,0.09,0.09,0.1,0.09,0.08,0.08,0.07,0.06
8,6,5,"abundance",0.25,"power",77,0.030098543801317,0.00138925299951731,0.147186147186147,2926,0.318729146063952,0.0762649990164494,0.003074565912,0.315392314819,0.338093837164,0.354951452554,0.4151061077408,0.039559137735,0.271443420454,0.3732014576268,612,0.06,0.09,0.02,0.09,0.11,0.06,0.08,0.09,0.08,0.05,0.07
8,6,5,"abundance",0.3,"power",77,0.030098543801317,0.00138925299951731,0.147186147186147,2926,0.318729146063952,0.0762649990164494,0.003074565912,0.315392314819,0.338093837164,0.354951452554,0.4151061077408,0.039559137735,0.271443420454,0.3732014576268,612,0.09,0.06,0.04,0.06,0.12,0.07,0.11,0.04,0.1,0.07,0.08
8,6,5,"abundance",0.35,"power",77,0.030098543801317,0.00138925299951731,0.147186147186147,2926,0.318729146063952,0.0762649990164494,0.003074565912,0.315392314819,0.338093837164,0.354951452554,0.4151061077408,0.039559137735,0.271443420454,0.3732014576268,612,0.05,0.1,0.07,0.11,0.09,0.04,0.04,0.07,0.06,0.09,0.11
8,6,5,"abundance",0.4,"power",77,0.030098543801317,0.00138925299951731,0.147186147186147,2926,0.318729146063952,0.0762649990164494,0.003074565912,0.315392314819,0.338093837164,0.354951452554,0.4151061077408,0.039559137735,0.271443420454,0.3732014576268,612,0.05,0.14,0.05,0.08,0.17,0.04,0.18,0.15,0.19,0.05,0.2
8,6,5,"abundance",0.45,"power",77,0.030098543801317,0.00138925299951731,0.147186147186147,2926,0.318729146063952,0.0762649990164494,0.003074565912,0.315392314819,0.338093837164,0.354951452554,0.4151061077408,0.039559137735,0.271443420454,0.3732014576268,612,0.04,0.14,0.05,0.13,0.2,0.06,0.24,0.13,0.23,0.02,0.16
8,6,5,"abundance",0.5,"power",77,0.030098543801317,0.00138925299951731,0.147186147186147,2926,0.318729146063952,0.0762649990164494,0.003074565912,0.315392314819,0.338093837164,0.354951452554,0.4151061077408,0.039559137735,0.271443420454,0.3732014576268,612,0.05,0.19,0.07,0.14,0.26,0.04,0.19,0.15,0.22,0.05,0.24
8,6,5,"abundance",0.55,"power",77,0.030098543801317,0.00138925299951731,0.147186147186147,2926,0.318729146063952,0.0762649990164494,0.003074565912,0.315392314819,0.338093837164,0.354951452554,0.4151061077408,0.039559137735,0.271443420454,0.3732014576268,612,0.08,0.21,0.05,0.13,0.33,0.09,0.27,0.15,0.26,0.05,0.25
8,6,5,"abundance",0.6,"power",77,0.030098543801317,0.00138925299951731,0.147186147186147,2926,0.318729146063952,0.0762649990164494,0.003074565912,0.315392314819,0.338093837164,0.354951452554,0.4151061077408,0.039559137735,0.271443420454,0.3732014576268,612,0.07,0.15,0.05,0.16,0.34,0.08,0.27,0.11,0.27,0.08,0.25
8,6,5,"both",0,"type1_error",77,0.030098543801317,0.00138925299951731,0.147186147186147,2926,0.318729146063952,0.0762649990164494,0.003074565912,0.315392314819,0.338093837164,0.354951452554,0.4151061077408,0.039559137735,0.271443420454,0.3732014576268,612,0.02,0.03,0.05,0.01,0.06,0.01,0.05,0.07,0.05,0.06,0.03
8,6,5,"both",0.05,"power",77,0.030098543801317,0.00138925299951731,0.147186147186147,2926,0.318729146063952,0.0762649990164494,0.003074565912,0.315392314819,0.338093837164,0.354951452554,0.4151061077408,0.039559137735,0.271443420454,0.3732014576268,612,0.03,0.02,0.05,0.02,0.05,0.04,0.04,0.05,0.03,0.07,0.05
8,6,5,"both",0.1,"power",77,0.030098543801317,0.00138925299951731,0.147186147186147,2926,0.318729146063952,0.0762649990164494,0.003074565912,0.315392314819,0.338093837164,0.354951452554,0.4151061077408,0.039559137735,0.271443420454,0.3732014576268,612,0.08,0.08,0.09,0.05,0.07,0.09,0.08,0.08,0.08,0.08,0.05
8,6,5,"both",0.15,"power",77,0.030098543801317,0.00138925299951731,0.147186147186147,2926,0.318729146063952,0.0762649990164494,0.003074565912,0.315392314819,0.338093837164,0.354951452554,0.4151061077408,0.039559137735,0.271443420454,0.3732014576268,612,0.01,0.09,0.02,0.08,0.09,0.07,0.1,0.12,0.1,0.03,0.1
8,6,5,"both",0.2,"power",77,0.030098543801317,0.00138925299951731,0.147186147186147,2926,0.318729146063952,0.0762649990164494,0.003074565912,0.315392314819,0.338093837164,0.354951452554,0.4151061077408,0.039559137735,0.271443420454,0.3732014576268,612,0.06,0.03,0.04,0.05,0.06,0.08,0.03,0.06,0.05,0.04,0.04
8,6,5,"both",0.25,"power",77,0.030098543801317,0.00138925299951731,0.147186147186147,2926,0.318729146063952,0.0762649990164494,0.003074565912,0.315392314819,0.338093837164,0.354951452554,0.4151061077408,0.039559137735,0.271443420454,0.3732014576268,612,0.1,0.05,0.08,0.1,0.1,0.12,0.05,0.06,0.08,0.09,0.09
8,6,5,"both",0.3,"power",77,0.030098543801317,0.00138925299951731,0.147186147186147,2926,0.318729146063952,0.0762649990164494,0.003074565912,0.315392314819,0.338093837164,0.354951452554,0.4151061077408,0.039559137735,0.271443420454,0.3732014576268,612,0.1,0.1,0.04,0.08,0.15,0.18,0.11,0.04,0.1,0.12,0.1
8,6,5,"both",0.35,"power",77,0.030098543801317,0.00138925299951731,0.147186147186147,2926,0.318729146063952,0.0762649990164494,0.003074565912,0.315392314819,0.338093837164,0.354951452554,0.4151061077408,0.039559137735,0.271443420454,0.3732014576268,612,0.12,0.08,0.05,0.09,0.21,0.23,0.09,0.09,0.11,0.13,0.11
8,6,5,"both",0.4,"power",77,0.030098543801317,0.00138925299951731,0.147186147186147,2926,0.318729146063952,0.0762649990164494,0.003074565912,0.315392314819,0.338093837164,0.354951452554,0.4151061077408,0.039559137735,0.271443420454,0.3732014576268,612,0.14,0.09,0.08,0.06,0.25,0.21,0.15,0.1,0.13,0.15,0.15
8,6,5,"both",0.45,"power",77,0.030098543801317,0.00138925299951731,0.147186147186147,2926,0.318729146063952,0.0762649990164494,0.003074565912,0.315392314819,0.338093837164,0.354951452554,0.4151061077408,0.039559137735,0.271443420454,0.3732014576268,612,0.17,0.15,0.13,0.16,0.46,0.41,0.25,0.14,0.24,0.26,0.27
8,6,5,"both",0.5,"power",77,0.030098543801317,0.00138925299951731,0.147186147186147,2926,0.318729146063952,0.0762649990164494,0.003074565912,0.315392314819,0.338093837164,0.354951452554,0.4151061077408,0.039559137735,0.271443420454,0.3732014576268,612,0.29,0.23,0.06,0.22,0.49,0.51,0.32,0.12,0.31,0.28,0.34
8,6,5,"both",0.55,"power",77,0.030098543801317,0.00138925299951731,0.147186147186147,2926,0.318729146063952,0.0762649990164494,0.003074565912,0.315392314819,0.338093837164,0.354951452554,0.4151061077408,0.039559137735,0.271443420454,0.3732014576268,612,0.35,0.3,0.16,0.3,0.79,0.71,0.4,0.16,0.37,0.39,0.46
8,6,5,"both",0.6,"power",77,0.030098543801317,0.00138925299951731,0.147186147186147,2926,0.318729146063952,0.0762649990164494,0.003074565912,0.315392314819,0.338093837164,0.354951452554,0.4151061077408,0.039559137735,0.271443420454,0.3732014576268,612,0.42,0.35,0.16,0.35,0.89,0.83,0.5,0.25,0.49,0.47,0.61
8,6,5,"prevalence",0,"type1_error",77,0.030098543801317,0.00138925299951731,0.147186147186147,2926,0.318729146063952,0.0762649990164494,0.003074565912,0.315392314819,0.338093837164,0.354951452554,0.4151061077408,0.039559137735,0.271443420454,0.3732014576268,612,0.03,0.03,0.04,0.04,0.05,0.04,0.04,0.02,0.05,0.03,0.04
8,6,5,"prevalence",0.05,"power",77,0.030098543801317,0.00138925299951731,0.147186147186147,2926,0.318729146063952,0.0762649990164494,0.003074565912,0.315392314819,0.338093837164,0.354951452554,0.4151061077408,0.039559137735,0.271443420454,0.3732014576268,612,0.06,0.07,0.03,0.07,0.02,0.04,0.02,0.06,0.03,0.06,0.04
8,6,5,"prevalence",0.1,"power",77,0.030098543801317,0.00138925299951731,0.147186147186147,2926,0.318729146063952,0.0762649990164494,0.003074565912,0.315392314819,0.338093837164,0.354951452554,0.4151061077408,0.039559137735,0.271443420454,0.3732014576268,612,0.06,0.03,0.06,0.03,0.05,0.05,0.08,0.04,0.08,0.06,0.03
8,6,5,"prevalence",0.15,"power",77,0.030098543801317,0.00138925299951731,0.147186147186147,2926,0.318729146063952,0.0762649990164494,0.003074565912,0.315392314819,0.338093837164,0.354951452554,0.4151061077408,0.039559137735,0.271443420454,0.3732014576268,612,0.09,0.06,0.03,0.06,0.07,0.06,0.08,0.04,0.08,0.03,0.06
8,6,5,"prevalence",0.2,"power",77,0.030098543801317,0.00138925299951731,0.147186147186147,2926,0.318729146063952,0.0762649990164494,0.003074565912,0.315392314819,0.338093837164,0.354951452554,0.4151061077408,0.039559137735,0.271443420454,0.3732014576268,612,0.14,0.04,0.09,0.05,0.07,0.07,0.04,0.06,0.05,0.14,0.06
8,6,5,"prevalence",0.25,"power",77,0.030098543801317,0.00138925299951731,0.147186147186147,2926,0.318729146063952,0.0762649990164494,0.003074565912,0.315392314819,0.338093837164,0.354951452554,0.4151061077408,0.039559137735,0.271443420454,0.3732014576268,612,0.07,0.01,0.06,0.01,0.05,0.13,0.05,0.02,0.06,0.08,0.04
8,6,5,"prevalence",0.3,"power",77,0.030098543801317,0.00138925299951731,0.147186147186147,2926,0.318729146063952,0.0762649990164494,0.003074565912,0.315392314819,0.338093837164,0.354951452554,0.4151061077408,0.039559137735,0.271443420454,0.3732014576268,612,0.1,0.02,0.07,0.03,0.04,0.11,0.04,0.04,0.04,0.14,0.04
8,6,5,"prevalence",0.35,"power",77,0.030098543801317,0.00138925299951731,0.147186147186147,2926,0.318729146063952,0.0762649990164494,0.003074565912,0.315392314819,0.338093837164,0.354951452554,0.4151061077408,0.039559137735,0.271443420454,0.3732014576268,612,0.13,0.08,0.09,0.07,0.07,0.1,0.07,0.09,0.06,0.13,0.07
8,6,5,"prevalence",0.4,"power",77,0.030098543801317,0.00138925299951731,0.147186147186147,2926,0.318729146063952,0.0762649990164494,0.003074565912,0.315392314819,0.338093837164,0.354951452554,0.4151061077408,0.039559137735,0.271443420454,0.3732014576268,612,0.13,0.04,0.08,0.06,0.06,0.11,0.03,0.04,0.04,0.18,0.07
8,6,5,"prevalence",0.45,"power",77,0.030098543801317,0.00138925299951731,0.147186147186147,2926,0.318729146063952,0.0762649990164494,0.003074565912,0.315392314819,0.338093837164,0.354951452554,0.4151061077408,0.039559137735,0.271443420454,0.3732014576268,612,0.29,0.13,0.08,0.11,0.13,0.23,0.12,0.07,0.1,0.26,0.11
8,6,5,"prevalence",0.5,"power",77,0.030098543801317,0.00138925299951731,0.147186147186147,2926,0.318729146063952,0.0762649990164494,0.003074565912,0.315392314819,0.338093837164,0.354951452554,0.4151061077408,0.039559137735,0.271443420454,0.3732014576268,612,0.32,0.02,0.13,0.02,0.06,0.23,0.06,0.03,0.06,0.26,0.04
8,6,5,"prevalence",0.55,"power",77,0.030098543801317,0.00138925299951731,0.147186147186147,2926,0.318729146063952,0.0762649990164494,0.003074565912,0.315392314819,0.338093837164,0.354951452554,0.4151061077408,0.039559137735,0.271443420454,0.3732014576268,612,0.42,0.04,0.15,0.03,0.11,0.3,0.05,0.02,0.05,0.5,0.06
8,6,5,"prevalence",0.6,"power",77,0.030098543801317,0.00138925299951731,0.147186147186147,2926,0.318729146063952,0.0762649990164494,0.003074565912,0.315392314819,0.338093837164,0.354951452554,0.4151061077408,0.039559137735,0.271443420454,0.3732014576268,612,0.38,0.1,0.15,0.11,0.12,0.21,0.08,0.08,0.08,0.38,0.09
8,8,6,"abundance",0,"type1_error",77,-0.0242217345082209,0.00105929364802265,0.112554112554113,2926,0.26602242135485,0.0669652606080931,0.009324199066,0.212409018729,0.301465813147,0.322253966024,0.322253966052,0.109844947295,0.0486109298,0.322253966052,18,0.07,0.05,0.03,0.05,0.03,0.04,0.01,0.01,0.02,0.08,0.04
8,8,6,"abundance",0.05,"power",77,-0.0242217345082209,0.00105929364802265,0.112554112554113,2926,0.26602242135485,0.0669652606080931,0.009324199066,0.212409018729,0.301465813147,0.322253966024,0.322253966052,0.109844947295,0.0486109298,0.322253966052,18,0.07,0.03,0.08,0.06,0.04,0.06,0.04,0.04,0.03,0.05,0.04
8,8,6,"abundance",0.1,"power",77,-0.0242217345082209,0.00105929364802265,0.112554112554113,2926,0.26602242135485,0.0669652606080931,0.009324199066,0.212409018729,0.301465813147,0.322253966024,0.322253966052,0.109844947295,0.0486109298,0.322253966052,18,0.06,0.05,0.08,0.04,0.05,0.05,0.02,0.03,0.02,0.06,0.06
8,8,6,"abundance",0.15,"power",77,-0.0242217345082209,0.00105929364802265,0.112554112554113,2926,0.26602242135485,0.0669652606080931,0.009324199066,0.212409018729,0.301465813147,0.322253966024,0.322253966052,0.109844947295,0.0486109298,0.322253966052,18,0.07,0.04,0.06,0.04,0.04,0.09,0.08,0.08,0.08,0.08,0.03
8,8,6,"abundance",0.2,"power",77,-0.0242217345082209,0.00105929364802265,0.112554112554113,2926,0.26602242135485,0.0669652606080931,0.009324199066,0.212409018729,0.301465813147,0.322253966024,0.322253966052,0.109844947295,0.0486109298,0.322253966052,18,0.06,0.07,0.03,0.05,0.1,0.09,0.07,0.08,0.06,0.07,0.08
8,8,6,"abundance",0.25,"power",77,-0.0242217345082209,0.00105929364802265,0.112554112554113,2926,0.26602242135485,0.0669652606080931,0.009324199066,0.212409018729,0.301465813147,0.322253966024,0.322253966052,0.109844947295,0.0486109298,0.322253966052,18,0.01,0.04,0.02,0.05,0.05,0.05,0.02,0.05,0.03,0.04,0.03
8,8,6,"abundance",0.3,"power",77,-0.0242217345082209,0.00105929364802265,0.112554112554113,2926,0.26602242135485,0.0669652606080931,0.009324199066,0.212409018729,0.301465813147,0.322253966024,0.322253966052,0.109844947295,0.0486109298,0.322253966052,18,0.05,0.02,0.03,0.06,0.04,0.06,0.06,0.05,0.05,0.02,0.1
8,8,6,"abundance",0.35,"power",77,-0.0242217345082209,0.00105929364802265,0.112554112554113,2926,0.26602242135485,0.0669652606080931,0.009324199066,0.212409018729,0.301465813147,0.322253966024,0.322253966052,0.109844947295,0.0486109298,0.322253966052,18,0.03,0.06,0.05,0.06,0.06,0.05,0.05,0.05,0.04,0.07,0.06
8,8,6,"abundance",0.4,"power",77,-0.0242217345082209,0.00105929364802265,0.112554112554113,2926,0.26602242135485,0.0669652606080931,0.009324199066,0.212409018729,0.301465813147,0.322253966024,0.322253966052,0.109844947295,0.0486109298,0.322253966052,18,0.06,0.09,0.05,0.08,0.11,0.07,0.1,0.04,0.1,0.06,0.11
8,8,6,"abundance",0.45,"power",77,-0.0242217345082209,0.00105929364802265,0.112554112554113,2926,0.26602242135485,0.0669652606080931,0.009324199066,0.212409018729,0.301465813147,0.322253966024,0.322253966052,0.109844947295,0.0486109298,0.322253966052,18,0.01,0.05,0.05,0.04,0.14,0.08,0.14,0.1,0.13,0.03,0.08
8,8,6,"abundance",0.5,"power",77,-0.0242217345082209,0.00105929364802265,0.112554112554113,2926,0.26602242135485,0.0669652606080931,0.009324199066,0.212409018729,0.301465813147,0.322253966024,0.322253966052,0.109844947295,0.0486109298,0.322253966052,18,0.04,0.05,0.06,0.04,0.07,0.07,0.1,0.07,0.07,0.04,0.08
8,8,6,"abundance",0.55,"power",77,-0.0242217345082209,0.00105929364802265,0.112554112554113,2926,0.26602242135485,0.0669652606080931,0.009324199066,0.212409018729,0.301465813147,0.322253966024,0.322253966052,0.109844947295,0.0486109298,0.322253966052,18,0.05,0.14,0.05,0.13,0.17,0.05,0.11,0.05,0.11,0.06,0.17
8,8,6,"abundance",0.6,"power",77,-0.0242217345082209,0.00105929364802265,0.112554112554113,2926,0.26602242135485,0.0669652606080931,0.009324199066,0.212409018729,0.301465813147,0.322253966024,0.322253966052,0.109844947295,0.0486109298,0.322253966052,18,0.06,0.17,0.04,0.2,0.21,0.07,0.15,0.07,0.13,0.02,0.21
8,8,6,"both",0,"type1_error",77,-0.0242217345082209,0.00105929364802265,0.112554112554113,2926,0.26602242135485,0.0669652606080931,0.009324199066,0.212409018729,0.301465813147,0.322253966024,0.322253966052,0.109844947295,0.0486109298,0.322253966052,18,0.05,0.08,0.02,0.06,0.07,0.06,0.04,0.1,0.07,0.06,0.08
8,8,6,"both",0.05,"power",77,-0.0242217345082209,0.00105929364802265,0.112554112554113,2926,0.26602242135485,0.0669652606080931,0.009324199066,0.212409018729,0.301465813147,0.322253966024,0.322253966052,0.109844947295,0.0486109298,0.322253966052,18,0.03,0.02,0.01,0.04,0.05,0.03,0.04,0.06,0.02,0.05,0.04
8,8,6,"both",0.1,"power",77,-0.0242217345082209,0.00105929364802265,0.112554112554113,2926,0.26602242135485,0.0669652606080931,0.009324199066,0.212409018729,0.301465813147,0.322253966024,0.322253966052,0.109844947295,0.0486109298,0.322253966052,18,0.06,0.07,0.06,0.06,0.02,0.06,0.05,0.07,0.04,0.06,0.04
8,8,6,"both",0.15,"power",77,-0.0242217345082209,0.00105929364802265,0.112554112554113,2926,0.26602242135485,0.0669652606080931,0.009324199066,0.212409018729,0.301465813147,0.322253966024,0.322253966052,0.109844947295,0.0486109298,0.322253966052,18,0.04,0.07,0.05,0.07,0.01,0.03,0.01,0.03,0.01,0.05,0.04
8,8,6,"both",0.2,"power",77,-0.0242217345082209,0.00105929364802265,0.112554112554113,2926,0.26602242135485,0.0669652606080931,0.009324199066,0.212409018729,0.301465813147,0.322253966024,0.322253966052,0.109844947295,0.0486109298,0.322253966052,18,0.08,0.07,0.07,0.07,0.08,0.09,0.05,0.06,0.06,0.09,0.07
8,8,6,"both",0.25,"power",77,-0.0242217345082209,0.00105929364802265,0.112554112554113,2926,0.26602242135485,0.0669652606080931,0.009324199066,0.212409018729,0.301465813147,0.322253966024,0.322253966052,0.109844947295,0.0486109298,0.322253966052,18,0.06,0.04,0.05,0.02,0.04,0.08,0.06,0.03,0.06,0.07,0.05
8,8,6,"both",0.3,"power",77,-0.0242217345082209,0.00105929364802265,0.112554112554113,2926,0.26602242135485,0.0669652606080931,0.009324199066,0.212409018729,0.301465813147,0.322253966024,0.322253966052,0.109844947295,0.0486109298,0.322253966052,18,0.12,0.07,0.11,0.06,0.12,0.12,0.09,0.05,0.09,0.08,0.06
8,8,6,"both",0.35,"power",77,-0.0242217345082209,0.00105929364802265,0.112554112554113,2926,0.26602242135485,0.0669652606080931,0.009324199066,0.212409018729,0.301465813147,0.322253966024,0.322253966052,0.109844947295,0.0486109298,0.322253966052,18,0.14,0.08,0.08,0.08,0.15,0.21,0.08,0.06,0.05,0.13,0.1
8,8,6,"both",0.4,"power",77,-0.0242217345082209,0.00105929364802265,0.112554112554113,2926,0.26602242135485,0.0669652606080931,0.009324199066,0.212409018729,0.301465813147,0.322253966024,0.322253966052,0.109844947295,0.0486109298,0.322253966052,18,0.24,0.14,0.09,0.12,0.27,0.21,0.14,0.09,0.16,0.18,0.18
8,8,6,"both",0.45,"power",77,-0.0242217345082209,0.00105929364802265,0.112554112554113,2926,0.26602242135485,0.0669652606080931,0.009324199066,0.212409018729,0.301465813147,0.322253966024,0.322253966052,0.109844947295,0.0486109298,0.322253966052,18,0.32,0.15,0.09,0.1,0.4,0.43,0.26,0.07,0.23,0.23,0.22
8,8,6,"both",0.5,"power",77,-0.0242217345082209,0.00105929364802265,0.112554112554113,2926,0.26602242135485,0.0669652606080931,0.009324199066,0.212409018729,0.301465813147,0.322253966024,0.322253966052,0.109844947295,0.0486109298,0.322253966052,18,0.49,0.23,0.15,0.17,0.57,0.57,0.36,0.18,0.36,0.34,0.36
8,8,6,"both",0.55,"power",77,-0.0242217345082209,0.00105929364802265,0.112554112554113,2926,0.26602242135485,0.0669652606080931,0.009324199066,0.212409018729,0.301465813147,0.322253966024,0.322253966052,0.109844947295,0.0486109298,0.322253966052,18,0.52,0.27,0.12,0.2,0.66,0.62,0.39,0.16,0.37,0.31,0.37
8,8,6,"both",0.6,"power",77,-0.0242217345082209,0.00105929364802265,0.112554112554113,2926,0.26602242135485,0.0669652606080931,0.009324199066,0.212409018729,0.301465813147,0.322253966024,0.322253966052,0.109844947295,0.0486109298,0.322253966052,18,0.67,0.34,0.23,0.24,0.77,0.74,0.51,0.2,0.49,0.49,0.57
8,8,6,"prevalence",0,"type1_error",77,-0.0242217345082209,0.00105929364802265,0.112554112554113,2926,0.26602242135485,0.0669652606080931,0.009324199066,0.212409018729,0.301465813147,0.322253966024,0.322253966052,0.109844947295,0.0486109298,0.322253966052,18,0.05,0.04,0.05,0.03,0.02,0.06,0.02,0.03,0.03,0.04,0.02
8,8,6,"prevalence",0.05,"power",77,-0.0242217345082209,0.00105929364802265,0.112554112554113,2926,0.26602242135485,0.0669652606080931,0.009324199066,0.212409018729,0.301465813147,0.322253966024,0.322253966052,0.109844947295,0.0486109298,0.322253966052,18,0.09,0.05,0.05,0.04,0.02,0.05,0.05,0.04,0.05,0.05,0.04
8,8,6,"prevalence",0.1,"power",77,-0.0242217345082209,0.00105929364802265,0.112554112554113,2926,0.26602242135485,0.0669652606080931,0.009324199066,0.212409018729,0.301465813147,0.322253966024,0.322253966052,0.109844947295,0.0486109298,0.322253966052,18,0.08,0.04,0.03,0.03,0.06,0.08,0.07,0.08,0.06,0.05,0.05
8,8,6,"prevalence",0.15,"power",77,-0.0242217345082209,0.00105929364802265,0.112554112554113,2926,0.26602242135485,0.0669652606080931,0.009324199066,0.212409018729,0.301465813147,0.322253966024,0.322253966052,0.109844947295,0.0486109298,0.322253966052,18,0.08,0.09,0.04,0.07,0.07,0.05,0.07,0.07,0.07,0.08,0.08
8,8,6,"prevalence",0.2,"power",77,-0.0242217345082209,0.00105929364802265,0.112554112554113,2926,0.26602242135485,0.0669652606080931,0.009324199066,0.212409018729,0.301465813147,0.322253966024,0.322253966052,0.109844947295,0.0486109298,0.322253966052,18,0.09,0.04,0.05,0.07,0.05,0.08,0.04,0.05,0.06,0.05,0.04
8,8,6,"prevalence",0.25,"power",77,-0.0242217345082209,0.00105929364802265,0.112554112554113,2926,0.26602242135485,0.0669652606080931,0.009324199066,0.212409018729,0.301465813147,0.322253966024,0.322253966052,0.109844947295,0.0486109298,0.322253966052,18,0.08,0.04,0.08,0.07,0.04,0.1,0.04,0.03,0.06,0.04,0.04
8,8,6,"prevalence",0.3,"power",77,-0.0242217345082209,0.00105929364802265,0.112554112554113,2926,0.26602242135485,0.0669652606080931,0.009324199066,0.212409018729,0.301465813147,0.322253966024,0.322253966052,0.109844947295,0.0486109298,0.322253966052,18,0.14,0.06,0.1,0.06,0.06,0.07,0.05,0.04,0.04,0.1,0.06
8,8,6,"prevalence",0.35,"power",77,-0.0242217345082209,0.00105929364802265,0.112554112554113,2926,0.26602242135485,0.0669652606080931,0.009324199066,0.212409018729,0.301465813147,0.322253966024,0.322253966052,0.109844947295,0.0486109298,0.322253966052,18,0.17,0.06,0.08,0.03,0.06,0.07,0.05,0.06,0.05,0.17,0.05
8,8,6,"prevalence",0.4,"power",77,-0.0242217345082209,0.00105929364802265,0.112554112554113,2926,0.26602242135485,0.0669652606080931,0.009324199066,0.212409018729,0.301465813147,0.322253966024,0.322253966052,0.109844947295,0.0486109298,0.322253966052,18,0.25,0.04,0.08,0.04,0.1,0.11,0.06,0.05,0.06,0.19,0.05
8,8,6,"prevalence",0.45,"power",77,-0.0242217345082209,0.00105929364802265,0.112554112554113,2926,0.26602242135485,0.0669652606080931,0.009324199066,0.212409018729,0.301465813147,0.322253966024,0.322253966052,0.109844947295,0.0486109298,0.322253966052,18,0.36,0.07,0.09,0.07,0.07,0.16,0.03,0.07,0.04,0.22,0.09
8,8,6,"prevalence",0.5,"power",77,-0.0242217345082209,0.00105929364802265,0.112554112554113,2926,0.26602242135485,0.0669652606080931,0.009324199066,0.212409018729,0.301465813147,0.322253966024,0.322253966052,0.109844947295,0.0486109298,0.322253966052,18,0.53,0.07,0.09,0.08,0.13,0.39,0.05,0.04,0.05,0.31,0.06
8,8,6,"prevalence",0.55,"power",77,-0.0242217345082209,0.00105929364802265,0.112554112554113,2926,0.26602242135485,0.0669652606080931,0.009324199066,0.212409018729,0.301465813147,0.322253966024,0.322253966052,0.109844947295,0.0486109298,0.322253966052,18,0.49,0.07,0.11,0.07,0.12,0.23,0.05,0.07,0.04,0.4,0.08
8,8,6,"prevalence",0.6,"power",77,-0.0242217345082209,0.00105929364802265,0.112554112554113,2926,0.26602242135485,0.0669652606080931,0.009324199066,0.212409018729,0.301465813147,0.322253966024,0.322253966052,0.109844947295,0.0486109298,0.322253966052,18,0.61,0.08,0.15,0.05,0.1,0.33,0.05,0.06,0.05,0.42,0.09
8,5,7,"abundance",0,"type1_error",77,0.0102995292982424,0.000549629436985209,0.126839826839827,2926,0.337257708040765,0.078113170352603,0.01832205182,0.315392314814,0.3732014576178,0.3876755726608,0.3876755726772,0.0722832578468,0.20756374864,0.3876755726772,317,0.02,0.04,0.08,0.04,0.04,0.04,0.03,0.02,0.03,0.05,0.03
8,5,7,"abundance",0.05,"power",77,0.0102995292982424,0.000549629436985209,0.126839826839827,2926,0.337257708040765,0.078113170352603,0.01832205182,0.315392314814,0.3732014576178,0.3876755726608,0.3876755726772,0.0722832578468,0.20756374864,0.3876755726772,317,0.04,0.06,0.03,0.03,0.06,0.05,0.02,0.04,0.02,0.07,0.06
8,5,7,"abundance",0.1,"power",77,0.0102995292982424,0.000549629436985209,0.126839826839827,2926,0.337257708040765,0.078113170352603,0.01832205182,0.315392314814,0.3732014576178,0.3876755726608,0.3876755726772,0.0722832578468,0.20756374864,0.3876755726772,317,0.05,0.04,0.03,0.04,0.04,0.05,0.03,0.04,0.03,0.09,0.04
8,5,7,"abundance",0.15,"power",77,0.0102995292982424,0.000549629436985209,0.126839826839827,2926,0.337257708040765,0.078113170352603,0.01832205182,0.315392314814,0.3732014576178,0.3876755726608,0.3876755726772,0.0722832578468,0.20756374864,0.3876755726772,317,0.07,0.05,0.07,0.06,0.1,0.1,0.07,0.03,0.07,0.06,0.06
8,5,7,"abundance",0.2,"power",77,0.0102995292982424,0.000549629436985209,0.126839826839827,2926,0.337257708040765,0.078113170352603,0.01832205182,0.315392314814,0.3732014576178,0.3876755726608,0.3876755726772,0.0722832578468,0.20756374864,0.3876755726772,317,0.06,0.03,0.05,0.02,0.06,0.02,0.04,0.04,0.04,0.04,0.04
8,5,7,"abundance",0.25,"power",77,0.0102995292982424,0.000549629436985209,0.126839826839827,2926,0.337257708040765,0.078113170352603,0.01832205182,0.315392314814,0.3732014576178,0.3876755726608,0.3876755726772,0.0722832578468,0.20756374864,0.3876755726772,317,0.07,0.04,0.03,0.04,0.05,0.08,0.06,0.05,0.06,0.05,0.03
8,5,7,"abundance",0.3,"power",77,0.0102995292982424,0.000549629436985209,0.126839826839827,2926,0.337257708040765,0.078113170352603,0.01832205182,0.315392314814,0.3732014576178,0.3876755726608,0.3876755726772,0.0722832578468,0.20756374864,0.3876755726772,317,0.04,0.06,0.04,0.04,0.1,0.06,0.08,0.09,0.09,0.03,0.07
8,5,7,"abundance",0.35,"power",77,0.0102995292982424,0.000549629436985209,0.126839826839827,2926,0.337257708040765,0.078113170352603,0.01832205182,0.315392314814,0.3732014576178,0.3876755726608,0.3876755726772,0.0722832578468,0.20756374864,0.3876755726772,317,0.01,0.06,0.02,0.05,0.1,0.03,0.07,0.06,0.05,0.02,0.07
8,5,7,"abundance",0.4,"power",77,0.0102995292982424,0.000549629436985209,0.126839826839827,2926,0.337257708040765,0.078113170352603,0.01832205182,0.315392314814,0.3732014576178,0.3876755726608,0.3876755726772,0.0722832578468,0.20756374864,0.3876755726772,317,0.03,0.05,0.06,0.02,0.07,0.05,0.02,0.02,0.01,0.03,0.03
8,5,7,"abundance",0.45,"power",77,0.0102995292982424,0.000549629436985209,0.126839826839827,2926,0.337257708040765,0.078113170352603,0.01832205182,0.315392314814,0.3732014576178,0.3876755726608,0.3876755726772,0.0722832578468,0.20756374864,0.3876755726772,317,0.03,0.09,0.07,0.09,0.12,0.02,0.07,0.05,0.07,0.05,0.09
8,5,7,"abundance",0.5,"power",77,0.0102995292982424,0.000549629436985209,0.126839826839827,2926,0.337257708040765,0.078113170352603,0.01832205182,0.315392314814,0.3732014576178,0.3876755726608,0.3876755726772,0.0722832578468,0.20756374864,0.3876755726772,317,0.05,0.09,0.06,0.06,0.17,0.08,0.08,0.07,0.1,0.03,0.1
8,5,7,"abundance",0.55,"power",77,0.0102995292982424,0.000549629436985209,0.126839826839827,2926,0.337257708040765,0.078113170352603,0.01832205182,0.315392314814,0.3732014576178,0.3876755726608,0.3876755726772,0.0722832578468,0.20756374864,0.3876755726772,317,0.03,0.03,0.04,0.06,0.14,0.03,0.03,0.01,0.04,0.02,0.04
8,5,7,"abundance",0.6,"power",77,0.0102995292982424,0.000549629436985209,0.126839826839827,2926,0.337257708040765,0.078113170352603,0.01832205182,0.315392314814,0.3732014576178,0.3876755726608,0.3876755726772,0.0722832578468,0.20756374864,0.3876755726772,317,0.03,0.06,0.06,0.07,0.17,0.06,0.15,0.06,0.11,0.03,0.1
8,5,7,"both",0,"type1_error",77,0.0102995292982424,0.000549629436985209,0.126839826839827,2926,0.337257708040765,0.078113170352603,0.01832205182,0.315392314814,0.3732014576178,0.3876755726608,0.3876755726772,0.0722832578468,0.20756374864,0.3876755726772,317,0.05,0.09,0.04,0.07,0.05,0.06,0.06,0.05,0.05,0.04,0.06
8,5,7,"both",0.05,"power",77,0.0102995292982424,0.000549629436985209,0.126839826839827,2926,0.337257708040765,0.078113170352603,0.01832205182,0.315392314814,0.3732014576178,0.3876755726608,0.3876755726772,0.0722832578468,0.20756374864,0.3876755726772,317,0.05,0.04,0.07,0.06,0.02,0.04,0.04,0.05,0.04,0.04,0.03
8,5,7,"both",0.1,"power",77,0.0102995292982424,0.000549629436985209,0.126839826839827,2926,0.337257708040765,0.078113170352603,0.01832205182,0.315392314814,0.3732014576178,0.3876755726608,0.3876755726772,0.0722832578468,0.20756374864,0.3876755726772,317,0.06,0.04,0.07,0.02,0.05,0.04,0.04,0.04,0.04,0.09,0.05
8,5,7,"both",0.15,"power",77,0.0102995292982424,0.000549629436985209,0.126839826839827,2926,0.337257708040765,0.078113170352603,0.01832205182,0.315392314814,0.3732014576178,0.3876755726608,0.3876755726772,0.0722832578468,0.20756374864,0.3876755726772,317,0.08,0.03,0.06,0.05,0.06,0.09,0.04,0.03,0.04,0.11,0.04
8,5,7,"both",0.2,"power",77,0.0102995292982424,0.000549629436985209,0.126839826839827,2926,0.337257708040765,0.078113170352603,0.01832205182,0.315392314814,0.3732014576178,0.3876755726608,0.3876755726772,0.0722832578468,0.20756374864,0.3876755726772,317,0.04,0.08,0.05,0.06,0.05,0.03,0.03,0.07,0.03,0.02,0.05
8,5,7,"both",0.25,"power",77,0.0102995292982424,0.000549629436985209,0.126839826839827,2926,0.337257708040765,0.078113170352603,0.01832205182,0.315392314814,0.3732014576178,0.3876755726608,0.3876755726772,0.0722832578468,0.20756374864,0.3876755726772,317,0.08,0.09,0.08,0.13,0.1,0.05,0.1,0.07,0.1,0.07,0.08
8,5,7,"both",0.3,"power",77,0.0102995292982424,0.000549629436985209,0.126839826839827,2926,0.337257708040765,0.078113170352603,0.01832205182,0.315392314814,0.3732014576178,0.3876755726608,0.3876755726772,0.0722832578468,0.20756374864,0.3876755726772,317,0.13,0.06,0.05,0.08,0.08,0.09,0.05,0.02,0.05,0.09,0.06
8,5,7,"both",0.35,"power",77,0.0102995292982424,0.000549629436985209,0.126839826839827,2926,0.337257708040765,0.078113170352603,0.01832205182,0.315392314814,0.3732014576178,0.3876755726608,0.3876755726772,0.0722832578468,0.20756374864,0.3876755726772,317,0.15,0.05,0.13,0.04,0.12,0.11,0.06,0.08,0.05,0.13,0.03
8,5,7,"both",0.4,"power",77,0.0102995292982424,0.000549629436985209,0.126839826839827,2926,0.337257708040765,0.078113170352603,0.01832205182,0.315392314814,0.3732014576178,0.3876755726608,0.3876755726772,0.0722832578468,0.20756374864,0.3876755726772,317,0.22,0.04,0.08,0.07,0.16,0.2,0.06,0.04,0.04,0.19,0.08
8,5,7,"both",0.45,"power",77,0.0102995292982424,0.000549629436985209,0.126839826839827,2926,0.337257708040765,0.078113170352603,0.01832205182,0.315392314814,0.3732014576178,0.3876755726608,0.3876755726772,0.0722832578468,0.20756374864,0.3876755726772,317,0.26,0.04,0.1,0.04,0.29,0.26,0.12,0.06,0.12,0.19,0.11
8,5,7,"both",0.5,"power",77,0.0102995292982424,0.000549629436985209,0.126839826839827,2926,0.337257708040765,0.078113170352603,0.01832205182,0.315392314814,0.3732014576178,0.3876755726608,0.3876755726772,0.0722832578468,0.20756374864,0.3876755726772,317,0.46,0.07,0.2,0.08,0.32,0.41,0.06,0.05,0.06,0.27,0.13
8,5,7,"both",0.55,"power",77,0.0102995292982424,0.000549629436985209,0.126839826839827,2926,0.337257708040765,0.078113170352603,0.01832205182,0.315392314814,0.3732014576178,0.3876755726608,0.3876755726772,0.0722832578468,0.20756374864,0.3876755726772,317,0.6,0.11,0.21,0.11,0.57,0.6,0.12,0.03,0.12,0.4,0.19
8,5,7,"both",0.6,"power",77,0.0102995292982424,0.000549629436985209,0.126839826839827,2926,0.337257708040765,0.078113170352603,0.01832205182,0.315392314814,0.3732014576178,0.3876755726608,0.3876755726772,0.0722832578468,0.20756374864,0.3876755726772,317,0.77,0.09,0.25,0.12,0.74,0.66,0.26,0.07,0.26,0.62,0.25
8,5,7,"prevalence",0,"type1_error",77,0.0102995292982424,0.000549629436985209,0.126839826839827,2926,0.337257708040765,0.078113170352603,0.01832205182,0.315392314814,0.3732014576178,0.3876755726608,0.3876755726772,0.0722832578468,0.20756374864,0.3876755726772,317,0.03,0.02,0.05,0.02,0.05,0.05,0.05,0.01,0.06,0.05,0.03
8,5,7,"prevalence",0.05,"power",77,0.0102995292982424,0.000549629436985209,0.126839826839827,2926,0.337257708040765,0.078113170352603,0.01832205182,0.315392314814,0.3732014576178,0.3876755726608,0.3876755726772,0.0722832578468,0.20756374864,0.3876755726772,317,0.07,0.07,0.03,0.05,0.04,0.07,0.03,0.08,0.04,0.04,0.07
8,5,7,"prevalence",0.1,"power",77,0.0102995292982424,0.000549629436985209,0.126839826839827,2926,0.337257708040765,0.078113170352603,0.01832205182,0.315392314814,0.3732014576178,0.3876755726608,0.3876755726772,0.0722832578468,0.20756374864,0.3876755726772,317,0.04,0.02,0.02,0.01,0.03,0.06,0.06,0.03,0.06,0.05,0.02
8,5,7,"prevalence",0.15,"power",77,0.0102995292982424,0.000549629436985209,0.126839826839827,2926,0.337257708040765,0.078113170352603,0.01832205182,0.315392314814,0.3732014576178,0.3876755726608,0.3876755726772,0.0722832578468,0.20756374864,0.3876755726772,317,0.04,0.03,0.04,0.05,0.05,0.01,0.04,0.05,0.04,0.05,0.05
8,5,7,"prevalence",0.2,"power",77,0.0102995292982424,0.000549629436985209,0.126839826839827,2926,0.337257708040765,0.078113170352603,0.01832205182,0.315392314814,0.3732014576178,0.3876755726608,0.3876755726772,0.0722832578468,0.20756374864,0.3876755726772,317,0.1,0.03,0.09,0.06,0.04,0.07,0.05,0.06,0.05,0.09,0.02
8,5,7,"prevalence",0.25,"power",77,0.0102995292982424,0.000549629436985209,0.126839826839827,2926,0.337257708040765,0.078113170352603,0.01832205182,0.315392314814,0.3732014576178,0.3876755726608,0.3876755726772,0.0722832578468,0.20756374864,0.3876755726772,317,0.14,0.06,0.15,0.03,0.03,0.07,0.04,0.07,0.04,0.06,0.06
8,5,7,"prevalence",0.3,"power",77,0.0102995292982424,0.000549629436985209,0.126839826839827,2926,0.337257708040765,0.078113170352603,0.01832205182,0.315392314814,0.3732014576178,0.3876755726608,0.3876755726772,0.0722832578468,0.20756374864,0.3876755726772,317,0.09,0.06,0.11,0.04,0.05,0.08,0.02,0.03,0.02,0.08,0.04
8,5,7,"prevalence",0.35,"power",77,0.0102995292982424,0.000549629436985209,0.126839826839827,2926,0.337257708040765,0.078113170352603,0.01832205182,0.315392314814,0.3732014576178,0.3876755726608,0.3876755726772,0.0722832578468,0.20756374864,0.3876755726772,317,0.18,0.04,0.06,0.05,0.07,0.15,0.06,0.03,0.05,0.13,0.07
8,5,7,"prevalence",0.4,"power",77,0.0102995292982424,0.000549629436985209,0.126839826839827,2926,0.337257708040765,0.078113170352603,0.01832205182,0.315392314814,0.3732014576178,0.3876755726608,0.3876755726772,0.0722832578468,0.20756374864,0.3876755726772,317,0.32,0.09,0.11,0.06,0.13,0.15,0.12,0.11,0.13,0.22,0.11
8,5,7,"prevalence",0.45,"power",77,0.0102995292982424,0.000549629436985209,0.126839826839827,2926,0.337257708040765,0.078113170352603,0.01832205182,0.315392314814,0.3732014576178,0.3876755726608,0.3876755726772,0.0722832578468,0.20756374864,0.3876755726772,317,0.25,0.13,0.18,0.12,0.12,0.12,0.05,0.02,0.05,0.21,0.11
8,5,7,"prevalence",0.5,"power",77,0.0102995292982424,0.000549629436985209,0.126839826839827,2926,0.337257708040765,0.078113170352603,0.01832205182,0.315392314814,0.3732014576178,0.3876755726608,0.3876755726772,0.0722832578468,0.20756374864,0.3876755726772,317,0.54,0.08,0.16,0.05,0.11,0.19,0.08,0.07,0.09,0.36,0.08
8,5,7,"prevalence",0.55,"power",77,0.0102995292982424,0.000549629436985209,0.126839826839827,2926,0.337257708040765,0.078113170352603,0.01832205182,0.315392314814,0.3732014576178,0.3876755726608,0.3876755726772,0.0722832578468,0.20756374864,0.3876755726772,317,0.58,0.04,0.16,0.03,0.06,0.19,0.06,0.06,0.07,0.41,0.05
8,5,7,"prevalence",0.6,"power",77,0.0102995292982424,0.000549629436985209,0.126839826839827,2926,0.337257708040765,0.078113170352603,0.01832205182,0.315392314814,0.3732014576178,0.3876755726608,0.3876755726772,0.0722832578468,0.20756374864,0.3876755726772,317,0.75,0.1,0.22,0.06,0.11,0.26,0.07,0.06,0.09,0.53,0.09
8,3,8,"abundance",0,"type1_error",77,-0.147560792318389,0.000427605181042819,0.0984848484848485,2926,0.523150159478294,0.114717387224751,0.003030312306,0.44951263609,0.553216142383,0.577372016959,0.8035527425968,0.127859380869,0.2653041458,0.5976137814008,231,0.07,0.04,0.06,0.02,0.03,0.07,0.03,0.03,0.04,0.06,0.04
8,3,8,"abundance",0.05,"power",77,-0.147560792318389,0.000427605181042819,0.0984848484848485,2926,0.523150159478294,0.114717387224751,0.003030312306,0.44951263609,0.553216142383,0.577372016959,0.8035527425968,0.127859380869,0.2653041458,0.5976137814008,231,0.06,0.07,0.05,0.04,0.06,0.06,0.06,0.06,0.04,0.05,0.07
8,3,8,"abundance",0.1,"power",77,-0.147560792318389,0.000427605181042819,0.0984848484848485,2926,0.523150159478294,0.114717387224751,0.003030312306,0.44951263609,0.553216142383,0.577372016959,0.8035527425968,0.127859380869,0.2653041458,0.5976137814008,231,0.08,0.04,0.09,0.03,0.06,0.05,0.05,0.05,0.05,0.06,0.04
8,3,8,"abundance",0.15,"power",77,-0.147560792318389,0.000427605181042819,0.0984848484848485,2926,0.523150159478294,0.114717387224751,0.003030312306,0.44951263609,0.553216142383,0.577372016959,0.8035527425968,0.127859380869,0.2653041458,0.5976137814008,231,0.03,0.07,0.05,0.04,0.06,0.04,0.08,0.09,0.06,0.04,0.07
8,3,8,"abundance",0.2,"power",77,-0.147560792318389,0.000427605181042819,0.0984848484848485,2926,0.523150159478294,0.114717387224751,0.003030312306,0.44951263609,0.553216142383,0.577372016959,0.8035527425968,0.127859380869,0.2653041458,0.5976137814008,231,0.1,0.02,0.07,0.03,0.04,0.1,0.02,0.03,0.02,0.11,0.03
8,3,8,"abundance",0.25,"power",77,-0.147560792318389,0.000427605181042819,0.0984848484848485,2926,0.523150159478294,0.114717387224751,0.003030312306,0.44951263609,0.553216142383,0.577372016959,0.8035527425968,0.127859380869,0.2653041458,0.5976137814008,231,0.09,0.03,0.04,0.07,0.05,0.08,0.04,0.04,0.03,0.05,0.05
8,3,8,"abundance",0.3,"power",77,-0.147560792318389,0.000427605181042819,0.0984848484848485,2926,0.523150159478294,0.114717387224751,0.003030312306,0.44951263609,0.553216142383,0.577372016959,0.8035527425968,0.127859380869,0.2653041458,0.5976137814008,231,0.03,0.04,0.05,0.04,0.02,0.03,0.02,0.05,0.02,0.02,0.04
8,3,8,"abundance",0.35,"power",77,-0.147560792318389,0.000427605181042819,0.0984848484848485,2926,0.523150159478294,0.114717387224751,0.003030312306,0.44951263609,0.553216142383,0.577372016959,0.8035527425968,0.127859380869,0.2653041458,0.5976137814008,231,0.09,0.04,0.05,0.07,0.08,0.04,0.05,0.08,0.05,0.12,0.04
8,3,8,"abundance",0.4,"power",77,-0.147560792318389,0.000427605181042819,0.0984848484848485,2926,0.523150159478294,0.114717387224751,0.003030312306,0.44951263609,0.553216142383,0.577372016959,0.8035527425968,0.127859380869,0.2653041458,0.5976137814008,231,0.07,0.06,0.04,0.07,0.07,0.1,0.06,0.09,0.07,0.05,0.05
8,3,8,"abundance",0.45,"power",77,-0.147560792318389,0.000427605181042819,0.0984848484848485,2926,0.523150159478294,0.114717387224751,0.003030312306,0.44951263609,0.553216142383,0.577372016959,0.8035527425968,0.127859380869,0.2653041458,0.5976137814008,231,0.04,0.1,0.02,0.08,0.07,0.03,0.04,0.03,0.05,0.03,0.1
8,3,8,"abundance",0.5,"power",77,-0.147560792318389,0.000427605181042819,0.0984848484848485,2926,0.523150159478294,0.114717387224751,0.003030312306,0.44951263609,0.553216142383,0.577372016959,0.8035527425968,0.127859380869,0.2653041458,0.5976137814008,231,0.03,0.09,0.05,0.09,0.09,0.06,0.07,0.05,0.07,0.03,0.11
8,3,8,"abundance",0.55,"power",77,-0.147560792318389,0.000427605181042819,0.0984848484848485,2926,0.523150159478294,0.114717387224751,0.003030312306,0.44951263609,0.553216142383,0.577372016959,0.8035527425968,0.127859380869,0.2653041458,0.5976137814008,231,0.06,0.07,0.02,0.08,0.13,0.05,0.1,0.07,0.1,0.07,0.11
8,3,8,"abundance",0.6,"power",77,-0.147560792318389,0.000427605181042819,0.0984848484848485,2926,0.523150159478294,0.114717387224751,0.003030312306,0.44951263609,0.553216142383,0.577372016959,0.8035527425968,0.127859380869,0.2653041458,0.5976137814008,231,0.07,0.08,0.05,0.06,0.17,0.09,0.12,0.06,0.12,0.07,0.13
8,3,8,"both",0,"type1_error",77,-0.147560792318389,0.000427605181042819,0.0984848484848485,2926,0.523150159478294,0.114717387224751,0.003030312306,0.44951263609,0.553216142383,0.577372016959,0.8035527425968,0.127859380869,0.2653041458,0.5976137814008,231,0.04,0.05,0.04,0.02,0.05,0.02,0.07,0.07,0.09,0.06,0.04
8,3,8,"both",0.05,"power",77,-0.147560792318389,0.000427605181042819,0.0984848484848485,2926,0.523150159478294,0.114717387224751,0.003030312306,0.44951263609,0.553216142383,0.577372016959,0.8035527425968,0.127859380869,0.2653041458,0.5976137814008,231,0.05,0.06,0,0.08,0.05,0.03,0.03,0.06,0.02,0.03,0.03
8,3,8,"both",0.1,"power",77,-0.147560792318389,0.000427605181042819,0.0984848484848485,2926,0.523150159478294,0.114717387224751,0.003030312306,0.44951263609,0.553216142383,0.577372016959,0.8035527425968,0.127859380869,0.2653041458,0.5976137814008,231,0.03,0.08,0.02,0.07,0.03,0.05,0.05,0.05,0.06,0.04,0.06
8,3,8,"both",0.15,"power",77,-0.147560792318389,0.000427605181042819,0.0984848484848485,2926,0.523150159478294,0.114717387224751,0.003030312306,0.44951263609,0.553216142383,0.577372016959,0.8035527425968,0.127859380869,0.2653041458,0.5976137814008,231,0.06,0.06,0.06,0.04,0.06,0.06,0.06,0.06,0.05,0.05,0.04
8,3,8,"both",0.2,"power",77,-0.147560792318389,0.000427605181042819,0.0984848484848485,2926,0.523150159478294,0.114717387224751,0.003030312306,0.44951263609,0.553216142383,0.577372016959,0.8035527425968,0.127859380869,0.2653041458,0.5976137814008,231,0.08,0.04,0.12,0.04,0.1,0.07,0.07,0.04,0.07,0.09,0.06
8,3,8,"both",0.25,"power",77,-0.147560792318389,0.000427605181042819,0.0984848484848485,2926,0.523150159478294,0.114717387224751,0.003030312306,0.44951263609,0.553216142383,0.577372016959,0.8035527425968,0.127859380869,0.2653041458,0.5976137814008,231,0.07,0.05,0.12,0.03,0.07,0.03,0.06,0.02,0.05,0.16,0.06
8,3,8,"both",0.3,"power",77,-0.147560792318389,0.000427605181042819,0.0984848484848485,2926,0.523150159478294,0.114717387224751,0.003030312306,0.44951263609,0.553216142383,0.577372016959,0.8035527425968,0.127859380869,0.2653041458,0.5976137814008,231,0.16,0.08,0.11,0.07,0.16,0.14,0.09,0.06,0.11,0.19,0.12
8,3,8,"both",0.35,"power",77,-0.147560792318389,0.000427605181042819,0.0984848484848485,2926,0.523150159478294,0.114717387224751,0.003030312306,0.44951263609,0.553216142383,0.577372016959,0.8035527425968,0.127859380869,0.2653041458,0.5976137814008,231,0.1,0.04,0.14,0.04,0.12,0.15,0.07,0.03,0.06,0.19,0.06
8,3,8,"both",0.4,"power",77,-0.147560792318389,0.000427605181042819,0.0984848484848485,2926,0.523150159478294,0.114717387224751,0.003030312306,0.44951263609,0.553216142383,0.577372016959,0.8035527425968,0.127859380869,0.2653041458,0.5976137814008,231,0.17,0.05,0.13,0.04,0.21,0.15,0.06,0.08,0.09,0.38,0.09
8,3,8,"both",0.45,"power",77,-0.147560792318389,0.000427605181042819,0.0984848484848485,2926,0.523150159478294,0.114717387224751,0.003030312306,0.44951263609,0.553216142383,0.577372016959,0.8035527425968,0.127859380869,0.2653041458,0.5976137814008,231,0.34,0.09,0.1,0.08,0.31,0.31,0.1,0.06,0.08,0.59,0.13
8,3,8,"both",0.5,"power",77,-0.147560792318389,0.000427605181042819,0.0984848484848485,2926,0.523150159478294,0.114717387224751,0.003030312306,0.44951263609,0.553216142383,0.577372016959,0.8035527425968,0.127859380869,0.2653041458,0.5976137814008,231,0.35,0.08,0.11,0.07,0.36,0.32,0.08,0.08,0.08,0.52,0.15
8,3,8,"both",0.55,"power",77,-0.147560792318389,0.000427605181042819,0.0984848484848485,2926,0.523150159478294,0.114717387224751,0.003030312306,0.44951263609,0.553216142383,0.577372016959,0.8035527425968,0.127859380869,0.2653041458,0.5976137814008,231,0.4,0.05,0.18,0.06,0.53,0.42,0.06,0.03,0.05,0.72,0.11
8,3,8,"both",0.6,"power",77,-0.147560792318389,0.000427605181042819,0.0984848484848485,2926,0.523150159478294,0.114717387224751,0.003030312306,0.44951263609,0.553216142383,0.577372016959,0.8035527425968,0.127859380869,0.2653041458,0.5976137814008,231,0.51,0.06,0.24,0.04,0.67,0.53,0.14,0.02,0.13,0.89,0.18
8,3,8,"prevalence",0,"type1_error",77,-0.147560792318389,0.000427605181042819,0.0984848484848485,2926,0.523150159478294,0.114717387224751,0.003030312306,0.44951263609,0.553216142383,0.577372016959,0.8035527425968,0.127859380869,0.2653041458,0.5976137814008,231,0.04,0.03,0.04,0.05,0.08,0.07,0.05,0.05,0.05,0.01,0.05
8,3,8,"prevalence",0.05,"power",77,-0.147560792318389,0.000427605181042819,0.0984848484848485,2926,0.523150159478294,0.114717387224751,0.003030312306,0.44951263609,0.553216142383,0.577372016959,0.8035527425968,0.127859380869,0.2653041458,0.5976137814008,231,0.04,0.06,0.04,0.05,0.04,0.04,0.02,0.05,0.02,0.1,0.05
8,3,8,"prevalence",0.1,"power",77,-0.147560792318389,0.000427605181042819,0.0984848484848485,2926,0.523150159478294,0.114717387224751,0.003030312306,0.44951263609,0.553216142383,0.577372016959,0.8035527425968,0.127859380869,0.2653041458,0.5976137814008,231,0.02,0.02,0.06,0.03,0.01,0.02,0,0.01,0,0.05,0.03
8,3,8,"prevalence",0.15,"power",77,-0.147560792318389,0.000427605181042819,0.0984848484848485,2926,0.523150159478294,0.114717387224751,0.003030312306,0.44951263609,0.553216142383,0.577372016959,0.8035527425968,0.127859380869,0.2653041458,0.5976137814008,231,0.06,0.03,0.05,0.01,0.04,0.06,0.07,0.04,0.07,0.08,0.06
8,3,8,"prevalence",0.2,"power",77,-0.147560792318389,0.000427605181042819,0.0984848484848485,2926,0.523150159478294,0.114717387224751,0.003030312306,0.44951263609,0.553216142383,0.577372016959,0.8035527425968,0.127859380869,0.2653041458,0.5976137814008,231,0.07,0.04,0.08,0.04,0.04,0.04,0.03,0.07,0.06,0.13,0.04
8,3,8,"prevalence",0.25,"power",77,-0.147560792318389,0.000427605181042819,0.0984848484848485,2926,0.523150159478294,0.114717387224751,0.003030312306,0.44951263609,0.553216142383,0.577372016959,0.8035527425968,0.127859380869,0.2653041458,0.5976137814008,231,0.08,0.07,0.03,0.1,0.09,0.07,0.07,0.08,0.08,0.15,0.09
8,3,8,"prevalence",0.3,"power",77,-0.147560792318389,0.000427605181042819,0.0984848484848485,2926,0.523150159478294,0.114717387224751,0.003030312306,0.44951263609,0.553216142383,0.577372016959,0.8035527425968,0.127859380869,0.2653041458,0.5976137814008,231,0.14,0.07,0.08,0.1,0.06,0.08,0.04,0.06,0.03,0.19,0.05
8,3,8,"prevalence",0.35,"power",77,-0.147560792318389,0.000427605181042819,0.0984848484848485,2926,0.523150159478294,0.114717387224751,0.003030312306,0.44951263609,0.553216142383,0.577372016959,0.8035527425968,0.127859380869,0.2653041458,0.5976137814008,231,0.2,0.05,0.12,0.04,0.1,0.1,0.05,0.08,0.05,0.3,0.06
8,3,8,"prevalence",0.4,"power",77,-0.147560792318389,0.000427605181042819,0.0984848484848485,2926,0.523150159478294,0.114717387224751,0.003030312306,0.44951263609,0.553216142383,0.577372016959,0.8035527425968,0.127859380869,0.2653041458,0.5976137814008,231,0.19,0.07,0.11,0.06,0.09,0.09,0.09,0.03,0.07,0.37,0.06
8,3,8,"prevalence",0.45,"power",77,-0.147560792318389,0.000427605181042819,0.0984848484848485,2926,0.523150159478294,0.114717387224751,0.003030312306,0.44951263609,0.553216142383,0.577372016959,0.8035527425968,0.127859380869,0.2653041458,0.5976137814008,231,0.23,0.02,0.07,0.04,0.08,0.16,0.03,0.02,0.06,0.44,0.04
8,3,8,"prevalence",0.5,"power",77,-0.147560792318389,0.000427605181042819,0.0984848484848485,2926,0.523150159478294,0.114717387224751,0.003030312306,0.44951263609,0.553216142383,0.577372016959,0.8035527425968,0.127859380869,0.2653041458,0.5976137814008,231,0.42,0.04,0.08,0.03,0.1,0.23,0.03,0.02,0.03,0.66,0.04
8,3,8,"prevalence",0.55,"power",77,-0.147560792318389,0.000427605181042819,0.0984848484848485,2926,0.523150159478294,0.114717387224751,0.003030312306,0.44951263609,0.553216142383,0.577372016959,0.8035527425968,0.127859380869,0.2653041458,0.5976137814008,231,0.45,0.03,0.21,0.03,0.1,0.19,0.05,0.08,0.07,0.72,0.03
8,3,8,"prevalence",0.6,"power",77,-0.147560792318389,0.000427605181042819,0.0984848484848485,2926,0.523150159478294,0.114717387224751,0.003030312306,0.44951263609,0.553216142383,0.577372016959,0.8035527425968,0.127859380869,0.2653041458,0.5976137814008,231,0.47,0.04,0.16,0.05,0.08,0.19,0.03,0.04,0.02,0.81,0.02
10,2,1,"abundance",0,"type1_error",62,0.165900181610555,0.0040943972962986,0.178494623655914,1891,0.229158939783568,0.079996257135417,0.005899773466,0.176601434569,0.21240901874,0.301465813185,0.377714252864,0.124864378616,0.005899773466,0.377714252864,0,0.04,0.06,0.01,0.08,0.03,0.05,0.02,0.03,0.02,0.03,0.03
10,2,1,"abundance",0.05,"power",62,0.165900181610555,0.0040943972962986,0.178494623655914,1891,0.229158939783568,0.079996257135417,0.005899773466,0.176601434569,0.21240901874,0.301465813185,0.377714252864,0.124864378616,0.005899773466,0.377714252864,0,0.07,0.03,0.06,0.05,0.04,0.01,0.05,0.07,0.05,0.03,0.04
10,2,1,"abundance",0.1,"power",62,0.165900181610555,0.0040943972962986,0.178494623655914,1891,0.229158939783568,0.079996257135417,0.005899773466,0.176601434569,0.21240901874,0.301465813185,0.377714252864,0.124864378616,0.005899773466,0.377714252864,0,0.11,0.05,0.01,0.07,0.07,0.06,0.06,0.06,0.06,0.07,0.05
10,2,1,"abundance",0.15,"power",62,0.165900181610555,0.0040943972962986,0.178494623655914,1891,0.229158939783568,0.079996257135417,0.005899773466,0.176601434569,0.21240901874,0.301465813185,0.377714252864,0.124864378616,0.005899773466,0.377714252864,0,0.05,0.11,0.05,0.1,0.1,0.07,0.09,0.08,0.1,0.05,0.11
10,2,1,"abundance",0.2,"power",62,0.165900181610555,0.0040943972962986,0.178494623655914,1891,0.229158939783568,0.079996257135417,0.005899773466,0.176601434569,0.21240901874,0.301465813185,0.377714252864,0.124864378616,0.005899773466,0.377714252864,0,0.07,0.17,0.03,0.21,0.13,0.07,0.1,0.06,0.08,0.06,0.16
10,2,1,"abundance",0.25,"power",62,0.165900181610555,0.0040943972962986,0.178494623655914,1891,0.229158939783568,0.079996257135417,0.005899773466,0.176601434569,0.21240901874,0.301465813185,0.377714252864,0.124864378616,0.005899773466,0.377714252864,0,0.04,0.25,0.04,0.26,0.15,0.04,0.14,0.13,0.12,0.07,0.24
10,2,1,"abundance",0.3,"power",62,0.165900181610555,0.0040943972962986,0.178494623655914,1891,0.229158939783568,0.079996257135417,0.005899773466,0.176601434569,0.21240901874,0.301465813185,0.377714252864,0.124864378616,0.005899773466,0.377714252864,0,0.03,0.34,0.03,0.32,0.21,0.11,0.16,0.11,0.17,0.05,0.29
10,2,1,"abundance",0.35,"power",62,0.165900181610555,0.0040943972962986,0.178494623655914,1891,0.229158939783568,0.079996257135417,0.005899773466,0.176601434569,0.21240901874,0.301465813185,0.377714252864,0.124864378616,0.005899773466,0.377714252864,0,0.05,0.44,0.07,0.45,0.34,0.03,0.14,0.18,0.14,0.04,0.43
10,2,1,"abundance",0.4,"power",62,0.165900181610555,0.0040943972962986,0.178494623655914,1891,0.229158939783568,0.079996257135417,0.005899773466,0.176601434569,0.21240901874,0.301465813185,0.377714252864,0.124864378616,0.005899773466,0.377714252864,0,0.07,0.47,0.05,0.48,0.45,0.07,0.34,0.19,0.32,0.07,0.5
10,2,1,"abundance",0.45,"power",62,0.165900181610555,0.0040943972962986,0.178494623655914,1891,0.229158939783568,0.079996257135417,0.005899773466,0.176601434569,0.21240901874,0.301465813185,0.377714252864,0.124864378616,0.005899773466,0.377714252864,0,0.03,0.63,0.03,0.61,0.54,0.04,0.33,0.23,0.32,0.05,0.61
10,2,1,"abundance",0.5,"power",62,0.165900181610555,0.0040943972962986,0.178494623655914,1891,0.229158939783568,0.079996257135417,0.005899773466,0.176601434569,0.21240901874,0.301465813185,0.377714252864,0.124864378616,0.005899773466,0.377714252864,0,0.05,0.78,0.04,0.78,0.71,0.06,0.48,0.33,0.49,0.03,0.77
10,2,1,"abundance",0.55,"power",62,0.165900181610555,0.0040943972962986,0.178494623655914,1891,0.229158939783568,0.079996257135417,0.005899773466,0.176601434569,0.21240901874,0.301465813185,0.377714252864,0.124864378616,0.005899773466,0.377714252864,0,0.04,0.82,0.02,0.83,0.79,0.09,0.6,0.44,0.59,0.06,0.82
10,2,1,"abundance",0.6,"power",62,0.165900181610555,0.0040943972962986,0.178494623655914,1891,0.229158939783568,0.079996257135417,0.005899773466,0.176601434569,0.21240901874,0.301465813185,0.377714252864,0.124864378616,0.005899773466,0.377714252864,0,0.02,0.81,0.05,0.81,0.84,0.07,0.58,0.38,0.56,0.06,0.85
10,2,1,"both",0,"type1_error",62,0.165900181610555,0.0040943972962986,0.178494623655914,1891,0.229158939783568,0.079996257135417,0.005899773466,0.176601434569,0.21240901874,0.301465813185,0.377714252864,0.124864378616,0.005899773466,0.377714252864,0,0.05,0.02,0.06,0.05,0.01,0.05,0.03,0.04,0.03,0.04,0.03
10,2,1,"both",0.05,"power",62,0.165900181610555,0.0040943972962986,0.178494623655914,1891,0.229158939783568,0.079996257135417,0.005899773466,0.176601434569,0.21240901874,0.301465813185,0.377714252864,0.124864378616,0.005899773466,0.377714252864,0,0.07,0.11,0.06,0.09,0.1,0.08,0.06,0.04,0.07,0.08,0.09
10,2,1,"both",0.1,"power",62,0.165900181610555,0.0040943972962986,0.178494623655914,1891,0.229158939783568,0.079996257135417,0.005899773466,0.176601434569,0.21240901874,0.301465813185,0.377714252864,0.124864378616,0.005899773466,0.377714252864,0,0.07,0.07,0.06,0.07,0.1,0.03,0.05,0.05,0.08,0.05,0.07
10,2,1,"both",0.15,"power",62,0.165900181610555,0.0040943972962986,0.178494623655914,1891,0.229158939783568,0.079996257135417,0.005899773466,0.176601434569,0.21240901874,0.301465813185,0.377714252864,0.124864378616,0.005899773466,0.377714252864,0,0.08,0.26,0.03,0.24,0.21,0.09,0.12,0.06,0.12,0.07,0.22
10,2,1,"both",0.2,"power",62,0.165900181610555,0.0040943972962986,0.178494623655914,1891,0.229158939783568,0.079996257135417,0.005899773466,0.176601434569,0.21240901874,0.301465813185,0.377714252864,0.124864378616,0.005899773466,0.377714252864,0,0.09,0.15,0.09,0.14,0.15,0.12,0.07,0.08,0.07,0.12,0.15
10,2,1,"both",0.25,"power",62,0.165900181610555,0.0040943972962986,0.178494623655914,1891,0.229158939783568,0.079996257135417,0.005899773466,0.176601434569,0.21240901874,0.301465813185,0.377714252864,0.124864378616,0.005899773466,0.377714252864,0,0.09,0.26,0.06,0.29,0.26,0.11,0.12,0.08,0.13,0.04,0.29
10,2,1,"both",0.3,"power",62,0.165900181610555,0.0040943972962986,0.178494623655914,1891,0.229158939783568,0.079996257135417,0.005899773466,0.176601434569,0.21240901874,0.301465813185,0.377714252864,0.124864378616,0.005899773466,0.377714252864,0,0.04,0.49,0.08,0.46,0.36,0.11,0.21,0.15,0.2,0.03,0.48
10,2,1,"both",0.35,"power",62,0.165900181610555,0.0040943972962986,0.178494623655914,1891,0.229158939783568,0.079996257135417,0.005899773466,0.176601434569,0.21240901874,0.301465813185,0.377714252864,0.124864378616,0.005899773466,0.377714252864,0,0.22,0.55,0.07,0.53,0.57,0.29,0.29,0.15,0.3,0.1,0.57
10,2,1,"both",0.4,"power",62,0.165900181610555,0.0040943972962986,0.178494623655914,1891,0.229158939783568,0.079996257135417,0.005899773466,0.176601434569,0.21240901874,0.301465813185,0.377714252864,0.124864378616,0.005899773466,0.377714252864,0,0.18,0.65,0.1,0.62,0.69,0.34,0.43,0.2,0.44,0.1,0.7
10,2,1,"both",0.45,"power",62,0.165900181610555,0.0040943972962986,0.178494623655914,1891,0.229158939783568,0.079996257135417,0.005899773466,0.176601434569,0.21240901874,0.301465813185,0.377714252864,0.124864378616,0.005899773466,0.377714252864,0,0.27,0.74,0.11,0.75,0.79,0.51,0.41,0.25,0.39,0.17,0.81
10,2,1,"both",0.5,"power",62,0.165900181610555,0.0040943972962986,0.178494623655914,1891,0.229158939783568,0.079996257135417,0.005899773466,0.176601434569,0.21240901874,0.301465813185,0.377714252864,0.124864378616,0.005899773466,0.377714252864,0,0.22,0.88,0.09,0.88,0.91,0.58,0.67,0.39,0.61,0.16,0.91
10,2,1,"both",0.55,"power",62,0.165900181610555,0.0040943972962986,0.178494623655914,1891,0.229158939783568,0.079996257135417,0.005899773466,0.176601434569,0.21240901874,0.301465813185,0.377714252864,0.124864378616,0.005899773466,0.377714252864,0,0.37,0.99,0.14,0.98,0.98,0.76,0.77,0.41,0.77,0.23,0.98
10,2,1,"both",0.6,"power",62,0.165900181610555,0.0040943972962986,0.178494623655914,1891,0.229158939783568,0.079996257135417,0.005899773466,0.176601434569,0.21240901874,0.301465813185,0.377714252864,0.124864378616,0.005899773466,0.377714252864,0,0.59,0.97,0.16,0.97,0.98,0.84,0.85,0.56,0.82,0.39,0.98
10,2,1,"prevalence",0,"type1_error",62,0.165900181610555,0.0040943972962986,0.178494623655914,1891,0.229158939783568,0.079996257135417,0.005899773466,0.176601434569,0.21240901874,0.301465813185,0.377714252864,0.124864378616,0.005899773466,0.377714252864,0,0.03,0.03,0.04,0.04,0.04,0.05,0.01,0.02,0.02,0.05,0.03
10,2,1,"prevalence",0.05,"power",62,0.165900181610555,0.0040943972962986,0.178494623655914,1891,0.229158939783568,0.079996257135417,0.005899773466,0.176601434569,0.21240901874,0.301465813185,0.377714252864,0.124864378616,0.005899773466,0.377714252864,0,0.02,0.04,0.05,0.03,0.04,0.03,0.06,0.05,0.06,0.04,0.03
10,2,1,"prevalence",0.1,"power",62,0.165900181610555,0.0040943972962986,0.178494623655914,1891,0.229158939783568,0.079996257135417,0.005899773466,0.176601434569,0.21240901874,0.301465813185,0.377714252864,0.124864378616,0.005899773466,0.377714252864,0,0.07,0.05,0.05,0.04,0.07,0.03,0.06,0.03,0.04,0.04,0.06
10,2,1,"prevalence",0.15,"power",62,0.165900181610555,0.0040943972962986,0.178494623655914,1891,0.229158939783568,0.079996257135417,0.005899773466,0.176601434569,0.21240901874,0.301465813185,0.377714252864,0.124864378616,0.005899773466,0.377714252864,0,0.02,0.05,0.06,0.05,0.02,0.04,0.04,0.03,0.04,0.04,0.06
10,2,1,"prevalence",0.2,"power",62,0.165900181610555,0.0040943972962986,0.178494623655914,1891,0.229158939783568,0.079996257135417,0.005899773466,0.176601434569,0.21240901874,0.301465813185,0.377714252864,0.124864378616,0.005899773466,0.377714252864,0,0.08,0.03,0.05,0.03,0.04,0.07,0.04,0.03,0.04,0.06,0.05
10,2,1,"prevalence",0.25,"power",62,0.165900181610555,0.0040943972962986,0.178494623655914,1891,0.229158939783568,0.079996257135417,0.005899773466,0.176601434569,0.21240901874,0.301465813185,0.377714252864,0.124864378616,0.005899773466,0.377714252864,0,0.05,0.05,0.1,0.04,0.06,0.06,0.06,0.07,0.05,0.04,0.07
10,2,1,"prevalence",0.3,"power",62,0.165900181610555,0.0040943972962986,0.178494623655914,1891,0.229158939783568,0.079996257135417,0.005899773466,0.176601434569,0.21240901874,0.301465813185,0.377714252864,0.124864378616,0.005899773466,0.377714252864,0,0.12,0.03,0.09,0.07,0.05,0.12,0.05,0.02,0.04,0.09,0.04
10,2,1,"prevalence",0.35,"power",62,0.165900181610555,0.0040943972962986,0.178494623655914,1891,0.229158939783568,0.079996257135417,0.005899773466,0.176601434569,0.21240901874,0.301465813185,0.377714252864,0.124864378616,0.005899773466,0.377714252864,0,0.14,0.02,0.08,0.03,0.05,0.13,0.07,0.06,0.07,0.11,0.06
10,2,1,"prevalence",0.4,"power",62,0.165900181610555,0.0040943972962986,0.178494623655914,1891,0.229158939783568,0.079996257135417,0.005899773466,0.176601434569,0.21240901874,0.301465813185,0.377714252864,0.124864378616,0.005899773466,0.377714252864,0,0.14,0.09,0.08,0.06,0.05,0.13,0.02,0.01,0.05,0.13,0.05
10,2,1,"prevalence",0.45,"power",62,0.165900181610555,0.0040943972962986,0.178494623655914,1891,0.229158939783568,0.079996257135417,0.005899773466,0.176601434569,0.21240901874,0.301465813185,0.377714252864,0.124864378616,0.005899773466,0.377714252864,0,0.17,0.06,0.07,0.1,0.08,0.13,0.04,0.04,0.04,0.07,0.06
10,2,1,"prevalence",0.5,"power",62,0.165900181610555,0.0040943972962986,0.178494623655914,1891,0.229158939783568,0.079996257135417,0.005899773466,0.176601434569,0.21240901874,0.301465813185,0.377714252864,0.124864378616,0.005899773466,0.377714252864,0,0.39,0.07,0.16,0.07,0.06,0.27,0.02,0.03,0.02,0.21,0.05
10,2,1,"prevalence",0.55,"power",62,0.165900181610555,0.0040943972962986,0.178494623655914,1891,0.229158939783568,0.079996257135417,0.005899773466,0.176601434569,0.21240901874,0.301465813185,0.377714252864,0.124864378616,0.005899773466,0.377714252864,0,0.38,0.15,0.11,0.14,0.13,0.28,0.1,0.05,0.1,0.24,0.17
10,2,1,"prevalence",0.6,"power",62,0.165900181610555,0.0040943972962986,0.178494623655914,1891,0.229158939783568,0.079996257135417,0.005899773466,0.176601434569,0.21240901874,0.301465813185,0.377714252864,0.124864378616,0.005899773466,0.377714252864,0,0.46,0.09,0.18,0.1,0.1,0.37,0.05,0.08,0.05,0.32,0.09
10,10,2,"abundance",0,"type1_error",61,0.0152920833216361,0.00280495067589163,0.157103825136612,1830,0.326238610462045,0.0631061234861276,0.003074565912,0.330042663908,0.354951452517,0.354951452539,0.371465524125,0.024908788631,0.299845382424,0.371465524125,266,0.05,0.06,0.05,0.05,0.08,0.08,0.07,0.05,0.06,0.03,0.08
10,10,2,"abundance",0.05,"power",61,0.0152920833216361,0.00280495067589163,0.157103825136612,1830,0.326238610462045,0.0631061234861276,0.003074565912,0.330042663908,0.354951452517,0.354951452539,0.371465524125,0.024908788631,0.299845382424,0.371465524125,266,0.07,0.03,0.03,0.05,0.01,0.03,0.03,0.06,0.05,0.04,0.02
10,10,2,"abundance",0.1,"power",61,0.0152920833216361,0.00280495067589163,0.157103825136612,1830,0.326238610462045,0.0631061234861276,0.003074565912,0.330042663908,0.354951452517,0.354951452539,0.371465524125,0.024908788631,0.299845382424,0.371465524125,266,0.08,0.11,0.07,0.08,0.04,0.04,0.04,0.03,0.04,0.1,0.08
10,10,2,"abundance",0.15,"power",61,0.0152920833216361,0.00280495067589163,0.157103825136612,1830,0.326238610462045,0.0631061234861276,0.003074565912,0.330042663908,0.354951452517,0.354951452539,0.371465524125,0.024908788631,0.299845382424,0.371465524125,266,0.06,0.04,0.04,0.06,0.08,0.1,0.11,0.05,0.11,0.08,0.08
10,10,2,"abundance",0.2,"power",61,0.0152920833216361,0.00280495067589163,0.157103825136612,1830,0.326238610462045,0.0631061234861276,0.003074565912,0.330042663908,0.354951452517,0.354951452539,0.371465524125,0.024908788631,0.299845382424,0.371465524125,266,0.04,0.1,0.03,0.07,0.1,0.04,0.11,0.1,0.12,0.03,0.09
10,10,2,"abundance",0.25,"power",61,0.0152920833216361,0.00280495067589163,0.157103825136612,1830,0.326238610462045,0.0631061234861276,0.003074565912,0.330042663908,0.354951452517,0.354951452539,0.371465524125,0.024908788631,0.299845382424,0.371465524125,266,0.03,0.12,0.07,0.11,0.05,0.02,0.06,0.07,0.06,0.03,0.09
10,10,2,"abundance",0.3,"power",61,0.0152920833216361,0.00280495067589163,0.157103825136612,1830,0.326238610462045,0.0631061234861276,0.003074565912,0.330042663908,0.354951452517,0.354951452539,0.371465524125,0.024908788631,0.299845382424,0.371465524125,266,0.03,0.09,0.05,0.07,0.12,0.03,0.1,0.08,0.08,0.03,0.14
10,10,2,"abundance",0.35,"power",61,0.0152920833216361,0.00280495067589163,0.157103825136612,1830,0.326238610462045,0.0631061234861276,0.003074565912,0.330042663908,0.354951452517,0.354951452539,0.371465524125,0.024908788631,0.299845382424,0.371465524125,266,0.03,0.11,0.04,0.12,0.17,0.06,0.12,0.14,0.11,0.07,0.18
10,10,2,"abundance",0.4,"power",61,0.0152920833216361,0.00280495067589163,0.157103825136612,1830,0.326238610462045,0.0631061234861276,0.003074565912,0.330042663908,0.354951452517,0.354951452539,0.371465524125,0.024908788631,0.299845382424,0.371465524125,266,0.03,0.21,0.03,0.18,0.21,0.04,0.19,0.18,0.19,0.05,0.2
10,10,2,"abundance",0.45,"power",61,0.0152920833216361,0.00280495067589163,0.157103825136612,1830,0.326238610462045,0.0631061234861276,0.003074565912,0.330042663908,0.354951452517,0.354951452539,0.371465524125,0.024908788631,0.299845382424,0.371465524125,266,0.09,0.24,0.08,0.21,0.21,0.1,0.26,0.13,0.27,0.08,0.29
10,10,2,"abundance",0.5,"power",61,0.0152920833216361,0.00280495067589163,0.157103825136612,1830,0.326238610462045,0.0631061234861276,0.003074565912,0.330042663908,0.354951452517,0.354951452539,0.371465524125,0.024908788631,0.299845382424,0.371465524125,266,0.06,0.32,0.08,0.24,0.34,0.06,0.25,0.2,0.24,0.04,0.37
10,10,2,"abundance",0.55,"power",61,0.0152920833216361,0.00280495067589163,0.157103825136612,1830,0.326238610462045,0.0631061234861276,0.003074565912,0.330042663908,0.354951452517,0.354951452539,0.371465524125,0.024908788631,0.299845382424,0.371465524125,266,0.03,0.37,0.03,0.32,0.44,0.09,0.43,0.27,0.36,0.03,0.38
10,10,2,"abundance",0.6,"power",61,0.0152920833216361,0.00280495067589163,0.157103825136612,1830,0.326238610462045,0.0631061234861276,0.003074565912,0.330042663908,0.354951452517,0.354951452539,0.371465524125,0.024908788631,0.299845382424,0.371465524125,266,0.05,0.48,0.05,0.33,0.52,0.08,0.47,0.38,0.39,0.07,0.54
10,10,2,"both",0,"type1_error",61,0.0152920833216361,0.00280495067589163,0.157103825136612,1830,0.326238610462045,0.0631061234861276,0.003074565912,0.330042663908,0.354951452517,0.354951452539,0.371465524125,0.024908788631,0.299845382424,0.371465524125,266,0.07,0.05,0.05,0.05,0.03,0.06,0.06,0.05,0.06,0.05,0.06
10,10,2,"both",0.05,"power",61,0.0152920833216361,0.00280495067589163,0.157103825136612,1830,0.326238610462045,0.0631061234861276,0.003074565912,0.330042663908,0.354951452517,0.354951452539,0.371465524125,0.024908788631,0.299845382424,0.371465524125,266,0.07,0.03,0.06,0.03,0.03,0.06,0.02,0.04,0.02,0.05,0.03
10,10,2,"both",0.1,"power",61,0.0152920833216361,0.00280495067589163,0.157103825136612,1830,0.326238610462045,0.0631061234861276,0.003074565912,0.330042663908,0.354951452517,0.354951452539,0.371465524125,0.024908788631,0.299845382424,0.371465524125,266,0.06,0.03,0.04,0.03,0.03,0.02,0.05,0.03,0.04,0.08,0.03
10,10,2,"both",0.15,"power",61,0.0152920833216361,0.00280495067589163,0.157103825136612,1830,0.326238610462045,0.0631061234861276,0.003074565912,0.330042663908,0.354951452517,0.354951452539,0.371465524125,0.024908788631,0.299845382424,0.371465524125,266,0.05,0.06,0.03,0.07,0.04,0.08,0.06,0.07,0.05,0.04,0.07
10,10,2,"both",0.2,"power",61,0.0152920833216361,0.00280495067589163,0.157103825136612,1830,0.326238610462045,0.0631061234861276,0.003074565912,0.330042663908,0.354951452517,0.354951452539,0.371465524125,0.024908788631,0.299845382424,0.371465524125,266,0.06,0.1,0.03,0.1,0.07,0.09,0.08,0.05,0.08,0.06,0.06
10,10,2,"both",0.25,"power",61,0.0152920833216361,0.00280495067589163,0.157103825136612,1830,0.326238610462045,0.0631061234861276,0.003074565912,0.330042663908,0.354951452517,0.354951452539,0.371465524125,0.024908788631,0.299845382424,0.371465524125,266,0.07,0.14,0.07,0.13,0.14,0.1,0.11,0.05,0.12,0.06,0.13
10,10,2,"both",0.3,"power",61,0.0152920833216361,0.00280495067589163,0.157103825136612,1830,0.326238610462045,0.0631061234861276,0.003074565912,0.330042663908,0.354951452517,0.354951452539,0.371465524125,0.024908788631,0.299845382424,0.371465524125,266,0.12,0.18,0.1,0.15,0.26,0.13,0.21,0.09,0.17,0.08,0.24
10,10,2,"both",0.35,"power",61,0.0152920833216361,0.00280495067589163,0.157103825136612,1830,0.326238610462045,0.0631061234861276,0.003074565912,0.330042663908,0.354951452517,0.354951452539,0.371465524125,0.024908788631,0.299845382424,0.371465524125,266,0.08,0.18,0.06,0.13,0.21,0.08,0.15,0.11,0.15,0.14,0.18
10,10,2,"both",0.4,"power",61,0.0152920833216361,0.00280495067589163,0.157103825136612,1830,0.326238610462045,0.0631061234861276,0.003074565912,0.330042663908,0.354951452517,0.354951452539,0.371465524125,0.024908788631,0.299845382424,0.371465524125,266,0.15,0.21,0.13,0.2,0.39,0.23,0.22,0.12,0.19,0.18,0.31
10,10,2,"both",0.45,"power",61,0.0152920833216361,0.00280495067589163,0.157103825136612,1830,0.326238610462045,0.0631061234861276,0.003074565912,0.330042663908,0.354951452517,0.354951452539,0.371465524125,0.024908788631,0.299845382424,0.371465524125,266,0.14,0.32,0.05,0.27,0.49,0.3,0.43,0.21,0.39,0.22,0.41
10,10,2,"both",0.5,"power",61,0.0152920833216361,0.00280495067589163,0.157103825136612,1830,0.326238610462045,0.0631061234861276,0.003074565912,0.330042663908,0.354951452517,0.354951452539,0.371465524125,0.024908788631,0.299845382424,0.371465524125,266,0.23,0.36,0.12,0.3,0.61,0.34,0.39,0.25,0.4,0.3,0.48
10,10,2,"both",0.55,"power",61,0.0152920833216361,0.00280495067589163,0.157103825136612,1830,0.326238610462045,0.0631061234861276,0.003074565912,0.330042663908,0.354951452517,0.354951452539,0.371465524125,0.024908788631,0.299845382424,0.371465524125,266,0.29,0.45,0.15,0.36,0.8,0.5,0.46,0.33,0.45,0.39,0.58
10,10,2,"both",0.6,"power",61,0.0152920833216361,0.00280495067589163,0.157103825136612,1830,0.326238610462045,0.0631061234861276,0.003074565912,0.330042663908,0.354951452517,0.354951452539,0.371465524125,0.024908788631,0.299845382424,0.371465524125,266,0.34,0.67,0.1,0.54,0.87,0.57,0.58,0.36,0.58,0.52,0.73
10,10,2,"prevalence",0,"type1_error",61,0.0152920833216361,0.00280495067589163,0.157103825136612,1830,0.326238610462045,0.0631061234861276,0.003074565912,0.330042663908,0.354951452517,0.354951452539,0.371465524125,0.024908788631,0.299845382424,0.371465524125,266,0.03,0.09,0.02,0.11,0.04,0.03,0.02,0.05,0.03,0.04,0.07
10,10,2,"prevalence",0.05,"power",61,0.0152920833216361,0.00280495067589163,0.157103825136612,1830,0.326238610462045,0.0631061234861276,0.003074565912,0.330042663908,0.354951452517,0.354951452539,0.371465524125,0.024908788631,0.299845382424,0.371465524125,266,0.05,0.03,0.06,0.02,0.05,0.05,0.06,0.04,0.06,0.08,0.02
10,10,2,"prevalence",0.1,"power",61,0.0152920833216361,0.00280495067589163,0.157103825136612,1830,0.326238610462045,0.0631061234861276,0.003074565912,0.330042663908,0.354951452517,0.354951452539,0.371465524125,0.024908788631,0.299845382424,0.371465524125,266,0.03,0.09,0.05,0.09,0.04,0.05,0.06,0.04,0.03,0.05,0.09
10,10,2,"prevalence",0.15,"power",61,0.0152920833216361,0.00280495067589163,0.157103825136612,1830,0.326238610462045,0.0631061234861276,0.003074565912,0.330042663908,0.354951452517,0.354951452539,0.371465524125,0.024908788631,0.299845382424,0.371465524125,266,0.06,0.08,0.08,0.07,0.06,0.03,0.06,0.05,0.07,0.04,0.06
10,10,2,"prevalence",0.2,"power",61,0.0152920833216361,0.00280495067589163,0.157103825136612,1830,0.326238610462045,0.0631061234861276,0.003074565912,0.330042663908,0.354951452517,0.354951452539,0.371465524125,0.024908788631,0.299845382424,0.371465524125,266,0.05,0.03,0.1,0.03,0.05,0.04,0.06,0.05,0.05,0.07,0.04
10,10,2,"prevalence",0.25,"power",61,0.0152920833216361,0.00280495067589163,0.157103825136612,1830,0.326238610462045,0.0631061234861276,0.003074565912,0.330042663908,0.354951452517,0.354951452539,0.371465524125,0.024908788631,0.299845382424,0.371465524125,266,0.07,0.07,0.05,0.05,0.05,0.07,0.05,0.07,0.03,0.08,0.03
10,10,2,"prevalence",0.3,"power",61,0.0152920833216361,0.00280495067589163,0.157103825136612,1830,0.326238610462045,0.0631061234861276,0.003074565912,0.330042663908,0.354951452517,0.354951452539,0.371465524125,0.024908788631,0.299845382424,0.371465524125,266,0.09,0.02,0.09,0.03,0,0.1,0.04,0.05,0.03,0.1,0.01
10,10,2,"prevalence",0.35,"power",61,0.0152920833216361,0.00280495067589163,0.157103825136612,1830,0.326238610462045,0.0631061234861276,0.003074565912,0.330042663908,0.354951452517,0.354951452539,0.371465524125,0.024908788631,0.299845382424,0.371465524125,266,0.12,0.04,0.07,0.05,0.01,0.1,0.02,0.03,0.03,0.14,0.02
10,10,2,"prevalence",0.4,"power",61,0.0152920833216361,0.00280495067589163,0.157103825136612,1830,0.326238610462045,0.0631061234861276,0.003074565912,0.330042663908,0.354951452517,0.354951452539,0.371465524125,0.024908788631,0.299845382424,0.371465524125,266,0.2,0.05,0.07,0.06,0.02,0.16,0.05,0.07,0.04,0.22,0.02
10,10,2,"prevalence",0.45,"power",61,0.0152920833216361,0.00280495067589163,0.157103825136612,1830,0.326238610462045,0.0631061234861276,0.003074565912,0.330042663908,0.354951452517,0.354951452539,0.371465524125,0.024908788631,0.299845382424,0.371465524125,266,0.21,0.05,0.08,0.05,0.14,0.18,0.05,0.06,0.04,0.23,0.07
10,10,2,"prevalence",0.5,"power",61,0.0152920833216361,0.00280495067589163,0.157103825136612,1830,0.326238610462045,0.0631061234861276,0.003074565912,0.330042663908,0.354951452517,0.354951452539,0.371465524125,0.024908788631,0.299845382424,0.371465524125,266,0.27,0.06,0.14,0.07,0.09,0.15,0.07,0.04,0.08,0.37,0.05
10,10,2,"prevalence",0.55,"power",61,0.0152920833216361,0.00280495067589163,0.157103825136612,1830,0.326238610462045,0.0631061234861276,0.003074565912,0.330042663908,0.354951452517,0.354951452539,0.371465524125,0.024908788631,0.299845382424,0.371465524125,266,0.23,0.07,0.06,0.08,0.12,0.18,0.06,0.06,0.07,0.31,0.06
10,10,2,"prevalence",0.6,"power",61,0.0152920833216361,0.00280495067589163,0.157103825136612,1830,0.326238610462045,0.0631061234861276,0.003074565912,0.330042663908,0.354951452517,0.354951452539,0.371465524125,0.024908788631,0.299845382424,0.371465524125,266,0.38,0.09,0.09,0.09,0.12,0.21,0.06,0.02,0.06,0.5,0.07
10,4,3,"abundance",0,"type1_error",62,0.232570426885376,0.00216283683650606,0.130376344086022,1891,0.285270185068636,0.11148972002721,0.00315209675,0.217361236016,0.256987014144,0.426094342331,0.426094342348,0.208733106315,0.00315209675,0.426094342348,0,0.09,0.05,0.04,0.05,0.03,0.05,0.04,0.04,0.04,0.06,0.04
10,4,3,"abundance",0.05,"power",62,0.232570426885376,0.00216283683650606,0.130376344086022,1891,0.285270185068636,0.11148972002721,0.00315209675,0.217361236016,0.256987014144,0.426094342331,0.426094342348,0.208733106315,0.00315209675,0.426094342348,0,0.03,0.06,0.04,0.06,0.03,0.01,0.09,0.06,0.08,0.04,0.05
10,4,3,"abundance",0.1,"power",62,0.232570426885376,0.00216283683650606,0.130376344086022,1891,0.285270185068636,0.11148972002721,0.00315209675,0.217361236016,0.256987014144,0.426094342331,0.426094342348,0.208733106315,0.00315209675,0.426094342348,0,0.04,0.06,0.06,0.08,0.07,0.05,0.07,0.03,0.06,0.03,0.08
10,4,3,"abundance",0.15,"power",62,0.232570426885376,0.00216283683650606,0.130376344086022,1891,0.285270185068636,0.11148972002721,0.00315209675,0.217361236016,0.256987014144,0.426094342331,0.426094342348,0.208733106315,0.00315209675,0.426094342348,0,0.06,0.02,0.06,0.03,0.05,0,0.08,0.07,0.08,0.04,0.04
10,4,3,"abundance",0.2,"power",62,0.232570426885376,0.00216283683650606,0.130376344086022,1891,0.285270185068636,0.11148972002721,0.00315209675,0.217361236016,0.256987014144,0.426094342331,0.426094342348,0.208733106315,0.00315209675,0.426094342348,0,0.05,0.04,0.02,0.02,0.06,0.01,0.06,0.06,0.06,0.04,0.04
10,4,3,"abundance",0.25,"power",62,0.232570426885376,0.00216283683650606,0.130376344086022,1891,0.285270185068636,0.11148972002721,0.00315209675,0.217361236016,0.256987014144,0.426094342331,0.426094342348,0.208733106315,0.00315209675,0.426094342348,0,0.05,0.04,0.05,0.03,0.05,0.06,0.04,0.04,0.04,0.02,0.06
10,4,3,"abundance",0.3,"power",62,0.232570426885376,0.00216283683650606,0.130376344086022,1891,0.285270185068636,0.11148972002721,0.00315209675,0.217361236016,0.256987014144,0.426094342331,0.426094342348,0.208733106315,0.00315209675,0.426094342348,0,0.03,0.11,0.03,0.09,0.1,0.01,0.11,0.1,0.12,0.02,0.15
10,4,3,"abundance",0.35,"power",62,0.232570426885376,0.00216283683650606,0.130376344086022,1891,0.285270185068636,0.11148972002721,0.00315209675,0.217361236016,0.256987014144,0.426094342331,0.426094342348,0.208733106315,0.00315209675,0.426094342348,0,0.1,0.11,0.04,0.07,0.16,0.08,0.1,0.09,0.12,0.09,0.16
10,4,3,"abundance",0.4,"power",62,0.232570426885376,0.00216283683650606,0.130376344086022,1891,0.285270185068636,0.11148972002721,0.00315209675,0.217361236016,0.256987014144,0.426094342331,0.426094342348,0.208733106315,0.00315209675,0.426094342348,0,0.02,0.18,0.02,0.11,0.23,0.04,0.16,0.13,0.19,0.02,0.2
10,4,3,"abundance",0.45,"power",62,0.232570426885376,0.00216283683650606,0.130376344086022,1891,0.285270185068636,0.11148972002721,0.00315209675,0.217361236016,0.256987014144,0.426094342331,0.426094342348,0.208733106315,0.00315209675,0.426094342348,0,0.04,0.22,0.02,0.1,0.26,0.03,0.15,0.15,0.14,0.04,0.31
10,4,3,"abundance",0.5,"power",62,0.232570426885376,0.00216283683650606,0.130376344086022,1891,0.285270185068636,0.11148972002721,0.00315209675,0.217361236016,0.256987014144,0.426094342331,0.426094342348,0.208733106315,0.00315209675,0.426094342348,0,0.04,0.21,0.02,0.13,0.4,0.07,0.27,0.15,0.25,0.02,0.39
10,4,3,"abundance",0.55,"power",62,0.232570426885376,0.00216283683650606,0.130376344086022,1891,0.285270185068636,0.11148972002721,0.00315209675,0.217361236016,0.256987014144,0.426094342331,0.426094342348,0.208733106315,0.00315209675,0.426094342348,0,0.05,0.25,0.06,0.12,0.32,0.05,0.23,0.16,0.25,0.04,0.37
10,4,3,"abundance",0.6,"power",62,0.232570426885376,0.00216283683650606,0.130376344086022,1891,0.285270185068636,0.11148972002721,0.00315209675,0.217361236016,0.256987014144,0.426094342331,0.426094342348,0.208733106315,0.00315209675,0.426094342348,0,0.08,0.32,0.05,0.14,0.51,0.09,0.36,0.18,0.37,0.07,0.48
10,4,3,"both",0,"type1_error",62,0.232570426885376,0.00216283683650606,0.130376344086022,1891,0.285270185068636,0.11148972002721,0.00315209675,0.217361236016,0.256987014144,0.426094342331,0.426094342348,0.208733106315,0.00315209675,0.426094342348,0,0.09,0.05,0.06,0.05,0.04,0.09,0.07,0.07,0.07,0.07,0.04
10,4,3,"both",0.05,"power",62,0.232570426885376,0.00216283683650606,0.130376344086022,1891,0.285270185068636,0.11148972002721,0.00315209675,0.217361236016,0.256987014144,0.426094342331,0.426094342348,0.208733106315,0.00315209675,0.426094342348,0,0.1,0.04,0.06,0.04,0.07,0.09,0.06,0.03,0.08,0.06,0.06
10,4,3,"both",0.1,"power",62,0.232570426885376,0.00216283683650606,0.130376344086022,1891,0.285270185068636,0.11148972002721,0.00315209675,0.217361236016,0.256987014144,0.426094342331,0.426094342348,0.208733106315,0.00315209675,0.426094342348,0,0.09,0.08,0.04,0.08,0.11,0.11,0.11,0.05,0.1,0.07,0.09
10,4,3,"both",0.15,"power",62,0.232570426885376,0.00216283683650606,0.130376344086022,1891,0.285270185068636,0.11148972002721,0.00315209675,0.217361236016,0.256987014144,0.426094342331,0.426094342348,0.208733106315,0.00315209675,0.426094342348,0,0.03,0.06,0.04,0.08,0.07,0.09,0.07,0.04,0.07,0.02,0.07
10,4,3,"both",0.2,"power",62,0.232570426885376,0.00216283683650606,0.130376344086022,1891,0.285270185068636,0.11148972002721,0.00315209675,0.217361236016,0.256987014144,0.426094342331,0.426094342348,0.208733106315,0.00315209675,0.426094342348,0,0.05,0.12,0.12,0.09,0.12,0.05,0.05,0.07,0.05,0.05,0.12
10,4,3,"both",0.25,"power",62,0.232570426885376,0.00216283683650606,0.130376344086022,1891,0.285270185068636,0.11148972002721,0.00315209675,0.217361236016,0.256987014144,0.426094342331,0.426094342348,0.208733106315,0.00315209675,0.426094342348,0,0.09,0.13,0.07,0.07,0.18,0.06,0.09,0.05,0.08,0.08,0.19
10,4,3,"both",0.3,"power",62,0.232570426885376,0.00216283683650606,0.130376344086022,1891,0.285270185068636,0.11148972002721,0.00315209675,0.217361236016,0.256987014144,0.426094342331,0.426094342348,0.208733106315,0.00315209675,0.426094342348,0,0.13,0.1,0.08,0.07,0.24,0.12,0.12,0.04,0.11,0.11,0.25
10,4,3,"both",0.35,"power",62,0.232570426885376,0.00216283683650606,0.130376344086022,1891,0.285270185068636,0.11148972002721,0.00315209675,0.217361236016,0.256987014144,0.426094342331,0.426094342348,0.208733106315,0.00315209675,0.426094342348,0,0.13,0.13,0.08,0.08,0.32,0.17,0.15,0.11,0.16,0.12,0.25
10,4,3,"both",0.4,"power",62,0.232570426885376,0.00216283683650606,0.130376344086022,1891,0.285270185068636,0.11148972002721,0.00315209675,0.217361236016,0.256987014144,0.426094342331,0.426094342348,0.208733106315,0.00315209675,0.426094342348,0,0.15,0.21,0.07,0.1,0.43,0.19,0.22,0.08,0.21,0.1,0.32
10,4,3,"both",0.45,"power",62,0.232570426885376,0.00216283683650606,0.130376344086022,1891,0.285270185068636,0.11148972002721,0.00315209675,0.217361236016,0.256987014144,0.426094342331,0.426094342348,0.208733106315,0.00315209675,0.426094342348,0,0.21,0.27,0.08,0.16,0.6,0.29,0.34,0.12,0.33,0.11,0.55
10,4,3,"both",0.5,"power",62,0.232570426885376,0.00216283683650606,0.130376344086022,1891,0.285270185068636,0.11148972002721,0.00315209675,0.217361236016,0.256987014144,0.426094342331,0.426094342348,0.208733106315,0.00315209675,0.426094342348,0,0.27,0.35,0.13,0.23,0.65,0.33,0.34,0.22,0.35,0.21,0.58
10,4,3,"both",0.55,"power",62,0.232570426885376,0.00216283683650606,0.130376344086022,1891,0.285270185068636,0.11148972002721,0.00315209675,0.217361236016,0.256987014144,0.426094342331,0.426094342348,0.208733106315,0.00315209675,0.426094342348,0,0.4,0.56,0.16,0.33,0.84,0.48,0.54,0.26,0.53,0.22,0.75
10,4,3,"both",0.6,"power",62,0.232570426885376,0.00216283683650606,0.130376344086022,1891,0.285270185068636,0.11148972002721,0.00315209675,0.217361236016,0.256987014144,0.426094342331,0.426094342348,0.208733106315,0.00315209675,0.426094342348,0,0.45,0.62,0.15,0.32,0.95,0.62,0.64,0.41,0.61,0.25,0.9
10,4,3,"prevalence",0,"type1_error",62,0.232570426885376,0.00216283683650606,0.130376344086022,1891,0.285270185068636,0.11148972002721,0.00315209675,0.217361236016,0.256987014144,0.426094342331,0.426094342348,0.208733106315,0.00315209675,0.426094342348,0,0.03,0.07,0.06,0.07,0.08,0.07,0.1,0.09,0.11,0.03,0.1
10,4,3,"prevalence",0.05,"power",62,0.232570426885376,0.00216283683650606,0.130376344086022,1891,0.285270185068636,0.11148972002721,0.00315209675,0.217361236016,0.256987014144,0.426094342331,0.426094342348,0.208733106315,0.00315209675,0.426094342348,0,0.04,0.08,0.04,0.09,0.06,0.05,0.07,0.05,0.08,0.04,0.06
10,4,3,"prevalence",0.1,"power",62,0.232570426885376,0.00216283683650606,0.130376344086022,1891,0.285270185068636,0.11148972002721,0.00315209675,0.217361236016,0.256987014144,0.426094342331,0.426094342348,0.208733106315,0.00315209675,0.426094342348,0,0.08,0.05,0.06,0.07,0.03,0.07,0.02,0.07,0.02,0.11,0.05
10,4,3,"prevalence",0.15,"power",62,0.232570426885376,0.00216283683650606,0.130376344086022,1891,0.285270185068636,0.11148972002721,0.00315209675,0.217361236016,0.256987014144,0.426094342331,0.426094342348,0.208733106315,0.00315209675,0.426094342348,0,0.02,0.07,0.02,0.09,0.06,0.03,0.03,0.05,0.05,0.02,0.05
10,4,3,"prevalence",0.2,"power",62,0.232570426885376,0.00216283683650606,0.130376344086022,1891,0.285270185068636,0.11148972002721,0.00315209675,0.217361236016,0.256987014144,0.426094342331,0.426094342348,0.208733106315,0.00315209675,0.426094342348,0,0.08,0.03,0.05,0.02,0.04,0.08,0.04,0.02,0.04,0.06,0.04
10,4,3,"prevalence",0.25,"power",62,0.232570426885376,0.00216283683650606,0.130376344086022,1891,0.285270185068636,0.11148972002721,0.00315209675,0.217361236016,0.256987014144,0.426094342331,0.426094342348,0.208733106315,0.00315209675,0.426094342348,0,0.07,0.08,0.05,0.05,0.1,0.1,0.1,0.08,0.1,0.05,0.07
10,4,3,"prevalence",0.3,"power",62,0.232570426885376,0.00216283683650606,0.130376344086022,1891,0.285270185068636,0.11148972002721,0.00315209675,0.217361236016,0.256987014144,0.426094342331,0.426094342348,0.208733106315,0.00315209675,0.426094342348,0,0.09,0.06,0.06,0.06,0.04,0.1,0.03,0.06,0.04,0.08,0.06
10,4,3,"prevalence",0.35,"power",62,0.232570426885376,0.00216283683650606,0.130376344086022,1891,0.285270185068636,0.11148972002721,0.00315209675,0.217361236016,0.256987014144,0.426094342331,0.426094342348,0.208733106315,0.00315209675,0.426094342348,0,0.1,0.06,0.03,0.05,0.06,0.07,0.05,0.04,0.05,0.07,0.09
10,4,3,"prevalence",0.4,"power",62,0.232570426885376,0.00216283683650606,0.130376344086022,1891,0.285270185068636,0.11148972002721,0.00315209675,0.217361236016,0.256987014144,0.426094342331,0.426094342348,0.208733106315,0.00315209675,0.426094342348,0,0.22,0.08,0.1,0.06,0.06,0.13,0.11,0.06,0.09,0.15,0.1
10,4,3,"prevalence",0.45,"power",62,0.232570426885376,0.00216283683650606,0.130376344086022,1891,0.285270185068636,0.11148972002721,0.00315209675,0.217361236016,0.256987014144,0.426094342331,0.426094342348,0.208733106315,0.00315209675,0.426094342348,0,0.23,0.04,0.1,0.03,0.1,0.14,0.07,0.05,0.07,0.13,0.06
10,4,3,"prevalence",0.5,"power",62,0.232570426885376,0.00216283683650606,0.130376344086022,1891,0.285270185068636,0.11148972002721,0.00315209675,0.217361236016,0.256987014144,0.426094342331,0.426094342348,0.208733106315,0.00315209675,0.426094342348,0,0.3,0.07,0.1,0.07,0.11,0.17,0.07,0.03,0.07,0.12,0.11
10,4,3,"prevalence",0.55,"power",62,0.232570426885376,0.00216283683650606,0.130376344086022,1891,0.285270185068636,0.11148972002721,0.00315209675,0.217361236016,0.256987014144,0.426094342331,0.426094342348,0.208733106315,0.00315209675,0.426094342348,0,0.39,0.07,0.12,0.07,0.09,0.16,0.06,0.06,0.06,0.21,0.08
10,4,3,"prevalence",0.6,"power",62,0.232570426885376,0.00216283683650606,0.130376344086022,1891,0.285270185068636,0.11148972002721,0.00315209675,0.217361236016,0.256987014144,0.426094342331,0.426094342348,0.208733106315,0.00315209675,0.426094342348,0,0.47,0.03,0.16,0.05,0.11,0.25,0.06,0.04,0.05,0.28,0.05
10,1,4,"abundance",0,"type1_error",62,0.372766896348005,0.00156456456379662,0.131989247311828,1891,0.230362850110353,0.0666699192191723,0.003018875384,0.18710981073855,0.24228565525,0.2836376613761,0.283637661391,0.0965278506375501,0.043499205525,0.283637661391,21,0.04,0.06,0.04,0.08,0.05,0.03,0.04,0.06,0.04,0.06,0.06
10,1,4,"abundance",0.05,"power",62,0.372766896348005,0.00156456456379662,0.131989247311828,1891,0.230362850110353,0.0666699192191723,0.003018875384,0.18710981073855,0.24228565525,0.2836376613761,0.283637661391,0.0965278506375501,0.043499205525,0.283637661391,21,0.03,0.09,0.05,0.1,0.1,0.01,0.08,0.08,0.08,0.04,0.12
10,1,4,"abundance",0.1,"power",62,0.372766896348005,0.00156456456379662,0.131989247311828,1891,0.230362850110353,0.0666699192191723,0.003018875384,0.18710981073855,0.24228565525,0.2836376613761,0.283637661391,0.0965278506375501,0.043499205525,0.283637661391,21,0.06,0.01,0.03,0.04,0.05,0.05,0.06,0.05,0.08,0.06,0.07
10,1,4,"abundance",0.15,"power",62,0.372766896348005,0.00156456456379662,0.131989247311828,1891,0.230362850110353,0.0666699192191723,0.003018875384,0.18710981073855,0.24228565525,0.2836376613761,0.283637661391,0.0965278506375501,0.043499205525,0.283637661391,21,0.03,0.05,0.08,0.05,0.06,0.07,0.07,0.07,0.08,0.03,0.06
10,1,4,"abundance",0.2,"power",62,0.372766896348005,0.00156456456379662,0.131989247311828,1891,0.230362850110353,0.0666699192191723,0.003018875384,0.18710981073855,0.24228565525,0.2836376613761,0.283637661391,0.0965278506375501,0.043499205525,0.283637661391,21,0.06,0.11,0.1,0.12,0.09,0.08,0.05,0.07,0.07,0.06,0.11
10,1,4,"abundance",0.25,"power",62,0.372766896348005,0.00156456456379662,0.131989247311828,1891,0.230362850110353,0.0666699192191723,0.003018875384,0.18710981073855,0.24228565525,0.2836376613761,0.283637661391,0.0965278506375501,0.043499205525,0.283637661391,21,0.03,0.08,0.07,0.04,0.09,0.06,0.08,0.08,0.09,0.07,0.1
10,1,4,"abundance",0.3,"power",62,0.372766896348005,0.00156456456379662,0.131989247311828,1891,0.230362850110353,0.0666699192191723,0.003018875384,0.18710981073855,0.24228565525,0.2836376613761,0.283637661391,0.0965278506375501,0.043499205525,0.283637661391,21,0.06,0.08,0.05,0.08,0.13,0.05,0.07,0.08,0.07,0.1,0.12
10,1,4,"abundance",0.35,"power",62,0.372766896348005,0.00156456456379662,0.131989247311828,1891,0.230362850110353,0.0666699192191723,0.003018875384,0.18710981073855,0.24228565525,0.2836376613761,0.283637661391,0.0965278506375501,0.043499205525,0.283637661391,21,0.07,0.12,0.06,0.1,0.14,0.05,0.08,0.03,0.07,0.08,0.13
10,1,4,"abundance",0.4,"power",62,0.372766896348005,0.00156456456379662,0.131989247311828,1891,0.230362850110353,0.0666699192191723,0.003018875384,0.18710981073855,0.24228565525,0.2836376613761,0.283637661391,0.0965278506375501,0.043499205525,0.283637661391,21,0.04,0.13,0.05,0.11,0.22,0.06,0.14,0.1,0.14,0.08,0.17
10,1,4,"abundance",0.45,"power",62,0.372766896348005,0.00156456456379662,0.131989247311828,1891,0.230362850110353,0.0666699192191723,0.003018875384,0.18710981073855,0.24228565525,0.2836376613761,0.283637661391,0.0965278506375501,0.043499205525,0.283637661391,21,0.06,0.11,0.04,0.08,0.19,0.07,0.11,0.09,0.08,0.08,0.16
10,1,4,"abundance",0.5,"power",62,0.372766896348005,0.00156456456379662,0.131989247311828,1891,0.230362850110353,0.0666699192191723,0.003018875384,0.18710981073855,0.24228565525,0.2836376613761,0.283637661391,0.0965278506375501,0.043499205525,0.283637661391,21,0.02,0.14,0.02,0.11,0.27,0.05,0.15,0.1,0.15,0.01,0.24
10,1,4,"abundance",0.55,"power",62,0.372766896348005,0.00156456456379662,0.131989247311828,1891,0.230362850110353,0.0666699192191723,0.003018875384,0.18710981073855,0.24228565525,0.2836376613761,0.283637661391,0.0965278506375501,0.043499205525,0.283637661391,21,0.1,0.15,0.09,0.13,0.28,0.05,0.13,0.08,0.15,0.09,0.25
10,1,4,"abundance",0.6,"power",62,0.372766896348005,0.00156456456379662,0.131989247311828,1891,0.230362850110353,0.0666699192191723,0.003018875384,0.18710981073855,0.24228565525,0.2836376613761,0.283637661391,0.0965278506375501,0.043499205525,0.283637661391,21,0.09,0.24,0.05,0.18,0.34,0.07,0.18,0.15,0.2,0.07,0.29
10,1,4,"both",0,"type1_error",62,0.372766896348005,0.00156456456379662,0.131989247311828,1891,0.230362850110353,0.0666699192191723,0.003018875384,0.18710981073855,0.24228565525,0.2836376613761,0.283637661391,0.0965278506375501,0.043499205525,0.283637661391,21,0.04,0.02,0.04,0.02,0.04,0.03,0.05,0.02,0.06,0.04,0.02
10,1,4,"both",0.05,"power",62,0.372766896348005,0.00156456456379662,0.131989247311828,1891,0.230362850110353,0.0666699192191723,0.003018875384,0.18710981073855,0.24228565525,0.2836376613761,0.283637661391,0.0965278506375501,0.043499205525,0.283637661391,21,0.07,0.04,0.06,0.05,0.02,0.05,0.03,0.04,0.03,0.08,0.02
10,1,4,"both",0.1,"power",62,0.372766896348005,0.00156456456379662,0.131989247311828,1891,0.230362850110353,0.0666699192191723,0.003018875384,0.18710981073855,0.24228565525,0.2836376613761,0.283637661391,0.0965278506375501,0.043499205525,0.283637661391,21,0.05,0.04,0.05,0.03,0.06,0.04,0.01,0.04,0.01,0.07,0.04
10,1,4,"both",0.15,"power",62,0.372766896348005,0.00156456456379662,0.131989247311828,1891,0.230362850110353,0.0666699192191723,0.003018875384,0.18710981073855,0.24228565525,0.2836376613761,0.283637661391,0.0965278506375501,0.043499205525,0.283637661391,21,0.07,0.06,0.05,0.03,0.11,0.09,0.09,0.07,0.09,0.06,0.08
10,1,4,"both",0.2,"power",62,0.372766896348005,0.00156456456379662,0.131989247311828,1891,0.230362850110353,0.0666699192191723,0.003018875384,0.18710981073855,0.24228565525,0.2836376613761,0.283637661391,0.0965278506375501,0.043499205525,0.283637661391,21,0.09,0.11,0.05,0.1,0.11,0.05,0.14,0.06,0.13,0.12,0.12
10,1,4,"both",0.25,"power",62,0.372766896348005,0.00156456456379662,0.131989247311828,1891,0.230362850110353,0.0666699192191723,0.003018875384,0.18710981073855,0.24228565525,0.2836376613761,0.283637661391,0.0965278506375501,0.043499205525,0.283637661391,21,0.11,0.08,0.14,0.06,0.14,0.08,0.08,0.05,0.07,0.1,0.11
10,1,4,"both",0.3,"power",62,0.372766896348005,0.00156456456379662,0.131989247311828,1891,0.230362850110353,0.0666699192191723,0.003018875384,0.18710981073855,0.24228565525,0.2836376613761,0.283637661391,0.0965278506375501,0.043499205525,0.283637661391,21,0.09,0.09,0.12,0.11,0.14,0.08,0.1,0.07,0.12,0.1,0.12
10,1,4,"both",0.35,"power",62,0.372766896348005,0.00156456456379662,0.131989247311828,1891,0.230362850110353,0.0666699192191723,0.003018875384,0.18710981073855,0.24228565525,0.2836376613761,0.283637661391,0.0965278506375501,0.043499205525,0.283637661391,21,0.18,0.11,0.1,0.07,0.31,0.19,0.07,0.08,0.06,0.12,0.21
10,1,4,"both",0.4,"power",62,0.372766896348005,0.00156456456379662,0.131989247311828,1891,0.230362850110353,0.0666699192191723,0.003018875384,0.18710981073855,0.24228565525,0.2836376613761,0.283637661391,0.0965278506375501,0.043499205525,0.283637661391,21,0.22,0.17,0.11,0.11,0.43,0.28,0.18,0.11,0.18,0.11,0.35
10,1,4,"both",0.45,"power",62,0.372766896348005,0.00156456456379662,0.131989247311828,1891,0.230362850110353,0.0666699192191723,0.003018875384,0.18710981073855,0.24228565525,0.2836376613761,0.283637661391,0.0965278506375501,0.043499205525,0.283637661391,21,0.3,0.35,0.1,0.28,0.62,0.29,0.21,0.17,0.19,0.16,0.53
10,1,4,"both",0.5,"power",62,0.372766896348005,0.00156456456379662,0.131989247311828,1891,0.230362850110353,0.0666699192191723,0.003018875384,0.18710981073855,0.24228565525,0.2836376613761,0.283637661391,0.0965278506375501,0.043499205525,0.283637661391,21,0.41,0.28,0.16,0.22,0.62,0.42,0.28,0.13,0.26,0.22,0.47
10,1,4,"both",0.55,"power",62,0.372766896348005,0.00156456456379662,0.131989247311828,1891,0.230362850110353,0.0666699192191723,0.003018875384,0.18710981073855,0.24228565525,0.2836376613761,0.283637661391,0.0965278506375501,0.043499205525,0.283637661391,21,0.49,0.47,0.15,0.39,0.83,0.55,0.32,0.24,0.32,0.29,0.7
10,1,4,"both",0.6,"power",62,0.372766896348005,0.00156456456379662,0.131989247311828,1891,0.230362850110353,0.0666699192191723,0.003018875384,0.18710981073855,0.24228565525,0.2836376613761,0.283637661391,0.0965278506375501,0.043499205525,0.283637661391,21,0.56,0.4,0.19,0.29,0.92,0.64,0.31,0.16,0.27,0.35,0.75
10,1,4,"prevalence",0,"type1_error",62,0.372766896348005,0.00156456456379662,0.131989247311828,1891,0.230362850110353,0.0666699192191723,0.003018875384,0.18710981073855,0.24228565525,0.2836376613761,0.283637661391,0.0965278506375501,0.043499205525,0.283637661391,21,0.05,0.07,0.03,0.07,0.06,0.06,0.08,0.03,0.05,0.05,0.07
10,1,4,"prevalence",0.05,"power",62,0.372766896348005,0.00156456456379662,0.131989247311828,1891,0.230362850110353,0.0666699192191723,0.003018875384,0.18710981073855,0.24228565525,0.2836376613761,0.283637661391,0.0965278506375501,0.043499205525,0.283637661391,21,0.1,0.05,0.09,0.04,0.1,0.08,0.06,0.02,0.03,0.06,0.06
10,1,4,"prevalence",0.1,"power",62,0.372766896348005,0.00156456456379662,0.131989247311828,1891,0.230362850110353,0.0666699192191723,0.003018875384,0.18710981073855,0.24228565525,0.2836376613761,0.283637661391,0.0965278506375501,0.043499205525,0.283637661391,21,0.06,0.05,0.03,0.07,0.08,0.06,0.03,0.02,0.04,0.04,0.06
10,1,4,"prevalence",0.15,"power",62,0.372766896348005,0.00156456456379662,0.131989247311828,1891,0.230362850110353,0.0666699192191723,0.003018875384,0.18710981073855,0.24228565525,0.2836376613761,0.283637661391,0.0965278506375501,0.043499205525,0.283637661391,21,0.04,0.06,0.04,0.02,0.02,0.04,0.02,0.03,0.02,0.03,0.06
10,1,4,"prevalence",0.2,"power",62,0.372766896348005,0.00156456456379662,0.131989247311828,1891,0.230362850110353,0.0666699192191723,0.003018875384,0.18710981073855,0.24228565525,0.2836376613761,0.283637661391,0.0965278506375501,0.043499205525,0.283637661391,21,0.12,0.07,0.08,0.07,0.07,0.06,0.06,0.06,0.06,0.1,0.06
10,1,4,"prevalence",0.25,"power",62,0.372766896348005,0.00156456456379662,0.131989247311828,1891,0.230362850110353,0.0666699192191723,0.003018875384,0.18710981073855,0.24228565525,0.2836376613761,0.283637661391,0.0965278506375501,0.043499205525,0.283637661391,21,0.09,0.08,0.07,0.09,0.12,0.07,0.12,0.08,0.11,0.09,0.08
10,1,4,"prevalence",0.3,"power",62,0.372766896348005,0.00156456456379662,0.131989247311828,1891,0.230362850110353,0.0666699192191723,0.003018875384,0.18710981073855,0.24228565525,0.2836376613761,0.283637661391,0.0965278506375501,0.043499205525,0.283637661391,21,0.19,0.08,0.08,0.05,0.05,0.08,0.04,0.04,0.03,0.07,0.07
10,1,4,"prevalence",0.35,"power",62,0.372766896348005,0.00156456456379662,0.131989247311828,1891,0.230362850110353,0.0666699192191723,0.003018875384,0.18710981073855,0.24228565525,0.2836376613761,0.283637661391,0.0965278506375501,0.043499205525,0.283637661391,21,0.17,0.06,0.06,0.05,0.07,0.05,0.07,0.06,0.07,0.09,0.06
10,1,4,"prevalence",0.4,"power",62,0.372766896348005,0.00156456456379662,0.131989247311828,1891,0.230362850110353,0.0666699192191723,0.003018875384,0.18710981073855,0.24228565525,0.2836376613761,0.283637661391,0.0965278506375501,0.043499205525,0.283637661391,21,0.2,0.1,0.08,0.07,0.1,0.09,0.05,0.09,0.05,0.11,0.1
10,1,4,"prevalence",0.45,"power",62,0.372766896348005,0.00156456456379662,0.131989247311828,1891,0.230362850110353,0.0666699192191723,0.003018875384,0.18710981073855,0.24228565525,0.2836376613761,0.283637661391,0.0965278506375501,0.043499205525,0.283637661391,21,0.22,0.06,0.03,0.05,0.08,0.12,0.05,0.04,0.05,0.13,0.05
10,1,4,"prevalence",0.5,"power",62,0.372766896348005,0.00156456456379662,0.131989247311828,1891,0.230362850110353,0.0666699192191723,0.003018875384,0.18710981073855,0.24228565525,0.2836376613761,0.283637661391,0.0965278506375501,0.043499205525,0.283637661391,21,0.49,0.08,0.16,0.05,0.11,0.25,0.1,0.08,0.09,0.29,0.07
10,1,4,"prevalence",0.55,"power",62,0.372766896348005,0.00156456456379662,0.131989247311828,1891,0.230362850110353,0.0666699192191723,0.003018875384,0.18710981073855,0.24228565525,0.2836376613761,0.283637661391,0.0965278506375501,0.043499205525,0.283637661391,21,0.45,0.07,0.11,0.06,0.12,0.21,0.07,0.07,0.06,0.24,0.08
10,1,4,"prevalence",0.6,"power",62,0.372766896348005,0.00156456456379662,0.131989247311828,1891,0.230362850110353,0.0666699192191723,0.003018875384,0.18710981073855,0.24228565525,0.2836376613761,0.283637661391,0.0965278506375501,0.043499205525,0.283637661391,21,0.67,0.08,0.13,0.07,0.19,0.33,0.08,0.05,0.09,0.34,0.09
10,6,5,"abundance",0,"type1_error",62,-0.178603207145165,0.00165400249056161,0.170161290322581,1891,0.358201971818419,0.0917884460001497,0,0.338093837184,0.3732014576468,0.4260943423402,0.4260943423758,0.0880005051562001,0.208316118553,0.4260943423758,150,0.06,0.07,0.05,0.06,0.07,0.09,0.07,0.07,0.07,0.07,0.08
10,6,5,"abundance",0.05,"power",62,-0.178603207145165,0.00165400249056161,0.170161290322581,1891,0.358201971818419,0.0917884460001497,0,0.338093837184,0.3732014576468,0.4260943423402,0.4260943423758,0.0880005051562001,0.208316118553,0.4260943423758,150,0.04,0.05,0.04,0.04,0.05,0.07,0.04,0.03,0.05,0.02,0.03
10,6,5,"abundance",0.1,"power",62,-0.178603207145165,0.00165400249056161,0.170161290322581,1891,0.358201971818419,0.0917884460001497,0,0.338093837184,0.3732014576468,0.4260943423402,0.4260943423758,0.0880005051562001,0.208316118553,0.4260943423758,150,0.04,0.05,0.07,0.05,0.03,0.06,0.04,0.04,0.04,0.06,0.06
10,6,5,"abundance",0.15,"power",62,-0.178603207145165,0.00165400249056161,0.170161290322581,1891,0.358201971818419,0.0917884460001497,0,0.338093837184,0.3732014576468,0.4260943423402,0.4260943423758,0.0880005051562001,0.208316118553,0.4260943423758,150,0.04,0.09,0.03,0.06,0.05,0.05,0.04,0.02,0.05,0.05,0.04
10,6,5,"abundance",0.2,"power",62,-0.178603207145165,0.00165400249056161,0.170161290322581,1891,0.358201971818419,0.0917884460001497,0,0.338093837184,0.3732014576468,0.4260943423402,0.4260943423758,0.0880005051562001,0.208316118553,0.4260943423758,150,0.06,0.05,0.07,0.04,0.05,0.07,0.08,0.07,0.07,0.07,0.04
10,6,5,"abundance",0.25,"power",62,-0.178603207145165,0.00165400249056161,0.170161290322581,1891,0.358201971818419,0.0917884460001497,0,0.338093837184,0.3732014576468,0.4260943423402,0.4260943423758,0.0880005051562001,0.208316118553,0.4260943423758,150,0.03,0.01,0.05,0.05,0.01,0.03,0.04,0.03,0.04,0.01,0.02
10,6,5,"abundance",0.3,"power",62,-0.178603207145165,0.00165400249056161,0.170161290322581,1891,0.358201971818419,0.0917884460001497,0,0.338093837184,0.3732014576468,0.4260943423402,0.4260943423758,0.0880005051562001,0.208316118553,0.4260943423758,150,0.05,0.04,0.06,0.03,0.07,0.09,0.09,0.06,0.08,0.04,0.06
10,6,5,"abundance",0.35,"power",62,-0.178603207145165,0.00165400249056161,0.170161290322581,1891,0.358201971818419,0.0917884460001497,0,0.338093837184,0.3732014576468,0.4260943423402,0.4260943423758,0.0880005051562001,0.208316118553,0.4260943423758,150,0.04,0.06,0.03,0.06,0.1,0.07,0.12,0.09,0.12,0.05,0.1
10,6,5,"abundance",0.4,"power",62,-0.178603207145165,0.00165400249056161,0.170161290322581,1891,0.358201971818419,0.0917884460001497,0,0.338093837184,0.3732014576468,0.4260943423402,0.4260943423758,0.0880005051562001,0.208316118553,0.4260943423758,150,0.09,0.08,0.04,0.04,0.08,0.08,0.13,0.09,0.1,0.08,0.06
10,6,5,"abundance",0.45,"power",62,-0.178603207145165,0.00165400249056161,0.170161290322581,1891,0.358201971818419,0.0917884460001497,0,0.338093837184,0.3732014576468,0.4260943423402,0.4260943423758,0.0880005051562001,0.208316118553,0.4260943423758,150,0.06,0.08,0.06,0.04,0.16,0.04,0.17,0.13,0.17,0.04,0.1
10,6,5,"abundance",0.5,"power",62,-0.178603207145165,0.00165400249056161,0.170161290322581,1891,0.358201971818419,0.0917884460001497,0,0.338093837184,0.3732014576468,0.4260943423402,0.4260943423758,0.0880005051562001,0.208316118553,0.4260943423758,150,0.02,0.17,0.02,0.11,0.21,0.05,0.19,0.16,0.18,0.03,0.18
10,6,5,"abundance",0.55,"power",62,-0.178603207145165,0.00165400249056161,0.170161290322581,1891,0.358201971818419,0.0917884460001497,0,0.338093837184,0.3732014576468,0.4260943423402,0.4260943423758,0.0880005051562001,0.208316118553,0.4260943423758,150,0.08,0.11,0.05,0.09,0.32,0.09,0.25,0.18,0.24,0.1,0.26
10,6,5,"abundance",0.6,"power",62,-0.178603207145165,0.00165400249056161,0.170161290322581,1891,0.358201971818419,0.0917884460001497,0,0.338093837184,0.3732014576468,0.4260943423402,0.4260943423758,0.0880005051562001,0.208316118553,0.4260943423758,150,0.06,0.18,0.04,0.12,0.28,0.1,0.3,0.17,0.26,0.03,0.23
10,6,5,"both",0,"type1_error",62,-0.178603207145165,0.00165400249056161,0.170161290322581,1891,0.358201971818419,0.0917884460001497,0,0.338093837184,0.3732014576468,0.4260943423402,0.4260943423758,0.0880005051562001,0.208316118553,0.4260943423758,150,0.04,0.04,0.02,0.04,0.04,0.04,0.03,0.04,0.02,0.04,0.04
10,6,5,"both",0.05,"power",62,-0.178603207145165,0.00165400249056161,0.170161290322581,1891,0.358201971818419,0.0917884460001497,0,0.338093837184,0.3732014576468,0.4260943423402,0.4260943423758,0.0880005051562001,0.208316118553,0.4260943423758,150,0.1,0.05,0.08,0.06,0.04,0.08,0.03,0.06,0.04,0.05,0.05
10,6,5,"both",0.1,"power",62,-0.178603207145165,0.00165400249056161,0.170161290322581,1891,0.358201971818419,0.0917884460001497,0,0.338093837184,0.3732014576468,0.4260943423402,0.4260943423758,0.0880005051562001,0.208316118553,0.4260943423758,150,0.06,0.05,0.05,0.07,0.06,0.07,0.04,0.02,0.04,0.06,0.07
10,6,5,"both",0.15,"power",62,-0.178603207145165,0.00165400249056161,0.170161290322581,1891,0.358201971818419,0.0917884460001497,0,0.338093837184,0.3732014576468,0.4260943423402,0.4260943423758,0.0880005051562001,0.208316118553,0.4260943423758,150,0.06,0.01,0.08,0.02,0.03,0.08,0.03,0.02,0.03,0.05,0.02
10,6,5,"both",0.2,"power",62,-0.178603207145165,0.00165400249056161,0.170161290322581,1891,0.358201971818419,0.0917884460001497,0,0.338093837184,0.3732014576468,0.4260943423402,0.4260943423758,0.0880005051562001,0.208316118553,0.4260943423758,150,0.06,0.06,0.07,0.05,0.05,0.09,0.08,0.04,0.08,0.03,0.05
10,6,5,"both",0.25,"power",62,-0.178603207145165,0.00165400249056161,0.170161290322581,1891,0.358201971818419,0.0917884460001497,0,0.338093837184,0.3732014576468,0.4260943423402,0.4260943423758,0.0880005051562001,0.208316118553,0.4260943423758,150,0.12,0.02,0.04,0.04,0.12,0.16,0.06,0.01,0.08,0.1,0.08
10,6,5,"both",0.3,"power",62,-0.178603207145165,0.00165400249056161,0.170161290322581,1891,0.358201971818419,0.0917884460001497,0,0.338093837184,0.3732014576468,0.4260943423402,0.4260943423758,0.0880005051562001,0.208316118553,0.4260943423758,150,0.09,0.07,0.08,0.06,0.09,0.18,0.08,0.1,0.08,0.06,0.08
10,6,5,"both",0.35,"power",62,-0.178603207145165,0.00165400249056161,0.170161290322581,1891,0.358201971818419,0.0917884460001497,0,0.338093837184,0.3732014576468,0.4260943423402,0.4260943423758,0.0880005051562001,0.208316118553,0.4260943423758,150,0.08,0.07,0.02,0.06,0.16,0.23,0.13,0.1,0.14,0.04,0.09
10,6,5,"both",0.4,"power",62,-0.178603207145165,0.00165400249056161,0.170161290322581,1891,0.358201971818419,0.0917884460001497,0,0.338093837184,0.3732014576468,0.4260943423402,0.4260943423758,0.0880005051562001,0.208316118553,0.4260943423758,150,0.19,0.06,0.12,0.06,0.21,0.34,0.2,0.12,0.19,0.16,0.11
10,6,5,"both",0.45,"power",62,-0.178603207145165,0.00165400249056161,0.170161290322581,1891,0.358201971818419,0.0917884460001497,0,0.338093837184,0.3732014576468,0.4260943423402,0.4260943423758,0.0880005051562001,0.208316118553,0.4260943423758,150,0.18,0.07,0.05,0.06,0.29,0.39,0.24,0.12,0.26,0.16,0.12
10,6,5,"both",0.5,"power",62,-0.178603207145165,0.00165400249056161,0.170161290322581,1891,0.358201971818419,0.0917884460001497,0,0.338093837184,0.3732014576468,0.4260943423402,0.4260943423758,0.0880005051562001,0.208316118553,0.4260943423758,150,0.31,0.12,0.11,0.11,0.4,0.52,0.32,0.18,0.33,0.19,0.2
10,6,5,"both",0.55,"power",62,-0.178603207145165,0.00165400249056161,0.170161290322581,1891,0.358201971818419,0.0917884460001497,0,0.338093837184,0.3732014576468,0.4260943423402,0.4260943423758,0.0880005051562001,0.208316118553,0.4260943423758,150,0.44,0.15,0.16,0.08,0.62,0.73,0.48,0.23,0.47,0.26,0.27
10,6,5,"both",0.6,"power",62,-0.178603207145165,0.00165400249056161,0.170161290322581,1891,0.358201971818419,0.0917884460001497,0,0.338093837184,0.3732014576468,0.4260943423402,0.4260943423758,0.0880005051562001,0.208316118553,0.4260943423758,150,0.51,0.18,0.12,0.09,0.75,0.84,0.52,0.26,0.5,0.37,0.33
10,6,5,"prevalence",0,"type1_error",62,-0.178603207145165,0.00165400249056161,0.170161290322581,1891,0.358201971818419,0.0917884460001497,0,0.338093837184,0.3732014576468,0.4260943423402,0.4260943423758,0.0880005051562001,0.208316118553,0.4260943423758,150,0,0.07,0.07,0.04,0.05,0.02,0.08,0.07,0.07,0.02,0.07
10,6,5,"prevalence",0.05,"power",62,-0.178603207145165,0.00165400249056161,0.170161290322581,1891,0.358201971818419,0.0917884460001497,0,0.338093837184,0.3732014576468,0.4260943423402,0.4260943423758,0.0880005051562001,0.208316118553,0.4260943423758,150,0.04,0.07,0.08,0.08,0.06,0.07,0.06,0.07,0.06,0.06,0.06
10,6,5,"prevalence",0.1,"power",62,-0.178603207145165,0.00165400249056161,0.170161290322581,1891,0.358201971818419,0.0917884460001497,0,0.338093837184,0.3732014576468,0.4260943423402,0.4260943423758,0.0880005051562001,0.208316118553,0.4260943423758,150,0.06,0.03,0.03,0.06,0.06,0.03,0.03,0.05,0.04,0.04,0.04
10,6,5,"prevalence",0.15,"power",62,-0.178603207145165,0.00165400249056161,0.170161290322581,1891,0.358201971818419,0.0917884460001497,0,0.338093837184,0.3732014576468,0.4260943423402,0.4260943423758,0.0880005051562001,0.208316118553,0.4260943423758,150,0.01,0.02,0.03,0.03,0.01,0.03,0.03,0.03,0.03,0,0.02
10,6,5,"prevalence",0.2,"power",62,-0.178603207145165,0.00165400249056161,0.170161290322581,1891,0.358201971818419,0.0917884460001497,0,0.338093837184,0.3732014576468,0.4260943423402,0.4260943423758,0.0880005051562001,0.208316118553,0.4260943423758,150,0.11,0.04,0.05,0.03,0.02,0.1,0.02,0.04,0.01,0.09,0.01
10,6,5,"prevalence",0.25,"power",62,-0.178603207145165,0.00165400249056161,0.170161290322581,1891,0.358201971818419,0.0917884460001497,0,0.338093837184,0.3732014576468,0.4260943423402,0.4260943423758,0.0880005051562001,0.208316118553,0.4260943423758,150,0.11,0.05,0.08,0.04,0.06,0.08,0.04,0.06,0.03,0.11,0.06
10,6,5,"prevalence",0.3,"power",62,-0.178603207145165,0.00165400249056161,0.170161290322581,1891,0.358201971818419,0.0917884460001497,0,0.338093837184,0.3732014576468,0.4260943423402,0.4260943423758,0.0880005051562001,0.208316118553,0.4260943423758,150,0.07,0.02,0.07,0.04,0.05,0.04,0.04,0.03,0.04,0.07,0.03
10,6,5,"prevalence",0.35,"power",62,-0.178603207145165,0.00165400249056161,0.170161290322581,1891,0.358201971818419,0.0917884460001497,0,0.338093837184,0.3732014576468,0.4260943423402,0.4260943423758,0.0880005051562001,0.208316118553,0.4260943423758,150,0.1,0.04,0.05,0.03,0.04,0.12,0.06,0.03,0.06,0.12,0.03
10,6,5,"prevalence",0.4,"power",62,-0.178603207145165,0.00165400249056161,0.170161290322581,1891,0.358201971818419,0.0917884460001497,0,0.338093837184,0.3732014576468,0.4260943423402,0.4260943423758,0.0880005051562001,0.208316118553,0.4260943423758,150,0.18,0.06,0.11,0.08,0.06,0.14,0.05,0.02,0.05,0.12,0.05
10,6,5,"prevalence",0.45,"power",62,-0.178603207145165,0.00165400249056161,0.170161290322581,1891,0.358201971818419,0.0917884460001497,0,0.338093837184,0.3732014576468,0.4260943423402,0.4260943423758,0.0880005051562001,0.208316118553,0.4260943423758,150,0.3,0.02,0.13,0.04,0.05,0.25,0.05,0.02,0.04,0.23,0.02
10,6,5,"prevalence",0.5,"power",62,-0.178603207145165,0.00165400249056161,0.170161290322581,1891,0.358201971818419,0.0917884460001497,0,0.338093837184,0.3732014576468,0.4260943423402,0.4260943423758,0.0880005051562001,0.208316118553,0.4260943423758,150,0.33,0.07,0.11,0.07,0.1,0.28,0.06,0.06,0.06,0.22,0.06
10,6,5,"prevalence",0.55,"power",62,-0.178603207145165,0.00165400249056161,0.170161290322581,1891,0.358201971818419,0.0917884460001497,0,0.338093837184,0.3732014576468,0.4260943423402,0.4260943423758,0.0880005051562001,0.208316118553,0.4260943423758,150,0.39,0.01,0.07,0.04,0.07,0.26,0.05,0.03,0.04,0.29,0.03
10,6,5,"prevalence",0.6,"power",62,-0.178603207145165,0.00165400249056161,0.170161290322581,1891,0.358201971818419,0.0917884460001497,0,0.338093837184,0.3732014576468,0.4260943423402,0.4260943423758,0.0880005051562001,0.208316118553,0.4260943423758,150,0.54,0.02,0.15,0.02,0.11,0.38,0.06,0.05,0.06,0.41,0.06
10,7,6,"abundance",0,"type1_error",61,0.0103790998409018,0.00131892580762751,0.196174863387978,1830,0.328708257175744,0.0756679228598233,0,0.338093837152,0.354951452547,0.3732014576158,0.3805862612218,0.0351076204637999,0.288145863616,0.3805862612218,349,0.05,0.03,0.06,0.03,0.06,0.03,0.04,0.05,0.05,0.04,0.05
10,7,6,"abundance",0.05,"power",61,0.0103790998409018,0.00131892580762751,0.196174863387978,1830,0.328708257175744,0.0756679228598233,0,0.338093837152,0.354951452547,0.3732014576158,0.3805862612218,0.0351076204637999,0.288145863616,0.3805862612218,349,0.04,0.03,0.07,0.02,0.06,0.03,0.06,0.04,0.04,0.05,0.06
10,7,6,"abundance",0.1,"power",61,0.0103790998409018,0.00131892580762751,0.196174863387978,1830,0.328708257175744,0.0756679228598233,0,0.338093837152,0.354951452547,0.3732014576158,0.3805862612218,0.0351076204637999,0.288145863616,0.3805862612218,349,0.04,0.02,0.06,0.02,0.02,0.04,0.01,0.07,0.03,0.06,0.01
10,7,6,"abundance",0.15,"power",61,0.0103790998409018,0.00131892580762751,0.196174863387978,1830,0.328708257175744,0.0756679228598233,0,0.338093837152,0.354951452547,0.3732014576158,0.3805862612218,0.0351076204637999,0.288145863616,0.3805862612218,349,0.09,0.06,0,0.05,0.08,0.07,0.08,0.06,0.07,0.08,0.07
10,7,6,"abundance",0.2,"power",61,0.0103790998409018,0.00131892580762751,0.196174863387978,1830,0.328708257175744,0.0756679228598233,0,0.338093837152,0.354951452547,0.3732014576158,0.3805862612218,0.0351076204637999,0.288145863616,0.3805862612218,349,0.1,0.06,0.09,0.07,0.07,0.05,0.04,0.06,0.05,0.06,0.05
10,7,6,"abundance",0.25,"power",61,0.0103790998409018,0.00131892580762751,0.196174863387978,1830,0.328708257175744,0.0756679228598233,0,0.338093837152,0.354951452547,0.3732014576158,0.3805862612218,0.0351076204637999,0.288145863616,0.3805862612218,349,0.03,0.07,0.04,0.07,0.12,0.02,0.09,0.03,0.08,0.03,0.09
10,7,6,"abundance",0.3,"power",61,0.0103790998409018,0.00131892580762751,0.196174863387978,1830,0.328708257175744,0.0756679228598233,0,0.338093837152,0.354951452547,0.3732014576158,0.3805862612218,0.0351076204637999,0.288145863616,0.3805862612218,349,0.05,0.05,0.06,0.04,0.1,0.06,0.06,0.04,0.06,0.06,0.06
10,7,6,"abundance",0.35,"power",61,0.0103790998409018,0.00131892580762751,0.196174863387978,1830,0.328708257175744,0.0756679228598233,0,0.338093837152,0.354951452547,0.3732014576158,0.3805862612218,0.0351076204637999,0.288145863616,0.3805862612218,349,0.06,0.08,0.05,0.09,0.13,0.06,0.08,0.07,0.1,0.03,0.1
10,7,6,"abundance",0.4,"power",61,0.0103790998409018,0.00131892580762751,0.196174863387978,1830,0.328708257175744,0.0756679228598233,0,0.338093837152,0.354951452547,0.3732014576158,0.3805862612218,0.0351076204637999,0.288145863616,0.3805862612218,349,0.03,0.05,0.08,0.06,0.11,0.04,0.05,0.05,0.06,0.06,0.09
10,7,6,"abundance",0.45,"power",61,0.0103790998409018,0.00131892580762751,0.196174863387978,1830,0.328708257175744,0.0756679228598233,0,0.338093837152,0.354951452547,0.3732014576158,0.3805862612218,0.0351076204637999,0.288145863616,0.3805862612218,349,0.03,0.1,0,0.12,0.24,0.05,0.14,0.08,0.14,0.03,0.14
10,7,6,"abundance",0.5,"power",61,0.0103790998409018,0.00131892580762751,0.196174863387978,1830,0.328708257175744,0.0756679228598233,0,0.338093837152,0.354951452547,0.3732014576158,0.3805862612218,0.0351076204637999,0.288145863616,0.3805862612218,349,0.07,0.08,0.09,0.1,0.32,0.1,0.22,0.12,0.21,0.03,0.17
10,7,6,"abundance",0.55,"power",61,0.0103790998409018,0.00131892580762751,0.196174863387978,1830,0.328708257175744,0.0756679228598233,0,0.338093837152,0.354951452547,0.3732014576158,0.3805862612218,0.0351076204637999,0.288145863616,0.3805862612218,349,0.06,0.07,0.04,0.08,0.31,0.08,0.23,0.05,0.19,0.07,0.18
10,7,6,"abundance",0.6,"power",61,0.0103790998409018,0.00131892580762751,0.196174863387978,1830,0.328708257175744,0.0756679228598233,0,0.338093837152,0.354951452547,0.3732014576158,0.3805862612218,0.0351076204637999,0.288145863616,0.3805862612218,349,0.07,0.07,0.05,0.11,0.44,0.09,0.31,0.1,0.31,0.05,0.25
10,7,6,"both",0,"type1_error",61,0.0103790998409018,0.00131892580762751,0.196174863387978,1830,0.328708257175744,0.0756679228598233,0,0.338093837152,0.354951452547,0.3732014576158,0.3805862612218,0.0351076204637999,0.288145863616,0.3805862612218,349,0.05,0.06,0.02,0.04,0.07,0.06,0.06,0.04,0.06,0.07,0.08
10,7,6,"both",0.05,"power",61,0.0103790998409018,0.00131892580762751,0.196174863387978,1830,0.328708257175744,0.0756679228598233,0,0.338093837152,0.354951452547,0.3732014576158,0.3805862612218,0.0351076204637999,0.288145863616,0.3805862612218,349,0.06,0.06,0.05,0.06,0.07,0.02,0.1,0.07,0.09,0.05,0.04
10,7,6,"both",0.1,"power",61,0.0103790998409018,0.00131892580762751,0.196174863387978,1830,0.328708257175744,0.0756679228598233,0,0.338093837152,0.354951452547,0.3732014576158,0.3805862612218,0.0351076204637999,0.288145863616,0.3805862612218,349,0.04,0.03,0.08,0.04,0.03,0.06,0.05,0.01,0.04,0.02,0.03
10,7,6,"both",0.15,"power",61,0.0103790998409018,0.00131892580762751,0.196174863387978,1830,0.328708257175744,0.0756679228598233,0,0.338093837152,0.354951452547,0.3732014576158,0.3805862612218,0.0351076204637999,0.288145863616,0.3805862612218,349,0.01,0.02,0.02,0.03,0.03,0.01,0.05,0.05,0.04,0.02,0.03
10,7,6,"both",0.2,"power",61,0.0103790998409018,0.00131892580762751,0.196174863387978,1830,0.328708257175744,0.0756679228598233,0,0.338093837152,0.354951452547,0.3732014576158,0.3805862612218,0.0351076204637999,0.288145863616,0.3805862612218,349,0.11,0.08,0.05,0.09,0.1,0.11,0.1,0.06,0.08,0.08,0.06
10,7,6,"both",0.25,"power",61,0.0103790998409018,0.00131892580762751,0.196174863387978,1830,0.328708257175744,0.0756679228598233,0,0.338093837152,0.354951452547,0.3732014576158,0.3805862612218,0.0351076204637999,0.288145863616,0.3805862612218,349,0.06,0.06,0.05,0.07,0.09,0.07,0.06,0.06,0.05,0.08,0.05
10,7,6,"both",0.3,"power",61,0.0103790998409018,0.00131892580762751,0.196174863387978,1830,0.328708257175744,0.0756679228598233,0,0.338093837152,0.354951452547,0.3732014576158,0.3805862612218,0.0351076204637999,0.288145863616,0.3805862612218,349,0.09,0.04,0.07,0.05,0.16,0.11,0.06,0.02,0.06,0.07,0.11
10,7,6,"both",0.35,"power",61,0.0103790998409018,0.00131892580762751,0.196174863387978,1830,0.328708257175744,0.0756679228598233,0,0.338093837152,0.354951452547,0.3732014576158,0.3805862612218,0.0351076204637999,0.288145863616,0.3805862612218,349,0.08,0.1,0.03,0.09,0.18,0.21,0.11,0.08,0.12,0.08,0.12
10,7,6,"both",0.4,"power",61,0.0103790998409018,0.00131892580762751,0.196174863387978,1830,0.328708257175744,0.0756679228598233,0,0.338093837152,0.354951452547,0.3732014576158,0.3805862612218,0.0351076204637999,0.288145863616,0.3805862612218,349,0.21,0.08,0.06,0.08,0.34,0.33,0.14,0.12,0.13,0.13,0.15
10,7,6,"both",0.45,"power",61,0.0103790998409018,0.00131892580762751,0.196174863387978,1830,0.328708257175744,0.0756679228598233,0,0.338093837152,0.354951452547,0.3732014576158,0.3805862612218,0.0351076204637999,0.288145863616,0.3805862612218,349,0.26,0.12,0.1,0.12,0.51,0.45,0.29,0.08,0.27,0.22,0.24
10,7,6,"both",0.5,"power",61,0.0103790998409018,0.00131892580762751,0.196174863387978,1830,0.328708257175744,0.0756679228598233,0,0.338093837152,0.354951452547,0.3732014576158,0.3805862612218,0.0351076204637999,0.288145863616,0.3805862612218,349,0.29,0.06,0.14,0.08,0.5,0.47,0.26,0.07,0.26,0.22,0.19
10,7,6,"both",0.55,"power",61,0.0103790998409018,0.00131892580762751,0.196174863387978,1830,0.328708257175744,0.0756679228598233,0,0.338093837152,0.354951452547,0.3732014576158,0.3805862612218,0.0351076204637999,0.288145863616,0.3805862612218,349,0.42,0.11,0.12,0.08,0.77,0.65,0.39,0.08,0.41,0.3,0.34
10,7,6,"both",0.6,"power",61,0.0103790998409018,0.00131892580762751,0.196174863387978,1830,0.328708257175744,0.0756679228598233,0,0.338093837152,0.354951452547,0.3732014576158,0.3805862612218,0.0351076204637999,0.288145863616,0.3805862612218,349,0.52,0.28,0.16,0.22,0.88,0.81,0.57,0.13,0.54,0.47,0.53
10,7,6,"prevalence",0,"type1_error",61,0.0103790998409018,0.00131892580762751,0.196174863387978,1830,0.328708257175744,0.0756679228598233,0,0.338093837152,0.354951452547,0.3732014576158,0.3805862612218,0.0351076204637999,0.288145863616,0.3805862612218,349,0.09,0.01,0.05,0.04,0.07,0.07,0.06,0.03,0.06,0.06,0.04
10,7,6,"prevalence",0.05,"power",61,0.0103790998409018,0.00131892580762751,0.196174863387978,1830,0.328708257175744,0.0756679228598233,0,0.338093837152,0.354951452547,0.3732014576158,0.3805862612218,0.0351076204637999,0.288145863616,0.3805862612218,349,0.05,0.06,0.03,0.06,0.06,0.07,0.08,0.09,0.06,0.04,0.08
10,7,6,"prevalence",0.1,"power",61,0.0103790998409018,0.00131892580762751,0.196174863387978,1830,0.328708257175744,0.0756679228598233,0,0.338093837152,0.354951452547,0.3732014576158,0.3805862612218,0.0351076204637999,0.288145863616,0.3805862612218,349,0.06,0.05,0,0.04,0.05,0.03,0.03,0.04,0.03,0.04,0.06
10,7,6,"prevalence",0.15,"power",61,0.0103790998409018,0.00131892580762751,0.196174863387978,1830,0.328708257175744,0.0756679228598233,0,0.338093837152,0.354951452547,0.3732014576158,0.3805862612218,0.0351076204637999,0.288145863616,0.3805862612218,349,0.01,0.06,0.06,0.06,0.03,0.05,0.03,0,0.03,0,0.04
10,7,6,"prevalence",0.2,"power",61,0.0103790998409018,0.00131892580762751,0.196174863387978,1830,0.328708257175744,0.0756679228598233,0,0.338093837152,0.354951452547,0.3732014576158,0.3805862612218,0.0351076204637999,0.288145863616,0.3805862612218,349,0.05,0.06,0.02,0.03,0.05,0.04,0.04,0.08,0.04,0.05,0.05
10,7,6,"prevalence",0.25,"power",61,0.0103790998409018,0.00131892580762751,0.196174863387978,1830,0.328708257175744,0.0756679228598233,0,0.338093837152,0.354951452547,0.3732014576158,0.3805862612218,0.0351076204637999,0.288145863616,0.3805862612218,349,0.08,0.05,0.08,0.05,0.06,0.04,0.04,0.03,0.02,0.1,0.04
10,7,6,"prevalence",0.3,"power",61,0.0103790998409018,0.00131892580762751,0.196174863387978,1830,0.328708257175744,0.0756679228598233,0,0.338093837152,0.354951452547,0.3732014576158,0.3805862612218,0.0351076204637999,0.288145863616,0.3805862612218,349,0.1,0.05,0.1,0.09,0.11,0.08,0.06,0.04,0.09,0.14,0.09
10,7,6,"prevalence",0.35,"power",61,0.0103790998409018,0.00131892580762751,0.196174863387978,1830,0.328708257175744,0.0756679228598233,0,0.338093837152,0.354951452547,0.3732014576158,0.3805862612218,0.0351076204637999,0.288145863616,0.3805862612218,349,0.15,0.05,0.12,0.05,0.07,0.09,0.04,0.02,0.05,0.13,0.03
10,7,6,"prevalence",0.4,"power",61,0.0103790998409018,0.00131892580762751,0.196174863387978,1830,0.328708257175744,0.0756679228598233,0,0.338093837152,0.354951452547,0.3732014576158,0.3805862612218,0.0351076204637999,0.288145863616,0.3805862612218,349,0.13,0.06,0.07,0.04,0.06,0.09,0.02,0.08,0.04,0.11,0.04
10,7,6,"prevalence",0.45,"power",61,0.0103790998409018,0.00131892580762751,0.196174863387978,1830,0.328708257175744,0.0756679228598233,0,0.338093837152,0.354951452547,0.3732014576158,0.3805862612218,0.0351076204637999,0.288145863616,0.3805862612218,349,0.16,0.06,0.05,0.07,0.06,0.12,0.07,0.04,0.06,0.19,0.05
10,7,6,"prevalence",0.5,"power",61,0.0103790998409018,0.00131892580762751,0.196174863387978,1830,0.328708257175744,0.0756679228598233,0,0.338093837152,0.354951452547,0.3732014576158,0.3805862612218,0.0351076204637999,0.288145863616,0.3805862612218,349,0.27,0.06,0.1,0.07,0.09,0.21,0.09,0.01,0.09,0.31,0.08
10,7,6,"prevalence",0.55,"power",61,0.0103790998409018,0.00131892580762751,0.196174863387978,1830,0.328708257175744,0.0756679228598233,0,0.338093837152,0.354951452547,0.3732014576158,0.3805862612218,0.0351076204637999,0.288145863616,0.3805862612218,349,0.45,0.06,0.11,0.06,0.12,0.32,0.09,0.04,0.08,0.38,0.09
10,7,6,"prevalence",0.6,"power",61,0.0103790998409018,0.00131892580762751,0.196174863387978,1830,0.328708257175744,0.0756679228598233,0,0.338093837152,0.354951452547,0.3732014576158,0.3805862612218,0.0351076204637999,0.288145863616,0.3805862612218,349,0.44,0.01,0.17,0.01,0.06,0.26,0.03,0.03,0.04,0.36,0.04
10,8,7,"abundance",0,"type1_error",61,-0.0181613436788891,0.000795012630745007,0.102185792349727,1830,0.273332833928191,0.0654798356784452,0.009324199066,0.234092389905,0.316871994608,0.322253966024,0.32225396605,0.088161576119,0.11266427517,0.32225396605,56,0.01,0.09,0.08,0.08,0.06,0.03,0.05,0.08,0.05,0.03,0.08
10,8,7,"abundance",0.05,"power",61,-0.0181613436788891,0.000795012630745007,0.102185792349727,1830,0.273332833928191,0.0654798356784452,0.009324199066,0.234092389905,0.316871994608,0.322253966024,0.32225396605,0.088161576119,0.11266427517,0.32225396605,56,0.03,0.05,0.05,0.04,0.08,0.08,0.09,0.06,0.08,0.02,0.08
10,8,7,"abundance",0.1,"power",61,-0.0181613436788891,0.000795012630745007,0.102185792349727,1830,0.273332833928191,0.0654798356784452,0.009324199066,0.234092389905,0.316871994608,0.322253966024,0.32225396605,0.088161576119,0.11266427517,0.32225396605,56,0.01,0.08,0.05,0.07,0.03,0.01,0.04,0.03,0.04,0.03,0.03
10,8,7,"abundance",0.15,"power",61,-0.0181613436788891,0.000795012630745007,0.102185792349727,1830,0.273332833928191,0.0654798356784452,0.009324199066,0.234092389905,0.316871994608,0.322253966024,0.32225396605,0.088161576119,0.11266427517,0.32225396605,56,0.04,0.05,0.06,0.05,0.02,0.06,0.03,0.04,0.02,0.03,0.03
10,8,7,"abundance",0.2,"power",61,-0.0181613436788891,0.000795012630745007,0.102185792349727,1830,0.273332833928191,0.0654798356784452,0.009324199066,0.234092389905,0.316871994608,0.322253966024,0.32225396605,0.088161576119,0.11266427517,0.32225396605,56,0.05,0.09,0.08,0.07,0.07,0.06,0.08,0.07,0.08,0.02,0.09
10,8,7,"abundance",0.25,"power",61,-0.0181613436788891,0.000795012630745007,0.102185792349727,1830,0.273332833928191,0.0654798356784452,0.009324199066,0.234092389905,0.316871994608,0.322253966024,0.32225396605,0.088161576119,0.11266427517,0.32225396605,56,0.03,0.05,0.05,0.04,0.05,0.05,0.04,0.04,0.04,0.03,0.05
10,8,7,"abundance",0.3,"power",61,-0.0181613436788891,0.000795012630745007,0.102185792349727,1830,0.273332833928191,0.0654798356784452,0.009324199066,0.234092389905,0.316871994608,0.322253966024,0.32225396605,0.088161576119,0.11266427517,0.32225396605,56,0.03,0.06,0.04,0.06,0.05,0.05,0.02,0.02,0.01,0.03,0.05
10,8,7,"abundance",0.35,"power",61,-0.0181613436788891,0.000795012630745007,0.102185792349727,1830,0.273332833928191,0.0654798356784452,0.009324199066,0.234092389905,0.316871994608,0.322253966024,0.32225396605,0.088161576119,0.11266427517,0.32225396605,56,0.06,0.06,0.06,0.06,0.07,0.05,0.03,0.06,0.01,0.06,0.06
10,8,7,"abundance",0.4,"power",61,-0.0181613436788891,0.000795012630745007,0.102185792349727,1830,0.273332833928191,0.0654798356784452,0.009324199066,0.234092389905,0.316871994608,0.322253966024,0.32225396605,0.088161576119,0.11266427517,0.32225396605,56,0.01,0.08,0.04,0.07,0.09,0.04,0.06,0.07,0.06,0.04,0.07
10,8,7,"abundance",0.45,"power",61,-0.0181613436788891,0.000795012630745007,0.102185792349727,1830,0.273332833928191,0.0654798356784452,0.009324199066,0.234092389905,0.316871994608,0.322253966024,0.32225396605,0.088161576119,0.11266427517,0.32225396605,56,0.03,0.07,0.08,0.07,0.07,0.04,0.06,0.05,0.05,0.05,0.05
10,8,7,"abundance",0.5,"power",61,-0.0181613436788891,0.000795012630745007,0.102185792349727,1830,0.273332833928191,0.0654798356784452,0.009324199066,0.234092389905,0.316871994608,0.322253966024,0.32225396605,0.088161576119,0.11266427517,0.32225396605,56,0.04,0.09,0.03,0.07,0.1,0.1,0.1,0.06,0.08,0.04,0.08
10,8,7,"abundance",0.55,"power",61,-0.0181613436788891,0.000795012630745007,0.102185792349727,1830,0.273332833928191,0.0654798356784452,0.009324199066,0.234092389905,0.316871994608,0.322253966024,0.32225396605,0.088161576119,0.11266427517,0.32225396605,56,0.06,0.11,0.05,0.09,0.12,0.06,0.1,0.05,0.1,0.04,0.1
10,8,7,"abundance",0.6,"power",61,-0.0181613436788891,0.000795012630745007,0.102185792349727,1830,0.273332833928191,0.0654798356784452,0.009324199066,0.234092389905,0.316871994608,0.322253966024,0.32225396605,0.088161576119,0.11266427517,0.32225396605,56,0.06,0.08,0.03,0.06,0.09,0.05,0.05,0.09,0.02,0.07,0.08
10,8,7,"both",0,"type1_error",61,-0.0181613436788891,0.000795012630745007,0.102185792349727,1830,0.273332833928191,0.0654798356784452,0.009324199066,0.234092389905,0.316871994608,0.322253966024,0.32225396605,0.088161576119,0.11266427517,0.32225396605,56,0,0.02,0.03,0.02,0.02,0.04,0.01,0.01,0.01,0.03,0.01
10,8,7,"both",0.05,"power",61,-0.0181613436788891,0.000795012630745007,0.102185792349727,1830,0.273332833928191,0.0654798356784452,0.009324199066,0.234092389905,0.316871994608,0.322253966024,0.32225396605,0.088161576119,0.11266427517,0.32225396605,56,0.06,0.04,0.09,0.07,0.09,0.07,0.08,0.05,0.09,0.05,0.07
10,8,7,"both",0.1,"power",61,-0.0181613436788891,0.000795012630745007,0.102185792349727,1830,0.273332833928191,0.0654798356784452,0.009324199066,0.234092389905,0.316871994608,0.322253966024,0.32225396605,0.088161576119,0.11266427517,0.32225396605,56,0.06,0.04,0.02,0.06,0.06,0.05,0.03,0.04,0.03,0.04,0.07
10,8,7,"both",0.15,"power",61,-0.0181613436788891,0.000795012630745007,0.102185792349727,1830,0.273332833928191,0.0654798356784452,0.009324199066,0.234092389905,0.316871994608,0.322253966024,0.32225396605,0.088161576119,0.11266427517,0.32225396605,56,0.05,0.05,0.03,0.05,0.04,0.06,0.06,0.04,0.06,0.03,0.04
10,8,7,"both",0.2,"power",61,-0.0181613436788891,0.000795012630745007,0.102185792349727,1830,0.273332833928191,0.0654798356784452,0.009324199066,0.234092389905,0.316871994608,0.322253966024,0.32225396605,0.088161576119,0.11266427517,0.32225396605,56,0.06,0.12,0.04,0.09,0.07,0.08,0.09,0.08,0.07,0.03,0.11
10,8,7,"both",0.25,"power",61,-0.0181613436788891,0.000795012630745007,0.102185792349727,1830,0.273332833928191,0.0654798356784452,0.009324199066,0.234092389905,0.316871994608,0.322253966024,0.32225396605,0.088161576119,0.11266427517,0.32225396605,56,0.08,0.03,0.08,0.05,0.01,0.07,0.04,0.04,0.04,0.07,0.04
10,8,7,"both",0.3,"power",61,-0.0181613436788891,0.000795012630745007,0.102185792349727,1830,0.273332833928191,0.0654798356784452,0.009324199066,0.234092389905,0.316871994608,0.322253966024,0.32225396605,0.088161576119,0.11266427517,0.32225396605,56,0.07,0.05,0.05,0.05,0.05,0.03,0.05,0.05,0.04,0.06,0.06
10,8,7,"both",0.35,"power",61,-0.0181613436788891,0.000795012630745007,0.102185792349727,1830,0.273332833928191,0.0654798356784452,0.009324199066,0.234092389905,0.316871994608,0.322253966024,0.32225396605,0.088161576119,0.11266427517,0.32225396605,56,0.1,0.05,0.07,0.05,0.12,0.13,0.07,0.07,0.05,0.1,0.1
10,8,7,"both",0.4,"power",61,-0.0181613436788891,0.000795012630745007,0.102185792349727,1830,0.273332833928191,0.0654798356784452,0.009324199066,0.234092389905,0.316871994608,0.322253966024,0.32225396605,0.088161576119,0.11266427517,0.32225396605,56,0.18,0.1,0.09,0.1,0.16,0.19,0.06,0.03,0.05,0.15,0.1
10,8,7,"both",0.45,"power",61,-0.0181613436788891,0.000795012630745007,0.102185792349727,1830,0.273332833928191,0.0654798356784452,0.009324199066,0.234092389905,0.316871994608,0.322253966024,0.32225396605,0.088161576119,0.11266427517,0.32225396605,56,0.27,0.06,0.04,0.07,0.21,0.23,0.07,0.02,0.09,0.15,0.13
10,8,7,"both",0.5,"power",61,-0.0181613436788891,0.000795012630745007,0.102185792349727,1830,0.273332833928191,0.0654798356784452,0.009324199066,0.234092389905,0.316871994608,0.322253966024,0.32225396605,0.088161576119,0.11266427517,0.32225396605,56,0.37,0.13,0.08,0.11,0.35,0.38,0.09,0.06,0.08,0.26,0.16
10,8,7,"both",0.55,"power",61,-0.0181613436788891,0.000795012630745007,0.102185792349727,1830,0.273332833928191,0.0654798356784452,0.009324199066,0.234092389905,0.316871994608,0.322253966024,0.32225396605,0.088161576119,0.11266427517,0.32225396605,56,0.34,0.12,0.09,0.1,0.43,0.34,0.19,0.08,0.18,0.22,0.18
10,8,7,"both",0.6,"power",61,-0.0181613436788891,0.000795012630745007,0.102185792349727,1830,0.273332833928191,0.0654798356784452,0.009324199066,0.234092389905,0.316871994608,0.322253966024,0.32225396605,0.088161576119,0.11266427517,0.32225396605,56,0.39,0.15,0.18,0.09,0.61,0.59,0.26,0.11,0.25,0.3,0.29
10,8,7,"prevalence",0,"type1_error",61,-0.0181613436788891,0.000795012630745007,0.102185792349727,1830,0.273332833928191,0.0654798356784452,0.009324199066,0.234092389905,0.316871994608,0.322253966024,0.32225396605,0.088161576119,0.11266427517,0.32225396605,56,0.03,0.03,0.03,0.02,0.03,0.05,0.04,0.04,0.05,0.04,0.03
10,8,7,"prevalence",0.05,"power",61,-0.0181613436788891,0.000795012630745007,0.102185792349727,1830,0.273332833928191,0.0654798356784452,0.009324199066,0.234092389905,0.316871994608,0.322253966024,0.32225396605,0.088161576119,0.11266427517,0.32225396605,56,0.02,0.05,0.06,0.05,0.06,0.03,0.03,0.06,0.05,0.03,0.05
10,8,7,"prevalence",0.1,"power",61,-0.0181613436788891,0.000795012630745007,0.102185792349727,1830,0.273332833928191,0.0654798356784452,0.009324199066,0.234092389905,0.316871994608,0.322253966024,0.32225396605,0.088161576119,0.11266427517,0.32225396605,56,0.04,0.07,0.06,0.05,0.08,0.07,0.05,0.07,0.05,0.05,0.07
10,8,7,"prevalence",0.15,"power",61,-0.0181613436788891,0.000795012630745007,0.102185792349727,1830,0.273332833928191,0.0654798356784452,0.009324199066,0.234092389905,0.316871994608,0.322253966024,0.32225396605,0.088161576119,0.11266427517,0.32225396605,56,0.06,0.05,0.1,0.04,0.03,0.05,0.04,0.07,0.05,0.07,0.04
10,8,7,"prevalence",0.2,"power",61,-0.0181613436788891,0.000795012630745007,0.102185792349727,1830,0.273332833928191,0.0654798356784452,0.009324199066,0.234092389905,0.316871994608,0.322253966024,0.32225396605,0.088161576119,0.11266427517,0.32225396605,56,0.03,0.11,0.09,0.08,0.06,0.02,0.07,0.05,0.07,0.03,0.1
10,8,7,"prevalence",0.25,"power",61,-0.0181613436788891,0.000795012630745007,0.102185792349727,1830,0.273332833928191,0.0654798356784452,0.009324199066,0.234092389905,0.316871994608,0.322253966024,0.32225396605,0.088161576119,0.11266427517,0.32225396605,56,0.06,0.05,0.06,0.06,0.07,0.04,0.03,0.04,0.03,0.06,0.06
10,8,7,"prevalence",0.3,"power",61,-0.0181613436788891,0.000795012630745007,0.102185792349727,1830,0.273332833928191,0.0654798356784452,0.009324199066,0.234092389905,0.316871994608,0.322253966024,0.32225396605,0.088161576119,0.11266427517,0.32225396605,56,0.13,0.04,0.04,0.04,0.07,0.1,0.05,0.04,0.05,0.08,0.04
10,8,7,"prevalence",0.35,"power",61,-0.0181613436788891,0.000795012630745007,0.102185792349727,1830,0.273332833928191,0.0654798356784452,0.009324199066,0.234092389905,0.316871994608,0.322253966024,0.32225396605,0.088161576119,0.11266427517,0.32225396605,56,0.1,0.04,0.05,0.05,0.1,0.07,0.1,0.06,0.1,0.08,0.08
10,8,7,"prevalence",0.4,"power",61,-0.0181613436788891,0.000795012630745007,0.102185792349727,1830,0.273332833928191,0.0654798356784452,0.009324199066,0.234092389905,0.316871994608,0.322253966024,0.32225396605,0.088161576119,0.11266427517,0.32225396605,56,0.12,0.07,0.09,0.06,0.04,0.07,0.01,0.04,0.01,0.12,0.06
10,8,7,"prevalence",0.45,"power",61,-0.0181613436788891,0.000795012630745007,0.102185792349727,1830,0.273332833928191,0.0654798356784452,0.009324199066,0.234092389905,0.316871994608,0.322253966024,0.32225396605,0.088161576119,0.11266427517,0.32225396605,56,0.21,0.07,0.11,0.05,0.1,0.17,0.11,0.06,0.08,0.13,0.09
10,8,7,"prevalence",0.5,"power",61,-0.0181613436788891,0.000795012630745007,0.102185792349727,1830,0.273332833928191,0.0654798356784452,0.009324199066,0.234092389905,0.316871994608,0.322253966024,0.32225396605,0.088161576119,0.11266427517,0.32225396605,56,0.32,0.06,0.12,0.05,0.09,0.13,0.07,0.05,0.06,0.19,0.09
10,8,7,"prevalence",0.55,"power",61,-0.0181613436788891,0.000795012630745007,0.102185792349727,1830,0.273332833928191,0.0654798356784452,0.009324199066,0.234092389905,0.316871994608,0.322253966024,0.32225396605,0.088161576119,0.11266427517,0.32225396605,56,0.27,0.05,0.1,0.03,0.07,0.12,0.05,0.04,0.05,0.2,0.04
10,8,7,"prevalence",0.6,"power",61,-0.0181613436788891,0.000795012630745007,0.102185792349727,1830,0.273332833928191,0.0654798356784452,0.009324199066,0.234092389905,0.316871994608,0.322253966024,0.32225396605,0.088161576119,0.11266427517,0.32225396605,56,0.5,0.05,0.11,0.05,0.1,0.23,0.07,0.05,0.05,0.32,0.06
10,9,8,"abundance",0,"type1_error",61,0.278179053599621,0.000746027775070839,0.13879781420765,1830,0.244472264878355,0.0552688846744761,0.017707313774,0.225580096378,0.262653402903,0.27786059295,0.299069955217,0.052280496572,0.15753109412,0.299069955217,127,0.05,0.07,0.03,0.04,0.07,0.03,0.08,0.08,0.08,0.06,0.09
10,9,8,"abundance",0.05,"power",61,0.278179053599621,0.000746027775070839,0.13879781420765,1830,0.244472264878355,0.0552688846744761,0.017707313774,0.225580096378,0.262653402903,0.27786059295,0.299069955217,0.052280496572,0.15753109412,0.299069955217,127,0.03,0.07,0.06,0.06,0.07,0.06,0.09,0.08,0.1,0.02,0.09
10,9,8,"abundance",0.1,"power",61,0.278179053599621,0.000746027775070839,0.13879781420765,1830,0.244472264878355,0.0552688846744761,0.017707313774,0.225580096378,0.262653402903,0.27786059295,0.299069955217,0.052280496572,0.15753109412,0.299069955217,127,0.03,0.02,0.03,0.03,0.06,0.05,0.07,0.05,0.06,0.02,0.06
10,9,8,"abundance",0.15,"power",61,0.278179053599621,0.000746027775070839,0.13879781420765,1830,0.244472264878355,0.0552688846744761,0.017707313774,0.225580096378,0.262653402903,0.27786059295,0.299069955217,0.052280496572,0.15753109412,0.299069955217,127,0.06,0.08,0.07,0.08,0.07,0.05,0.01,0.01,0.02,0.07,0.07
10,9,8,"abundance",0.2,"power",61,0.278179053599621,0.000746027775070839,0.13879781420765,1830,0.244472264878355,0.0552688846744761,0.017707313774,0.225580096378,0.262653402903,0.27786059295,0.299069955217,0.052280496572,0.15753109412,0.299069955217,127,0.04,0.04,0.04,0.03,0.05,0.1,0.05,0.03,0.04,0.03,0.07
10,9,8,"abundance",0.25,"power",61,0.278179053599621,0.000746027775070839,0.13879781420765,1830,0.244472264878355,0.0552688846744761,0.017707313774,0.225580096378,0.262653402903,0.27786059295,0.299069955217,0.052280496572,0.15753109412,0.299069955217,127,0.02,0.05,0.05,0.03,0.06,0.04,0.03,0.05,0.03,0.02,0.04
10,9,8,"abundance",0.3,"power",61,0.278179053599621,0.000746027775070839,0.13879781420765,1830,0.244472264878355,0.0552688846744761,0.017707313774,0.225580096378,0.262653402903,0.27786059295,0.299069955217,0.052280496572,0.15753109412,0.299069955217,127,0.03,0.03,0.07,0.04,0.05,0.03,0.03,0.02,0.04,0.04,0.04
10,9,8,"abundance",0.35,"power",61,0.278179053599621,0.000746027775070839,0.13879781420765,1830,0.244472264878355,0.0552688846744761,0.017707313774,0.225580096378,0.262653402903,0.27786059295,0.299069955217,0.052280496572,0.15753109412,0.299069955217,127,0.04,0.06,0.01,0.06,0.12,0.04,0.08,0.05,0.08,0.02,0.08
10,9,8,"abundance",0.4,"power",61,0.278179053599621,0.000746027775070839,0.13879781420765,1830,0.244472264878355,0.0552688846744761,0.017707313774,0.225580096378,0.262653402903,0.27786059295,0.299069955217,0.052280496572,0.15753109412,0.299069955217,127,0.03,0.06,0.07,0.07,0.08,0.06,0.04,0.03,0.04,0.05,0.08
10,9,8,"abundance",0.45,"power",61,0.278179053599621,0.000746027775070839,0.13879781420765,1830,0.244472264878355,0.0552688846744761,0.017707313774,0.225580096378,0.262653402903,0.27786059295,0.299069955217,0.052280496572,0.15753109412,0.299069955217,127,0.07,0.06,0.06,0.09,0.15,0.07,0.09,0.04,0.09,0.04,0.1
10,9,8,"abundance",0.5,"power",61,0.278179053599621,0.000746027775070839,0.13879781420765,1830,0.244472264878355,0.0552688846744761,0.017707313774,0.225580096378,0.262653402903,0.27786059295,0.299069955217,0.052280496572,0.15753109412,0.299069955217,127,0.03,0.06,0.05,0.1,0.17,0.03,0.1,0.05,0.1,0.01,0.11
10,9,8,"abundance",0.55,"power",61,0.278179053599621,0.000746027775070839,0.13879781420765,1830,0.244472264878355,0.0552688846744761,0.017707313774,0.225580096378,0.262653402903,0.27786059295,0.299069955217,0.052280496572,0.15753109412,0.299069955217,127,0.02,0.07,0.06,0.07,0.16,0.03,0.07,0.07,0.08,0.05,0.12
10,9,8,"abundance",0.6,"power",61,0.278179053599621,0.000746027775070839,0.13879781420765,1830,0.244472264878355,0.0552688846744761,0.017707313774,0.225580096378,0.262653402903,0.27786059295,0.299069955217,0.052280496572,0.15753109412,0.299069955217,127,0.02,0.13,0.01,0.12,0.24,0.06,0.14,0.08,0.13,0.01,0.21
10,9,8,"both",0,"type1_error",61,0.278179053599621,0.000746027775070839,0.13879781420765,1830,0.244472264878355,0.0552688846744761,0.017707313774,0.225580096378,0.262653402903,0.27786059295,0.299069955217,0.052280496572,0.15753109412,0.299069955217,127,0.03,0.08,0.06,0.07,0.03,0.01,0.03,0.03,0.04,0.03,0.06
10,9,8,"both",0.05,"power",61,0.278179053599621,0.000746027775070839,0.13879781420765,1830,0.244472264878355,0.0552688846744761,0.017707313774,0.225580096378,0.262653402903,0.27786059295,0.299069955217,0.052280496572,0.15753109412,0.299069955217,127,0.04,0.05,0.03,0.02,0.06,0.05,0.03,0.04,0.03,0,0.05
10,9,8,"both",0.1,"power",61,0.278179053599621,0.000746027775070839,0.13879781420765,1830,0.244472264878355,0.0552688846744761,0.017707313774,0.225580096378,0.262653402903,0.27786059295,0.299069955217,0.052280496572,0.15753109412,0.299069955217,127,0.01,0.03,0.09,0.05,0.09,0.05,0.07,0.03,0.06,0.05,0.04
10,9,8,"both",0.15,"power",61,0.278179053599621,0.000746027775070839,0.13879781420765,1830,0.244472264878355,0.0552688846744761,0.017707313774,0.225580096378,0.262653402903,0.27786059295,0.299069955217,0.052280496572,0.15753109412,0.299069955217,127,0.05,0.07,0.04,0.08,0.07,0.05,0.03,0.03,0.03,0.05,0.05
10,9,8,"both",0.2,"power",61,0.278179053599621,0.000746027775070839,0.13879781420765,1830,0.244472264878355,0.0552688846744761,0.017707313774,0.225580096378,0.262653402903,0.27786059295,0.299069955217,0.052280496572,0.15753109412,0.299069955217,127,0.08,0.08,0.08,0.09,0.06,0.07,0.05,0.03,0.04,0.07,0.06
10,9,8,"both",0.25,"power",61,0.278179053599621,0.000746027775070839,0.13879781420765,1830,0.244472264878355,0.0552688846744761,0.017707313774,0.225580096378,0.262653402903,0.27786059295,0.299069955217,0.052280496572,0.15753109412,0.299069955217,127,0.11,0.09,0.08,0.1,0.09,0.1,0.09,0.04,0.07,0.1,0.09
10,9,8,"both",0.3,"power",61,0.278179053599621,0.000746027775070839,0.13879781420765,1830,0.244472264878355,0.0552688846744761,0.017707313774,0.225580096378,0.262653402903,0.27786059295,0.299069955217,0.052280496572,0.15753109412,0.299069955217,127,0.16,0.04,0.09,0.05,0.13,0.13,0.06,0.03,0.06,0.14,0.04
10,9,8,"both",0.35,"power",61,0.278179053599621,0.000746027775070839,0.13879781420765,1830,0.244472264878355,0.0552688846744761,0.017707313774,0.225580096378,0.262653402903,0.27786059295,0.299069955217,0.052280496572,0.15753109412,0.299069955217,127,0.11,0.06,0.07,0.1,0.2,0.18,0.14,0.06,0.14,0.13,0.14
10,9,8,"both",0.4,"power",61,0.278179053599621,0.000746027775070839,0.13879781420765,1830,0.244472264878355,0.0552688846744761,0.017707313774,0.225580096378,0.262653402903,0.27786059295,0.299069955217,0.052280496572,0.15753109412,0.299069955217,127,0.13,0.12,0.06,0.13,0.31,0.18,0.08,0.1,0.06,0.13,0.12
10,9,8,"both",0.45,"power",61,0.278179053599621,0.000746027775070839,0.13879781420765,1830,0.244472264878355,0.0552688846744761,0.017707313774,0.225580096378,0.262653402903,0.27786059295,0.299069955217,0.052280496572,0.15753109412,0.299069955217,127,0.18,0.12,0.09,0.1,0.4,0.26,0.19,0.12,0.18,0.16,0.22
10,9,8,"both",0.5,"power",61,0.278179053599621,0.000746027775070839,0.13879781420765,1830,0.244472264878355,0.0552688846744761,0.017707313774,0.225580096378,0.262653402903,0.27786059295,0.299069955217,0.052280496572,0.15753109412,0.299069955217,127,0.24,0.14,0.12,0.13,0.53,0.3,0.11,0.03,0.12,0.24,0.24
10,9,8,"both",0.55,"power",61,0.278179053599621,0.000746027775070839,0.13879781420765,1830,0.244472264878355,0.0552688846744761,0.017707313774,0.225580096378,0.262653402903,0.27786059295,0.299069955217,0.052280496572,0.15753109412,0.299069955217,127,0.27,0.13,0.09,0.12,0.53,0.32,0.1,0.06,0.1,0.24,0.28
10,9,8,"both",0.6,"power",61,0.278179053599621,0.000746027775070839,0.13879781420765,1830,0.244472264878355,0.0552688846744761,0.017707313774,0.225580096378,0.262653402903,0.27786059295,0.299069955217,0.052280496572,0.15753109412,0.299069955217,127,0.39,0.23,0.15,0.17,0.72,0.45,0.24,0.07,0.25,0.33,0.41
10,9,8,"prevalence",0,"type1_error",61,0.278179053599621,0.000746027775070839,0.13879781420765,1830,0.244472264878355,0.0552688846744761,0.017707313774,0.225580096378,0.262653402903,0.27786059295,0.299069955217,0.052280496572,0.15753109412,0.299069955217,127,0.04,0.07,0.06,0.06,0.07,0.03,0.06,0.04,0.06,0.04,0.08
10,9,8,"prevalence",0.05,"power",61,0.278179053599621,0.000746027775070839,0.13879781420765,1830,0.244472264878355,0.0552688846744761,0.017707313774,0.225580096378,0.262653402903,0.27786059295,0.299069955217,0.052280496572,0.15753109412,0.299069955217,127,0.02,0.05,0.05,0.02,0.03,0.05,0.03,0.04,0.03,0.06,0.03
10,9,8,"prevalence",0.1,"power",61,0.278179053599621,0.000746027775070839,0.13879781420765,1830,0.244472264878355,0.0552688846744761,0.017707313774,0.225580096378,0.262653402903,0.27786059295,0.299069955217,0.052280496572,0.15753109412,0.299069955217,127,0.02,0.02,0.03,0.03,0.04,0.05,0.03,0.03,0.03,0.04,0.02
10,9,8,"prevalence",0.15,"power",61,0.278179053599621,0.000746027775070839,0.13879781420765,1830,0.244472264878355,0.0552688846744761,0.017707313774,0.225580096378,0.262653402903,0.27786059295,0.299069955217,0.052280496572,0.15753109412,0.299069955217,127,0.07,0.08,0.03,0.06,0.05,0.07,0.03,0.05,0.03,0.06,0.04
10,9,8,"prevalence",0.2,"power",61,0.278179053599621,0.000746027775070839,0.13879781420765,1830,0.244472264878355,0.0552688846744761,0.017707313774,0.225580096378,0.262653402903,0.27786059295,0.299069955217,0.052280496572,0.15753109412,0.299069955217,127,0.05,0.06,0.05,0.03,0.03,0.05,0.05,0.08,0.04,0.08,0.03
10,9,8,"prevalence",0.25,"power",61,0.278179053599621,0.000746027775070839,0.13879781420765,1830,0.244472264878355,0.0552688846744761,0.017707313774,0.225580096378,0.262653402903,0.27786059295,0.299069955217,0.052280496572,0.15753109412,0.299069955217,127,0.08,0.02,0.06,0.02,0.06,0.06,0.03,0.05,0.03,0.09,0.02
10,9,8,"prevalence",0.3,"power",61,0.278179053599621,0.000746027775070839,0.13879781420765,1830,0.244472264878355,0.0552688846744761,0.017707313774,0.225580096378,0.262653402903,0.27786059295,0.299069955217,0.052280496572,0.15753109412,0.299069955217,127,0.06,0.07,0.03,0.06,0.04,0.06,0.05,0.06,0.06,0.06,0.06
10,9,8,"prevalence",0.35,"power",61,0.278179053599621,0.000746027775070839,0.13879781420765,1830,0.244472264878355,0.0552688846744761,0.017707313774,0.225580096378,0.262653402903,0.27786059295,0.299069955217,0.052280496572,0.15753109412,0.299069955217,127,0.13,0.03,0.05,0.02,0.09,0.13,0.08,0.05,0.08,0.07,0.05
10,9,8,"prevalence",0.4,"power",61,0.278179053599621,0.000746027775070839,0.13879781420765,1830,0.244472264878355,0.0552688846744761,0.017707313774,0.225580096378,0.262653402903,0.27786059295,0.299069955217,0.052280496572,0.15753109412,0.299069955217,127,0.14,0.02,0.13,0.03,0.04,0.06,0.02,0.02,0.03,0.14,0.02
10,9,8,"prevalence",0.45,"power",61,0.278179053599621,0.000746027775070839,0.13879781420765,1830,0.244472264878355,0.0552688846744761,0.017707313774,0.225580096378,0.262653402903,0.27786059295,0.299069955217,0.052280496572,0.15753109412,0.299069955217,127,0.11,0.11,0.11,0.09,0.09,0.06,0.08,0.09,0.08,0.13,0.12
10,9,8,"prevalence",0.5,"power",61,0.278179053599621,0.000746027775070839,0.13879781420765,1830,0.244472264878355,0.0552688846744761,0.017707313774,0.225580096378,0.262653402903,0.27786059295,0.299069955217,0.052280496572,0.15753109412,0.299069955217,127,0.25,0.08,0.06,0.1,0.07,0.15,0.03,0.04,0.02,0.23,0.06
10,9,8,"prevalence",0.55,"power",61,0.278179053599621,0.000746027775070839,0.13879781420765,1830,0.244472264878355,0.0552688846744761,0.017707313774,0.225580096378,0.262653402903,0.27786059295,0.299069955217,0.052280496572,0.15753109412,0.299069955217,127,0.27,0.08,0.09,0.08,0.09,0.21,0.05,0.07,0.05,0.25,0.09
10,9,8,"prevalence",0.6,"power",61,0.278179053599621,0.000746027775070839,0.13879781420765,1830,0.244472264878355,0.0552688846744761,0.017707313774,0.225580096378,0.262653402903,0.27786059295,0.299069955217,0.052280496572,0.15753109412,0.299069955217,127,0.44,0.07,0.14,0.07,0.11,0.18,0.1,0.1,0.11,0.36,0.09
10,5,9,"abundance",0,"type1_error",62,0.0211653022643218,0.000691936020224837,0.115591397849462,1891,0.335510089264474,0.0821466805743203,0.00903639053,0.338093837161,0.3732014576258,0.3876755726659,0.3876755726818,0.0495817355049,0.28319751277,0.3876755726818,308,0.06,0.06,0.04,0.05,0.06,0.06,0.04,0.06,0.03,0.04,0.07
10,5,9,"abundance",0.05,"power",62,0.0211653022643218,0.000691936020224837,0.115591397849462,1891,0.335510089264474,0.0821466805743203,0.00903639053,0.338093837161,0.3732014576258,0.3876755726659,0.3876755726818,0.0495817355049,0.28319751277,0.3876755726818,308,0.04,0.05,0.03,0.06,0.02,0.04,0.05,0.06,0.05,0.05,0.04
10,5,9,"abundance",0.1,"power",62,0.0211653022643218,0.000691936020224837,0.115591397849462,1891,0.335510089264474,0.0821466805743203,0.00903639053,0.338093837161,0.3732014576258,0.3876755726659,0.3876755726818,0.0495817355049,0.28319751277,0.3876755726818,308,0.04,0.08,0.08,0.08,0.05,0.06,0.04,0.05,0.04,0.08,0.07
10,5,9,"abundance",0.15,"power",62,0.0211653022643218,0.000691936020224837,0.115591397849462,1891,0.335510089264474,0.0821466805743203,0.00903639053,0.338093837161,0.3732014576258,0.3876755726659,0.3876755726818,0.0495817355049,0.28319751277,0.3876755726818,308,0.05,0.03,0.05,0.04,0.01,0.06,0.02,0.03,0.02,0.07,0.02
10,5,9,"abundance",0.2,"power",62,0.0211653022643218,0.000691936020224837,0.115591397849462,1891,0.335510089264474,0.0821466805743203,0.00903639053,0.338093837161,0.3732014576258,0.3876755726659,0.3876755726818,0.0495817355049,0.28319751277,0.3876755726818,308,0.04,0.04,0.07,0.05,0.06,0.03,0.04,0.05,0.05,0.07,0.04
10,5,9,"abundance",0.25,"power",62,0.0211653022643218,0.000691936020224837,0.115591397849462,1891,0.335510089264474,0.0821466805743203,0.00903639053,0.338093837161,0.3732014576258,0.3876755726659,0.3876755726818,0.0495817355049,0.28319751277,0.3876755726818,308,0.05,0.02,0.03,0.01,0.02,0.02,0.02,0.05,0.01,0.02,0.02
10,5,9,"abundance",0.3,"power",62,0.0211653022643218,0.000691936020224837,0.115591397849462,1891,0.335510089264474,0.0821466805743203,0.00903639053,0.338093837161,0.3732014576258,0.3876755726659,0.3876755726818,0.0495817355049,0.28319751277,0.3876755726818,308,0.05,0.05,0.06,0.06,0.08,0.05,0.05,0.05,0.07,0.06,0.07
10,5,9,"abundance",0.35,"power",62,0.0211653022643218,0.000691936020224837,0.115591397849462,1891,0.335510089264474,0.0821466805743203,0.00903639053,0.338093837161,0.3732014576258,0.3876755726659,0.3876755726818,0.0495817355049,0.28319751277,0.3876755726818,308,0.06,0.03,0.06,0.05,0.04,0.04,0.08,0.07,0.09,0.06,0.04
10,5,9,"abundance",0.4,"power",62,0.0211653022643218,0.000691936020224837,0.115591397849462,1891,0.335510089264474,0.0821466805743203,0.00903639053,0.338093837161,0.3732014576258,0.3876755726659,0.3876755726818,0.0495817355049,0.28319751277,0.3876755726818,308,0.11,0.06,0.08,0.05,0.09,0.06,0.09,0.05,0.09,0.07,0.08
10,5,9,"abundance",0.45,"power",62,0.0211653022643218,0.000691936020224837,0.115591397849462,1891,0.335510089264474,0.0821466805743203,0.00903639053,0.338093837161,0.3732014576258,0.3876755726659,0.3876755726818,0.0495817355049,0.28319751277,0.3876755726818,308,0.04,0.08,0.05,0.08,0.09,0.06,0.11,0.07,0.13,0.04,0.09
10,5,9,"abundance",0.5,"power",62,0.0211653022643218,0.000691936020224837,0.115591397849462,1891,0.335510089264474,0.0821466805743203,0.00903639053,0.338093837161,0.3732014576258,0.3876755726659,0.3876755726818,0.0495817355049,0.28319751277,0.3876755726818,308,0.05,0.1,0.04,0.1,0.17,0.04,0.07,0.05,0.08,0.06,0.13
10,5,9,"abundance",0.55,"power",62,0.0211653022643218,0.000691936020224837,0.115591397849462,1891,0.335510089264474,0.0821466805743203,0.00903639053,0.338093837161,0.3732014576258,0.3876755726659,0.3876755726818,0.0495817355049,0.28319751277,0.3876755726818,308,0.06,0.06,0.04,0.06,0.14,0.05,0.08,0.06,0.08,0.06,0.08
10,5,9,"abundance",0.6,"power",62,0.0211653022643218,0.000691936020224837,0.115591397849462,1891,0.335510089264474,0.0821466805743203,0.00903639053,0.338093837161,0.3732014576258,0.3876755726659,0.3876755726818,0.0495817355049,0.28319751277,0.3876755726818,308,0.05,0.07,0.05,0.08,0.1,0.07,0.06,0.02,0.08,0.06,0.11
10,5,9,"both",0,"type1_error",62,0.0211653022643218,0.000691936020224837,0.115591397849462,1891,0.335510089264474,0.0821466805743203,0.00903639053,0.338093837161,0.3732014576258,0.3876755726659,0.3876755726818,0.0495817355049,0.28319751277,0.3876755726818,308,0.07,0.06,0.04,0.07,0.05,0.08,0.05,0.04,0.05,0.05,0.05
10,5,9,"both",0.05,"power",62,0.0211653022643218,0.000691936020224837,0.115591397849462,1891,0.335510089264474,0.0821466805743203,0.00903639053,0.338093837161,0.3732014576258,0.3876755726659,0.3876755726818,0.0495817355049,0.28319751277,0.3876755726818,308,0.04,0.1,0.02,0.1,0.08,0.06,0.06,0.05,0.05,0.05,0.08
10,5,9,"both",0.1,"power",62,0.0211653022643218,0.000691936020224837,0.115591397849462,1891,0.335510089264474,0.0821466805743203,0.00903639053,0.338093837161,0.3732014576258,0.3876755726659,0.3876755726818,0.0495817355049,0.28319751277,0.3876755726818,308,0.06,0.03,0.06,0.05,0.1,0.05,0.07,0.05,0.06,0.08,0.06
10,5,9,"both",0.15,"power",62,0.0211653022643218,0.000691936020224837,0.115591397849462,1891,0.335510089264474,0.0821466805743203,0.00903639053,0.338093837161,0.3732014576258,0.3876755726659,0.3876755726818,0.0495817355049,0.28319751277,0.3876755726818,308,0.09,0.04,0.08,0.06,0.05,0.08,0.04,0.03,0.04,0.1,0.04
10,5,9,"both",0.2,"power",62,0.0211653022643218,0.000691936020224837,0.115591397849462,1891,0.335510089264474,0.0821466805743203,0.00903639053,0.338093837161,0.3732014576258,0.3876755726659,0.3876755726818,0.0495817355049,0.28319751277,0.3876755726818,308,0.09,0.05,0.09,0.04,0.06,0.07,0.06,0.04,0.07,0.06,0.05
10,5,9,"both",0.25,"power",62,0.0211653022643218,0.000691936020224837,0.115591397849462,1891,0.335510089264474,0.0821466805743203,0.00903639053,0.338093837161,0.3732014576258,0.3876755726659,0.3876755726818,0.0495817355049,0.28319751277,0.3876755726818,308,0.05,0.04,0.06,0.03,0.07,0.08,0.05,0.03,0.05,0.06,0.05
10,5,9,"both",0.3,"power",62,0.0211653022643218,0.000691936020224837,0.115591397849462,1891,0.335510089264474,0.0821466805743203,0.00903639053,0.338093837161,0.3732014576258,0.3876755726659,0.3876755726818,0.0495817355049,0.28319751277,0.3876755726818,308,0.09,0.04,0.13,0.02,0.05,0.07,0.01,0.07,0.01,0.04,0.02
10,5,9,"both",0.35,"power",62,0.0211653022643218,0.000691936020224837,0.115591397849462,1891,0.335510089264474,0.0821466805743203,0.00903639053,0.338093837161,0.3732014576258,0.3876755726659,0.3876755726818,0.0495817355049,0.28319751277,0.3876755726818,308,0.11,0.09,0.07,0.07,0.23,0.14,0.15,0.1,0.13,0.13,0.09
10,5,9,"both",0.4,"power",62,0.0211653022643218,0.000691936020224837,0.115591397849462,1891,0.335510089264474,0.0821466805743203,0.00903639053,0.338093837161,0.3732014576258,0.3876755726659,0.3876755726818,0.0495817355049,0.28319751277,0.3876755726818,308,0.16,0.05,0.12,0.03,0.2,0.14,0.1,0.04,0.07,0.13,0.09
10,5,9,"both",0.45,"power",62,0.0211653022643218,0.000691936020224837,0.115591397849462,1891,0.335510089264474,0.0821466805743203,0.00903639053,0.338093837161,0.3732014576258,0.3876755726659,0.3876755726818,0.0495817355049,0.28319751277,0.3876755726818,308,0.2,0.08,0.1,0.09,0.26,0.21,0.13,0.06,0.14,0.17,0.12
10,5,9,"both",0.5,"power",62,0.0211653022643218,0.000691936020224837,0.115591397849462,1891,0.335510089264474,0.0821466805743203,0.00903639053,0.338093837161,0.3732014576258,0.3876755726659,0.3876755726818,0.0495817355049,0.28319751277,0.3876755726818,308,0.29,0.12,0.14,0.12,0.36,0.35,0.16,0.03,0.15,0.22,0.17
10,5,9,"both",0.55,"power",62,0.0211653022643218,0.000691936020224837,0.115591397849462,1891,0.335510089264474,0.0821466805743203,0.00903639053,0.338093837161,0.3732014576258,0.3876755726659,0.3876755726818,0.0495817355049,0.28319751277,0.3876755726818,308,0.31,0.09,0.14,0.05,0.45,0.35,0.14,0.09,0.13,0.24,0.16
10,5,9,"both",0.6,"power",62,0.0211653022643218,0.000691936020224837,0.115591397849462,1891,0.335510089264474,0.0821466805743203,0.00903639053,0.338093837161,0.3732014576258,0.3876755726659,0.3876755726818,0.0495817355049,0.28319751277,0.3876755726818,308,0.41,0.06,0.16,0.08,0.65,0.53,0.24,0.04,0.25,0.35,0.29
10,5,9,"prevalence",0,"type1_error",62,0.0211653022643218,0.000691936020224837,0.115591397849462,1891,0.335510089264474,0.0821466805743203,0.00903639053,0.338093837161,0.3732014576258,0.3876755726659,0.3876755726818,0.0495817355049,0.28319751277,0.3876755726818,308,0.04,0.06,0.05,0.03,0.02,0.02,0.05,0.04,0.03,0.09,0.07
10,5,9,"prevalence",0.05,"power",62,0.0211653022643218,0.000691936020224837,0.115591397849462,1891,0.335510089264474,0.0821466805743203,0.00903639053,0.338093837161,0.3732014576258,0.3876755726659,0.3876755726818,0.0495817355049,0.28319751277,0.3876755726818,308,0.05,0.02,0.06,0.04,0.04,0.04,0.04,0.03,0.03,0.05,0.01
10,5,9,"prevalence",0.1,"power",62,0.0211653022643218,0.000691936020224837,0.115591397849462,1891,0.335510089264474,0.0821466805743203,0.00903639053,0.338093837161,0.3732014576258,0.3876755726659,0.3876755726818,0.0495817355049,0.28319751277,0.3876755726818,308,0.04,0.06,0.07,0.05,0.03,0.03,0.06,0.01,0.06,0.08,0.02
10,5,9,"prevalence",0.15,"power",62,0.0211653022643218,0.000691936020224837,0.115591397849462,1891,0.335510089264474,0.0821466805743203,0.00903639053,0.338093837161,0.3732014576258,0.3876755726659,0.3876755726818,0.0495817355049,0.28319751277,0.3876755726818,308,0.04,0.02,0.02,0.02,0.02,0.03,0.04,0.03,0.05,0.04,0.02
10,5,9,"prevalence",0.2,"power",62,0.0211653022643218,0.000691936020224837,0.115591397849462,1891,0.335510089264474,0.0821466805743203,0.00903639053,0.338093837161,0.3732014576258,0.3876755726659,0.3876755726818,0.0495817355049,0.28319751277,0.3876755726818,308,0.05,0.11,0.08,0.07,0.08,0.07,0.07,0.08,0.06,0.05,0.1
10,5,9,"prevalence",0.25,"power",62,0.0211653022643218,0.000691936020224837,0.115591397849462,1891,0.335510089264474,0.0821466805743203,0.00903639053,0.338093837161,0.3732014576258,0.3876755726659,0.3876755726818,0.0495817355049,0.28319751277,0.3876755726818,308,0.07,0.08,0.07,0.08,0.06,0.04,0.05,0.02,0.04,0.09,0.06
10,5,9,"prevalence",0.3,"power",62,0.0211653022643218,0.000691936020224837,0.115591397849462,1891,0.335510089264474,0.0821466805743203,0.00903639053,0.338093837161,0.3732014576258,0.3876755726659,0.3876755726818,0.0495817355049,0.28319751277,0.3876755726818,308,0.13,0.06,0.07,0.05,0.08,0.1,0.07,0.04,0.07,0.11,0.06
10,5,9,"prevalence",0.35,"power",62,0.0211653022643218,0.000691936020224837,0.115591397849462,1891,0.335510089264474,0.0821466805743203,0.00903639053,0.338093837161,0.3732014576258,0.3876755726659,0.3876755726818,0.0495817355049,0.28319751277,0.3876755726818,308,0.11,0.05,0.06,0.06,0.07,0.07,0.07,0.1,0.08,0.11,0.05
10,5,9,"prevalence",0.4,"power",62,0.0211653022643218,0.000691936020224837,0.115591397849462,1891,0.335510089264474,0.0821466805743203,0.00903639053,0.338093837161,0.3732014576258,0.3876755726659,0.3876755726818,0.0495817355049,0.28319751277,0.3876755726818,308,0.19,0.07,0.1,0.06,0.07,0.11,0.04,0.08,0.05,0.18,0.08
10,5,9,"prevalence",0.45,"power",62,0.0211653022643218,0.000691936020224837,0.115591397849462,1891,0.335510089264474,0.0821466805743203,0.00903639053,0.338093837161,0.3732014576258,0.3876755726659,0.3876755726818,0.0495817355049,0.28319751277,0.3876755726818,308,0.21,0.05,0.08,0.03,0.09,0.15,0.03,0.05,0.03,0.15,0.05
10,5,9,"prevalence",0.5,"power",62,0.0211653022643218,0.000691936020224837,0.115591397849462,1891,0.335510089264474,0.0821466805743203,0.00903639053,0.338093837161,0.3732014576258,0.3876755726659,0.3876755726818,0.0495817355049,0.28319751277,0.3876755726818,308,0.32,0.03,0.17,0.03,0.09,0.16,0.06,0.04,0.05,0.23,0.04
10,5,9,"prevalence",0.55,"power",62,0.0211653022643218,0.000691936020224837,0.115591397849462,1891,0.335510089264474,0.0821466805743203,0.00903639053,0.338093837161,0.3732014576258,0.3876755726659,0.3876755726818,0.0495817355049,0.28319751277,0.3876755726818,308,0.3,0.05,0.06,0.04,0.08,0.18,0.07,0.03,0.07,0.24,0.07
10,5,9,"prevalence",0.6,"power",62,0.0211653022643218,0.000691936020224837,0.115591397849462,1891,0.335510089264474,0.0821466805743203,0.00903639053,0.338093837161,0.3732014576258,0.3876755726659,0.3876755726818,0.0495817355049,0.28319751277,0.3876755726818,308,0.55,0.08,0.12,0.06,0.14,0.23,0.05,0.04,0.07,0.36,0.09
10,3,10,"abundance",0,"type1_error",62,-0.109328527220531,0.000387747788589155,0.0846774193548387,1891,0.534431471218331,0.122264281925298,0.003030312306,0.518249480642,0.553216142395,0.5773720169715,0.803552742596,0.0591225363295,0.43922222202,0.5976137814,420,0.02,0.08,0.04,0.05,0.08,0.02,0.07,0.04,0.06,0.03,0.07
10,3,10,"abundance",0.05,"power",62,-0.109328527220531,0.000387747788589155,0.0846774193548387,1891,0.534431471218331,0.122264281925298,0.003030312306,0.518249480642,0.553216142395,0.5773720169715,0.803552742596,0.0591225363295,0.43922222202,0.5976137814,420,0.05,0.03,0.06,0.08,0.03,0.03,0.05,0.03,0.05,0.07,0.04
10,3,10,"abundance",0.1,"power",62,-0.109328527220531,0.000387747788589155,0.0846774193548387,1891,0.534431471218331,0.122264281925298,0.003030312306,0.518249480642,0.553216142395,0.5773720169715,0.803552742596,0.0591225363295,0.43922222202,0.5976137814,420,0.1,0.05,0.03,0.06,0.08,0.09,0.04,0.05,0.04,0.06,0.04
10,3,10,"abundance",0.15,"power",62,-0.109328527220531,0.000387747788589155,0.0846774193548387,1891,0.534431471218331,0.122264281925298,0.003030312306,0.518249480642,0.553216142395,0.5773720169715,0.803552742596,0.0591225363295,0.43922222202,0.5976137814,420,0.04,0.06,0.04,0.05,0.1,0.06,0.07,0.09,0.05,0.05,0.07
10,3,10,"abundance",0.2,"power",62,-0.109328527220531,0.000387747788589155,0.0846774193548387,1891,0.534431471218331,0.122264281925298,0.003030312306,0.518249480642,0.553216142395,0.5773720169715,0.803552742596,0.0591225363295,0.43922222202,0.5976137814,420,0.05,0.04,0.03,0.04,0.06,0.07,0.05,0.03,0.04,0.04,0.06
10,3,10,"abundance",0.25,"power",62,-0.109328527220531,0.000387747788589155,0.0846774193548387,1891,0.534431471218331,0.122264281925298,0.003030312306,0.518249480642,0.553216142395,0.5773720169715,0.803552742596,0.0591225363295,0.43922222202,0.5976137814,420,0.04,0.08,0.03,0.07,0.07,0.06,0.04,0.03,0.05,0.04,0.08
10,3,10,"abundance",0.3,"power",62,-0.109328527220531,0.000387747788589155,0.0846774193548387,1891,0.534431471218331,0.122264281925298,0.003030312306,0.518249480642,0.553216142395,0.5773720169715,0.803552742596,0.0591225363295,0.43922222202,0.5976137814,420,0.03,0.05,0.05,0.05,0.06,0.04,0.07,0.05,0.04,0.06,0.06
10,3,10,"abundance",0.35,"power",62,-0.109328527220531,0.000387747788589155,0.0846774193548387,1891,0.534431471218331,0.122264281925298,0.003030312306,0.518249480642,0.553216142395,0.5773720169715,0.803552742596,0.0591225363295,0.43922222202,0.5976137814,420,0.04,0.06,0.03,0.05,0.08,0.05,0.03,0.05,0.04,0.04,0.06
10,3,10,"abundance",0.4,"power",62,-0.109328527220531,0.000387747788589155,0.0846774193548387,1891,0.534431471218331,0.122264281925298,0.003030312306,0.518249480642,0.553216142395,0.5773720169715,0.803552742596,0.0591225363295,0.43922222202,0.5976137814,420,0.06,0.04,0.03,0.04,0.06,0.07,0.02,0.03,0.04,0.07,0.04
10,3,10,"abundance",0.45,"power",62,-0.109328527220531,0.000387747788589155,0.0846774193548387,1891,0.534431471218331,0.122264281925298,0.003030312306,0.518249480642,0.553216142395,0.5773720169715,0.803552742596,0.0591225363295,0.43922222202,0.5976137814,420,0.04,0.02,0.05,0.02,0.02,0.03,0.05,0.04,0.04,0.04,0.02
10,3,10,"abundance",0.5,"power",62,-0.109328527220531,0.000387747788589155,0.0846774193548387,1891,0.534431471218331,0.122264281925298,0.003030312306,0.518249480642,0.553216142395,0.5773720169715,0.803552742596,0.0591225363295,0.43922222202,0.5976137814,420,0.04,0.08,0.04,0.07,0.09,0.06,0.07,0.07,0.06,0.05,0.11
10,3,10,"abundance",0.55,"power",62,-0.109328527220531,0.000387747788589155,0.0846774193548387,1891,0.534431471218331,0.122264281925298,0.003030312306,0.518249480642,0.553216142395,0.5773720169715,0.803552742596,0.0591225363295,0.43922222202,0.5976137814,420,0.07,0.08,0.07,0.05,0.08,0.05,0.08,0.07,0.07,0.06,0.1
10,3,10,"abundance",0.6,"power",62,-0.109328527220531,0.000387747788589155,0.0846774193548387,1891,0.534431471218331,0.122264281925298,0.003030312306,0.518249480642,0.553216142395,0.5773720169715,0.803552742596,0.0591225363295,0.43922222202,0.5976137814,420,0.03,0.04,0.06,0.02,0.08,0.05,0.05,0.03,0.05,0.04,0.06
10,3,10,"both",0,"type1_error",62,-0.109328527220531,0.000387747788589155,0.0846774193548387,1891,0.534431471218331,0.122264281925298,0.003030312306,0.518249480642,0.553216142395,0.5773720169715,0.803552742596,0.0591225363295,0.43922222202,0.5976137814,420,0.02,0.04,0.04,0.05,0.03,0.01,0.04,0.07,0.04,0.05,0.05
10,3,10,"both",0.05,"power",62,-0.109328527220531,0.000387747788589155,0.0846774193548387,1891,0.534431471218331,0.122264281925298,0.003030312306,0.518249480642,0.553216142395,0.5773720169715,0.803552742596,0.0591225363295,0.43922222202,0.5976137814,420,0.04,0.07,0.03,0.06,0.08,0.05,0.09,0.07,0.09,0.04,0.09
10,3,10,"both",0.1,"power",62,-0.109328527220531,0.000387747788589155,0.0846774193548387,1891,0.534431471218331,0.122264281925298,0.003030312306,0.518249480642,0.553216142395,0.5773720169715,0.803552742596,0.0591225363295,0.43922222202,0.5976137814,420,0.02,0.04,0.04,0.05,0.02,0.03,0.02,0.03,0.03,0.01,0.01
10,3,10,"both",0.15,"power",62,-0.109328527220531,0.000387747788589155,0.0846774193548387,1891,0.534431471218331,0.122264281925298,0.003030312306,0.518249480642,0.553216142395,0.5773720169715,0.803552742596,0.0591225363295,0.43922222202,0.5976137814,420,0.08,0.03,0.05,0.05,0.05,0.06,0.04,0.05,0.04,0.09,0.03
10,3,10,"both",0.2,"power",62,-0.109328527220531,0.000387747788589155,0.0846774193548387,1891,0.534431471218331,0.122264281925298,0.003030312306,0.518249480642,0.553216142395,0.5773720169715,0.803552742596,0.0591225363295,0.43922222202,0.5976137814,420,0.08,0.1,0.05,0.07,0.1,0.11,0.08,0.06,0.09,0.06,0.1
10,3,10,"both",0.25,"power",62,-0.109328527220531,0.000387747788589155,0.0846774193548387,1891,0.534431471218331,0.122264281925298,0.003030312306,0.518249480642,0.553216142395,0.5773720169715,0.803552742596,0.0591225363295,0.43922222202,0.5976137814,420,0.07,0.03,0.01,0.03,0.09,0.03,0.07,0.08,0.07,0.15,0.06
10,3,10,"both",0.3,"power",62,-0.109328527220531,0.000387747788589155,0.0846774193548387,1891,0.534431471218331,0.122264281925298,0.003030312306,0.518249480642,0.553216142395,0.5773720169715,0.803552742596,0.0591225363295,0.43922222202,0.5976137814,420,0.06,0.04,0.05,0.05,0.11,0.08,0.08,0.07,0.07,0.16,0.06
10,3,10,"both",0.35,"power",62,-0.109328527220531,0.000387747788589155,0.0846774193548387,1891,0.534431471218331,0.122264281925298,0.003030312306,0.518249480642,0.553216142395,0.5773720169715,0.803552742596,0.0591225363295,0.43922222202,0.5976137814,420,0.13,0.06,0.08,0.06,0.16,0.13,0.08,0.06,0.07,0.22,0.05
10,3,10,"both",0.4,"power",62,-0.109328527220531,0.000387747788589155,0.0846774193548387,1891,0.534431471218331,0.122264281925298,0.003030312306,0.518249480642,0.553216142395,0.5773720169715,0.803552742596,0.0591225363295,0.43922222202,0.5976137814,420,0.16,0.07,0.08,0.04,0.17,0.11,0.11,0.09,0.11,0.31,0.1
10,3,10,"both",0.45,"power",62,-0.109328527220531,0.000387747788589155,0.0846774193548387,1891,0.534431471218331,0.122264281925298,0.003030312306,0.518249480642,0.553216142395,0.5773720169715,0.803552742596,0.0591225363295,0.43922222202,0.5976137814,420,0.14,0.06,0.11,0.06,0.21,0.12,0.06,0.03,0.06,0.36,0.09
10,3,10,"both",0.5,"power",62,-0.109328527220531,0.000387747788589155,0.0846774193548387,1891,0.534431471218331,0.122264281925298,0.003030312306,0.518249480642,0.553216142395,0.5773720169715,0.803552742596,0.0591225363295,0.43922222202,0.5976137814,420,0.28,0.05,0.11,0.04,0.34,0.3,0.08,0.03,0.09,0.54,0.1
10,3,10,"both",0.55,"power",62,-0.109328527220531,0.000387747788589155,0.0846774193548387,1891,0.534431471218331,0.122264281925298,0.003030312306,0.518249480642,0.553216142395,0.5773720169715,0.803552742596,0.0591225363295,0.43922222202,0.5976137814,420,0.37,0.04,0.15,0.06,0.48,0.3,0.12,0.07,0.12,0.64,0.17
10,3,10,"both",0.6,"power",62,-0.109328527220531,0.000387747788589155,0.0846774193548387,1891,0.534431471218331,0.122264281925298,0.003030312306,0.518249480642,0.553216142395,0.5773720169715,0.803552742596,0.0591225363295,0.43922222202,0.5976137814,420,0.5,0.04,0.2,0.04,0.6,0.44,0.12,0.05,0.11,0.76,0.11
10,3,10,"prevalence",0,"type1_error",62,-0.109328527220531,0.000387747788589155,0.0846774193548387,1891,0.534431471218331,0.122264281925298,0.003030312306,0.518249480642,0.553216142395,0.5773720169715,0.803552742596,0.0591225363295,0.43922222202,0.5976137814,420,0.06,0.05,0.01,0.05,0.04,0.05,0.09,0.13,0.07,0.07,0.04
10,3,10,"prevalence",0.05,"power",62,-0.109328527220531,0.000387747788589155,0.0846774193548387,1891,0.534431471218331,0.122264281925298,0.003030312306,0.518249480642,0.553216142395,0.5773720169715,0.803552742596,0.0591225363295,0.43922222202,0.5976137814,420,0.05,0.05,0.02,0.04,0.05,0.07,0.05,0.02,0.06,0.02,0.05
10,3,10,"prevalence",0.1,"power",62,-0.109328527220531,0.000387747788589155,0.0846774193548387,1891,0.534431471218331,0.122264281925298,0.003030312306,0.518249480642,0.553216142395,0.5773720169715,0.803552742596,0.0591225363295,0.43922222202,0.5976137814,420,0.1,0.04,0.06,0.05,0.07,0.05,0.05,0.04,0.02,0.08,0.07
10,3,10,"prevalence",0.15,"power",62,-0.109328527220531,0.000387747788589155,0.0846774193548387,1891,0.534431471218331,0.122264281925298,0.003030312306,0.518249480642,0.553216142395,0.5773720169715,0.803552742596,0.0591225363295,0.43922222202,0.5976137814,420,0.01,0.04,0.02,0.04,0.03,0.03,0.05,0.03,0.05,0.03,0.05
10,3,10,"prevalence",0.2,"power",62,-0.109328527220531,0.000387747788589155,0.0846774193548387,1891,0.534431471218331,0.122264281925298,0.003030312306,0.518249480642,0.553216142395,0.5773720169715,0.803552742596,0.0591225363295,0.43922222202,0.5976137814,420,0.07,0.03,0.11,0.07,0.03,0.07,0.03,0.03,0.03,0.09,0.03
10,3,10,"prevalence",0.25,"power",62,-0.109328527220531,0.000387747788589155,0.0846774193548387,1891,0.534431471218331,0.122264281925298,0.003030312306,0.518249480642,0.553216142395,0.5773720169715,0.803552742596,0.0591225363295,0.43922222202,0.5976137814,420,0.07,0.04,0.06,0.04,0.05,0.07,0.03,0.05,0.03,0.08,0.03
10,3,10,"prevalence",0.3,"power",62,-0.109328527220531,0.000387747788589155,0.0846774193548387,1891,0.534431471218331,0.122264281925298,0.003030312306,0.518249480642,0.553216142395,0.5773720169715,0.803552742596,0.0591225363295,0.43922222202,0.5976137814,420,0.13,0.06,0.06,0.04,0.06,0.07,0.06,0.06,0.07,0.17,0.04
10,3,10,"prevalence",0.35,"power",62,-0.109328527220531,0.000387747788589155,0.0846774193548387,1891,0.534431471218331,0.122264281925298,0.003030312306,0.518249480642,0.553216142395,0.5773720169715,0.803552742596,0.0591225363295,0.43922222202,0.5976137814,420,0.15,0.07,0.05,0.08,0.06,0.08,0.06,0.04,0.06,0.27,0.08
10,3,10,"prevalence",0.4,"power",62,-0.109328527220531,0.000387747788589155,0.0846774193548387,1891,0.534431471218331,0.122264281925298,0.003030312306,0.518249480642,0.553216142395,0.5773720169715,0.803552742596,0.0591225363295,0.43922222202,0.5976137814,420,0.14,0.03,0.05,0.02,0.05,0.08,0.03,0.03,0.02,0.19,0.04
10,3,10,"prevalence",0.45,"power",62,-0.109328527220531,0.000387747788589155,0.0846774193548387,1891,0.534431471218331,0.122264281925298,0.003030312306,0.518249480642,0.553216142395,0.5773720169715,0.803552742596,0.0591225363295,0.43922222202,0.5976137814,420,0.14,0.05,0.1,0.04,0.04,0.1,0.05,0.08,0.06,0.39,0.02
10,3,10,"prevalence",0.5,"power",62,-0.109328527220531,0.000387747788589155,0.0846774193548387,1891,0.534431471218331,0.122264281925298,0.003030312306,0.518249480642,0.553216142395,0.5773720169715,0.803552742596,0.0591225363295,0.43922222202,0.5976137814,420,0.32,0.04,0.14,0.04,0.11,0.09,0.05,0.06,0.05,0.52,0.06
10,3,10,"prevalence",0.55,"power",62,-0.109328527220531,0.000387747788589155,0.0846774193548387,1891,0.534431471218331,0.122264281925298,0.003030312306,0.518249480642,0.553216142395,0.5773720169715,0.803552742596,0.0591225363295,0.43922222202,0.5976137814,420,0.37,0.05,0.12,0.04,0.13,0.16,0.01,0.01,0.02,0.63,0.05
10,3,10,"prevalence",0.6,"power",62,-0.109328527220531,0.000387747788589155,0.0846774193548387,1891,0.534431471218331,0.122264281925298,0.003030312306,0.518249480642,0.553216142395,0.5773720169715,0.803552742596,0.0591225363295,0.43922222202,0.5976137814,420,0.43,0.07,0.12,0.05,0.12,0.21,0.04,0.07,0.03,0.76,0.05
12,2,1,"abundance",0,"type1_error",52,0.114614324472133,0.00415606278897233,0.178525641025641,1326,0.225955798841388,0.0774464673973966,0.005899773466,0.176601434569,0.212409018733,0.234092389915,0.377714252861,0.057490955346,0.098097159562,0.293449193016,253,0.07,0.06,0.07,0.04,0.05,0.09,0.04,0.02,0.03,0.05,0.05
12,2,1,"abundance",0.05,"power",52,0.114614324472133,0.00415606278897233,0.178525641025641,1326,0.225955798841388,0.0774464673973966,0.005899773466,0.176601434569,0.212409018733,0.234092389915,0.377714252861,0.057490955346,0.098097159562,0.293449193016,253,0.06,0.14,0.04,0.11,0.11,0.07,0.1,0.11,0.13,0.05,0.14
12,2,1,"abundance",0.1,"power",52,0.114614324472133,0.00415606278897233,0.178525641025641,1326,0.225955798841388,0.0774464673973966,0.005899773466,0.176601434569,0.212409018733,0.234092389915,0.377714252861,0.057490955346,0.098097159562,0.293449193016,253,0.04,0.03,0.09,0.03,0.05,0.02,0.04,0.02,0.03,0.05,0.05
12,2,1,"abundance",0.15,"power",52,0.114614324472133,0.00415606278897233,0.178525641025641,1326,0.225955798841388,0.0774464673973966,0.005899773466,0.176601434569,0.212409018733,0.234092389915,0.377714252861,0.057490955346,0.098097159562,0.293449193016,253,0.06,0.17,0.06,0.12,0.1,0.06,0.07,0.02,0.08,0.06,0.11
12,2,1,"abundance",0.2,"power",52,0.114614324472133,0.00415606278897233,0.178525641025641,1326,0.225955798841388,0.0774464673973966,0.005899773466,0.176601434569,0.212409018733,0.234092389915,0.377714252861,0.057490955346,0.098097159562,0.293449193016,253,0.05,0.16,0.04,0.15,0.11,0.08,0.11,0.05,0.12,0.06,0.17
12,2,1,"abundance",0.25,"power",52,0.114614324472133,0.00415606278897233,0.178525641025641,1326,0.225955798841388,0.0774464673973966,0.005899773466,0.176601434569,0.212409018733,0.234092389915,0.377714252861,0.057490955346,0.098097159562,0.293449193016,253,0.01,0.14,0.02,0.16,0.13,0.02,0.08,0.08,0.07,0.02,0.15
12,2,1,"abundance",0.3,"power",52,0.114614324472133,0.00415606278897233,0.178525641025641,1326,0.225955798841388,0.0774464673973966,0.005899773466,0.176601434569,0.212409018733,0.234092389915,0.377714252861,0.057490955346,0.098097159562,0.293449193016,253,0.07,0.3,0.05,0.24,0.21,0.08,0.13,0.11,0.13,0.06,0.25
12,2,1,"abundance",0.35,"power",52,0.114614324472133,0.00415606278897233,0.178525641025641,1326,0.225955798841388,0.0774464673973966,0.005899773466,0.176601434569,0.212409018733,0.234092389915,0.377714252861,0.057490955346,0.098097159562,0.293449193016,253,0.05,0.33,0.04,0.32,0.21,0.08,0.16,0.12,0.18,0.05,0.32
12,2,1,"abundance",0.4,"power",52,0.114614324472133,0.00415606278897233,0.178525641025641,1326,0.225955798841388,0.0774464673973966,0.005899773466,0.176601434569,0.212409018733,0.234092389915,0.377714252861,0.057490955346,0.098097159562,0.293449193016,253,0.06,0.37,0.07,0.42,0.33,0.07,0.3,0.18,0.3,0.05,0.37
12,2,1,"abundance",0.45,"power",52,0.114614324472133,0.00415606278897233,0.178525641025641,1326,0.225955798841388,0.0774464673973966,0.005899773466,0.176601434569,0.212409018733,0.234092389915,0.377714252861,0.057490955346,0.098097159562,0.293449193016,253,0.06,0.6,0.04,0.63,0.48,0.07,0.32,0.24,0.33,0.05,0.57
12,2,1,"abundance",0.5,"power",52,0.114614324472133,0.00415606278897233,0.178525641025641,1326,0.225955798841388,0.0774464673973966,0.005899773466,0.176601434569,0.212409018733,0.234092389915,0.377714252861,0.057490955346,0.098097159562,0.293449193016,253,0.06,0.61,0.09,0.61,0.56,0.05,0.45,0.34,0.41,0.08,0.59
12,2,1,"abundance",0.55,"power",52,0.114614324472133,0.00415606278897233,0.178525641025641,1326,0.225955798841388,0.0774464673973966,0.005899773466,0.176601434569,0.212409018733,0.234092389915,0.377714252861,0.057490955346,0.098097159562,0.293449193016,253,0.05,0.75,0.05,0.73,0.61,0.07,0.55,0.48,0.56,0.06,0.73
12,2,1,"abundance",0.6,"power",52,0.114614324472133,0.00415606278897233,0.178525641025641,1326,0.225955798841388,0.0774464673973966,0.005899773466,0.176601434569,0.212409018733,0.234092389915,0.377714252861,0.057490955346,0.098097159562,0.293449193016,253,0.03,0.74,0.05,0.75,0.7,0.07,0.61,0.5,0.58,0.06,0.75
12,2,1,"both",0,"type1_error",52,0.114614324472133,0.00415606278897233,0.178525641025641,1326,0.225955798841388,0.0774464673973966,0.005899773466,0.176601434569,0.212409018733,0.234092389915,0.377714252861,0.057490955346,0.098097159562,0.293449193016,253,0.01,0.05,0.01,0.05,0.08,0.04,0.05,0.04,0.04,0.03,0.06
12,2,1,"both",0.05,"power",52,0.114614324472133,0.00415606278897233,0.178525641025641,1326,0.225955798841388,0.0774464673973966,0.005899773466,0.176601434569,0.212409018733,0.234092389915,0.377714252861,0.057490955346,0.098097159562,0.293449193016,253,0.03,0.08,0.03,0.07,0.04,0.05,0.07,0.06,0.07,0.01,0.06
12,2,1,"both",0.1,"power",52,0.114614324472133,0.00415606278897233,0.178525641025641,1326,0.225955798841388,0.0774464673973966,0.005899773466,0.176601434569,0.212409018733,0.234092389915,0.377714252861,0.057490955346,0.098097159562,0.293449193016,253,0.02,0.04,0.06,0.05,0.06,0.03,0.07,0.04,0.05,0.02,0.06
12,2,1,"both",0.15,"power",52,0.114614324472133,0.00415606278897233,0.178525641025641,1326,0.225955798841388,0.0774464673973966,0.005899773466,0.176601434569,0.212409018733,0.234092389915,0.377714252861,0.057490955346,0.098097159562,0.293449193016,253,0.04,0.12,0.04,0.1,0.11,0.01,0.09,0.1,0.11,0.02,0.11
12,2,1,"both",0.2,"power",52,0.114614324472133,0.00415606278897233,0.178525641025641,1326,0.225955798841388,0.0774464673973966,0.005899773466,0.176601434569,0.212409018733,0.234092389915,0.377714252861,0.057490955346,0.098097159562,0.293449193016,253,0.09,0.15,0.04,0.14,0.13,0.07,0.06,0.09,0.06,0.04,0.1
12,2,1,"both",0.25,"power",52,0.114614324472133,0.00415606278897233,0.178525641025641,1326,0.225955798841388,0.0774464673973966,0.005899773466,0.176601434569,0.212409018733,0.234092389915,0.377714252861,0.057490955346,0.098097159562,0.293449193016,253,0.09,0.26,0.07,0.27,0.19,0.16,0.13,0.1,0.13,0.08,0.28
12,2,1,"both",0.3,"power",52,0.114614324472133,0.00415606278897233,0.178525641025641,1326,0.225955798841388,0.0774464673973966,0.005899773466,0.176601434569,0.212409018733,0.234092389915,0.377714252861,0.057490955346,0.098097159562,0.293449193016,253,0.09,0.34,0.07,0.35,0.29,0.11,0.19,0.13,0.19,0.06,0.33
12,2,1,"both",0.35,"power",52,0.114614324472133,0.00415606278897233,0.178525641025641,1326,0.225955798841388,0.0774464673973966,0.005899773466,0.176601434569,0.212409018733,0.234092389915,0.377714252861,0.057490955346,0.098097159562,0.293449193016,253,0.06,0.38,0.04,0.37,0.34,0.21,0.26,0.16,0.23,0.08,0.35
12,2,1,"both",0.4,"power",52,0.114614324472133,0.00415606278897233,0.178525641025641,1326,0.225955798841388,0.0774464673973966,0.005899773466,0.176601434569,0.212409018733,0.234092389915,0.377714252861,0.057490955346,0.098097159562,0.293449193016,253,0.15,0.61,0.07,0.61,0.63,0.25,0.33,0.18,0.32,0.12,0.66
12,2,1,"both",0.45,"power",52,0.114614324472133,0.00415606278897233,0.178525641025641,1326,0.225955798841388,0.0774464673973966,0.005899773466,0.176601434569,0.212409018733,0.234092389915,0.377714252861,0.057490955346,0.098097159562,0.293449193016,253,0.21,0.74,0.11,0.72,0.7,0.35,0.47,0.32,0.47,0.17,0.73
12,2,1,"both",0.5,"power",52,0.114614324472133,0.00415606278897233,0.178525641025641,1326,0.225955798841388,0.0774464673973966,0.005899773466,0.176601434569,0.212409018733,0.234092389915,0.377714252861,0.057490955346,0.098097159562,0.293449193016,253,0.28,0.78,0.1,0.74,0.83,0.45,0.59,0.32,0.56,0.24,0.8
12,2,1,"both",0.55,"power",52,0.114614324472133,0.00415606278897233,0.178525641025641,1326,0.225955798841388,0.0774464673973966,0.005899773466,0.176601434569,0.212409018733,0.234092389915,0.377714252861,0.057490955346,0.098097159562,0.293449193016,253,0.28,0.83,0.13,0.84,0.81,0.53,0.65,0.37,0.64,0.22,0.85
12,2,1,"both",0.6,"power",52,0.114614324472133,0.00415606278897233,0.178525641025641,1326,0.225955798841388,0.0774464673973966,0.005899773466,0.176601434569,0.212409018733,0.234092389915,0.377714252861,0.057490955346,0.098097159562,0.293449193016,253,0.37,0.87,0.11,0.86,0.98,0.7,0.77,0.4,0.78,0.28,0.92
12,2,1,"prevalence",0,"type1_error",52,0.114614324472133,0.00415606278897233,0.178525641025641,1326,0.225955798841388,0.0774464673973966,0.005899773466,0.176601434569,0.212409018733,0.234092389915,0.377714252861,0.057490955346,0.098097159562,0.293449193016,253,0.04,0.02,0.07,0.04,0.06,0.06,0.05,0.01,0.05,0.05,0.03
12,2,1,"prevalence",0.05,"power",52,0.114614324472133,0.00415606278897233,0.178525641025641,1326,0.225955798841388,0.0774464673973966,0.005899773466,0.176601434569,0.212409018733,0.234092389915,0.377714252861,0.057490955346,0.098097159562,0.293449193016,253,0.03,0.03,0.06,0.02,0.05,0.05,0.04,0.03,0.04,0.03,0.02
12,2,1,"prevalence",0.1,"power",52,0.114614324472133,0.00415606278897233,0.178525641025641,1326,0.225955798841388,0.0774464673973966,0.005899773466,0.176601434569,0.212409018733,0.234092389915,0.377714252861,0.057490955346,0.098097159562,0.293449193016,253,0.01,0.03,0.03,0.03,0.02,0.01,0.04,0.07,0.06,0.03,0.01
12,2,1,"prevalence",0.15,"power",52,0.114614324472133,0.00415606278897233,0.178525641025641,1326,0.225955798841388,0.0774464673973966,0.005899773466,0.176601434569,0.212409018733,0.234092389915,0.377714252861,0.057490955346,0.098097159562,0.293449193016,253,0.05,0.1,0.07,0.09,0.08,0.04,0.06,0.06,0.06,0.02,0.11
12,2,1,"prevalence",0.2,"power",52,0.114614324472133,0.00415606278897233,0.178525641025641,1326,0.225955798841388,0.0774464673973966,0.005899773466,0.176601434569,0.212409018733,0.234092389915,0.377714252861,0.057490955346,0.098097159562,0.293449193016,253,0.05,0.02,0.04,0.02,0.06,0.05,0.08,0.03,0.07,0.05,0.02
12,2,1,"prevalence",0.25,"power",52,0.114614324472133,0.00415606278897233,0.178525641025641,1326,0.225955798841388,0.0774464673973966,0.005899773466,0.176601434569,0.212409018733,0.234092389915,0.377714252861,0.057490955346,0.098097159562,0.293449193016,253,0.13,0.08,0.08,0.07,0.03,0.07,0.07,0.04,0.07,0.09,0.04
12,2,1,"prevalence",0.3,"power",52,0.114614324472133,0.00415606278897233,0.178525641025641,1326,0.225955798841388,0.0774464673973966,0.005899773466,0.176601434569,0.212409018733,0.234092389915,0.377714252861,0.057490955346,0.098097159562,0.293449193016,253,0.11,0.04,0.04,0.08,0.05,0.1,0.05,0.03,0.05,0.07,0.04
12,2,1,"prevalence",0.35,"power",52,0.114614324472133,0.00415606278897233,0.178525641025641,1326,0.225955798841388,0.0774464673973966,0.005899773466,0.176601434569,0.212409018733,0.234092389915,0.377714252861,0.057490955346,0.098097159562,0.293449193016,253,0.13,0.05,0.1,0.02,0.06,0.08,0.03,0.04,0.02,0.09,0.06
12,2,1,"prevalence",0.4,"power",52,0.114614324472133,0.00415606278897233,0.178525641025641,1326,0.225955798841388,0.0774464673973966,0.005899773466,0.176601434569,0.212409018733,0.234092389915,0.377714252861,0.057490955346,0.098097159562,0.293449193016,253,0.08,0.02,0.08,0.06,0.04,0.1,0.05,0.03,0.04,0.07,0.04
12,2,1,"prevalence",0.45,"power",52,0.114614324472133,0.00415606278897233,0.178525641025641,1326,0.225955798841388,0.0774464673973966,0.005899773466,0.176601434569,0.212409018733,0.234092389915,0.377714252861,0.057490955346,0.098097159562,0.293449193016,253,0.16,0.07,0.11,0.09,0.06,0.15,0.07,0.05,0.08,0.16,0.05
12,2,1,"prevalence",0.5,"power",52,0.114614324472133,0.00415606278897233,0.178525641025641,1326,0.225955798841388,0.0774464673973966,0.005899773466,0.176601434569,0.212409018733,0.234092389915,0.377714252861,0.057490955346,0.098097159562,0.293449193016,253,0.28,0.04,0.08,0.05,0.08,0.24,0.09,0.07,0.08,0.24,0.02
12,2,1,"prevalence",0.55,"power",52,0.114614324472133,0.00415606278897233,0.178525641025641,1326,0.225955798841388,0.0774464673973966,0.005899773466,0.176601434569,0.212409018733,0.234092389915,0.377714252861,0.057490955346,0.098097159562,0.293449193016,253,0.3,0.08,0.12,0.09,0.08,0.28,0.05,0.04,0.05,0.21,0.07
12,2,1,"prevalence",0.6,"power",52,0.114614324472133,0.00415606278897233,0.178525641025641,1326,0.225955798841388,0.0774464673973966,0.005899773466,0.176601434569,0.212409018733,0.234092389915,0.377714252861,0.057490955346,0.098097159562,0.293449193016,253,0.44,0.05,0.14,0.06,0.06,0.31,0.07,0.08,0.07,0.37,0.04
12,12,2,"abundance",0,"type1_error",51,-0.00150685068887089,0.00306839777450632,0.152287581699346,1275,0.324114389541455,0.0627793269760539,0.003341846944,0.330042663904,0.338093837142,0.354951452534,0.3653522352614,0.02490878863,0.299845382424,0.3653522352614,179,0.05,0.08,0.07,0.05,0.07,0.09,0.07,0.08,0.07,0.05,0.08
12,12,2,"abundance",0.05,"power",51,-0.00150685068887089,0.00306839777450632,0.152287581699346,1275,0.324114389541455,0.0627793269760539,0.003341846944,0.330042663904,0.338093837142,0.354951452534,0.3653522352614,0.02490878863,0.299845382424,0.3653522352614,179,0.03,0.07,0.04,0.08,0.06,0.06,0.06,0.04,0.06,0.08,0.09
12,12,2,"abundance",0.1,"power",51,-0.00150685068887089,0.00306839777450632,0.152287581699346,1275,0.324114389541455,0.0627793269760539,0.003341846944,0.330042663904,0.338093837142,0.354951452534,0.3653522352614,0.02490878863,0.299845382424,0.3653522352614,179,0.06,0.06,0.04,0.04,0.06,0.04,0.08,0.04,0.08,0.05,0.06
12,12,2,"abundance",0.15,"power",51,-0.00150685068887089,0.00306839777450632,0.152287581699346,1275,0.324114389541455,0.0627793269760539,0.003341846944,0.330042663904,0.338093837142,0.354951452534,0.3653522352614,0.02490878863,0.299845382424,0.3653522352614,179,0.06,0.06,0.04,0.04,0.08,0.1,0.04,0.06,0.05,0.08,0.08
12,12,2,"abundance",0.2,"power",51,-0.00150685068887089,0.00306839777450632,0.152287581699346,1275,0.324114389541455,0.0627793269760539,0.003341846944,0.330042663904,0.338093837142,0.354951452534,0.3653522352614,0.02490878863,0.299845382424,0.3653522352614,179,0.07,0.04,0.03,0.08,0.07,0.04,0.06,0.08,0.06,0.06,0.07
12,12,2,"abundance",0.25,"power",51,-0.00150685068887089,0.00306839777450632,0.152287581699346,1275,0.324114389541455,0.0627793269760539,0.003341846944,0.330042663904,0.338093837142,0.354951452534,0.3653522352614,0.02490878863,0.299845382424,0.3653522352614,179,0.12,0.14,0.04,0.15,0.15,0.1,0.13,0.11,0.13,0.1,0.16
12,12,2,"abundance",0.3,"power",51,-0.00150685068887089,0.00306839777450632,0.152287581699346,1275,0.324114389541455,0.0627793269760539,0.003341846944,0.330042663904,0.338093837142,0.354951452534,0.3653522352614,0.02490878863,0.299845382424,0.3653522352614,179,0.08,0.1,0.04,0.08,0.12,0.06,0.14,0.11,0.11,0.02,0.11
12,12,2,"abundance",0.35,"power",51,-0.00150685068887089,0.00306839777450632,0.152287581699346,1275,0.324114389541455,0.0627793269760539,0.003341846944,0.330042663904,0.338093837142,0.354951452534,0.3653522352614,0.02490878863,0.299845382424,0.3653522352614,179,0.14,0.12,0.08,0.08,0.22,0.1,0.19,0.09,0.21,0.1,0.2
12,12,2,"abundance",0.4,"power",51,-0.00150685068887089,0.00306839777450632,0.152287581699346,1275,0.324114389541455,0.0627793269760539,0.003341846944,0.330042663904,0.338093837142,0.354951452534,0.3653522352614,0.02490878863,0.299845382424,0.3653522352614,179,0.06,0.2,0.06,0.12,0.19,0.05,0.18,0.12,0.16,0.07,0.2
12,12,2,"abundance",0.45,"power",51,-0.00150685068887089,0.00306839777450632,0.152287581699346,1275,0.324114389541455,0.0627793269760539,0.003341846944,0.330042663904,0.338093837142,0.354951452534,0.3653522352614,0.02490878863,0.299845382424,0.3653522352614,179,0.07,0.19,0.08,0.1,0.28,0.08,0.23,0.21,0.23,0.06,0.2
12,12,2,"abundance",0.5,"power",51,-0.00150685068887089,0.00306839777450632,0.152287581699346,1275,0.324114389541455,0.0627793269760539,0.003341846944,0.330042663904,0.338093837142,0.354951452534,0.3653522352614,0.02490878863,0.299845382424,0.3653522352614,179,0.05,0.28,0.03,0.23,0.35,0.04,0.29,0.18,0.27,0.06,0.34
12,12,2,"abundance",0.55,"power",51,-0.00150685068887089,0.00306839777450632,0.152287581699346,1275,0.324114389541455,0.0627793269760539,0.003341846944,0.330042663904,0.338093837142,0.354951452534,0.3653522352614,0.02490878863,0.299845382424,0.3653522352614,179,0.03,0.27,0.05,0.24,0.31,0.07,0.34,0.21,0.34,0.02,0.29
12,12,2,"abundance",0.6,"power",51,-0.00150685068887089,0.00306839777450632,0.152287581699346,1275,0.324114389541455,0.0627793269760539,0.003341846944,0.330042663904,0.338093837142,0.354951452534,0.3653522352614,0.02490878863,0.299845382424,0.3653522352614,179,0.05,0.41,0.05,0.28,0.47,0.03,0.46,0.29,0.45,0.05,0.45
12,12,2,"both",0,"type1_error",51,-0.00150685068887089,0.00306839777450632,0.152287581699346,1275,0.324114389541455,0.0627793269760539,0.003341846944,0.330042663904,0.338093837142,0.354951452534,0.3653522352614,0.02490878863,0.299845382424,0.3653522352614,179,0.01,0.06,0.05,0.09,0.04,0.02,0.04,0.04,0.03,0.02,0.06
12,12,2,"both",0.05,"power",51,-0.00150685068887089,0.00306839777450632,0.152287581699346,1275,0.324114389541455,0.0627793269760539,0.003341846944,0.330042663904,0.338093837142,0.354951452534,0.3653522352614,0.02490878863,0.299845382424,0.3653522352614,179,0.03,0.05,0.04,0.06,0.06,0.03,0.03,0.05,0.02,0.03,0.04
12,12,2,"both",0.1,"power",51,-0.00150685068887089,0.00306839777450632,0.152287581699346,1275,0.324114389541455,0.0627793269760539,0.003341846944,0.330042663904,0.338093837142,0.354951452534,0.3653522352614,0.02490878863,0.299845382424,0.3653522352614,179,0.09,0.09,0.04,0.1,0.05,0.09,0.05,0.06,0.07,0.07,0.06
12,12,2,"both",0.15,"power",51,-0.00150685068887089,0.00306839777450632,0.152287581699346,1275,0.324114389541455,0.0627793269760539,0.003341846944,0.330042663904,0.338093837142,0.354951452534,0.3653522352614,0.02490878863,0.299845382424,0.3653522352614,179,0.07,0.02,0.06,0.02,0.08,0.08,0.08,0.03,0.07,0.08,0.08
12,12,2,"both",0.2,"power",51,-0.00150685068887089,0.00306839777450632,0.152287581699346,1275,0.324114389541455,0.0627793269760539,0.003341846944,0.330042663904,0.338093837142,0.354951452534,0.3653522352614,0.02490878863,0.299845382424,0.3653522352614,179,0.05,0.08,0.02,0.08,0.08,0.08,0.03,0.03,0.03,0.05,0.08
12,12,2,"both",0.25,"power",51,-0.00150685068887089,0.00306839777450632,0.152287581699346,1275,0.324114389541455,0.0627793269760539,0.003341846944,0.330042663904,0.338093837142,0.354951452534,0.3653522352614,0.02490878863,0.299845382424,0.3653522352614,179,0.07,0.1,0.05,0.06,0.13,0.1,0.1,0.11,0.11,0.1,0.12
12,12,2,"both",0.3,"power",51,-0.00150685068887089,0.00306839777450632,0.152287581699346,1275,0.324114389541455,0.0627793269760539,0.003341846944,0.330042663904,0.338093837142,0.354951452534,0.3653522352614,0.02490878863,0.299845382424,0.3653522352614,179,0.1,0.11,0.11,0.1,0.15,0.09,0.14,0.05,0.13,0.08,0.15
12,12,2,"both",0.35,"power",51,-0.00150685068887089,0.00306839777450632,0.152287581699346,1275,0.324114389541455,0.0627793269760539,0.003341846944,0.330042663904,0.338093837142,0.354951452534,0.3653522352614,0.02490878863,0.299845382424,0.3653522352614,179,0.07,0.19,0.04,0.12,0.23,0.14,0.18,0.09,0.16,0.08,0.19
12,12,2,"both",0.4,"power",51,-0.00150685068887089,0.00306839777450632,0.152287581699346,1275,0.324114389541455,0.0627793269760539,0.003341846944,0.330042663904,0.338093837142,0.354951452534,0.3653522352614,0.02490878863,0.299845382424,0.3653522352614,179,0.13,0.27,0.07,0.27,0.38,0.18,0.27,0.18,0.27,0.17,0.3
12,12,2,"both",0.45,"power",51,-0.00150685068887089,0.00306839777450632,0.152287581699346,1275,0.324114389541455,0.0627793269760539,0.003341846944,0.330042663904,0.338093837142,0.354951452534,0.3653522352614,0.02490878863,0.299845382424,0.3653522352614,179,0.12,0.2,0.12,0.17,0.42,0.23,0.21,0.19,0.22,0.21,0.25
12,12,2,"both",0.5,"power",51,-0.00150685068887089,0.00306839777450632,0.152287581699346,1275,0.324114389541455,0.0627793269760539,0.003341846944,0.330042663904,0.338093837142,0.354951452534,0.3653522352614,0.02490878863,0.299845382424,0.3653522352614,179,0.17,0.43,0.05,0.3,0.56,0.28,0.41,0.28,0.4,0.25,0.55
12,12,2,"both",0.55,"power",51,-0.00150685068887089,0.00306839777450632,0.152287581699346,1275,0.324114389541455,0.0627793269760539,0.003341846944,0.330042663904,0.338093837142,0.354951452534,0.3653522352614,0.02490878863,0.299845382424,0.3653522352614,179,0.28,0.55,0.07,0.4,0.77,0.37,0.59,0.32,0.57,0.38,0.61
12,12,2,"both",0.6,"power",51,-0.00150685068887089,0.00306839777450632,0.152287581699346,1275,0.324114389541455,0.0627793269760539,0.003341846944,0.330042663904,0.338093837142,0.354951452534,0.3653522352614,0.02490878863,0.299845382424,0.3653522352614,179,0.35,0.52,0.14,0.37,0.79,0.49,0.62,0.35,0.63,0.34,0.63
12,12,2,"prevalence",0,"type1_error",51,-0.00150685068887089,0.00306839777450632,0.152287581699346,1275,0.324114389541455,0.0627793269760539,0.003341846944,0.330042663904,0.338093837142,0.354951452534,0.3653522352614,0.02490878863,0.299845382424,0.3653522352614,179,0.05,0.08,0.05,0.09,0.08,0.06,0.05,0.04,0.05,0.05,0.09
12,12,2,"prevalence",0.05,"power",51,-0.00150685068887089,0.00306839777450632,0.152287581699346,1275,0.324114389541455,0.0627793269760539,0.003341846944,0.330042663904,0.338093837142,0.354951452534,0.3653522352614,0.02490878863,0.299845382424,0.3653522352614,179,0.01,0.04,0.02,0.04,0.05,0.08,0.09,0.05,0.08,0.02,0.04
12,12,2,"prevalence",0.1,"power",51,-0.00150685068887089,0.00306839777450632,0.152287581699346,1275,0.324114389541455,0.0627793269760539,0.003341846944,0.330042663904,0.338093837142,0.354951452534,0.3653522352614,0.02490878863,0.299845382424,0.3653522352614,179,0.07,0.07,0.03,0.07,0.06,0.1,0.07,0.04,0.07,0.07,0.07
12,12,2,"prevalence",0.15,"power",51,-0.00150685068887089,0.00306839777450632,0.152287581699346,1275,0.324114389541455,0.0627793269760539,0.003341846944,0.330042663904,0.338093837142,0.354951452534,0.3653522352614,0.02490878863,0.299845382424,0.3653522352614,179,0.06,0.07,0.04,0.07,0.05,0.06,0.05,0.05,0.06,0.06,0.07
12,12,2,"prevalence",0.2,"power",51,-0.00150685068887089,0.00306839777450632,0.152287581699346,1275,0.324114389541455,0.0627793269760539,0.003341846944,0.330042663904,0.338093837142,0.354951452534,0.3653522352614,0.02490878863,0.299845382424,0.3653522352614,179,0.06,0.01,0.02,0.01,0.07,0.08,0.05,0.01,0.04,0.06,0.02
12,12,2,"prevalence",0.25,"power",51,-0.00150685068887089,0.00306839777450632,0.152287581699346,1275,0.324114389541455,0.0627793269760539,0.003341846944,0.330042663904,0.338093837142,0.354951452534,0.3653522352614,0.02490878863,0.299845382424,0.3653522352614,179,0.08,0.05,0.08,0.02,0.02,0.07,0.01,0.05,0.01,0.08,0.02
12,12,2,"prevalence",0.3,"power",51,-0.00150685068887089,0.00306839777450632,0.152287581699346,1275,0.324114389541455,0.0627793269760539,0.003341846944,0.330042663904,0.338093837142,0.354951452534,0.3653522352614,0.02490878863,0.299845382424,0.3653522352614,179,0.07,0.07,0.06,0.07,0.03,0.05,0.05,0.02,0.03,0.14,0.05
12,12,2,"prevalence",0.35,"power",51,-0.00150685068887089,0.00306839777450632,0.152287581699346,1275,0.324114389541455,0.0627793269760539,0.003341846944,0.330042663904,0.338093837142,0.354951452534,0.3653522352614,0.02490878863,0.299845382424,0.3653522352614,179,0.12,0.03,0.08,0.05,0.08,0.09,0.04,0.05,0.05,0.14,0.04
12,12,2,"prevalence",0.4,"power",51,-0.00150685068887089,0.00306839777450632,0.152287581699346,1275,0.324114389541455,0.0627793269760539,0.003341846944,0.330042663904,0.338093837142,0.354951452534,0.3653522352614,0.02490878863,0.299845382424,0.3653522352614,179,0.07,0.05,0.12,0.05,0.04,0.07,0.05,0.04,0.07,0.12,0.03
12,12,2,"prevalence",0.45,"power",51,-0.00150685068887089,0.00306839777450632,0.152287581699346,1275,0.324114389541455,0.0627793269760539,0.003341846944,0.330042663904,0.338093837142,0.354951452534,0.3653522352614,0.02490878863,0.299845382424,0.3653522352614,179,0.1,0.11,0.03,0.1,0.12,0.09,0.09,0.07,0.11,0.14,0.09
12,12,2,"prevalence",0.5,"power",51,-0.00150685068887089,0.00306839777450632,0.152287581699346,1275,0.324114389541455,0.0627793269760539,0.003341846944,0.330042663904,0.338093837142,0.354951452534,0.3653522352614,0.02490878863,0.299845382424,0.3653522352614,179,0.13,0.06,0.06,0.05,0.09,0.09,0.09,0.05,0.09,0.15,0.07
12,12,2,"prevalence",0.55,"power",51,-0.00150685068887089,0.00306839777450632,0.152287581699346,1275,0.324114389541455,0.0627793269760539,0.003341846944,0.330042663904,0.338093837142,0.354951452534,0.3653522352614,0.02490878863,0.299845382424,0.3653522352614,179,0.17,0.06,0.07,0.04,0.12,0.19,0.04,0.04,0.05,0.35,0.07
12,12,2,"prevalence",0.6,"power",51,-0.00150685068887089,0.00306839777450632,0.152287581699346,1275,0.324114389541455,0.0627793269760539,0.003341846944,0.330042663904,0.338093837142,0.354951452534,0.3653522352614,0.02490878863,0.299845382424,0.3653522352614,179,0.25,0.08,0.09,0.09,0.14,0.18,0.08,0.05,0.09,0.38,0.07
12,4,3,"abundance",0,"type1_error",52,0.415588378053115,0.0021972246952286,0.124679487179487,1326,0.235269504938348,0.0873158000860331,0.00315209675,0.1937422369042,0.256987014134,0.256987014146,0.426094342352,0.0632447772418,0.1031354382,0.301465813209,232,0.05,0.06,0,0.04,0.04,0.08,0.08,0.07,0.08,0.07,0.06
12,4,3,"abundance",0.05,"power",52,0.415588378053115,0.0021972246952286,0.124679487179487,1326,0.235269504938348,0.0873158000860331,0.00315209675,0.1937422369042,0.256987014134,0.256987014146,0.426094342352,0.0632447772418,0.1031354382,0.301465813209,232,0.04,0.04,0.06,0.05,0.02,0.01,0,0.04,0.02,0.03,0.03
12,4,3,"abundance",0.1,"power",52,0.415588378053115,0.0021972246952286,0.124679487179487,1326,0.235269504938348,0.0873158000860331,0.00315209675,0.1937422369042,0.256987014134,0.256987014146,0.426094342352,0.0632447772418,0.1031354382,0.301465813209,232,0.08,0.05,0.06,0.05,0.03,0.07,0.04,0.07,0.04,0.1,0.04
12,4,3,"abundance",0.15,"power",52,0.415588378053115,0.0021972246952286,0.124679487179487,1326,0.235269504938348,0.0873158000860331,0.00315209675,0.1937422369042,0.256987014134,0.256987014146,0.426094342352,0.0632447772418,0.1031354382,0.301465813209,232,0.08,0.07,0.08,0.04,0.07,0.05,0.09,0.07,0.09,0.08,0.06
12,4,3,"abundance",0.2,"power",52,0.415588378053115,0.0021972246952286,0.124679487179487,1326,0.235269504938348,0.0873158000860331,0.00315209675,0.1937422369042,0.256987014134,0.256987014146,0.426094342352,0.0632447772418,0.1031354382,0.301465813209,232,0.04,0.03,0.04,0.03,0.08,0.07,0.05,0.04,0.04,0.02,0.09
12,4,3,"abundance",0.25,"power",52,0.415588378053115,0.0021972246952286,0.124679487179487,1326,0.235269504938348,0.0873158000860331,0.00315209675,0.1937422369042,0.256987014134,0.256987014146,0.426094342352,0.0632447772418,0.1031354382,0.301465813209,232,0,0.06,0.06,0.07,0.09,0.04,0.07,0.06,0.06,0.03,0.08
12,4,3,"abundance",0.3,"power",52,0.415588378053115,0.0021972246952286,0.124679487179487,1326,0.235269504938348,0.0873158000860331,0.00315209675,0.1937422369042,0.256987014134,0.256987014146,0.426094342352,0.0632447772418,0.1031354382,0.301465813209,232,0.09,0.09,0.08,0.1,0.11,0.04,0.06,0.08,0.06,0.07,0.13
12,4,3,"abundance",0.35,"power",52,0.415588378053115,0.0021972246952286,0.124679487179487,1326,0.235269504938348,0.0873158000860331,0.00315209675,0.1937422369042,0.256987014134,0.256987014146,0.426094342352,0.0632447772418,0.1031354382,0.301465813209,232,0.04,0.12,0.05,0.09,0.2,0.05,0.07,0.11,0.08,0.02,0.21
12,4,3,"abundance",0.4,"power",52,0.415588378053115,0.0021972246952286,0.124679487179487,1326,0.235269504938348,0.0873158000860331,0.00315209675,0.1937422369042,0.256987014134,0.256987014146,0.426094342352,0.0632447772418,0.1031354382,0.301465813209,232,0.08,0.12,0.07,0.09,0.15,0.04,0.15,0.1,0.12,0.06,0.18
12,4,3,"abundance",0.45,"power",52,0.415588378053115,0.0021972246952286,0.124679487179487,1326,0.235269504938348,0.0873158000860331,0.00315209675,0.1937422369042,0.256987014134,0.256987014146,0.426094342352,0.0632447772418,0.1031354382,0.301465813209,232,0.06,0.11,0.06,0.07,0.16,0.05,0.09,0.08,0.09,0.07,0.2
12,4,3,"abundance",0.5,"power",52,0.415588378053115,0.0021972246952286,0.124679487179487,1326,0.235269504938348,0.0873158000860331,0.00315209675,0.1937422369042,0.256987014134,0.256987014146,0.426094342352,0.0632447772418,0.1031354382,0.301465813209,232,0.07,0.25,0.07,0.13,0.34,0.06,0.16,0.1,0.18,0.08,0.35
12,4,3,"abundance",0.55,"power",52,0.415588378053115,0.0021972246952286,0.124679487179487,1326,0.235269504938348,0.0873158000860331,0.00315209675,0.1937422369042,0.256987014134,0.256987014146,0.426094342352,0.0632447772418,0.1031354382,0.301465813209,232,0.07,0.27,0.03,0.13,0.46,0.08,0.25,0.22,0.24,0.06,0.46
12,4,3,"abundance",0.6,"power",52,0.415588378053115,0.0021972246952286,0.124679487179487,1326,0.235269504938348,0.0873158000860331,0.00315209675,0.1937422369042,0.256987014134,0.256987014146,0.426094342352,0.0632447772418,0.1031354382,0.301465813209,232,0.05,0.29,0.07,0.18,0.41,0.06,0.19,0.13,0.18,0.06,0.41
12,4,3,"both",0,"type1_error",52,0.415588378053115,0.0021972246952286,0.124679487179487,1326,0.235269504938348,0.0873158000860331,0.00315209675,0.1937422369042,0.256987014134,0.256987014146,0.426094342352,0.0632447772418,0.1031354382,0.301465813209,232,0.03,0.06,0.03,0.07,0.04,0.05,0.09,0.05,0.09,0.01,0.07
12,4,3,"both",0.05,"power",52,0.415588378053115,0.0021972246952286,0.124679487179487,1326,0.235269504938348,0.0873158000860331,0.00315209675,0.1937422369042,0.256987014134,0.256987014146,0.426094342352,0.0632447772418,0.1031354382,0.301465813209,232,0.03,0.02,0.02,0.02,0.06,0.08,0.06,0.04,0.04,0.05,0.05
12,4,3,"both",0.1,"power",52,0.415588378053115,0.0021972246952286,0.124679487179487,1326,0.235269504938348,0.0873158000860331,0.00315209675,0.1937422369042,0.256987014134,0.256987014146,0.426094342352,0.0632447772418,0.1031354382,0.301465813209,232,0.07,0.06,0.07,0.05,0.06,0.02,0.08,0.06,0.08,0.03,0.06
12,4,3,"both",0.15,"power",52,0.415588378053115,0.0021972246952286,0.124679487179487,1326,0.235269504938348,0.0873158000860331,0.00315209675,0.1937422369042,0.256987014134,0.256987014146,0.426094342352,0.0632447772418,0.1031354382,0.301465813209,232,0.08,0.09,0.05,0.05,0.09,0.05,0.04,0.06,0.04,0.11,0.09
12,4,3,"both",0.2,"power",52,0.415588378053115,0.0021972246952286,0.124679487179487,1326,0.235269504938348,0.0873158000860331,0.00315209675,0.1937422369042,0.256987014134,0.256987014146,0.426094342352,0.0632447772418,0.1031354382,0.301465813209,232,0.03,0.08,0.06,0.1,0.03,0.02,0.04,0.04,0.02,0.05,0.08
12,4,3,"both",0.25,"power",52,0.415588378053115,0.0021972246952286,0.124679487179487,1326,0.235269504938348,0.0873158000860331,0.00315209675,0.1937422369042,0.256987014134,0.256987014146,0.426094342352,0.0632447772418,0.1031354382,0.301465813209,232,0.03,0.08,0.07,0.05,0.16,0.07,0.07,0.05,0.06,0.03,0.14
12,4,3,"both",0.3,"power",52,0.415588378053115,0.0021972246952286,0.124679487179487,1326,0.235269504938348,0.0873158000860331,0.00315209675,0.1937422369042,0.256987014134,0.256987014146,0.426094342352,0.0632447772418,0.1031354382,0.301465813209,232,0.13,0.07,0.07,0.05,0.19,0.17,0.06,0.03,0.06,0.11,0.16
12,4,3,"both",0.35,"power",52,0.415588378053115,0.0021972246952286,0.124679487179487,1326,0.235269504938348,0.0873158000860331,0.00315209675,0.1937422369042,0.256987014134,0.256987014146,0.426094342352,0.0632447772418,0.1031354382,0.301465813209,232,0.11,0.16,0.07,0.1,0.27,0.2,0.09,0.06,0.11,0.05,0.28
12,4,3,"both",0.4,"power",52,0.415588378053115,0.0021972246952286,0.124679487179487,1326,0.235269504938348,0.0873158000860331,0.00315209675,0.1937422369042,0.256987014134,0.256987014146,0.426094342352,0.0632447772418,0.1031354382,0.301465813209,232,0.14,0.21,0.1,0.17,0.44,0.19,0.19,0.11,0.21,0.17,0.39
12,4,3,"both",0.45,"power",52,0.415588378053115,0.0021972246952286,0.124679487179487,1326,0.235269504938348,0.0873158000860331,0.00315209675,0.1937422369042,0.256987014134,0.256987014146,0.426094342352,0.0632447772418,0.1031354382,0.301465813209,232,0.24,0.28,0.08,0.13,0.49,0.17,0.18,0.13,0.14,0.09,0.47
12,4,3,"both",0.5,"power",52,0.415588378053115,0.0021972246952286,0.124679487179487,1326,0.235269504938348,0.0873158000860331,0.00315209675,0.1937422369042,0.256987014134,0.256987014146,0.426094342352,0.0632447772418,0.1031354382,0.301465813209,232,0.2,0.38,0.12,0.13,0.7,0.28,0.31,0.15,0.27,0.12,0.61
12,4,3,"both",0.55,"power",52,0.415588378053115,0.0021972246952286,0.124679487179487,1326,0.235269504938348,0.0873158000860331,0.00315209675,0.1937422369042,0.256987014134,0.256987014146,0.426094342352,0.0632447772418,0.1031354382,0.301465813209,232,0.3,0.49,0.14,0.19,0.79,0.35,0.37,0.18,0.31,0.17,0.76
12,4,3,"both",0.6,"power",52,0.415588378053115,0.0021972246952286,0.124679487179487,1326,0.235269504938348,0.0873158000860331,0.00315209675,0.1937422369042,0.256987014134,0.256987014146,0.426094342352,0.0632447772418,0.1031354382,0.301465813209,232,0.3,0.64,0.11,0.36,0.84,0.44,0.54,0.33,0.5,0.19,0.84
12,4,3,"prevalence",0,"type1_error",52,0.415588378053115,0.0021972246952286,0.124679487179487,1326,0.235269504938348,0.0873158000860331,0.00315209675,0.1937422369042,0.256987014134,0.256987014146,0.426094342352,0.0632447772418,0.1031354382,0.301465813209,232,0.01,0.05,0.07,0.04,0.08,0.03,0.05,0.08,0.04,0.04,0.06
12,4,3,"prevalence",0.05,"power",52,0.415588378053115,0.0021972246952286,0.124679487179487,1326,0.235269504938348,0.0873158000860331,0.00315209675,0.1937422369042,0.256987014134,0.256987014146,0.426094342352,0.0632447772418,0.1031354382,0.301465813209,232,0.01,0.03,0.03,0.06,0.03,0.04,0.01,0.02,0.02,0.01,0.05
12,4,3,"prevalence",0.1,"power",52,0.415588378053115,0.0021972246952286,0.124679487179487,1326,0.235269504938348,0.0873158000860331,0.00315209675,0.1937422369042,0.256987014134,0.256987014146,0.426094342352,0.0632447772418,0.1031354382,0.301465813209,232,0.05,0.05,0.03,0.06,0.03,0.05,0.02,0.04,0.03,0.05,0.03
12,4,3,"prevalence",0.15,"power",52,0.415588378053115,0.0021972246952286,0.124679487179487,1326,0.235269504938348,0.0873158000860331,0.00315209675,0.1937422369042,0.256987014134,0.256987014146,0.426094342352,0.0632447772418,0.1031354382,0.301465813209,232,0.03,0.08,0.06,0.06,0.08,0.07,0.07,0.05,0.07,0.02,0.06
12,4,3,"prevalence",0.2,"power",52,0.415588378053115,0.0021972246952286,0.124679487179487,1326,0.235269504938348,0.0873158000860331,0.00315209675,0.1937422369042,0.256987014134,0.256987014146,0.426094342352,0.0632447772418,0.1031354382,0.301465813209,232,0.07,0.05,0.08,0.04,0.05,0.03,0.06,0.03,0.07,0.06,0.07
12,4,3,"prevalence",0.25,"power",52,0.415588378053115,0.0021972246952286,0.124679487179487,1326,0.235269504938348,0.0873158000860331,0.00315209675,0.1937422369042,0.256987014134,0.256987014146,0.426094342352,0.0632447772418,0.1031354382,0.301465813209,232,0.12,0.05,0.04,0.05,0.03,0.05,0.05,0.03,0.06,0.1,0.05
12,4,3,"prevalence",0.3,"power",52,0.415588378053115,0.0021972246952286,0.124679487179487,1326,0.235269504938348,0.0873158000860331,0.00315209675,0.1937422369042,0.256987014134,0.256987014146,0.426094342352,0.0632447772418,0.1031354382,0.301465813209,232,0.12,0.05,0.06,0.06,0.06,0.09,0.07,0.04,0.09,0.09,0.04
12,4,3,"prevalence",0.35,"power",52,0.415588378053115,0.0021972246952286,0.124679487179487,1326,0.235269504938348,0.0873158000860331,0.00315209675,0.1937422369042,0.256987014134,0.256987014146,0.426094342352,0.0632447772418,0.1031354382,0.301465813209,232,0.12,0.03,0.05,0.02,0.04,0.1,0.04,0.08,0.04,0.08,0.03
12,4,3,"prevalence",0.4,"power",52,0.415588378053115,0.0021972246952286,0.124679487179487,1326,0.235269504938348,0.0873158000860331,0.00315209675,0.1937422369042,0.256987014134,0.256987014146,0.426094342352,0.0632447772418,0.1031354382,0.301465813209,232,0.16,0.05,0.08,0.05,0.05,0.08,0.07,0.03,0.05,0.11,0.06
12,4,3,"prevalence",0.45,"power",52,0.415588378053115,0.0021972246952286,0.124679487179487,1326,0.235269504938348,0.0873158000860331,0.00315209675,0.1937422369042,0.256987014134,0.256987014146,0.426094342352,0.0632447772418,0.1031354382,0.301465813209,232,0.19,0.06,0.1,0.04,0.13,0.1,0.09,0.07,0.1,0.11,0.11
12,4,3,"prevalence",0.5,"power",52,0.415588378053115,0.0021972246952286,0.124679487179487,1326,0.235269504938348,0.0873158000860331,0.00315209675,0.1937422369042,0.256987014134,0.256987014146,0.426094342352,0.0632447772418,0.1031354382,0.301465813209,232,0.22,0.05,0.08,0.08,0.09,0.12,0.1,0.04,0.09,0.16,0.07
12,4,3,"prevalence",0.55,"power",52,0.415588378053115,0.0021972246952286,0.124679487179487,1326,0.235269504938348,0.0873158000860331,0.00315209675,0.1937422369042,0.256987014134,0.256987014146,0.426094342352,0.0632447772418,0.1031354382,0.301465813209,232,0.28,0.05,0.05,0.07,0.08,0.15,0.03,0.02,0.05,0.13,0.09
12,4,3,"prevalence",0.6,"power",52,0.415588378053115,0.0021972246952286,0.124679487179487,1326,0.235269504938348,0.0873158000860331,0.00315209675,0.1937422369042,0.256987014134,0.256987014146,0.426094342352,0.0632447772418,0.1031354382,0.301465813209,232,0.33,0.08,0.07,0.1,0.12,0.16,0.11,0.09,0.09,0.14,0.12
12,1,4,"abundance",0,"type1_error",52,0.349768849615225,0.00181893563501618,0.141346153846154,1326,0.2264321831887,0.0624101443020372,0.003018875384,0.1871098107301,0.242285655242,0.283637661372,0.283637661386,0.0965278506419,0.045789773261,0.283637661386,8,0.06,0.03,0.04,0.06,0.06,0.02,0.05,0.03,0.04,0.04,0.03
12,1,4,"abundance",0.05,"power",52,0.349768849615225,0.00181893563501618,0.141346153846154,1326,0.2264321831887,0.0624101443020372,0.003018875384,0.1871098107301,0.242285655242,0.283637661372,0.283637661386,0.0965278506419,0.045789773261,0.283637661386,8,0.03,0.03,0.05,0.03,0.02,0.03,0.02,0.05,0.02,0.04,0.03
12,1,4,"abundance",0.1,"power",52,0.349768849615225,0.00181893563501618,0.141346153846154,1326,0.2264321831887,0.0624101443020372,0.003018875384,0.1871098107301,0.242285655242,0.283637661372,0.283637661386,0.0965278506419,0.045789773261,0.283637661386,8,0.07,0.09,0.06,0.06,0.08,0.07,0.08,0.06,0.07,0.07,0.06
12,1,4,"abundance",0.15,"power",52,0.349768849615225,0.00181893563501618,0.141346153846154,1326,0.2264321831887,0.0624101443020372,0.003018875384,0.1871098107301,0.242285655242,0.283637661372,0.283637661386,0.0965278506419,0.045789773261,0.283637661386,8,0.07,0.05,0.03,0.07,0.07,0.05,0.09,0.06,0.09,0.06,0.07
12,1,4,"abundance",0.2,"power",52,0.349768849615225,0.00181893563501618,0.141346153846154,1326,0.2264321831887,0.0624101443020372,0.003018875384,0.1871098107301,0.242285655242,0.283637661372,0.283637661386,0.0965278506419,0.045789773261,0.283637661386,8,0.04,0.04,0.03,0.07,0.02,0.02,0.04,0.04,0.03,0.03,0.04
12,1,4,"abundance",0.25,"power",52,0.349768849615225,0.00181893563501618,0.141346153846154,1326,0.2264321831887,0.0624101443020372,0.003018875384,0.1871098107301,0.242285655242,0.283637661372,0.283637661386,0.0965278506419,0.045789773261,0.283637661386,8,0.04,0.07,0.04,0.08,0.12,0.05,0.1,0.06,0.1,0.05,0.08
12,1,4,"abundance",0.3,"power",52,0.349768849615225,0.00181893563501618,0.141346153846154,1326,0.2264321831887,0.0624101443020372,0.003018875384,0.1871098107301,0.242285655242,0.283637661372,0.283637661386,0.0965278506419,0.045789773261,0.283637661386,8,0,0.07,0.03,0.08,0.04,0.03,0.04,0.05,0.05,0,0.07
12,1,4,"abundance",0.35,"power",52,0.349768849615225,0.00181893563501618,0.141346153846154,1326,0.2264321831887,0.0624101443020372,0.003018875384,0.1871098107301,0.242285655242,0.283637661372,0.283637661386,0.0965278506419,0.045789773261,0.283637661386,8,0.05,0.12,0.04,0.1,0.13,0.05,0.08,0.1,0.1,0.03,0.16
12,1,4,"abundance",0.4,"power",52,0.349768849615225,0.00181893563501618,0.141346153846154,1326,0.2264321831887,0.0624101443020372,0.003018875384,0.1871098107301,0.242285655242,0.283637661372,0.283637661386,0.0965278506419,0.045789773261,0.283637661386,8,0.06,0.15,0.06,0.11,0.17,0.07,0.15,0.07,0.14,0.04,0.18
12,1,4,"abundance",0.45,"power",52,0.349768849615225,0.00181893563501618,0.141346153846154,1326,0.2264321831887,0.0624101443020372,0.003018875384,0.1871098107301,0.242285655242,0.283637661372,0.283637661386,0.0965278506419,0.045789773261,0.283637661386,8,0.06,0.1,0.08,0.1,0.19,0.07,0.09,0.1,0.08,0.05,0.18
12,1,4,"abundance",0.5,"power",52,0.349768849615225,0.00181893563501618,0.141346153846154,1326,0.2264321831887,0.0624101443020372,0.003018875384,0.1871098107301,0.242285655242,0.283637661372,0.283637661386,0.0965278506419,0.045789773261,0.283637661386,8,0.03,0.21,0.07,0.17,0.26,0.02,0.13,0.08,0.13,0.07,0.2
12,1,4,"abundance",0.55,"power",52,0.349768849615225,0.00181893563501618,0.141346153846154,1326,0.2264321831887,0.0624101443020372,0.003018875384,0.1871098107301,0.242285655242,0.283637661372,0.283637661386,0.0965278506419,0.045789773261,0.283637661386,8,0.05,0.16,0.03,0.13,0.23,0.07,0.16,0.14,0.14,0.03,0.23
12,1,4,"abundance",0.6,"power",52,0.349768849615225,0.00181893563501618,0.141346153846154,1326,0.2264321831887,0.0624101443020372,0.003018875384,0.1871098107301,0.242285655242,0.283637661372,0.283637661386,0.0965278506419,0.045789773261,0.283637661386,8,0.05,0.19,0.05,0.17,0.34,0.06,0.17,0.11,0.15,0.03,0.36
12,1,4,"both",0,"type1_error",52,0.349768849615225,0.00181893563501618,0.141346153846154,1326,0.2264321831887,0.0624101443020372,0.003018875384,0.1871098107301,0.242285655242,0.283637661372,0.283637661386,0.0965278506419,0.045789773261,0.283637661386,8,0.03,0.08,0.05,0.05,0.08,0.04,0.08,0.07,0.08,0.07,0.09
12,1,4,"both",0.05,"power",52,0.349768849615225,0.00181893563501618,0.141346153846154,1326,0.2264321831887,0.0624101443020372,0.003018875384,0.1871098107301,0.242285655242,0.283637661372,0.283637661386,0.0965278506419,0.045789773261,0.283637661386,8,0.04,0.04,0.03,0.06,0.06,0.05,0.06,0.06,0.05,0.06,0.05
12,1,4,"both",0.1,"power",52,0.349768849615225,0.00181893563501618,0.141346153846154,1326,0.2264321831887,0.0624101443020372,0.003018875384,0.1871098107301,0.242285655242,0.283637661372,0.283637661386,0.0965278506419,0.045789773261,0.283637661386,8,0.06,0.03,0.06,0.06,0.07,0.08,0.05,0.02,0.05,0.08,0.05
12,1,4,"both",0.15,"power",52,0.349768849615225,0.00181893563501618,0.141346153846154,1326,0.2264321831887,0.0624101443020372,0.003018875384,0.1871098107301,0.242285655242,0.283637661372,0.283637661386,0.0965278506419,0.045789773261,0.283637661386,8,0.06,0.05,0.06,0.05,0.07,0.06,0.04,0.07,0.04,0.05,0.08
12,1,4,"both",0.2,"power",52,0.349768849615225,0.00181893563501618,0.141346153846154,1326,0.2264321831887,0.0624101443020372,0.003018875384,0.1871098107301,0.242285655242,0.283637661372,0.283637661386,0.0965278506419,0.045789773261,0.283637661386,8,0.03,0.09,0.06,0.09,0.1,0.01,0.06,0.08,0.04,0.05,0.11
12,1,4,"both",0.25,"power",52,0.349768849615225,0.00181893563501618,0.141346153846154,1326,0.2264321831887,0.0624101443020372,0.003018875384,0.1871098107301,0.242285655242,0.283637661372,0.283637661386,0.0965278506419,0.045789773261,0.283637661386,8,0.12,0.08,0.1,0.08,0.14,0.13,0.07,0.06,0.07,0.06,0.1
12,1,4,"both",0.3,"power",52,0.349768849615225,0.00181893563501618,0.141346153846154,1326,0.2264321831887,0.0624101443020372,0.003018875384,0.1871098107301,0.242285655242,0.283637661372,0.283637661386,0.0965278506419,0.045789773261,0.283637661386,8,0.05,0.11,0.06,0.1,0.18,0.09,0.11,0.08,0.11,0.04,0.19
12,1,4,"both",0.35,"power",52,0.349768849615225,0.00181893563501618,0.141346153846154,1326,0.2264321831887,0.0624101443020372,0.003018875384,0.1871098107301,0.242285655242,0.283637661372,0.283637661386,0.0965278506419,0.045789773261,0.283637661386,8,0.15,0.12,0.09,0.1,0.14,0.13,0.07,0.06,0.08,0.11,0.13
12,1,4,"both",0.4,"power",52,0.349768849615225,0.00181893563501618,0.141346153846154,1326,0.2264321831887,0.0624101443020372,0.003018875384,0.1871098107301,0.242285655242,0.283637661372,0.283637661386,0.0965278506419,0.045789773261,0.283637661386,8,0.21,0.18,0.04,0.18,0.37,0.21,0.17,0.12,0.18,0.16,0.29
12,1,4,"both",0.45,"power",52,0.349768849615225,0.00181893563501618,0.141346153846154,1326,0.2264321831887,0.0624101443020372,0.003018875384,0.1871098107301,0.242285655242,0.283637661372,0.283637661386,0.0965278506419,0.045789773261,0.283637661386,8,0.33,0.28,0.08,0.16,0.56,0.34,0.19,0.13,0.15,0.21,0.4
12,1,4,"both",0.5,"power",52,0.349768849615225,0.00181893563501618,0.141346153846154,1326,0.2264321831887,0.0624101443020372,0.003018875384,0.1871098107301,0.242285655242,0.283637661372,0.283637661386,0.0965278506419,0.045789773261,0.283637661386,8,0.27,0.31,0.08,0.24,0.6,0.32,0.26,0.18,0.21,0.17,0.46
12,1,4,"both",0.55,"power",52,0.349768849615225,0.00181893563501618,0.141346153846154,1326,0.2264321831887,0.0624101443020372,0.003018875384,0.1871098107301,0.242285655242,0.283637661372,0.283637661386,0.0965278506419,0.045789773261,0.283637661386,8,0.43,0.34,0.11,0.23,0.69,0.54,0.29,0.16,0.29,0.26,0.55
12,1,4,"both",0.6,"power",52,0.349768849615225,0.00181893563501618,0.141346153846154,1326,0.2264321831887,0.0624101443020372,0.003018875384,0.1871098107301,0.242285655242,0.283637661372,0.283637661386,0.0965278506419,0.045789773261,0.283637661386,8,0.45,0.52,0.12,0.42,0.84,0.66,0.51,0.21,0.48,0.25,0.74
12,1,4,"prevalence",0,"type1_error",52,0.349768849615225,0.00181893563501618,0.141346153846154,1326,0.2264321831887,0.0624101443020372,0.003018875384,0.1871098107301,0.242285655242,0.283637661372,0.283637661386,0.0965278506419,0.045789773261,0.283637661386,8,0.01,0.02,0.05,0.01,0.06,0.02,0.04,0.06,0.04,0,0.03
12,1,4,"prevalence",0.05,"power",52,0.349768849615225,0.00181893563501618,0.141346153846154,1326,0.2264321831887,0.0624101443020372,0.003018875384,0.1871098107301,0.242285655242,0.283637661372,0.283637661386,0.0965278506419,0.045789773261,0.283637661386,8,0.06,0.04,0.02,0.06,0.02,0.03,0.04,0.04,0.04,0.05,0.06
12,1,4,"prevalence",0.1,"power",52,0.349768849615225,0.00181893563501618,0.141346153846154,1326,0.2264321831887,0.0624101443020372,0.003018875384,0.1871098107301,0.242285655242,0.283637661372,0.283637661386,0.0965278506419,0.045789773261,0.283637661386,8,0.05,0.05,0.04,0.05,0.06,0.04,0.08,0.02,0.08,0.07,0.05
12,1,4,"prevalence",0.15,"power",52,0.349768849615225,0.00181893563501618,0.141346153846154,1326,0.2264321831887,0.0624101443020372,0.003018875384,0.1871098107301,0.242285655242,0.283637661372,0.283637661386,0.0965278506419,0.045789773261,0.283637661386,8,0.06,0.05,0.05,0.04,0.04,0.05,0.01,0.04,0.01,0.1,0.05
12,1,4,"prevalence",0.2,"power",52,0.349768849615225,0.00181893563501618,0.141346153846154,1326,0.2264321831887,0.0624101443020372,0.003018875384,0.1871098107301,0.242285655242,0.283637661372,0.283637661386,0.0965278506419,0.045789773261,0.283637661386,8,0.05,0.04,0.05,0.05,0.05,0.07,0.09,0.09,0.1,0.02,0.04
12,1,4,"prevalence",0.25,"power",52,0.349768849615225,0.00181893563501618,0.141346153846154,1326,0.2264321831887,0.0624101443020372,0.003018875384,0.1871098107301,0.242285655242,0.283637661372,0.283637661386,0.0965278506419,0.045789773261,0.283637661386,8,0.08,0.05,0.07,0.06,0.1,0.07,0.03,0.04,0.05,0.06,0.08
12,1,4,"prevalence",0.3,"power",52,0.349768849615225,0.00181893563501618,0.141346153846154,1326,0.2264321831887,0.0624101443020372,0.003018875384,0.1871098107301,0.242285655242,0.283637661372,0.283637661386,0.0965278506419,0.045789773261,0.283637661386,8,0.12,0.08,0.04,0.07,0.05,0.08,0.04,0.07,0.04,0.1,0.05
12,1,4,"prevalence",0.35,"power",52,0.349768849615225,0.00181893563501618,0.141346153846154,1326,0.2264321831887,0.0624101443020372,0.003018875384,0.1871098107301,0.242285655242,0.283637661372,0.283637661386,0.0965278506419,0.045789773261,0.283637661386,8,0.14,0.02,0.09,0.03,0.05,0.07,0.03,0.04,0.02,0.14,0.03
12,1,4,"prevalence",0.4,"power",52,0.349768849615225,0.00181893563501618,0.141346153846154,1326,0.2264321831887,0.0624101443020372,0.003018875384,0.1871098107301,0.242285655242,0.283637661372,0.283637661386,0.0965278506419,0.045789773261,0.283637661386,8,0.2,0.01,0.05,0.02,0.05,0.15,0.03,0.03,0.04,0.13,0.02
12,1,4,"prevalence",0.45,"power",52,0.349768849615225,0.00181893563501618,0.141346153846154,1326,0.2264321831887,0.0624101443020372,0.003018875384,0.1871098107301,0.242285655242,0.283637661372,0.283637661386,0.0965278506419,0.045789773261,0.283637661386,8,0.21,0.07,0.06,0.03,0.11,0.13,0.09,0.06,0.07,0.19,0.1
12,1,4,"prevalence",0.5,"power",52,0.349768849615225,0.00181893563501618,0.141346153846154,1326,0.2264321831887,0.0624101443020372,0.003018875384,0.1871098107301,0.242285655242,0.283637661372,0.283637661386,0.0965278506419,0.045789773261,0.283637661386,8,0.32,0.04,0.05,0.04,0.09,0.16,0.07,0.06,0.06,0.24,0.04
12,1,4,"prevalence",0.55,"power",52,0.349768849615225,0.00181893563501618,0.141346153846154,1326,0.2264321831887,0.0624101443020372,0.003018875384,0.1871098107301,0.242285655242,0.283637661372,0.283637661386,0.0965278506419,0.045789773261,0.283637661386,8,0.41,0.04,0.15,0.05,0.11,0.26,0.08,0.07,0.07,0.25,0.05
12,1,4,"prevalence",0.6,"power",52,0.349768849615225,0.00181893563501618,0.141346153846154,1326,0.2264321831887,0.0624101443020372,0.003018875384,0.1871098107301,0.242285655242,0.283637661372,0.283637661386,0.0965278506419,0.045789773261,0.283637661386,8,0.59,0.04,0.18,0.06,0.14,0.29,0.06,0.04,0.07,0.33,0.09
12,6,5,"abundance",0,"type1_error",51,-0.123151966543386,0.00186895840329254,0.18921568627451,1275,0.347704750710742,0.0856364121174828,0.005994791916,0.33809383717,0.355304135687,0.4151061077233,0.4260943423718,0.0770122705533,0.226196394533,0.4260943423718,91,0.05,0.04,0.03,0.03,0.04,0.07,0.08,0.05,0.1,0.02,0.01
12,6,5,"abundance",0.05,"power",51,-0.123151966543386,0.00186895840329254,0.18921568627451,1275,0.347704750710742,0.0856364121174828,0.005994791916,0.33809383717,0.355304135687,0.4151061077233,0.4260943423718,0.0770122705533,0.226196394533,0.4260943423718,91,0.07,0.08,0.04,0.06,0.06,0.07,0.07,0.06,0.05,0.08,0.08
12,6,5,"abundance",0.1,"power",51,-0.123151966543386,0.00186895840329254,0.18921568627451,1275,0.347704750710742,0.0856364121174828,0.005994791916,0.33809383717,0.355304135687,0.4151061077233,0.4260943423718,0.0770122705533,0.226196394533,0.4260943423718,91,0.02,0.05,0.05,0.03,0.04,0.02,0.03,0.05,0.03,0.04,0.06
12,6,5,"abundance",0.15,"power",51,-0.123151966543386,0.00186895840329254,0.18921568627451,1275,0.347704750710742,0.0856364121174828,0.005994791916,0.33809383717,0.355304135687,0.4151061077233,0.4260943423718,0.0770122705533,0.226196394533,0.4260943423718,91,0.07,0.05,0.05,0.06,0.06,0.05,0.05,0.05,0.06,0.07,0.07
12,6,5,"abundance",0.2,"power",51,-0.123151966543386,0.00186895840329254,0.18921568627451,1275,0.347704750710742,0.0856364121174828,0.005994791916,0.33809383717,0.355304135687,0.4151061077233,0.4260943423718,0.0770122705533,0.226196394533,0.4260943423718,91,0.07,0.05,0.03,0.04,0.02,0.07,0.06,0.03,0.08,0.05,0.05
12,6,5,"abundance",0.25,"power",51,-0.123151966543386,0.00186895840329254,0.18921568627451,1275,0.347704750710742,0.0856364121174828,0.005994791916,0.33809383717,0.355304135687,0.4151061077233,0.4260943423718,0.0770122705533,0.226196394533,0.4260943423718,91,0.04,0.01,0.05,0.04,0.03,0.07,0.05,0.06,0.05,0.04,0.05
12,6,5,"abundance",0.3,"power",51,-0.123151966543386,0.00186895840329254,0.18921568627451,1275,0.347704750710742,0.0856364121174828,0.005994791916,0.33809383717,0.355304135687,0.4151061077233,0.4260943423718,0.0770122705533,0.226196394533,0.4260943423718,91,0.04,0.05,0.05,0.03,0.07,0.05,0.05,0.07,0.05,0.05,0.06
12,6,5,"abundance",0.35,"power",51,-0.123151966543386,0.00186895840329254,0.18921568627451,1275,0.347704750710742,0.0856364121174828,0.005994791916,0.33809383717,0.355304135687,0.4151061077233,0.4260943423718,0.0770122705533,0.226196394533,0.4260943423718,91,0.06,0.07,0.08,0.07,0.09,0.06,0.07,0.07,0.06,0.05,0.08
12,6,5,"abundance",0.4,"power",51,-0.123151966543386,0.00186895840329254,0.18921568627451,1275,0.347704750710742,0.0856364121174828,0.005994791916,0.33809383717,0.355304135687,0.4151061077233,0.4260943423718,0.0770122705533,0.226196394533,0.4260943423718,91,0.03,0.11,0.05,0.05,0.07,0.03,0.11,0.11,0.11,0.05,0.06
12,6,5,"abundance",0.45,"power",51,-0.123151966543386,0.00186895840329254,0.18921568627451,1275,0.347704750710742,0.0856364121174828,0.005994791916,0.33809383717,0.355304135687,0.4151061077233,0.4260943423718,0.0770122705533,0.226196394533,0.4260943423718,91,0.03,0.04,0.01,0.03,0.13,0.06,0.1,0.07,0.12,0.03,0.08
12,6,5,"abundance",0.5,"power",51,-0.123151966543386,0.00186895840329254,0.18921568627451,1275,0.347704750710742,0.0856364121174828,0.005994791916,0.33809383717,0.355304135687,0.4151061077233,0.4260943423718,0.0770122705533,0.226196394533,0.4260943423718,91,0.08,0.07,0.09,0.04,0.07,0.07,0.15,0.09,0.13,0.07,0.06
12,6,5,"abundance",0.55,"power",51,-0.123151966543386,0.00186895840329254,0.18921568627451,1275,0.347704750710742,0.0856364121174828,0.005994791916,0.33809383717,0.355304135687,0.4151061077233,0.4260943423718,0.0770122705533,0.226196394533,0.4260943423718,91,0.02,0.05,0.04,0.06,0.14,0.05,0.16,0.13,0.14,0.01,0.12
12,6,5,"abundance",0.6,"power",51,-0.123151966543386,0.00186895840329254,0.18921568627451,1275,0.347704750710742,0.0856364121174828,0.005994791916,0.33809383717,0.355304135687,0.4151061077233,0.4260943423718,0.0770122705533,0.226196394533,0.4260943423718,91,0.02,0.06,0.02,0.02,0.13,0.04,0.25,0.14,0.24,0.01,0.07
12,6,5,"both",0,"type1_error",51,-0.123151966543386,0.00186895840329254,0.18921568627451,1275,0.347704750710742,0.0856364121174828,0.005994791916,0.33809383717,0.355304135687,0.4151061077233,0.4260943423718,0.0770122705533,0.226196394533,0.4260943423718,91,0.05,0.03,0.04,0.04,0.01,0.07,0.08,0.05,0.07,0.04,0.03
12,6,5,"both",0.05,"power",51,-0.123151966543386,0.00186895840329254,0.18921568627451,1275,0.347704750710742,0.0856364121174828,0.005994791916,0.33809383717,0.355304135687,0.4151061077233,0.4260943423718,0.0770122705533,0.226196394533,0.4260943423718,91,0.03,0.02,0.02,0.02,0.01,0.02,0.04,0.02,0.02,0.05,0.03
12,6,5,"both",0.1,"power",51,-0.123151966543386,0.00186895840329254,0.18921568627451,1275,0.347704750710742,0.0856364121174828,0.005994791916,0.33809383717,0.355304135687,0.4151061077233,0.4260943423718,0.0770122705533,0.226196394533,0.4260943423718,91,0.05,0.07,0.04,0.06,0.06,0.07,0.08,0.09,0.06,0.06,0.05
12,6,5,"both",0.15,"power",51,-0.123151966543386,0.00186895840329254,0.18921568627451,1275,0.347704750710742,0.0856364121174828,0.005994791916,0.33809383717,0.355304135687,0.4151061077233,0.4260943423718,0.0770122705533,0.226196394533,0.4260943423718,91,0.06,0.01,0.05,0.01,0.03,0.04,0.04,0.03,0.05,0.05,0.04
12,6,5,"both",0.2,"power",51,-0.123151966543386,0.00186895840329254,0.18921568627451,1275,0.347704750710742,0.0856364121174828,0.005994791916,0.33809383717,0.355304135687,0.4151061077233,0.4260943423718,0.0770122705533,0.226196394533,0.4260943423718,91,0.09,0.1,0.04,0.08,0.09,0.09,0.11,0.02,0.11,0.08,0.07
12,6,5,"both",0.25,"power",51,-0.123151966543386,0.00186895840329254,0.18921568627451,1275,0.347704750710742,0.0856364121174828,0.005994791916,0.33809383717,0.355304135687,0.4151061077233,0.4260943423718,0.0770122705533,0.226196394533,0.4260943423718,91,0.05,0.03,0.04,0.05,0.03,0.14,0.06,0.04,0.05,0.04,0.02
12,6,5,"both",0.3,"power",51,-0.123151966543386,0.00186895840329254,0.18921568627451,1275,0.347704750710742,0.0856364121174828,0.005994791916,0.33809383717,0.355304135687,0.4151061077233,0.4260943423718,0.0770122705533,0.226196394533,0.4260943423718,91,0.07,0.06,0.03,0.06,0.11,0.1,0.07,0.11,0.08,0.05,0.07
12,6,5,"both",0.35,"power",51,-0.123151966543386,0.00186895840329254,0.18921568627451,1275,0.347704750710742,0.0856364121174828,0.005994791916,0.33809383717,0.355304135687,0.4151061077233,0.4260943423718,0.0770122705533,0.226196394533,0.4260943423718,91,0.11,0.06,0.04,0.06,0.11,0.17,0.1,0.06,0.08,0.08,0.1
12,6,5,"both",0.4,"power",51,-0.123151966543386,0.00186895840329254,0.18921568627451,1275,0.347704750710742,0.0856364121174828,0.005994791916,0.33809383717,0.355304135687,0.4151061077233,0.4260943423718,0.0770122705533,0.226196394533,0.4260943423718,91,0.15,0.07,0.11,0.04,0.21,0.24,0.19,0.09,0.17,0.13,0.12
12,6,5,"both",0.45,"power",51,-0.123151966543386,0.00186895840329254,0.18921568627451,1275,0.347704750710742,0.0856364121174828,0.005994791916,0.33809383717,0.355304135687,0.4151061077233,0.4260943423718,0.0770122705533,0.226196394533,0.4260943423718,91,0.13,0.07,0.08,0.09,0.21,0.31,0.25,0.13,0.25,0.13,0.09
12,6,5,"both",0.5,"power",51,-0.123151966543386,0.00186895840329254,0.18921568627451,1275,0.347704750710742,0.0856364121174828,0.005994791916,0.33809383717,0.355304135687,0.4151061077233,0.4260943423718,0.0770122705533,0.226196394533,0.4260943423718,91,0.3,0.1,0.1,0.04,0.29,0.53,0.32,0.14,0.34,0.18,0.16
12,6,5,"both",0.55,"power",51,-0.123151966543386,0.00186895840329254,0.18921568627451,1275,0.347704750710742,0.0856364121174828,0.005994791916,0.33809383717,0.355304135687,0.4151061077233,0.4260943423718,0.0770122705533,0.226196394533,0.4260943423718,91,0.29,0.09,0.11,0.07,0.47,0.61,0.33,0.17,0.32,0.18,0.21
12,6,5,"both",0.6,"power",51,-0.123151966543386,0.00186895840329254,0.18921568627451,1275,0.347704750710742,0.0856364121174828,0.005994791916,0.33809383717,0.355304135687,0.4151061077233,0.4260943423718,0.0770122705533,0.226196394533,0.4260943423718,91,0.33,0.09,0.08,0.03,0.62,0.73,0.48,0.18,0.49,0.27,0.19
12,6,5,"prevalence",0,"type1_error",51,-0.123151966543386,0.00186895840329254,0.18921568627451,1275,0.347704750710742,0.0856364121174828,0.005994791916,0.33809383717,0.355304135687,0.4151061077233,0.4260943423718,0.0770122705533,0.226196394533,0.4260943423718,91,0.02,0.03,0.03,0.05,0.06,0.05,0.07,0.05,0.08,0.01,0.03
12,6,5,"prevalence",0.05,"power",51,-0.123151966543386,0.00186895840329254,0.18921568627451,1275,0.347704750710742,0.0856364121174828,0.005994791916,0.33809383717,0.355304135687,0.4151061077233,0.4260943423718,0.0770122705533,0.226196394533,0.4260943423718,91,0.06,0.04,0.07,0.05,0.02,0.03,0.01,0.06,0.02,0.03,0.03
12,6,5,"prevalence",0.1,"power",51,-0.123151966543386,0.00186895840329254,0.18921568627451,1275,0.347704750710742,0.0856364121174828,0.005994791916,0.33809383717,0.355304135687,0.4151061077233,0.4260943423718,0.0770122705533,0.226196394533,0.4260943423718,91,0.03,0.07,0.03,0.08,0.06,0.04,0.06,0.07,0.06,0.06,0.08
12,6,5,"prevalence",0.15,"power",51,-0.123151966543386,0.00186895840329254,0.18921568627451,1275,0.347704750710742,0.0856364121174828,0.005994791916,0.33809383717,0.355304135687,0.4151061077233,0.4260943423718,0.0770122705533,0.226196394533,0.4260943423718,91,0.08,0.09,0.08,0.04,0.08,0.07,0.12,0.03,0.11,0.07,0.07
12,6,5,"prevalence",0.2,"power",51,-0.123151966543386,0.00186895840329254,0.18921568627451,1275,0.347704750710742,0.0856364121174828,0.005994791916,0.33809383717,0.355304135687,0.4151061077233,0.4260943423718,0.0770122705533,0.226196394533,0.4260943423718,91,0.08,0.02,0.06,0.02,0.03,0.07,0.02,0.02,0.02,0.13,0.02
12,6,5,"prevalence",0.25,"power",51,-0.123151966543386,0.00186895840329254,0.18921568627451,1275,0.347704750710742,0.0856364121174828,0.005994791916,0.33809383717,0.355304135687,0.4151061077233,0.4260943423718,0.0770122705533,0.226196394533,0.4260943423718,91,0.07,0.03,0.03,0.02,0.04,0.06,0.02,0.01,0.02,0.07,0.01
12,6,5,"prevalence",0.3,"power",51,-0.123151966543386,0.00186895840329254,0.18921568627451,1275,0.347704750710742,0.0856364121174828,0.005994791916,0.33809383717,0.355304135687,0.4151061077233,0.4260943423718,0.0770122705533,0.226196394533,0.4260943423718,91,0.1,0.03,0.07,0.04,0.03,0.1,0.03,0.06,0.02,0.05,0.03
12,6,5,"prevalence",0.35,"power",51,-0.123151966543386,0.00186895840329254,0.18921568627451,1275,0.347704750710742,0.0856364121174828,0.005994791916,0.33809383717,0.355304135687,0.4151061077233,0.4260943423718,0.0770122705533,0.226196394533,0.4260943423718,91,0.11,0.08,0.1,0.08,0.03,0.08,0.04,0.08,0.05,0.09,0.04
12,6,5,"prevalence",0.4,"power",51,-0.123151966543386,0.00186895840329254,0.18921568627451,1275,0.347704750710742,0.0856364121174828,0.005994791916,0.33809383717,0.355304135687,0.4151061077233,0.4260943423718,0.0770122705533,0.226196394533,0.4260943423718,91,0.15,0.05,0.11,0.07,0.09,0.15,0.05,0.06,0.03,0.13,0.08
12,6,5,"prevalence",0.45,"power",51,-0.123151966543386,0.00186895840329254,0.18921568627451,1275,0.347704750710742,0.0856364121174828,0.005994791916,0.33809383717,0.355304135687,0.4151061077233,0.4260943423718,0.0770122705533,0.226196394533,0.4260943423718,91,0.15,0.06,0.09,0.05,0.07,0.15,0.05,0.04,0.05,0.16,0.06
12,6,5,"prevalence",0.5,"power",51,-0.123151966543386,0.00186895840329254,0.18921568627451,1275,0.347704750710742,0.0856364121174828,0.005994791916,0.33809383717,0.355304135687,0.4151061077233,0.4260943423718,0.0770122705533,0.226196394533,0.4260943423718,91,0.21,0.09,0.09,0.05,0.1,0.18,0.09,0.09,0.1,0.16,0.07
12,6,5,"prevalence",0.55,"power",51,-0.123151966543386,0.00186895840329254,0.18921568627451,1275,0.347704750710742,0.0856364121174828,0.005994791916,0.33809383717,0.355304135687,0.4151061077233,0.4260943423718,0.0770122705533,0.226196394533,0.4260943423718,91,0.24,0.08,0.12,0.08,0.05,0.12,0.01,0.02,0,0.18,0.06
12,6,5,"prevalence",0.6,"power",51,-0.123151966543386,0.00186895840329254,0.18921568627451,1275,0.347704750710742,0.0856364121174828,0.005994791916,0.33809383717,0.355304135687,0.4151061077233,0.4260943423718,0.0770122705533,0.226196394533,0.4260943423718,91,0.37,0.05,0.12,0.07,0.08,0.19,0.04,0.03,0.03,0.3,0.04
12,5,6,"abundance",0,"type1_error",51,0.0128150057142608,0.00142514336583876,0.12483660130719,1275,0.333389050020455,0.0872593740069223,0.00903639053,0.305561063788,0.3732014576288,0.3876755726679,0.3876755726818,0.0821145088799,0.19144877149,0.3876755726818,117,0.07,0.05,0.02,0.03,0.08,0.02,0.06,0.06,0.06,0.03,0.07
12,5,6,"abundance",0.05,"power",51,0.0128150057142608,0.00142514336583876,0.12483660130719,1275,0.333389050020455,0.0872593740069223,0.00903639053,0.305561063788,0.3732014576288,0.3876755726679,0.3876755726818,0.0821145088799,0.19144877149,0.3876755726818,117,0.03,0.08,0.06,0.05,0.08,0.04,0.06,0.08,0.09,0.03,0.08
12,5,6,"abundance",0.1,"power",51,0.0128150057142608,0.00142514336583876,0.12483660130719,1275,0.333389050020455,0.0872593740069223,0.00903639053,0.305561063788,0.3732014576288,0.3876755726679,0.3876755726818,0.0821145088799,0.19144877149,0.3876755726818,117,0.02,0.07,0.04,0.06,0.09,0.01,0.04,0.05,0.04,0.03,0.06
12,5,6,"abundance",0.15,"power",51,0.0128150057142608,0.00142514336583876,0.12483660130719,1275,0.333389050020455,0.0872593740069223,0.00903639053,0.305561063788,0.3732014576288,0.3876755726679,0.3876755726818,0.0821145088799,0.19144877149,0.3876755726818,117,0.05,0.07,0.03,0.07,0.05,0.05,0.05,0.06,0.05,0.04,0.05
12,5,6,"abundance",0.2,"power",51,0.0128150057142608,0.00142514336583876,0.12483660130719,1275,0.333389050020455,0.0872593740069223,0.00903639053,0.305561063788,0.3732014576288,0.3876755726679,0.3876755726818,0.0821145088799,0.19144877149,0.3876755726818,117,0.05,0.04,0.02,0.05,0.06,0.13,0.05,0.05,0.05,0.06,0.06
12,5,6,"abundance",0.25,"power",51,0.0128150057142608,0.00142514336583876,0.12483660130719,1275,0.333389050020455,0.0872593740069223,0.00903639053,0.305561063788,0.3732014576288,0.3876755726679,0.3876755726818,0.0821145088799,0.19144877149,0.3876755726818,117,0.1,0.04,0.08,0.04,0.07,0.03,0.07,0.08,0.08,0.08,0.07
12,5,6,"abundance",0.3,"power",51,0.0128150057142608,0.00142514336583876,0.12483660130719,1275,0.333389050020455,0.0872593740069223,0.00903639053,0.305561063788,0.3732014576288,0.3876755726679,0.3876755726818,0.0821145088799,0.19144877149,0.3876755726818,117,0.02,0.05,0.03,0.03,0.05,0.03,0.06,0.05,0.05,0,0.04
12,5,6,"abundance",0.35,"power",51,0.0128150057142608,0.00142514336583876,0.12483660130719,1275,0.333389050020455,0.0872593740069223,0.00903639053,0.305561063788,0.3732014576288,0.3876755726679,0.3876755726818,0.0821145088799,0.19144877149,0.3876755726818,117,0.03,0.07,0.09,0.08,0.1,0.03,0.06,0.03,0.06,0.07,0.09
12,5,6,"abundance",0.4,"power",51,0.0128150057142608,0.00142514336583876,0.12483660130719,1275,0.333389050020455,0.0872593740069223,0.00903639053,0.305561063788,0.3732014576288,0.3876755726679,0.3876755726818,0.0821145088799,0.19144877149,0.3876755726818,117,0.07,0.09,0.03,0.07,0.14,0.1,0.14,0.08,0.14,0.05,0.13
12,5,6,"abundance",0.45,"power",51,0.0128150057142608,0.00142514336583876,0.12483660130719,1275,0.333389050020455,0.0872593740069223,0.00903639053,0.305561063788,0.3732014576288,0.3876755726679,0.3876755726818,0.0821145088799,0.19144877149,0.3876755726818,117,0.12,0.09,0.04,0.07,0.14,0.09,0.14,0.1,0.12,0.08,0.13
12,5,6,"abundance",0.5,"power",51,0.0128150057142608,0.00142514336583876,0.12483660130719,1275,0.333389050020455,0.0872593740069223,0.00903639053,0.305561063788,0.3732014576288,0.3876755726679,0.3876755726818,0.0821145088799,0.19144877149,0.3876755726818,117,0.06,0.11,0.02,0.12,0.28,0.08,0.22,0.1,0.19,0.04,0.23
12,5,6,"abundance",0.55,"power",51,0.0128150057142608,0.00142514336583876,0.12483660130719,1275,0.333389050020455,0.0872593740069223,0.00903639053,0.305561063788,0.3732014576288,0.3876755726679,0.3876755726818,0.0821145088799,0.19144877149,0.3876755726818,117,0.08,0.18,0.09,0.15,0.24,0.08,0.2,0.11,0.19,0.08,0.2
12,5,6,"abundance",0.6,"power",51,0.0128150057142608,0.00142514336583876,0.12483660130719,1275,0.333389050020455,0.0872593740069223,0.00903639053,0.305561063788,0.3732014576288,0.3876755726679,0.3876755726818,0.0821145088799,0.19144877149,0.3876755726818,117,0.02,0.09,0.04,0.09,0.26,0.05,0.23,0.14,0.23,0.02,0.22
12,5,6,"both",0,"type1_error",51,0.0128150057142608,0.00142514336583876,0.12483660130719,1275,0.333389050020455,0.0872593740069223,0.00903639053,0.305561063788,0.3732014576288,0.3876755726679,0.3876755726818,0.0821145088799,0.19144877149,0.3876755726818,117,0.07,0.06,0.06,0.06,0.09,0.08,0.07,0.08,0.07,0.04,0.1
12,5,6,"both",0.05,"power",51,0.0128150057142608,0.00142514336583876,0.12483660130719,1275,0.333389050020455,0.0872593740069223,0.00903639053,0.305561063788,0.3732014576288,0.3876755726679,0.3876755726818,0.0821145088799,0.19144877149,0.3876755726818,117,0.04,0.04,0.04,0.02,0.11,0.07,0.09,0.05,0.08,0.05,0.05
12,5,6,"both",0.1,"power",51,0.0128150057142608,0.00142514336583876,0.12483660130719,1275,0.333389050020455,0.0872593740069223,0.00903639053,0.305561063788,0.3732014576288,0.3876755726679,0.3876755726818,0.0821145088799,0.19144877149,0.3876755726818,117,0.08,0.08,0.05,0.08,0.09,0.08,0.06,0.02,0.06,0.08,0.08
12,5,6,"both",0.15,"power",51,0.0128150057142608,0.00142514336583876,0.12483660130719,1275,0.333389050020455,0.0872593740069223,0.00903639053,0.305561063788,0.3732014576288,0.3876755726679,0.3876755726818,0.0821145088799,0.19144877149,0.3876755726818,117,0.06,0.06,0.07,0.05,0.05,0.06,0.05,0.07,0.05,0.06,0.03
12,5,6,"both",0.2,"power",51,0.0128150057142608,0.00142514336583876,0.12483660130719,1275,0.333389050020455,0.0872593740069223,0.00903639053,0.305561063788,0.3732014576288,0.3876755726679,0.3876755726818,0.0821145088799,0.19144877149,0.3876755726818,117,0.04,0.06,0.03,0.05,0.07,0,0.09,0.05,0.09,0.07,0.08
12,5,6,"both",0.25,"power",51,0.0128150057142608,0.00142514336583876,0.12483660130719,1275,0.333389050020455,0.0872593740069223,0.00903639053,0.305561063788,0.3732014576288,0.3876755726679,0.3876755726818,0.0821145088799,0.19144877149,0.3876755726818,117,0.04,0.06,0.06,0.06,0.1,0.04,0.08,0.05,0.09,0.04,0.09
12,5,6,"both",0.3,"power",51,0.0128150057142608,0.00142514336583876,0.12483660130719,1275,0.333389050020455,0.0872593740069223,0.00903639053,0.305561063788,0.3732014576288,0.3876755726679,0.3876755726818,0.0821145088799,0.19144877149,0.3876755726818,117,0.06,0.06,0.09,0.06,0.14,0.05,0.1,0.08,0.09,0.05,0.1
12,5,6,"both",0.35,"power",51,0.0128150057142608,0.00142514336583876,0.12483660130719,1275,0.333389050020455,0.0872593740069223,0.00903639053,0.305561063788,0.3732014576288,0.3876755726679,0.3876755726818,0.0821145088799,0.19144877149,0.3876755726818,117,0.09,0.07,0.02,0.09,0.12,0.08,0.07,0.07,0.06,0.08,0.09
12,5,6,"both",0.4,"power",51,0.0128150057142608,0.00142514336583876,0.12483660130719,1275,0.333389050020455,0.0872593740069223,0.00903639053,0.305561063788,0.3732014576288,0.3876755726679,0.3876755726818,0.0821145088799,0.19144877149,0.3876755726818,117,0.11,0.07,0.09,0.05,0.24,0.13,0.13,0.06,0.15,0.13,0.12
12,5,6,"both",0.45,"power",51,0.0128150057142608,0.00142514336583876,0.12483660130719,1275,0.333389050020455,0.0872593740069223,0.00903639053,0.305561063788,0.3732014576288,0.3876755726679,0.3876755726818,0.0821145088799,0.19144877149,0.3876755726818,117,0.16,0.11,0.06,0.08,0.35,0.22,0.21,0.11,0.2,0.17,0.18
12,5,6,"both",0.5,"power",51,0.0128150057142608,0.00142514336583876,0.12483660130719,1275,0.333389050020455,0.0872593740069223,0.00903639053,0.305561063788,0.3732014576288,0.3876755726679,0.3876755726818,0.0821145088799,0.19144877149,0.3876755726818,117,0.25,0.06,0.1,0.06,0.34,0.28,0.18,0.1,0.17,0.22,0.13
12,5,6,"both",0.55,"power",51,0.0128150057142608,0.00142514336583876,0.12483660130719,1275,0.333389050020455,0.0872593740069223,0.00903639053,0.305561063788,0.3732014576288,0.3876755726679,0.3876755726818,0.0821145088799,0.19144877149,0.3876755726818,117,0.32,0.05,0.06,0.05,0.49,0.32,0.22,0.09,0.21,0.22,0.23
12,5,6,"both",0.6,"power",51,0.0128150057142608,0.00142514336583876,0.12483660130719,1275,0.333389050020455,0.0872593740069223,0.00903639053,0.305561063788,0.3732014576288,0.3876755726679,0.3876755726818,0.0821145088799,0.19144877149,0.3876755726818,117,0.35,0.15,0.13,0.11,0.66,0.44,0.39,0.15,0.39,0.32,0.31
12,5,6,"prevalence",0,"type1_error",51,0.0128150057142608,0.00142514336583876,0.12483660130719,1275,0.333389050020455,0.0872593740069223,0.00903639053,0.305561063788,0.3732014576288,0.3876755726679,0.3876755726818,0.0821145088799,0.19144877149,0.3876755726818,117,0.07,0.04,0.05,0.02,0.02,0.08,0.06,0.05,0.05,0.05,0.02
12,5,6,"prevalence",0.05,"power",51,0.0128150057142608,0.00142514336583876,0.12483660130719,1275,0.333389050020455,0.0872593740069223,0.00903639053,0.305561063788,0.3732014576288,0.3876755726679,0.3876755726818,0.0821145088799,0.19144877149,0.3876755726818,117,0.06,0.09,0.05,0.08,0.07,0.05,0.06,0.07,0.04,0.08,0.06
12,5,6,"prevalence",0.1,"power",51,0.0128150057142608,0.00142514336583876,0.12483660130719,1275,0.333389050020455,0.0872593740069223,0.00903639053,0.305561063788,0.3732014576288,0.3876755726679,0.3876755726818,0.0821145088799,0.19144877149,0.3876755726818,117,0.05,0.07,0.04,0.05,0.06,0.04,0.03,0.09,0.04,0.03,0.05
12,5,6,"prevalence",0.15,"power",51,0.0128150057142608,0.00142514336583876,0.12483660130719,1275,0.333389050020455,0.0872593740069223,0.00903639053,0.305561063788,0.3732014576288,0.3876755726679,0.3876755726818,0.0821145088799,0.19144877149,0.3876755726818,117,0.07,0.1,0.04,0.09,0.08,0.06,0.05,0.1,0.07,0.05,0.08
12,5,6,"prevalence",0.2,"power",51,0.0128150057142608,0.00142514336583876,0.12483660130719,1275,0.333389050020455,0.0872593740069223,0.00903639053,0.305561063788,0.3732014576288,0.3876755726679,0.3876755726818,0.0821145088799,0.19144877149,0.3876755726818,117,0.12,0.05,0.08,0.07,0.06,0.09,0.05,0.04,0.06,0.09,0.06
12,5,6,"prevalence",0.25,"power",51,0.0128150057142608,0.00142514336583876,0.12483660130719,1275,0.333389050020455,0.0872593740069223,0.00903639053,0.305561063788,0.3732014576288,0.3876755726679,0.3876755726818,0.0821145088799,0.19144877149,0.3876755726818,117,0.1,0.01,0.11,0.01,0.03,0.05,0.06,0.02,0.06,0.04,0.03
12,5,6,"prevalence",0.3,"power",51,0.0128150057142608,0.00142514336583876,0.12483660130719,1275,0.333389050020455,0.0872593740069223,0.00903639053,0.305561063788,0.3732014576288,0.3876755726679,0.3876755726818,0.0821145088799,0.19144877149,0.3876755726818,117,0.11,0.05,0.06,0.08,0.06,0.07,0.05,0.08,0.06,0.11,0.04
12,5,6,"prevalence",0.35,"power",51,0.0128150057142608,0.00142514336583876,0.12483660130719,1275,0.333389050020455,0.0872593740069223,0.00903639053,0.305561063788,0.3732014576288,0.3876755726679,0.3876755726818,0.0821145088799,0.19144877149,0.3876755726818,117,0.08,0.06,0.07,0.03,0.05,0.07,0.04,0.02,0.03,0.07,0.07
12,5,6,"prevalence",0.4,"power",51,0.0128150057142608,0.00142514336583876,0.12483660130719,1275,0.333389050020455,0.0872593740069223,0.00903639053,0.305561063788,0.3732014576288,0.3876755726679,0.3876755726818,0.0821145088799,0.19144877149,0.3876755726818,117,0.12,0.04,0.07,0.05,0.08,0.04,0.09,0.04,0.1,0.09,0.05
12,5,6,"prevalence",0.45,"power",51,0.0128150057142608,0.00142514336583876,0.12483660130719,1275,0.333389050020455,0.0872593740069223,0.00903639053,0.305561063788,0.3732014576288,0.3876755726679,0.3876755726818,0.0821145088799,0.19144877149,0.3876755726818,117,0.15,0.05,0.07,0.05,0.05,0.05,0.04,0.04,0.03,0.15,0.06
12,5,6,"prevalence",0.5,"power",51,0.0128150057142608,0.00142514336583876,0.12483660130719,1275,0.333389050020455,0.0872593740069223,0.00903639053,0.305561063788,0.3732014576288,0.3876755726679,0.3876755726818,0.0821145088799,0.19144877149,0.3876755726818,117,0.27,0.01,0.11,0.03,0.04,0.1,0,0.04,0.02,0.24,0.01
12,5,6,"prevalence",0.55,"power",51,0.0128150057142608,0.00142514336583876,0.12483660130719,1275,0.333389050020455,0.0872593740069223,0.00903639053,0.305561063788,0.3732014576288,0.3876755726679,0.3876755726818,0.0821145088799,0.19144877149,0.3876755726818,117,0.26,0.02,0.06,0.05,0.06,0.1,0.06,0.04,0.06,0.18,0.05
12,5,6,"prevalence",0.6,"power",51,0.0128150057142608,0.00142514336583876,0.12483660130719,1275,0.333389050020455,0.0872593740069223,0.00903639053,0.305561063788,0.3732014576288,0.3876755726679,0.3876755726818,0.0821145088799,0.19144877149,0.3876755726818,117,0.42,0.06,0.11,0.05,0.07,0.18,0.06,0.05,0.06,0.32,0.06
12,7,7,"abundance",0,"type1_error",51,-0.0474582825055733,0.00107118612671852,0.161764705882353,1275,0.336366716441981,0.0699926914295288,0,0.354951452548,0.3732014576078,0.3732014576208,0.3805862612238,0.0182500050728,0.338093837158,0.3805862612238,253,0.04,0.08,0.1,0.06,0.04,0.06,0.06,0.05,0.06,0.08,0.08
12,7,7,"abundance",0.05,"power",51,-0.0474582825055733,0.00107118612671852,0.161764705882353,1275,0.336366716441981,0.0699926914295288,0,0.354951452548,0.3732014576078,0.3732014576208,0.3805862612238,0.0182500050728,0.338093837158,0.3805862612238,253,0.04,0.04,0.06,0.03,0,0.05,0.01,0,0.02,0.05,0.03
12,7,7,"abundance",0.1,"power",51,-0.0474582825055733,0.00107118612671852,0.161764705882353,1275,0.336366716441981,0.0699926914295288,0,0.354951452548,0.3732014576078,0.3732014576208,0.3805862612238,0.0182500050728,0.338093837158,0.3805862612238,253,0.05,0.02,0.09,0,0.04,0.04,0.04,0.04,0.04,0.06,0.04
12,7,7,"abundance",0.15,"power",51,-0.0474582825055733,0.00107118612671852,0.161764705882353,1275,0.336366716441981,0.0699926914295288,0,0.354951452548,0.3732014576078,0.3732014576208,0.3805862612238,0.0182500050728,0.338093837158,0.3805862612238,253,0.06,0.04,0.03,0.04,0.05,0.05,0.04,0.05,0.04,0.09,0.03
12,7,7,"abundance",0.2,"power",51,-0.0474582825055733,0.00107118612671852,0.161764705882353,1275,0.336366716441981,0.0699926914295288,0,0.354951452548,0.3732014576078,0.3732014576208,0.3805862612238,0.0182500050728,0.338093837158,0.3805862612238,253,0.08,0.05,0.07,0.07,0.03,0.03,0.06,0.03,0.06,0.05,0.05
12,7,7,"abundance",0.25,"power",51,-0.0474582825055733,0.00107118612671852,0.161764705882353,1275,0.336366716441981,0.0699926914295288,0,0.354951452548,0.3732014576078,0.3732014576208,0.3805862612238,0.0182500050728,0.338093837158,0.3805862612238,253,0.05,0.05,0.05,0.06,0.05,0.02,0.09,0.06,0.08,0.04,0.06
12,7,7,"abundance",0.3,"power",51,-0.0474582825055733,0.00107118612671852,0.161764705882353,1275,0.336366716441981,0.0699926914295288,0,0.354951452548,0.3732014576078,0.3732014576208,0.3805862612238,0.0182500050728,0.338093837158,0.3805862612238,253,0.08,0.08,0.07,0.08,0.06,0.07,0.07,0.04,0.04,0.07,0.05
12,7,7,"abundance",0.35,"power",51,-0.0474582825055733,0.00107118612671852,0.161764705882353,1275,0.336366716441981,0.0699926914295288,0,0.354951452548,0.3732014576078,0.3732014576208,0.3805862612238,0.0182500050728,0.338093837158,0.3805862612238,253,0.05,0.06,0.04,0.05,0.08,0.05,0.06,0.07,0.07,0.05,0.07
12,7,7,"abundance",0.4,"power",51,-0.0474582825055733,0.00107118612671852,0.161764705882353,1275,0.336366716441981,0.0699926914295288,0,0.354951452548,0.3732014576078,0.3732014576208,0.3805862612238,0.0182500050728,0.338093837158,0.3805862612238,253,0.07,0.06,0.04,0.05,0.11,0.09,0.04,0.06,0.06,0.05,0.09
12,7,7,"abundance",0.45,"power",51,-0.0474582825055733,0.00107118612671852,0.161764705882353,1275,0.336366716441981,0.0699926914295288,0,0.354951452548,0.3732014576078,0.3732014576208,0.3805862612238,0.0182500050728,0.338093837158,0.3805862612238,253,0.03,0.09,0.05,0.08,0.18,0.04,0.1,0.05,0.08,0.02,0.11
12,7,7,"abundance",0.5,"power",51,-0.0474582825055733,0.00107118612671852,0.161764705882353,1275,0.336366716441981,0.0699926914295288,0,0.354951452548,0.3732014576078,0.3732014576208,0.3805862612238,0.0182500050728,0.338093837158,0.3805862612238,253,0.07,0.07,0.04,0.05,0.18,0.09,0.1,0.05,0.09,0.08,0.13
12,7,7,"abundance",0.55,"power",51,-0.0474582825055733,0.00107118612671852,0.161764705882353,1275,0.336366716441981,0.0699926914295288,0,0.354951452548,0.3732014576078,0.3732014576208,0.3805862612238,0.0182500050728,0.338093837158,0.3805862612238,253,0.02,0.06,0.07,0.05,0.21,0.04,0.1,0.04,0.11,0.05,0.08
12,7,7,"abundance",0.6,"power",51,-0.0474582825055733,0.00107118612671852,0.161764705882353,1275,0.336366716441981,0.0699926914295288,0,0.354951452548,0.3732014576078,0.3732014576208,0.3805862612238,0.0182500050728,0.338093837158,0.3805862612238,253,0.03,0.04,0.04,0.05,0.25,0.03,0.14,0.05,0.17,0.06,0.08
12,7,7,"both",0,"type1_error",51,-0.0474582825055733,0.00107118612671852,0.161764705882353,1275,0.336366716441981,0.0699926914295288,0,0.354951452548,0.3732014576078,0.3732014576208,0.3805862612238,0.0182500050728,0.338093837158,0.3805862612238,253,0.05,0.08,0.05,0.08,0.08,0.06,0.08,0.06,0.07,0.05,0.07
12,7,7,"both",0.05,"power",51,-0.0474582825055733,0.00107118612671852,0.161764705882353,1275,0.336366716441981,0.0699926914295288,0,0.354951452548,0.3732014576078,0.3732014576208,0.3805862612238,0.0182500050728,0.338093837158,0.3805862612238,253,0.01,0.04,0.04,0.04,0.02,0.04,0.05,0.02,0.06,0.04,0.03
12,7,7,"both",0.1,"power",51,-0.0474582825055733,0.00107118612671852,0.161764705882353,1275,0.336366716441981,0.0699926914295288,0,0.354951452548,0.3732014576078,0.3732014576208,0.3805862612238,0.0182500050728,0.338093837158,0.3805862612238,253,0.04,0.03,0.03,0.05,0.04,0.06,0,0.05,0.01,0.06,0.03
12,7,7,"both",0.15,"power",51,-0.0474582825055733,0.00107118612671852,0.161764705882353,1275,0.336366716441981,0.0699926914295288,0,0.354951452548,0.3732014576078,0.3732014576208,0.3805862612238,0.0182500050728,0.338093837158,0.3805862612238,253,0.09,0.02,0.06,0.02,0.05,0.07,0.02,0.03,0.03,0.07,0.03
12,7,7,"both",0.2,"power",51,-0.0474582825055733,0.00107118612671852,0.161764705882353,1275,0.336366716441981,0.0699926914295288,0,0.354951452548,0.3732014576078,0.3732014576208,0.3805862612238,0.0182500050728,0.338093837158,0.3805862612238,253,0.04,0.03,0.03,0.03,0.05,0.02,0.03,0.06,0.04,0.05,0.02
12,7,7,"both",0.25,"power",51,-0.0474582825055733,0.00107118612671852,0.161764705882353,1275,0.336366716441981,0.0699926914295288,0,0.354951452548,0.3732014576078,0.3732014576208,0.3805862612238,0.0182500050728,0.338093837158,0.3805862612238,253,0.11,0.07,0.04,0.07,0.06,0.11,0.06,0.04,0.07,0.11,0.07
12,7,7,"both",0.3,"power",51,-0.0474582825055733,0.00107118612671852,0.161764705882353,1275,0.336366716441981,0.0699926914295288,0,0.354951452548,0.3732014576078,0.3732014576208,0.3805862612238,0.0182500050728,0.338093837158,0.3805862612238,253,0.11,0.03,0.07,0.07,0.07,0.11,0.04,0.06,0.04,0.16,0.06
12,7,7,"both",0.35,"power",51,-0.0474582825055733,0.00107118612671852,0.161764705882353,1275,0.336366716441981,0.0699926914295288,0,0.354951452548,0.3732014576078,0.3732014576208,0.3805862612238,0.0182500050728,0.338093837158,0.3805862612238,253,0.08,0.06,0.08,0.03,0.15,0.09,0.09,0.06,0.1,0.06,0.07
12,7,7,"both",0.4,"power",51,-0.0474582825055733,0.00107118612671852,0.161764705882353,1275,0.336366716441981,0.0699926914295288,0,0.354951452548,0.3732014576078,0.3732014576208,0.3805862612238,0.0182500050728,0.338093837158,0.3805862612238,253,0.17,0.05,0.03,0.04,0.19,0.25,0.16,0.12,0.14,0.2,0.1
12,7,7,"both",0.45,"power",51,-0.0474582825055733,0.00107118612671852,0.161764705882353,1275,0.336366716441981,0.0699926914295288,0,0.354951452548,0.3732014576078,0.3732014576208,0.3805862612238,0.0182500050728,0.338093837158,0.3805862612238,253,0.12,0.12,0.02,0.09,0.2,0.16,0.08,0.06,0.09,0.07,0.13
12,7,7,"both",0.5,"power",51,-0.0474582825055733,0.00107118612671852,0.161764705882353,1275,0.336366716441981,0.0699926914295288,0,0.354951452548,0.3732014576078,0.3732014576208,0.3805862612238,0.0182500050728,0.338093837158,0.3805862612238,253,0.22,0.09,0.11,0.08,0.39,0.33,0.2,0.1,0.18,0.16,0.19
12,7,7,"both",0.55,"power",51,-0.0474582825055733,0.00107118612671852,0.161764705882353,1275,0.336366716441981,0.0699926914295288,0,0.354951452548,0.3732014576078,0.3732014576208,0.3805862612238,0.0182500050728,0.338093837158,0.3805862612238,253,0.31,0.11,0.07,0.08,0.48,0.47,0.21,0.05,0.18,0.16,0.2
12,7,7,"both",0.6,"power",51,-0.0474582825055733,0.00107118612671852,0.161764705882353,1275,0.336366716441981,0.0699926914295288,0,0.354951452548,0.3732014576078,0.3732014576208,0.3805862612238,0.0182500050728,0.338093837158,0.3805862612238,253,0.33,0.08,0.1,0.05,0.61,0.46,0.31,0.1,0.3,0.25,0.3
12,7,7,"prevalence",0,"type1_error",51,-0.0474582825055733,0.00107118612671852,0.161764705882353,1275,0.336366716441981,0.0699926914295288,0,0.354951452548,0.3732014576078,0.3732014576208,0.3805862612238,0.0182500050728,0.338093837158,0.3805862612238,253,0.02,0.05,0.08,0.06,0.03,0.01,0.02,0.03,0.03,0.06,0.06
12,7,7,"prevalence",0.05,"power",51,-0.0474582825055733,0.00107118612671852,0.161764705882353,1275,0.336366716441981,0.0699926914295288,0,0.354951452548,0.3732014576078,0.3732014576208,0.3805862612238,0.0182500050728,0.338093837158,0.3805862612238,253,0.09,0.07,0.13,0.04,0.04,0.1,0.03,0.02,0.05,0.08,0.03
12,7,7,"prevalence",0.1,"power",51,-0.0474582825055733,0.00107118612671852,0.161764705882353,1275,0.336366716441981,0.0699926914295288,0,0.354951452548,0.3732014576078,0.3732014576208,0.3805862612238,0.0182500050728,0.338093837158,0.3805862612238,253,0.09,0.07,0.04,0.07,0.07,0.06,0.06,0.08,0.05,0.09,0.07
12,7,7,"prevalence",0.15,"power",51,-0.0474582825055733,0.00107118612671852,0.161764705882353,1275,0.336366716441981,0.0699926914295288,0,0.354951452548,0.3732014576078,0.3732014576208,0.3805862612238,0.0182500050728,0.338093837158,0.3805862612238,253,0.07,0.05,0.05,0.05,0.04,0.05,0.03,0.03,0.03,0.07,0.04
12,7,7,"prevalence",0.2,"power",51,-0.0474582825055733,0.00107118612671852,0.161764705882353,1275,0.336366716441981,0.0699926914295288,0,0.354951452548,0.3732014576078,0.3732014576208,0.3805862612238,0.0182500050728,0.338093837158,0.3805862612238,253,0.07,0.03,0.03,0.02,0.02,0.05,0.04,0.05,0.05,0.05,0.01
12,7,7,"prevalence",0.25,"power",51,-0.0474582825055733,0.00107118612671852,0.161764705882353,1275,0.336366716441981,0.0699926914295288,0,0.354951452548,0.3732014576078,0.3732014576208,0.3805862612238,0.0182500050728,0.338093837158,0.3805862612238,253,0.04,0.06,0.04,0.04,0.08,0.07,0.05,0.04,0.06,0.04,0.06
12,7,7,"prevalence",0.3,"power",51,-0.0474582825055733,0.00107118612671852,0.161764705882353,1275,0.336366716441981,0.0699926914295288,0,0.354951452548,0.3732014576078,0.3732014576208,0.3805862612238,0.0182500050728,0.338093837158,0.3805862612238,253,0.1,0.06,0.08,0.07,0.03,0.06,0.03,0.03,0.05,0.09,0.05
12,7,7,"prevalence",0.35,"power",51,-0.0474582825055733,0.00107118612671852,0.161764705882353,1275,0.336366716441981,0.0699926914295288,0,0.354951452548,0.3732014576078,0.3732014576208,0.3805862612238,0.0182500050728,0.338093837158,0.3805862612238,253,0.1,0.06,0.09,0.08,0.05,0.08,0.06,0.08,0.08,0.1,0.06
12,7,7,"prevalence",0.4,"power",51,-0.0474582825055733,0.00107118612671852,0.161764705882353,1275,0.336366716441981,0.0699926914295288,0,0.354951452548,0.3732014576078,0.3732014576208,0.3805862612238,0.0182500050728,0.338093837158,0.3805862612238,253,0.23,0.08,0.05,0.09,0.08,0.16,0.06,0.06,0.06,0.16,0.08
12,7,7,"prevalence",0.45,"power",51,-0.0474582825055733,0.00107118612671852,0.161764705882353,1275,0.336366716441981,0.0699926914295288,0,0.354951452548,0.3732014576078,0.3732014576208,0.3805862612238,0.0182500050728,0.338093837158,0.3805862612238,253,0.15,0.05,0.08,0.05,0.12,0.09,0.08,0.04,0.08,0.08,0.09
12,7,7,"prevalence",0.5,"power",51,-0.0474582825055733,0.00107118612671852,0.161764705882353,1275,0.336366716441981,0.0699926914295288,0,0.354951452548,0.3732014576078,0.3732014576208,0.3805862612238,0.0182500050728,0.338093837158,0.3805862612238,253,0.22,0.03,0.09,0.07,0.05,0.1,0.03,0.04,0.03,0.19,0.05
12,7,7,"prevalence",0.55,"power",51,-0.0474582825055733,0.00107118612671852,0.161764705882353,1275,0.336366716441981,0.0699926914295288,0,0.354951452548,0.3732014576078,0.3732014576208,0.3805862612238,0.0182500050728,0.338093837158,0.3805862612238,253,0.21,0.03,0.14,0.04,0.08,0.16,0.04,0.08,0.03,0.19,0.05
12,7,7,"prevalence",0.6,"power",51,-0.0474582825055733,0.00107118612671852,0.161764705882353,1275,0.336366716441981,0.0699926914295288,0,0.354951452548,0.3732014576078,0.3732014576208,0.3805862612238,0.0182500050728,0.338093837158,0.3805862612238,253,0.39,0.04,0.15,0.03,0.05,0.14,0.03,0.01,0.02,0.21,0.02
12,10,8,"abundance",0,"type1_error",51,0.0455148477800314,0.0010762594300835,0.168627450980392,1275,0.308257082846042,0.0790657437290534,0.003074565912,0.288145863617,0.3549514525414,0.354951452544,0.371465524128,0.0668055889269999,0.19002214896,0.371465524128,148,0.05,0.07,0.04,0.04,0.04,0.06,0.01,0.01,0.02,0.04,0.04
12,10,8,"abundance",0.05,"power",51,0.0455148477800314,0.0010762594300835,0.168627450980392,1275,0.308257082846042,0.0790657437290534,0.003074565912,0.288145863617,0.3549514525414,0.354951452544,0.371465524128,0.0668055889269999,0.19002214896,0.371465524128,148,0.09,0.05,0.08,0.05,0.09,0.07,0.04,0.03,0.05,0.1,0.04
12,10,8,"abundance",0.1,"power",51,0.0455148477800314,0.0010762594300835,0.168627450980392,1275,0.308257082846042,0.0790657437290534,0.003074565912,0.288145863617,0.3549514525414,0.354951452544,0.371465524128,0.0668055889269999,0.19002214896,0.371465524128,148,0.02,0.01,0.06,0.02,0.01,0.03,0.01,0.03,0,0.06,0.02
12,10,8,"abundance",0.15,"power",51,0.0455148477800314,0.0010762594300835,0.168627450980392,1275,0.308257082846042,0.0790657437290534,0.003074565912,0.288145863617,0.3549514525414,0.354951452544,0.371465524128,0.0668055889269999,0.19002214896,0.371465524128,148,0.1,0.04,0.08,0.03,0.06,0.07,0.07,0.04,0.05,0.04,0.04
12,10,8,"abundance",0.2,"power",51,0.0455148477800314,0.0010762594300835,0.168627450980392,1275,0.308257082846042,0.0790657437290534,0.003074565912,0.288145863617,0.3549514525414,0.354951452544,0.371465524128,0.0668055889269999,0.19002214896,0.371465524128,148,0.05,0.08,0.04,0.07,0.03,0.06,0.06,0.04,0.07,0.05,0.06
12,10,8,"abundance",0.25,"power",51,0.0455148477800314,0.0010762594300835,0.168627450980392,1275,0.308257082846042,0.0790657437290534,0.003074565912,0.288145863617,0.3549514525414,0.354951452544,0.371465524128,0.0668055889269999,0.19002214896,0.371465524128,148,0.07,0.04,0.08,0.07,0.04,0.08,0.06,0.05,0.06,0.03,0.04
12,10,8,"abundance",0.3,"power",51,0.0455148477800314,0.0010762594300835,0.168627450980392,1275,0.308257082846042,0.0790657437290534,0.003074565912,0.288145863617,0.3549514525414,0.354951452544,0.371465524128,0.0668055889269999,0.19002214896,0.371465524128,148,0.08,0.05,0.04,0.05,0.07,0.02,0.08,0.08,0.1,0.07,0.08
12,10,8,"abundance",0.35,"power",51,0.0455148477800314,0.0010762594300835,0.168627450980392,1275,0.308257082846042,0.0790657437290534,0.003074565912,0.288145863617,0.3549514525414,0.354951452544,0.371465524128,0.0668055889269999,0.19002214896,0.371465524128,148,0.05,0.06,0.03,0.03,0.05,0.11,0.04,0.01,0.04,0.03,0.06
12,10,8,"abundance",0.4,"power",51,0.0455148477800314,0.0010762594300835,0.168627450980392,1275,0.308257082846042,0.0790657437290534,0.003074565912,0.288145863617,0.3549514525414,0.354951452544,0.371465524128,0.0668055889269999,0.19002214896,0.371465524128,148,0.07,0.09,0.05,0.07,0.15,0.08,0.12,0.06,0.13,0.03,0.09
12,10,8,"abundance",0.45,"power",51,0.0455148477800314,0.0010762594300835,0.168627450980392,1275,0.308257082846042,0.0790657437290534,0.003074565912,0.288145863617,0.3549514525414,0.354951452544,0.371465524128,0.0668055889269999,0.19002214896,0.371465524128,148,0.03,0.09,0.02,0.08,0.14,0.05,0.08,0.07,0.07,0.03,0.11
12,10,8,"abundance",0.5,"power",51,0.0455148477800314,0.0010762594300835,0.168627450980392,1275,0.308257082846042,0.0790657437290534,0.003074565912,0.288145863617,0.3549514525414,0.354951452544,0.371465524128,0.0668055889269999,0.19002214896,0.371465524128,148,0.05,0.02,0.06,0.07,0.14,0.04,0.07,0.03,0.07,0.04,0.04
12,10,8,"abundance",0.55,"power",51,0.0455148477800314,0.0010762594300835,0.168627450980392,1275,0.308257082846042,0.0790657437290534,0.003074565912,0.288145863617,0.3549514525414,0.354951452544,0.371465524128,0.0668055889269999,0.19002214896,0.371465524128,148,0.06,0.08,0.05,0.11,0.13,0.11,0.1,0.07,0.09,0.06,0.11
12,10,8,"abundance",0.6,"power",51,0.0455148477800314,0.0010762594300835,0.168627450980392,1275,0.308257082846042,0.0790657437290534,0.003074565912,0.288145863617,0.3549514525414,0.354951452544,0.371465524128,0.0668055889269999,0.19002214896,0.371465524128,148,0.05,0.1,0.07,0.1,0.21,0.11,0.19,0.09,0.17,0.07,0.15
12,10,8,"both",0,"type1_error",51,0.0455148477800314,0.0010762594300835,0.168627450980392,1275,0.308257082846042,0.0790657437290534,0.003074565912,0.288145863617,0.3549514525414,0.354951452544,0.371465524128,0.0668055889269999,0.19002214896,0.371465524128,148,0.03,0.04,0.04,0.03,0.07,0.05,0.07,0.04,0.08,0.02,0.04
12,10,8,"both",0.05,"power",51,0.0455148477800314,0.0010762594300835,0.168627450980392,1275,0.308257082846042,0.0790657437290534,0.003074565912,0.288145863617,0.3549514525414,0.354951452544,0.371465524128,0.0668055889269999,0.19002214896,0.371465524128,148,0.04,0.06,0.03,0.04,0.07,0.06,0.03,0.06,0.03,0.03,0.07
12,10,8,"both",0.1,"power",51,0.0455148477800314,0.0010762594300835,0.168627450980392,1275,0.308257082846042,0.0790657437290534,0.003074565912,0.288145863617,0.3549514525414,0.354951452544,0.371465524128,0.0668055889269999,0.19002214896,0.371465524128,148,0.04,0.06,0.09,0.07,0.08,0.08,0.07,0.05,0.07,0.07,0.07
12,10,8,"both",0.15,"power",51,0.0455148477800314,0.0010762594300835,0.168627450980392,1275,0.308257082846042,0.0790657437290534,0.003074565912,0.288145863617,0.3549514525414,0.354951452544,0.371465524128,0.0668055889269999,0.19002214896,0.371465524128,148,0.05,0.08,0.04,0.05,0.07,0.06,0.05,0.05,0.06,0.06,0.06
12,10,8,"both",0.2,"power",51,0.0455148477800314,0.0010762594300835,0.168627450980392,1275,0.308257082846042,0.0790657437290534,0.003074565912,0.288145863617,0.3549514525414,0.354951452544,0.371465524128,0.0668055889269999,0.19002214896,0.371465524128,148,0.07,0.1,0.06,0.08,0.07,0.07,0.08,0.05,0.07,0.08,0.08
12,10,8,"both",0.25,"power",51,0.0455148477800314,0.0010762594300835,0.168627450980392,1275,0.308257082846042,0.0790657437290534,0.003074565912,0.288145863617,0.3549514525414,0.354951452544,0.371465524128,0.0668055889269999,0.19002214896,0.371465524128,148,0.07,0.06,0.06,0.06,0.1,0.11,0.1,0.06,0.08,0.04,0.08
12,10,8,"both",0.3,"power",51,0.0455148477800314,0.0010762594300835,0.168627450980392,1275,0.308257082846042,0.0790657437290534,0.003074565912,0.288145863617,0.3549514525414,0.354951452544,0.371465524128,0.0668055889269999,0.19002214896,0.371465524128,148,0.11,0.05,0.06,0.06,0.12,0.12,0.07,0.03,0.07,0.12,0.04
12,10,8,"both",0.35,"power",51,0.0455148477800314,0.0010762594300835,0.168627450980392,1275,0.308257082846042,0.0790657437290534,0.003074565912,0.288145863617,0.3549514525414,0.354951452544,0.371465524128,0.0668055889269999,0.19002214896,0.371465524128,148,0.15,0.05,0.1,0.04,0.1,0.18,0.07,0.03,0.07,0.16,0.06
12,10,8,"both",0.4,"power",51,0.0455148477800314,0.0010762594300835,0.168627450980392,1275,0.308257082846042,0.0790657437290534,0.003074565912,0.288145863617,0.3549514525414,0.354951452544,0.371465524128,0.0668055889269999,0.19002214896,0.371465524128,148,0.12,0.09,0.08,0.09,0.19,0.17,0.17,0.12,0.18,0.1,0.12
12,10,8,"both",0.45,"power",51,0.0455148477800314,0.0010762594300835,0.168627450980392,1275,0.308257082846042,0.0790657437290534,0.003074565912,0.288145863617,0.3549514525414,0.354951452544,0.371465524128,0.0668055889269999,0.19002214896,0.371465524128,148,0.1,0.11,0.06,0.1,0.29,0.31,0.16,0.05,0.14,0.18,0.18
12,10,8,"both",0.5,"power",51,0.0455148477800314,0.0010762594300835,0.168627450980392,1275,0.308257082846042,0.0790657437290534,0.003074565912,0.288145863617,0.3549514525414,0.354951452544,0.371465524128,0.0668055889269999,0.19002214896,0.371465524128,148,0.17,0.16,0.07,0.14,0.35,0.37,0.2,0.05,0.2,0.15,0.23
12,10,8,"both",0.55,"power",51,0.0455148477800314,0.0010762594300835,0.168627450980392,1275,0.308257082846042,0.0790657437290534,0.003074565912,0.288145863617,0.3549514525414,0.354951452544,0.371465524128,0.0668055889269999,0.19002214896,0.371465524128,148,0.29,0.17,0.08,0.18,0.52,0.46,0.3,0.12,0.29,0.27,0.28
12,10,8,"both",0.6,"power",51,0.0455148477800314,0.0010762594300835,0.168627450980392,1275,0.308257082846042,0.0790657437290534,0.003074565912,0.288145863617,0.3549514525414,0.354951452544,0.371465524128,0.0668055889269999,0.19002214896,0.371465524128,148,0.33,0.19,0.09,0.16,0.55,0.7,0.35,0.1,0.33,0.35,0.3
12,10,8,"prevalence",0,"type1_error",51,0.0455148477800314,0.0010762594300835,0.168627450980392,1275,0.308257082846042,0.0790657437290534,0.003074565912,0.288145863617,0.3549514525414,0.354951452544,0.371465524128,0.0668055889269999,0.19002214896,0.371465524128,148,0.04,0.04,0.05,0.02,0.04,0.07,0.05,0.01,0.07,0.03,0.04
12,10,8,"prevalence",0.05,"power",51,0.0455148477800314,0.0010762594300835,0.168627450980392,1275,0.308257082846042,0.0790657437290534,0.003074565912,0.288145863617,0.3549514525414,0.354951452544,0.371465524128,0.0668055889269999,0.19002214896,0.371465524128,148,0.05,0.04,0.03,0.04,0.06,0.06,0.07,0.07,0.06,0.04,0.05
12,10,8,"prevalence",0.1,"power",51,0.0455148477800314,0.0010762594300835,0.168627450980392,1275,0.308257082846042,0.0790657437290534,0.003074565912,0.288145863617,0.3549514525414,0.354951452544,0.371465524128,0.0668055889269999,0.19002214896,0.371465524128,148,0.05,0.03,0.08,0.05,0.04,0.02,0.02,0.02,0.02,0.05,0.02
12,10,8,"prevalence",0.15,"power",51,0.0455148477800314,0.0010762594300835,0.168627450980392,1275,0.308257082846042,0.0790657437290534,0.003074565912,0.288145863617,0.3549514525414,0.354951452544,0.371465524128,0.0668055889269999,0.19002214896,0.371465524128,148,0.07,0.05,0.05,0.04,0.05,0.09,0.04,0.03,0.04,0.05,0.05
12,10,8,"prevalence",0.2,"power",51,0.0455148477800314,0.0010762594300835,0.168627450980392,1275,0.308257082846042,0.0790657437290534,0.003074565912,0.288145863617,0.3549514525414,0.354951452544,0.371465524128,0.0668055889269999,0.19002214896,0.371465524128,148,0.06,0.04,0.05,0.04,0.04,0.06,0.03,0.04,0.05,0.07,0.04
12,10,8,"prevalence",0.25,"power",51,0.0455148477800314,0.0010762594300835,0.168627450980392,1275,0.308257082846042,0.0790657437290534,0.003074565912,0.288145863617,0.3549514525414,0.354951452544,0.371465524128,0.0668055889269999,0.19002214896,0.371465524128,148,0.07,0.04,0.02,0.07,0.04,0.07,0.03,0.04,0.04,0.04,0.05
12,10,8,"prevalence",0.3,"power",51,0.0455148477800314,0.0010762594300835,0.168627450980392,1275,0.308257082846042,0.0790657437290534,0.003074565912,0.288145863617,0.3549514525414,0.354951452544,0.371465524128,0.0668055889269999,0.19002214896,0.371465524128,148,0.07,0.06,0.08,0.08,0.08,0.06,0.06,0.05,0.07,0.08,0.06
12,10,8,"prevalence",0.35,"power",51,0.0455148477800314,0.0010762594300835,0.168627450980392,1275,0.308257082846042,0.0790657437290534,0.003074565912,0.288145863617,0.3549514525414,0.354951452544,0.371465524128,0.0668055889269999,0.19002214896,0.371465524128,148,0.11,0.07,0.08,0.06,0.07,0.08,0.02,0.04,0.01,0.06,0.07
12,10,8,"prevalence",0.4,"power",51,0.0455148477800314,0.0010762594300835,0.168627450980392,1275,0.308257082846042,0.0790657437290534,0.003074565912,0.288145863617,0.3549514525414,0.354951452544,0.371465524128,0.0668055889269999,0.19002214896,0.371465524128,148,0.11,0.02,0.06,0.05,0.04,0.12,0.02,0.01,0.02,0.1,0.02
12,10,8,"prevalence",0.45,"power",51,0.0455148477800314,0.0010762594300835,0.168627450980392,1275,0.308257082846042,0.0790657437290534,0.003074565912,0.288145863617,0.3549514525414,0.354951452544,0.371465524128,0.0668055889269999,0.19002214896,0.371465524128,148,0.12,0.04,0.13,0.05,0.04,0.08,0.03,0.03,0.02,0.13,0.06
12,10,8,"prevalence",0.5,"power",51,0.0455148477800314,0.0010762594300835,0.168627450980392,1275,0.308257082846042,0.0790657437290534,0.003074565912,0.288145863617,0.3549514525414,0.354951452544,0.371465524128,0.0668055889269999,0.19002214896,0.371465524128,148,0.16,0.04,0.12,0.05,0.02,0.08,0.02,0.02,0.02,0.17,0.02
12,10,8,"prevalence",0.55,"power",51,0.0455148477800314,0.0010762594300835,0.168627450980392,1275,0.308257082846042,0.0790657437290534,0.003074565912,0.288145863617,0.3549514525414,0.354951452544,0.371465524128,0.0668055889269999,0.19002214896,0.371465524128,148,0.34,0.04,0.09,0.04,0.09,0.18,0.05,0.05,0.05,0.38,0.03
12,10,8,"prevalence",0.6,"power",51,0.0455148477800314,0.0010762594300835,0.168627450980392,1275,0.308257082846042,0.0790657437290534,0.003074565912,0.288145863617,0.3549514525414,0.354951452544,0.371465524128,0.0668055889269999,0.19002214896,0.371465524128,148,0.38,0.04,0.14,0.04,0.08,0.29,0.07,0.03,0.07,0.41,0.05
12,11,9,"abundance",0,"type1_error",51,-0.0666313681987776,0.00104481994625633,0.133006535947712,1275,0.268295952891727,0.0799359072987383,0,0.2340923899225,0.293449193028,0.301465813193,0.426094342345,0.0673734232705,0.145659653033,0.362262541279,154,0.02,0.08,0.04,0.08,0.08,0.04,0.07,0.03,0.05,0.02,0.08
12,11,9,"abundance",0.05,"power",51,-0.0666313681987776,0.00104481994625633,0.133006535947712,1275,0.268295952891727,0.0799359072987383,0,0.2340923899225,0.293449193028,0.301465813193,0.426094342345,0.0673734232705,0.145659653033,0.362262541279,154,0.02,0.04,0.02,0.03,0.03,0.03,0.03,0.03,0.03,0.04,0.03
12,11,9,"abundance",0.1,"power",51,-0.0666313681987776,0.00104481994625633,0.133006535947712,1275,0.268295952891727,0.0799359072987383,0,0.2340923899225,0.293449193028,0.301465813193,0.426094342345,0.0673734232705,0.145659653033,0.362262541279,154,0.06,0.04,0.04,0.05,0.02,0.06,0.02,0.03,0.02,0.04,0.06
12,11,9,"abundance",0.15,"power",51,-0.0666313681987776,0.00104481994625633,0.133006535947712,1275,0.268295952891727,0.0799359072987383,0,0.2340923899225,0.293449193028,0.301465813193,0.426094342345,0.0673734232705,0.145659653033,0.362262541279,154,0.02,0.04,0.03,0.03,0,0.04,0.01,0.01,0.03,0.04,0.01
12,11,9,"abundance",0.2,"power",51,-0.0666313681987776,0.00104481994625633,0.133006535947712,1275,0.268295952891727,0.0799359072987383,0,0.2340923899225,0.293449193028,0.301465813193,0.426094342345,0.0673734232705,0.145659653033,0.362262541279,154,0.04,0.05,0.04,0.05,0.04,0.04,0.06,0.04,0.05,0.05,0.03
12,11,9,"abundance",0.25,"power",51,-0.0666313681987776,0.00104481994625633,0.133006535947712,1275,0.268295952891727,0.0799359072987383,0,0.2340923899225,0.293449193028,0.301465813193,0.426094342345,0.0673734232705,0.145659653033,0.362262541279,154,0.06,0.03,0.07,0.02,0.03,0.04,0.04,0.05,0.04,0.04,0.03
12,11,9,"abundance",0.3,"power",51,-0.0666313681987776,0.00104481994625633,0.133006535947712,1275,0.268295952891727,0.0799359072987383,0,0.2340923899225,0.293449193028,0.301465813193,0.426094342345,0.0673734232705,0.145659653033,0.362262541279,154,0.09,0.08,0.09,0.1,0.08,0.08,0.09,0.05,0.09,0.09,0.07
12,11,9,"abundance",0.35,"power",51,-0.0666313681987776,0.00104481994625633,0.133006535947712,1275,0.268295952891727,0.0799359072987383,0,0.2340923899225,0.293449193028,0.301465813193,0.426094342345,0.0673734232705,0.145659653033,0.362262541279,154,0.05,0.11,0.02,0.09,0.07,0.05,0.11,0.09,0.1,0.02,0.1
12,11,9,"abundance",0.4,"power",51,-0.0666313681987776,0.00104481994625633,0.133006535947712,1275,0.268295952891727,0.0799359072987383,0,0.2340923899225,0.293449193028,0.301465813193,0.426094342345,0.0673734232705,0.145659653033,0.362262541279,154,0.03,0.05,0.01,0.06,0.02,0.06,0.03,0.02,0.05,0.06,0.04
12,11,9,"abundance",0.45,"power",51,-0.0666313681987776,0.00104481994625633,0.133006535947712,1275,0.268295952891727,0.0799359072987383,0,0.2340923899225,0.293449193028,0.301465813193,0.426094342345,0.0673734232705,0.145659653033,0.362262541279,154,0.06,0.07,0.04,0.06,0.11,0.04,0.07,0.1,0.08,0.05,0.09
12,11,9,"abundance",0.5,"power",51,-0.0666313681987776,0.00104481994625633,0.133006535947712,1275,0.268295952891727,0.0799359072987383,0,0.2340923899225,0.293449193028,0.301465813193,0.426094342345,0.0673734232705,0.145659653033,0.362262541279,154,0.08,0.05,0.06,0.04,0.13,0.08,0.13,0.09,0.11,0.06,0.09
12,11,9,"abundance",0.55,"power",51,-0.0666313681987776,0.00104481994625633,0.133006535947712,1275,0.268295952891727,0.0799359072987383,0,0.2340923899225,0.293449193028,0.301465813193,0.426094342345,0.0673734232705,0.145659653033,0.362262541279,154,0.01,0.06,0.01,0.06,0.08,0.03,0.07,0.05,0.07,0.03,0.07
12,11,9,"abundance",0.6,"power",51,-0.0666313681987776,0.00104481994625633,0.133006535947712,1275,0.268295952891727,0.0799359072987383,0,0.2340923899225,0.293449193028,0.301465813193,0.426094342345,0.0673734232705,0.145659653033,0.362262541279,154,0.02,0.07,0.04,0.05,0.09,0.05,0.08,0.07,0.08,0.04,0.08
12,11,9,"both",0,"type1_error",51,-0.0666313681987776,0.00104481994625633,0.133006535947712,1275,0.268295952891727,0.0799359072987383,0,0.2340923899225,0.293449193028,0.301465813193,0.426094342345,0.0673734232705,0.145659653033,0.362262541279,154,0.05,0.05,0.04,0.05,0.06,0.07,0.03,0.05,0.03,0.05,0.03
12,11,9,"both",0.05,"power",51,-0.0666313681987776,0.00104481994625633,0.133006535947712,1275,0.268295952891727,0.0799359072987383,0,0.2340923899225,0.293449193028,0.301465813193,0.426094342345,0.0673734232705,0.145659653033,0.362262541279,154,0.01,0.05,0.03,0.07,0.06,0.02,0.08,0.03,0.08,0.01,0.08
12,11,9,"both",0.1,"power",51,-0.0666313681987776,0.00104481994625633,0.133006535947712,1275,0.268295952891727,0.0799359072987383,0,0.2340923899225,0.293449193028,0.301465813193,0.426094342345,0.0673734232705,0.145659653033,0.362262541279,154,0.06,0.05,0.04,0.06,0.01,0.05,0.02,0.04,0.03,0.05,0.04
12,11,9,"both",0.15,"power",51,-0.0666313681987776,0.00104481994625633,0.133006535947712,1275,0.268295952891727,0.0799359072987383,0,0.2340923899225,0.293449193028,0.301465813193,0.426094342345,0.0673734232705,0.145659653033,0.362262541279,154,0.06,0.04,0.04,0.06,0.03,0.02,0.04,0.06,0.06,0.02,0.07
12,11,9,"both",0.2,"power",51,-0.0666313681987776,0.00104481994625633,0.133006535947712,1275,0.268295952891727,0.0799359072987383,0,0.2340923899225,0.293449193028,0.301465813193,0.426094342345,0.0673734232705,0.145659653033,0.362262541279,154,0.05,0.04,0.04,0.05,0.03,0.03,0.03,0.04,0.04,0.05,0.03
12,11,9,"both",0.25,"power",51,-0.0666313681987776,0.00104481994625633,0.133006535947712,1275,0.268295952891727,0.0799359072987383,0,0.2340923899225,0.293449193028,0.301465813193,0.426094342345,0.0673734232705,0.145659653033,0.362262541279,154,0.09,0.05,0.05,0.06,0.08,0.08,0.06,0.07,0.06,0.09,0.06
12,11,9,"both",0.3,"power",51,-0.0666313681987776,0.00104481994625633,0.133006535947712,1275,0.268295952891727,0.0799359072987383,0,0.2340923899225,0.293449193028,0.301465813193,0.426094342345,0.0673734232705,0.145659653033,0.362262541279,154,0.07,0.07,0.08,0.09,0.09,0.06,0.06,0.02,0.05,0.05,0.07
12,11,9,"both",0.35,"power",51,-0.0666313681987776,0.00104481994625633,0.133006535947712,1275,0.268295952891727,0.0799359072987383,0,0.2340923899225,0.293449193028,0.301465813193,0.426094342345,0.0673734232705,0.145659653033,0.362262541279,154,0.12,0.09,0.04,0.07,0.08,0.09,0.08,0.05,0.07,0.08,0.07
12,11,9,"both",0.4,"power",51,-0.0666313681987776,0.00104481994625633,0.133006535947712,1275,0.268295952891727,0.0799359072987383,0,0.2340923899225,0.293449193028,0.301465813193,0.426094342345,0.0673734232705,0.145659653033,0.362262541279,154,0.15,0.1,0.04,0.11,0.14,0.1,0.1,0.06,0.11,0.09,0.12
12,11,9,"both",0.45,"power",51,-0.0666313681987776,0.00104481994625633,0.133006535947712,1275,0.268295952891727,0.0799359072987383,0,0.2340923899225,0.293449193028,0.301465813193,0.426094342345,0.0673734232705,0.145659653033,0.362262541279,154,0.32,0.17,0.13,0.16,0.35,0.42,0.15,0.08,0.14,0.22,0.21
12,11,9,"both",0.5,"power",51,-0.0666313681987776,0.00104481994625633,0.133006535947712,1275,0.268295952891727,0.0799359072987383,0,0.2340923899225,0.293449193028,0.301465813193,0.426094342345,0.0673734232705,0.145659653033,0.362262541279,154,0.24,0.14,0.04,0.12,0.19,0.35,0.15,0.06,0.14,0.15,0.14
12,11,9,"both",0.55,"power",51,-0.0666313681987776,0.00104481994625633,0.133006535947712,1275,0.268295952891727,0.0799359072987383,0,0.2340923899225,0.293449193028,0.301465813193,0.426094342345,0.0673734232705,0.145659653033,0.362262541279,154,0.43,0.16,0.09,0.12,0.38,0.6,0.2,0.08,0.2,0.31,0.19
12,11,9,"both",0.6,"power",51,-0.0666313681987776,0.00104481994625633,0.133006535947712,1275,0.268295952891727,0.0799359072987383,0,0.2340923899225,0.293449193028,0.301465813193,0.426094342345,0.0673734232705,0.145659653033,0.362262541279,154,0.47,0.2,0.14,0.17,0.45,0.61,0.33,0.12,0.29,0.34,0.28
12,11,9,"prevalence",0,"type1_error",51,-0.0666313681987776,0.00104481994625633,0.133006535947712,1275,0.268295952891727,0.0799359072987383,0,0.2340923899225,0.293449193028,0.301465813193,0.426094342345,0.0673734232705,0.145659653033,0.362262541279,154,0.03,0.02,0.02,0.02,0.02,0.03,0.04,0.02,0.04,0.05,0.01
12,11,9,"prevalence",0.05,"power",51,-0.0666313681987776,0.00104481994625633,0.133006535947712,1275,0.268295952891727,0.0799359072987383,0,0.2340923899225,0.293449193028,0.301465813193,0.426094342345,0.0673734232705,0.145659653033,0.362262541279,154,0.01,0.05,0.03,0.09,0.07,0.02,0.06,0.07,0.07,0.03,0.06
12,11,9,"prevalence",0.1,"power",51,-0.0666313681987776,0.00104481994625633,0.133006535947712,1275,0.268295952891727,0.0799359072987383,0,0.2340923899225,0.293449193028,0.301465813193,0.426094342345,0.0673734232705,0.145659653033,0.362262541279,154,0.08,0,0.05,0.01,0.1,0.1,0.06,0.03,0.07,0.07,0.04
12,11,9,"prevalence",0.15,"power",51,-0.0666313681987776,0.00104481994625633,0.133006535947712,1275,0.268295952891727,0.0799359072987383,0,0.2340923899225,0.293449193028,0.301465813193,0.426094342345,0.0673734232705,0.145659653033,0.362262541279,154,0.08,0.07,0.04,0.07,0.06,0.04,0.02,0.01,0.02,0.07,0.09
12,11,9,"prevalence",0.2,"power",51,-0.0666313681987776,0.00104481994625633,0.133006535947712,1275,0.268295952891727,0.0799359072987383,0,0.2340923899225,0.293449193028,0.301465813193,0.426094342345,0.0673734232705,0.145659653033,0.362262541279,154,0.1,0.04,0.05,0.04,0.04,0.11,0.05,0.06,0.05,0.1,0.06
12,11,9,"prevalence",0.25,"power",51,-0.0666313681987776,0.00104481994625633,0.133006535947712,1275,0.268295952891727,0.0799359072987383,0,0.2340923899225,0.293449193028,0.301465813193,0.426094342345,0.0673734232705,0.145659653033,0.362262541279,154,0.11,0.06,0.04,0.05,0.04,0.03,0.01,0.03,0.02,0.06,0.05
12,11,9,"prevalence",0.3,"power",51,-0.0666313681987776,0.00104481994625633,0.133006535947712,1275,0.268295952891727,0.0799359072987383,0,0.2340923899225,0.293449193028,0.301465813193,0.426094342345,0.0673734232705,0.145659653033,0.362262541279,154,0.14,0.04,0.08,0.04,0.04,0.11,0.04,0.04,0.03,0.13,0.03
12,11,9,"prevalence",0.35,"power",51,-0.0666313681987776,0.00104481994625633,0.133006535947712,1275,0.268295952891727,0.0799359072987383,0,0.2340923899225,0.293449193028,0.301465813193,0.426094342345,0.0673734232705,0.145659653033,0.362262541279,154,0.15,0.06,0.09,0.03,0.09,0.14,0.04,0.07,0.05,0.16,0.05
12,11,9,"prevalence",0.4,"power",51,-0.0666313681987776,0.00104481994625633,0.133006535947712,1275,0.268295952891727,0.0799359072987383,0,0.2340923899225,0.293449193028,0.301465813193,0.426094342345,0.0673734232705,0.145659653033,0.362262541279,154,0.15,0.02,0.07,0.01,0.04,0.06,0.04,0.05,0.03,0.11,0.04
12,11,9,"prevalence",0.45,"power",51,-0.0666313681987776,0.00104481994625633,0.133006535947712,1275,0.268295952891727,0.0799359072987383,0,0.2340923899225,0.293449193028,0.301465813193,0.426094342345,0.0673734232705,0.145659653033,0.362262541279,154,0.31,0.03,0.15,0.03,0.07,0.18,0.04,0.05,0.04,0.22,0.03
12,11,9,"prevalence",0.5,"power",51,-0.0666313681987776,0.00104481994625633,0.133006535947712,1275,0.268295952891727,0.0799359072987383,0,0.2340923899225,0.293449193028,0.301465813193,0.426094342345,0.0673734232705,0.145659653033,0.362262541279,154,0.26,0.05,0.07,0.04,0.09,0.15,0.04,0.02,0.04,0.19,0.05
12,11,9,"prevalence",0.55,"power",51,-0.0666313681987776,0.00104481994625633,0.133006535947712,1275,0.268295952891727,0.0799359072987383,0,0.2340923899225,0.293449193028,0.301465813193,0.426094342345,0.0673734232705,0.145659653033,0.362262541279,154,0.34,0.05,0.14,0.06,0.04,0.23,0.03,0.03,0.04,0.3,0.04
12,11,9,"prevalence",0.6,"power",51,-0.0666313681987776,0.00104481994625633,0.133006535947712,1275,0.268295952891727,0.0799359072987383,0,0.2340923899225,0.293449193028,0.301465813193,0.426094342345,0.0673734232705,0.145659653033,0.362262541279,154,0.4,0.02,0.09,0.03,0.09,0.24,0.01,0.05,0.01,0.28,0.06
12,9,10,"abundance",0,"type1_error",51,0.31578581808884,0.000754639014398459,0.139869281045752,1275,0.229272446135462,0.0538233450948392,0.02067735416,0.213149244323,0.25342201557,0.277860592924,0.277860592982,0.064711348601,0.12199731623,0.277860592982,61,0.07,0.07,0.02,0.06,0.05,0.06,0.06,0.05,0.05,0.05,0.07
12,9,10,"abundance",0.05,"power",51,0.31578581808884,0.000754639014398459,0.139869281045752,1275,0.229272446135462,0.0538233450948392,0.02067735416,0.213149244323,0.25342201557,0.277860592924,0.277860592982,0.064711348601,0.12199731623,0.277860592982,61,0.04,0.06,0.06,0.05,0.05,0.03,0.06,0.05,0.05,0.03,0.07
12,9,10,"abundance",0.1,"power",51,0.31578581808884,0.000754639014398459,0.139869281045752,1275,0.229272446135462,0.0538233450948392,0.02067735416,0.213149244323,0.25342201557,0.277860592924,0.277860592982,0.064711348601,0.12199731623,0.277860592982,61,0.03,0.03,0.07,0.05,0.01,0.02,0.02,0.01,0.01,0.03,0.03
12,9,10,"abundance",0.15,"power",51,0.31578581808884,0.000754639014398459,0.139869281045752,1275,0.229272446135462,0.0538233450948392,0.02067735416,0.213149244323,0.25342201557,0.277860592924,0.277860592982,0.064711348601,0.12199731623,0.277860592982,61,0.04,0.06,0.04,0.06,0.04,0.08,0.05,0.05,0.02,0.08,0.04
12,9,10,"abundance",0.2,"power",51,0.31578581808884,0.000754639014398459,0.139869281045752,1275,0.229272446135462,0.0538233450948392,0.02067735416,0.213149244323,0.25342201557,0.277860592924,0.277860592982,0.064711348601,0.12199731623,0.277860592982,61,0.06,0.08,0.05,0.09,0.07,0.05,0.08,0.06,0.09,0.06,0.1
12,9,10,"abundance",0.25,"power",51,0.31578581808884,0.000754639014398459,0.139869281045752,1275,0.229272446135462,0.0538233450948392,0.02067735416,0.213149244323,0.25342201557,0.277860592924,0.277860592982,0.064711348601,0.12199731623,0.277860592982,61,0.02,0.04,0.03,0.02,0.05,0.03,0.04,0.03,0.04,0.05,0.03
12,9,10,"abundance",0.3,"power",51,0.31578581808884,0.000754639014398459,0.139869281045752,1275,0.229272446135462,0.0538233450948392,0.02067735416,0.213149244323,0.25342201557,0.277860592924,0.277860592982,0.064711348601,0.12199731623,0.277860592982,61,0.02,0.06,0.08,0.06,0.07,0.04,0.08,0.07,0.05,0.02,0.05
12,9,10,"abundance",0.35,"power",51,0.31578581808884,0.000754639014398459,0.139869281045752,1275,0.229272446135462,0.0538233450948392,0.02067735416,0.213149244323,0.25342201557,0.277860592924,0.277860592982,0.064711348601,0.12199731623,0.277860592982,61,0.06,0.03,0.05,0.05,0.09,0.08,0.06,0.04,0.07,0.03,0.07
12,9,10,"abundance",0.4,"power",51,0.31578581808884,0.000754639014398459,0.139869281045752,1275,0.229272446135462,0.0538233450948392,0.02067735416,0.213149244323,0.25342201557,0.277860592924,0.277860592982,0.064711348601,0.12199731623,0.277860592982,61,0.05,0.03,0.03,0.03,0.05,0.02,0.04,0.06,0.04,0.06,0.04
12,9,10,"abundance",0.45,"power",51,0.31578581808884,0.000754639014398459,0.139869281045752,1275,0.229272446135462,0.0538233450948392,0.02067735416,0.213149244323,0.25342201557,0.277860592924,0.277860592982,0.064711348601,0.12199731623,0.277860592982,61,0.04,0.1,0.07,0.08,0.14,0.03,0.08,0.04,0.09,0.03,0.13
12,9,10,"abundance",0.5,"power",51,0.31578581808884,0.000754639014398459,0.139869281045752,1275,0.229272446135462,0.0538233450948392,0.02067735416,0.213149244323,0.25342201557,0.277860592924,0.277860592982,0.064711348601,0.12199731623,0.277860592982,61,0.06,0.1,0,0.09,0.2,0.1,0.06,0.06,0.08,0.08,0.09
12,9,10,"abundance",0.55,"power",51,0.31578581808884,0.000754639014398459,0.139869281045752,1275,0.229272446135462,0.0538233450948392,0.02067735416,0.213149244323,0.25342201557,0.277860592924,0.277860592982,0.064711348601,0.12199731623,0.277860592982,61,0.06,0.12,0.04,0.11,0.2,0.08,0.1,0.07,0.09,0.05,0.17
12,9,10,"abundance",0.6,"power",51,0.31578581808884,0.000754639014398459,0.139869281045752,1275,0.229272446135462,0.0538233450948392,0.02067735416,0.213149244323,0.25342201557,0.277860592924,0.277860592982,0.064711348601,0.12199731623,0.277860592982,61,0.08,0.07,0.08,0.07,0.19,0.1,0.09,0.09,0.09,0.06,0.1
12,9,10,"both",0,"type1_error",51,0.31578581808884,0.000754639014398459,0.139869281045752,1275,0.229272446135462,0.0538233450948392,0.02067735416,0.213149244323,0.25342201557,0.277860592924,0.277860592982,0.064711348601,0.12199731623,0.277860592982,61,0.04,0.04,0.06,0.05,0.05,0.05,0.06,0.03,0.06,0.04,0.05
12,9,10,"both",0.05,"power",51,0.31578581808884,0.000754639014398459,0.139869281045752,1275,0.229272446135462,0.0538233450948392,0.02067735416,0.213149244323,0.25342201557,0.277860592924,0.277860592982,0.064711348601,0.12199731623,0.277860592982,61,0.05,0.07,0.03,0.05,0.05,0.07,0.07,0.07,0.06,0.05,0.06
12,9,10,"both",0.1,"power",51,0.31578581808884,0.000754639014398459,0.139869281045752,1275,0.229272446135462,0.0538233450948392,0.02067735416,0.213149244323,0.25342201557,0.277860592924,0.277860592982,0.064711348601,0.12199731623,0.277860592982,61,0.06,0.1,0.04,0.08,0.05,0.06,0.07,0.09,0.06,0.05,0.09
12,9,10,"both",0.15,"power",51,0.31578581808884,0.000754639014398459,0.139869281045752,1275,0.229272446135462,0.0538233450948392,0.02067735416,0.213149244323,0.25342201557,0.277860592924,0.277860592982,0.064711348601,0.12199731623,0.277860592982,61,0.06,0.06,0.01,0.05,0.03,0.07,0.03,0.08,0.03,0.05,0.05
12,9,10,"both",0.2,"power",51,0.31578581808884,0.000754639014398459,0.139869281045752,1275,0.229272446135462,0.0538233450948392,0.02067735416,0.213149244323,0.25342201557,0.277860592924,0.277860592982,0.064711348601,0.12199731623,0.277860592982,61,0.06,0.1,0.07,0.07,0.09,0.09,0.07,0.05,0.06,0.03,0.1
12,9,10,"both",0.25,"power",51,0.31578581808884,0.000754639014398459,0.139869281045752,1275,0.229272446135462,0.0538233450948392,0.02067735416,0.213149244323,0.25342201557,0.277860592924,0.277860592982,0.064711348601,0.12199731623,0.277860592982,61,0.07,0.1,0.05,0.08,0.13,0.13,0.05,0.11,0.06,0.09,0.1
12,9,10,"both",0.3,"power",51,0.31578581808884,0.000754639014398459,0.139869281045752,1275,0.229272446135462,0.0538233450948392,0.02067735416,0.213149244323,0.25342201557,0.277860592924,0.277860592982,0.064711348601,0.12199731623,0.277860592982,61,0.11,0.05,0.04,0.07,0.12,0.14,0.08,0.06,0.08,0.1,0.05
12,9,10,"both",0.35,"power",51,0.31578581808884,0.000754639014398459,0.139869281045752,1275,0.229272446135462,0.0538233450948392,0.02067735416,0.213149244323,0.25342201557,0.277860592924,0.277860592982,0.064711348601,0.12199731623,0.277860592982,61,0.08,0.06,0.05,0.07,0.13,0.14,0.05,0.06,0.06,0.08,0.06
12,9,10,"both",0.4,"power",51,0.31578581808884,0.000754639014398459,0.139869281045752,1275,0.229272446135462,0.0538233450948392,0.02067735416,0.213149244323,0.25342201557,0.277860592924,0.277860592982,0.064711348601,0.12199731623,0.277860592982,61,0.15,0.07,0.1,0.09,0.19,0.16,0.07,0.07,0.05,0.11,0.12
12,9,10,"both",0.45,"power",51,0.31578581808884,0.000754639014398459,0.139869281045752,1275,0.229272446135462,0.0538233450948392,0.02067735416,0.213149244323,0.25342201557,0.277860592924,0.277860592982,0.064711348601,0.12199731623,0.277860592982,61,0.1,0.04,0.05,0.07,0.28,0.19,0.1,0.05,0.1,0.12,0.12
12,9,10,"both",0.5,"power",51,0.31578581808884,0.000754639014398459,0.139869281045752,1275,0.229272446135462,0.0538233450948392,0.02067735416,0.213149244323,0.25342201557,0.277860592924,0.277860592982,0.064711348601,0.12199731623,0.277860592982,61,0.21,0.07,0.12,0.09,0.28,0.22,0.14,0.06,0.12,0.17,0.14
12,9,10,"both",0.55,"power",51,0.31578581808884,0.000754639014398459,0.139869281045752,1275,0.229272446135462,0.0538233450948392,0.02067735416,0.213149244323,0.25342201557,0.277860592924,0.277860592982,0.064711348601,0.12199731623,0.277860592982,61,0.25,0.08,0.1,0.1,0.54,0.32,0.12,0.09,0.12,0.2,0.18
12,9,10,"both",0.6,"power",51,0.31578581808884,0.000754639014398459,0.139869281045752,1275,0.229272446135462,0.0538233450948392,0.02067735416,0.213149244323,0.25342201557,0.277860592924,0.277860592982,0.064711348601,0.12199731623,0.277860592982,61,0.28,0.15,0.07,0.17,0.66,0.46,0.2,0.06,0.19,0.26,0.31
12,9,10,"prevalence",0,"type1_error",51,0.31578581808884,0.000754639014398459,0.139869281045752,1275,0.229272446135462,0.0538233450948392,0.02067735416,0.213149244323,0.25342201557,0.277860592924,0.277860592982,0.064711348601,0.12199731623,0.277860592982,61,0.04,0.09,0.05,0.08,0.08,0.09,0.07,0.04,0.07,0.02,0.09
12,9,10,"prevalence",0.05,"power",51,0.31578581808884,0.000754639014398459,0.139869281045752,1275,0.229272446135462,0.0538233450948392,0.02067735416,0.213149244323,0.25342201557,0.277860592924,0.277860592982,0.064711348601,0.12199731623,0.277860592982,61,0.07,0.02,0.06,0.01,0.05,0.06,0.03,0.04,0.04,0.06,0.05
12,9,10,"prevalence",0.1,"power",51,0.31578581808884,0.000754639014398459,0.139869281045752,1275,0.229272446135462,0.0538233450948392,0.02067735416,0.213149244323,0.25342201557,0.277860592924,0.277860592982,0.064711348601,0.12199731623,0.277860592982,61,0.06,0.05,0.05,0.06,0.04,0.05,0.04,0.04,0.05,0.05,0.05
12,9,10,"prevalence",0.15,"power",51,0.31578581808884,0.000754639014398459,0.139869281045752,1275,0.229272446135462,0.0538233450948392,0.02067735416,0.213149244323,0.25342201557,0.277860592924,0.277860592982,0.064711348601,0.12199731623,0.277860592982,61,0.03,0.05,0.05,0.05,0.02,0.06,0.06,0.04,0.05,0.05,0.04
12,9,10,"prevalence",0.2,"power",51,0.31578581808884,0.000754639014398459,0.139869281045752,1275,0.229272446135462,0.0538233450948392,0.02067735416,0.213149244323,0.25342201557,0.277860592924,0.277860592982,0.064711348601,0.12199731623,0.277860592982,61,0.07,0.06,0.05,0.07,0.04,0.08,0.05,0.03,0.05,0.07,0.04
12,9,10,"prevalence",0.25,"power",51,0.31578581808884,0.000754639014398459,0.139869281045752,1275,0.229272446135462,0.0538233450948392,0.02067735416,0.213149244323,0.25342201557,0.277860592924,0.277860592982,0.064711348601,0.12199731623,0.277860592982,61,0.05,0.07,0.05,0.07,0.05,0.05,0.04,0.07,0.05,0.04,0.07
12,9,10,"prevalence",0.3,"power",51,0.31578581808884,0.000754639014398459,0.139869281045752,1275,0.229272446135462,0.0538233450948392,0.02067735416,0.213149244323,0.25342201557,0.277860592924,0.277860592982,0.064711348601,0.12199731623,0.277860592982,61,0.06,0.03,0.06,0.04,0.02,0.07,0.07,0.02,0.07,0.07,0.04
12,9,10,"prevalence",0.35,"power",51,0.31578581808884,0.000754639014398459,0.139869281045752,1275,0.229272446135462,0.0538233450948392,0.02067735416,0.213149244323,0.25342201557,0.277860592924,0.277860592982,0.064711348601,0.12199731623,0.277860592982,61,0.12,0.02,0.09,0.04,0.05,0.06,0.06,0.05,0.06,0.08,0.06
12,9,10,"prevalence",0.4,"power",51,0.31578581808884,0.000754639014398459,0.139869281045752,1275,0.229272446135462,0.0538233450948392,0.02067735416,0.213149244323,0.25342201557,0.277860592924,0.277860592982,0.064711348601,0.12199731623,0.277860592982,61,0.17,0.05,0.13,0.03,0.09,0.1,0.04,0.06,0.04,0.17,0.02
12,9,10,"prevalence",0.45,"power",51,0.31578581808884,0.000754639014398459,0.139869281045752,1275,0.229272446135462,0.0538233450948392,0.02067735416,0.213149244323,0.25342201557,0.277860592924,0.277860592982,0.064711348601,0.12199731623,0.277860592982,61,0.12,0.03,0.1,0.02,0.07,0.07,0.04,0.02,0.05,0.11,0.05
12,9,10,"prevalence",0.5,"power",51,0.31578581808884,0.000754639014398459,0.139869281045752,1275,0.229272446135462,0.0538233450948392,0.02067735416,0.213149244323,0.25342201557,0.277860592924,0.277860592982,0.064711348601,0.12199731623,0.277860592982,61,0.22,0.05,0.14,0.03,0.07,0.08,0.04,0.03,0.06,0.18,0.04
12,9,10,"prevalence",0.55,"power",51,0.31578581808884,0.000754639014398459,0.139869281045752,1275,0.229272446135462,0.0538233450948392,0.02067735416,0.213149244323,0.25342201557,0.277860592924,0.277860592982,0.064711348601,0.12199731623,0.277860592982,61,0.32,0.07,0.09,0.09,0.1,0.2,0.04,0.05,0.04,0.26,0.06
12,9,10,"prevalence",0.6,"power",51,0.31578581808884,0.000754639014398459,0.139869281045752,1275,0.229272446135462,0.0538233450948392,0.02067735416,0.213149244323,0.25342201557,0.277860592924,0.277860592982,0.064711348601,0.12199731623,0.277860592982,61,0.31,0.07,0.09,0.07,0.06,0.13,0.06,0.07,0.06,0.35,0.05
12,8,11,"abundance",0,"type1_error",51,-6.54188312906716e-05,0.000567175089881985,0.0931372549019608,1275,0.274323336854177,0.0684480135555953,0.009324199066,0.234092389905,0.322253965988,0.3222539660225,0.322253966049,0.0881615761175,0.11266427517,0.322253966049,48,0.08,0.04,0.07,0.02,0.04,0.03,0.04,0.04,0.02,0.1,0.06
12,8,11,"abundance",0.05,"power",51,-6.54188312906716e-05,0.000567175089881985,0.0931372549019608,1275,0.274323336854177,0.0684480135555953,0.009324199066,0.234092389905,0.322253965988,0.3222539660225,0.322253966049,0.0881615761175,0.11266427517,0.322253966049,48,0.05,0.06,0.03,0.08,0.06,0.05,0.07,0.06,0.09,0.06,0.04
12,8,11,"abundance",0.1,"power",51,-6.54188312906716e-05,0.000567175089881985,0.0931372549019608,1275,0.274323336854177,0.0684480135555953,0.009324199066,0.234092389905,0.322253965988,0.3222539660225,0.322253966049,0.0881615761175,0.11266427517,0.322253966049,48,0.05,0.06,0.04,0.06,0.06,0.09,0.06,0.04,0.04,0.03,0.06
12,8,11,"abundance",0.15,"power",51,-6.54188312906716e-05,0.000567175089881985,0.0931372549019608,1275,0.274323336854177,0.0684480135555953,0.009324199066,0.234092389905,0.322253965988,0.3222539660225,0.322253966049,0.0881615761175,0.11266427517,0.322253966049,48,0.04,0.04,0.04,0.02,0.02,0.04,0.02,0.02,0,0.06,0.03
12,8,11,"abundance",0.2,"power",51,-6.54188312906716e-05,0.000567175089881985,0.0931372549019608,1275,0.274323336854177,0.0684480135555953,0.009324199066,0.234092389905,0.322253965988,0.3222539660225,0.322253966049,0.0881615761175,0.11266427517,0.322253966049,48,0.02,0.04,0.06,0.03,0.06,0.03,0.05,0.02,0.05,0.02,0.04
12,8,11,"abundance",0.25,"power",51,-6.54188312906716e-05,0.000567175089881985,0.0931372549019608,1275,0.274323336854177,0.0684480135555953,0.009324199066,0.234092389905,0.322253965988,0.3222539660225,0.322253966049,0.0881615761175,0.11266427517,0.322253966049,48,0.03,0.07,0.07,0.05,0.06,0.04,0.05,0.06,0.05,0.05,0.09
12,8,11,"abundance",0.3,"power",51,-6.54188312906716e-05,0.000567175089881985,0.0931372549019608,1275,0.274323336854177,0.0684480135555953,0.009324199066,0.234092389905,0.322253965988,0.3222539660225,0.322253966049,0.0881615761175,0.11266427517,0.322253966049,48,0.05,0.05,0.05,0.05,0.07,0.04,0.05,0.06,0.05,0.04,0.06
12,8,11,"abundance",0.35,"power",51,-6.54188312906716e-05,0.000567175089881985,0.0931372549019608,1275,0.274323336854177,0.0684480135555953,0.009324199066,0.234092389905,0.322253965988,0.3222539660225,0.322253966049,0.0881615761175,0.11266427517,0.322253966049,48,0.09,0.04,0.05,0.04,0.1,0.09,0.09,0.08,0.08,0.04,0.04
12,8,11,"abundance",0.4,"power",51,-6.54188312906716e-05,0.000567175089881985,0.0931372549019608,1275,0.274323336854177,0.0684480135555953,0.009324199066,0.234092389905,0.322253965988,0.3222539660225,0.322253966049,0.0881615761175,0.11266427517,0.322253966049,48,0.05,0.08,0.05,0.09,0.05,0.04,0.05,0.04,0.05,0.07,0.05
12,8,11,"abundance",0.45,"power",51,-6.54188312906716e-05,0.000567175089881985,0.0931372549019608,1275,0.274323336854177,0.0684480135555953,0.009324199066,0.234092389905,0.322253965988,0.3222539660225,0.322253966049,0.0881615761175,0.11266427517,0.322253966049,48,0.07,0.07,0.07,0.07,0.06,0.04,0.02,0.04,0.03,0.06,0.07
12,8,11,"abundance",0.5,"power",51,-6.54188312906716e-05,0.000567175089881985,0.0931372549019608,1275,0.274323336854177,0.0684480135555953,0.009324199066,0.234092389905,0.322253965988,0.3222539660225,0.322253966049,0.0881615761175,0.11266427517,0.322253966049,48,0.08,0.03,0.03,0.03,0.1,0.08,0.05,0.07,0.05,0.06,0.04
12,8,11,"abundance",0.55,"power",51,-6.54188312906716e-05,0.000567175089881985,0.0931372549019608,1275,0.274323336854177,0.0684480135555953,0.009324199066,0.234092389905,0.322253965988,0.3222539660225,0.322253966049,0.0881615761175,0.11266427517,0.322253966049,48,0.04,0.05,0.04,0.07,0.07,0.03,0.08,0.05,0.09,0.04,0.07
12,8,11,"abundance",0.6,"power",51,-6.54188312906716e-05,0.000567175089881985,0.0931372549019608,1275,0.274323336854177,0.0684480135555953,0.009324199066,0.234092389905,0.322253965988,0.3222539660225,0.322253966049,0.0881615761175,0.11266427517,0.322253966049,48,0.07,0.02,0.03,0.04,0.06,0.06,0.01,0.03,0.03,0.05,0.01
12,8,11,"both",0,"type1_error",51,-6.54188312906716e-05,0.000567175089881985,0.0931372549019608,1275,0.274323336854177,0.0684480135555953,0.009324199066,0.234092389905,0.322253965988,0.3222539660225,0.322253966049,0.0881615761175,0.11266427517,0.322253966049,48,0.03,0.06,0.04,0.06,0.04,0.02,0.02,0.03,0.03,0.03,0.04
12,8,11,"both",0.05,"power",51,-6.54188312906716e-05,0.000567175089881985,0.0931372549019608,1275,0.274323336854177,0.0684480135555953,0.009324199066,0.234092389905,0.322253965988,0.3222539660225,0.322253966049,0.0881615761175,0.11266427517,0.322253966049,48,0.07,0.06,0.04,0.05,0.05,0.03,0.02,0.04,0.03,0.03,0.05
12,8,11,"both",0.1,"power",51,-6.54188312906716e-05,0.000567175089881985,0.0931372549019608,1275,0.274323336854177,0.0684480135555953,0.009324199066,0.234092389905,0.322253965988,0.3222539660225,0.322253966049,0.0881615761175,0.11266427517,0.322253966049,48,0.04,0.04,0.04,0.04,0.05,0.05,0.08,0.07,0.07,0.06,0.08
12,8,11,"both",0.15,"power",51,-6.54188312906716e-05,0.000567175089881985,0.0931372549019608,1275,0.274323336854177,0.0684480135555953,0.009324199066,0.234092389905,0.322253965988,0.3222539660225,0.322253966049,0.0881615761175,0.11266427517,0.322253966049,48,0.04,0.07,0.03,0.09,0.05,0.06,0.07,0.09,0.07,0.05,0.08
12,8,11,"both",0.2,"power",51,-6.54188312906716e-05,0.000567175089881985,0.0931372549019608,1275,0.274323336854177,0.0684480135555953,0.009324199066,0.234092389905,0.322253965988,0.3222539660225,0.322253966049,0.0881615761175,0.11266427517,0.322253966049,48,0.1,0.08,0.02,0.09,0.07,0.06,0.08,0.04,0.06,0.08,0.08
12,8,11,"both",0.25,"power",51,-6.54188312906716e-05,0.000567175089881985,0.0931372549019608,1275,0.274323336854177,0.0684480135555953,0.009324199066,0.234092389905,0.322253965988,0.3222539660225,0.322253966049,0.0881615761175,0.11266427517,0.322253966049,48,0.05,0.05,0.12,0.01,0.03,0.06,0.03,0.02,0.02,0.03,0.02
12,8,11,"both",0.3,"power",51,-6.54188312906716e-05,0.000567175089881985,0.0931372549019608,1275,0.274323336854177,0.0684480135555953,0.009324199066,0.234092389905,0.322253965988,0.3222539660225,0.322253966049,0.0881615761175,0.11266427517,0.322253966049,48,0.08,0.04,0.04,0.04,0.11,0.08,0.04,0.04,0.05,0.09,0.07
12,8,11,"both",0.35,"power",51,-6.54188312906716e-05,0.000567175089881985,0.0931372549019608,1275,0.274323336854177,0.0684480135555953,0.009324199066,0.234092389905,0.322253965988,0.3222539660225,0.322253966049,0.0881615761175,0.11266427517,0.322253966049,48,0.11,0.02,0.04,0.03,0.11,0.12,0.09,0.05,0.08,0.12,0.06
12,8,11,"both",0.4,"power",51,-6.54188312906716e-05,0.000567175089881985,0.0931372549019608,1275,0.274323336854177,0.0684480135555953,0.009324199066,0.234092389905,0.322253965988,0.3222539660225,0.322253966049,0.0881615761175,0.11266427517,0.322253966049,48,0.12,0.1,0.06,0.07,0.1,0.15,0.07,0.09,0.09,0.08,0.12
12,8,11,"both",0.45,"power",51,-6.54188312906716e-05,0.000567175089881985,0.0931372549019608,1275,0.274323336854177,0.0684480135555953,0.009324199066,0.234092389905,0.322253965988,0.3222539660225,0.322253966049,0.0881615761175,0.11266427517,0.322253966049,48,0.22,0.04,0.09,0.07,0.18,0.21,0.06,0.07,0.06,0.19,0.09
12,8,11,"both",0.5,"power",51,-6.54188312906716e-05,0.000567175089881985,0.0931372549019608,1275,0.274323336854177,0.0684480135555953,0.009324199066,0.234092389905,0.322253965988,0.3222539660225,0.322253966049,0.0881615761175,0.11266427517,0.322253966049,48,0.25,0.08,0.1,0.05,0.24,0.24,0.12,0.08,0.11,0.19,0.09
12,8,11,"both",0.55,"power",51,-6.54188312906716e-05,0.000567175089881985,0.0931372549019608,1275,0.274323336854177,0.0684480135555953,0.009324199066,0.234092389905,0.322253965988,0.3222539660225,0.322253966049,0.0881615761175,0.11266427517,0.322253966049,48,0.32,0.08,0.07,0.08,0.36,0.37,0.17,0.08,0.17,0.22,0.12
12,8,11,"both",0.6,"power",51,-6.54188312906716e-05,0.000567175089881985,0.0931372549019608,1275,0.274323336854177,0.0684480135555953,0.009324199066,0.234092389905,0.322253965988,0.3222539660225,0.322253966049,0.0881615761175,0.11266427517,0.322253966049,48,0.36,0.07,0.13,0.03,0.31,0.37,0.08,0.05,0.06,0.24,0.11
12,8,11,"prevalence",0,"type1_error",51,-6.54188312906716e-05,0.000567175089881985,0.0931372549019608,1275,0.274323336854177,0.0684480135555953,0.009324199066,0.234092389905,0.322253965988,0.3222539660225,0.322253966049,0.0881615761175,0.11266427517,0.322253966049,48,0.08,0.03,0.1,0.03,0.03,0.07,0.05,0.03,0.05,0.03,0.05
12,8,11,"prevalence",0.05,"power",51,-6.54188312906716e-05,0.000567175089881985,0.0931372549019608,1275,0.274323336854177,0.0684480135555953,0.009324199066,0.234092389905,0.322253965988,0.3222539660225,0.322253966049,0.0881615761175,0.11266427517,0.322253966049,48,0.05,0.03,0.08,0.06,0.01,0.05,0.04,0.08,0.05,0.06,0.02
12,8,11,"prevalence",0.1,"power",51,-6.54188312906716e-05,0.000567175089881985,0.0931372549019608,1275,0.274323336854177,0.0684480135555953,0.009324199066,0.234092389905,0.322253965988,0.3222539660225,0.322253966049,0.0881615761175,0.11266427517,0.322253966049,48,0.03,0.06,0.03,0.05,0.09,0.05,0.07,0.08,0.06,0.03,0.08
12,8,11,"prevalence",0.15,"power",51,-6.54188312906716e-05,0.000567175089881985,0.0931372549019608,1275,0.274323336854177,0.0684480135555953,0.009324199066,0.234092389905,0.322253965988,0.3222539660225,0.322253966049,0.0881615761175,0.11266427517,0.322253966049,48,0.06,0.07,0.07,0.08,0.05,0.02,0.03,0.04,0.04,0.07,0.05
12,8,11,"prevalence",0.2,"power",51,-6.54188312906716e-05,0.000567175089881985,0.0931372549019608,1275,0.274323336854177,0.0684480135555953,0.009324199066,0.234092389905,0.322253965988,0.3222539660225,0.322253966049,0.0881615761175,0.11266427517,0.322253966049,48,0.11,0.08,0.07,0.06,0.08,0.08,0.07,0.04,0.07,0.06,0.06
12,8,11,"prevalence",0.25,"power",51,-6.54188312906716e-05,0.000567175089881985,0.0931372549019608,1275,0.274323336854177,0.0684480135555953,0.009324199066,0.234092389905,0.322253965988,0.3222539660225,0.322253966049,0.0881615761175,0.11266427517,0.322253966049,48,0.08,0.07,0.06,0.08,0.07,0.09,0.07,0.05,0.06,0.08,0.06
12,8,11,"prevalence",0.3,"power",51,-6.54188312906716e-05,0.000567175089881985,0.0931372549019608,1275,0.274323336854177,0.0684480135555953,0.009324199066,0.234092389905,0.322253965988,0.3222539660225,0.322253966049,0.0881615761175,0.11266427517,0.322253966049,48,0.04,0.06,0.08,0.05,0.08,0.04,0.06,0.07,0.07,0.08,0.08
12,8,11,"prevalence",0.35,"power",51,-6.54188312906716e-05,0.000567175089881985,0.0931372549019608,1275,0.274323336854177,0.0684480135555953,0.009324199066,0.234092389905,0.322253965988,0.3222539660225,0.322253966049,0.0881615761175,0.11266427517,0.322253966049,48,0.12,0.06,0.05,0.04,0.06,0.03,0.04,0.04,0.03,0.09,0.06
12,8,11,"prevalence",0.4,"power",51,-6.54188312906716e-05,0.000567175089881985,0.0931372549019608,1275,0.274323336854177,0.0684480135555953,0.009324199066,0.234092389905,0.322253965988,0.3222539660225,0.322253966049,0.0881615761175,0.11266427517,0.322253966049,48,0.2,0.06,0.13,0.07,0.07,0.13,0.08,0.09,0.07,0.19,0.1
12,8,11,"prevalence",0.45,"power",51,-6.54188312906716e-05,0.000567175089881985,0.0931372549019608,1275,0.274323336854177,0.0684480135555953,0.009324199066,0.234092389905,0.322253965988,0.3222539660225,0.322253966049,0.0881615761175,0.11266427517,0.322253966049,48,0.18,0.07,0.09,0.05,0.1,0.11,0.07,0.04,0.07,0.18,0.06
12,8,11,"prevalence",0.5,"power",51,-6.54188312906716e-05,0.000567175089881985,0.0931372549019608,1275,0.274323336854177,0.0684480135555953,0.009324199066,0.234092389905,0.322253965988,0.3222539660225,0.322253966049,0.0881615761175,0.11266427517,0.322253966049,48,0.31,0.06,0.06,0.03,0.1,0.16,0.11,0.05,0.11,0.2,0.09
12,8,11,"prevalence",0.55,"power",51,-6.54188312906716e-05,0.000567175089881985,0.0931372549019608,1275,0.274323336854177,0.0684480135555953,0.009324199066,0.234092389905,0.322253965988,0.3222539660225,0.322253966049,0.0881615761175,0.11266427517,0.322253966049,48,0.26,0.04,0.06,0.05,0.11,0.17,0.05,0.01,0.05,0.23,0.05
12,8,11,"prevalence",0.6,"power",51,-6.54188312906716e-05,0.000567175089881985,0.0931372549019608,1275,0.274323336854177,0.0684480135555953,0.009324199066,0.234092389905,0.322253965988,0.3222539660225,0.322253966049,0.0881615761175,0.11266427517,0.322253966049,48,0.36,0.06,0.09,0.07,0.14,0.17,0.06,0.07,0.07,0.28,0.07
12,3,12,"abundance",0,"type1_error",52,-0.0747314001989005,0.00039113194424832,0.0794871794871795,1326,0.548007399196879,0.115485517814655,0.003030312306,0.518249480694,0.553216142416,0.577372017018,0.803552742596,0.0591225363240001,0.43922222202,0.5976137814,245,0.07,0.05,0.01,0.04,0.03,0.05,0.04,0.03,0.05,0.06,0.04
12,3,12,"abundance",0.05,"power",52,-0.0747314001989005,0.00039113194424832,0.0794871794871795,1326,0.548007399196879,0.115485517814655,0.003030312306,0.518249480694,0.553216142416,0.577372017018,0.803552742596,0.0591225363240001,0.43922222202,0.5976137814,245,0.02,0.09,0.04,0.07,0.02,0.03,0.05,0.08,0.05,0.05,0.08
12,3,12,"abundance",0.1,"power",52,-0.0747314001989005,0.00039113194424832,0.0794871794871795,1326,0.548007399196879,0.115485517814655,0.003030312306,0.518249480694,0.553216142416,0.577372017018,0.803552742596,0.0591225363240001,0.43922222202,0.5976137814,245,0.06,0.06,0.06,0.06,0.08,0.08,0.05,0.09,0.06,0.07,0.06
12,3,12,"abundance",0.15,"power",52,-0.0747314001989005,0.00039113194424832,0.0794871794871795,1326,0.548007399196879,0.115485517814655,0.003030312306,0.518249480694,0.553216142416,0.577372017018,0.803552742596,0.0591225363240001,0.43922222202,0.5976137814,245,0.04,0.07,0.03,0.07,0.03,0.02,0.04,0.06,0.05,0.03,0.04
12,3,12,"abundance",0.2,"power",52,-0.0747314001989005,0.00039113194424832,0.0794871794871795,1326,0.548007399196879,0.115485517814655,0.003030312306,0.518249480694,0.553216142416,0.577372017018,0.803552742596,0.0591225363240001,0.43922222202,0.5976137814,245,0.03,0.05,0.06,0.03,0.05,0.08,0.05,0.04,0.05,0.05,0.07
12,3,12,"abundance",0.25,"power",52,-0.0747314001989005,0.00039113194424832,0.0794871794871795,1326,0.548007399196879,0.115485517814655,0.003030312306,0.518249480694,0.553216142416,0.577372017018,0.803552742596,0.0591225363240001,0.43922222202,0.5976137814,245,0.07,0.02,0.05,0.02,0.03,0.06,0.05,0.05,0.06,0.08,0.03
12,3,12,"abundance",0.3,"power",52,-0.0747314001989005,0.00039113194424832,0.0794871794871795,1326,0.548007399196879,0.115485517814655,0.003030312306,0.518249480694,0.553216142416,0.577372017018,0.803552742596,0.0591225363240001,0.43922222202,0.5976137814,245,0.03,0.05,0.05,0.06,0.03,0.06,0.02,0.01,0.01,0.04,0.03
12,3,12,"abundance",0.35,"power",52,-0.0747314001989005,0.00039113194424832,0.0794871794871795,1326,0.548007399196879,0.115485517814655,0.003030312306,0.518249480694,0.553216142416,0.577372017018,0.803552742596,0.0591225363240001,0.43922222202,0.5976137814,245,0.07,0.07,0.03,0.09,0.08,0.09,0.07,0.05,0.07,0.08,0.07
12,3,12,"abundance",0.4,"power",52,-0.0747314001989005,0.00039113194424832,0.0794871794871795,1326,0.548007399196879,0.115485517814655,0.003030312306,0.518249480694,0.553216142416,0.577372017018,0.803552742596,0.0591225363240001,0.43922222202,0.5976137814,245,0.09,0.04,0.06,0.06,0.06,0.03,0.03,0.04,0.01,0.07,0.05
12,3,12,"abundance",0.45,"power",52,-0.0747314001989005,0.00039113194424832,0.0794871794871795,1326,0.548007399196879,0.115485517814655,0.003030312306,0.518249480694,0.553216142416,0.577372017018,0.803552742596,0.0591225363240001,0.43922222202,0.5976137814,245,0.08,0.05,0.02,0.09,0.05,0.08,0.03,0.04,0.03,0.08,0.06
12,3,12,"abundance",0.5,"power",52,-0.0747314001989005,0.00039113194424832,0.0794871794871795,1326,0.548007399196879,0.115485517814655,0.003030312306,0.518249480694,0.553216142416,0.577372017018,0.803552742596,0.0591225363240001,0.43922222202,0.5976137814,245,0.04,0.12,0.05,0.09,0.09,0.03,0.06,0.07,0.05,0.04,0.07
12,3,12,"abundance",0.55,"power",52,-0.0747314001989005,0.00039113194424832,0.0794871794871795,1326,0.548007399196879,0.115485517814655,0.003030312306,0.518249480694,0.553216142416,0.577372017018,0.803552742596,0.0591225363240001,0.43922222202,0.5976137814,245,0.07,0.09,0.06,0.08,0.09,0.07,0.04,0.06,0.04,0.04,0.1
12,3,12,"abundance",0.6,"power",52,-0.0747314001989005,0.00039113194424832,0.0794871794871795,1326,0.548007399196879,0.115485517814655,0.003030312306,0.518249480694,0.553216142416,0.577372017018,0.803552742596,0.0591225363240001,0.43922222202,0.5976137814,245,0.05,0.05,0.06,0.06,0.05,0.05,0.06,0.07,0.06,0.03,0.05
12,3,12,"both",0,"type1_error",52,-0.0747314001989005,0.00039113194424832,0.0794871794871795,1326,0.548007399196879,0.115485517814655,0.003030312306,0.518249480694,0.553216142416,0.577372017018,0.803552742596,0.0591225363240001,0.43922222202,0.5976137814,245,0.05,0.04,0.07,0.01,0.04,0.08,0.05,0.07,0.04,0.05,0.04
12,3,12,"both",0.05,"power",52,-0.0747314001989005,0.00039113194424832,0.0794871794871795,1326,0.548007399196879,0.115485517814655,0.003030312306,0.518249480694,0.553216142416,0.577372017018,0.803552742596,0.0591225363240001,0.43922222202,0.5976137814,245,0.03,0.09,0.05,0.1,0.06,0.07,0.09,0.09,0.12,0.05,0.1
12,3,12,"both",0.1,"power",52,-0.0747314001989005,0.00039113194424832,0.0794871794871795,1326,0.548007399196879,0.115485517814655,0.003030312306,0.518249480694,0.553216142416,0.577372017018,0.803552742596,0.0591225363240001,0.43922222202,0.5976137814,245,0.05,0.07,0.05,0.07,0.08,0.08,0.07,0.04,0.06,0.08,0.04
12,3,12,"both",0.15,"power",52,-0.0747314001989005,0.00039113194424832,0.0794871794871795,1326,0.548007399196879,0.115485517814655,0.003030312306,0.518249480694,0.553216142416,0.577372017018,0.803552742596,0.0591225363240001,0.43922222202,0.5976137814,245,0.02,0.06,0.05,0.07,0.06,0.03,0.04,0.07,0.05,0.03,0.08
12,3,12,"both",0.2,"power",52,-0.0747314001989005,0.00039113194424832,0.0794871794871795,1326,0.548007399196879,0.115485517814655,0.003030312306,0.518249480694,0.553216142416,0.577372017018,0.803552742596,0.0591225363240001,0.43922222202,0.5976137814,245,0.09,0.05,0.07,0.06,0.05,0.06,0.09,0.1,0.06,0.09,0.05
12,3,12,"both",0.25,"power",52,-0.0747314001989005,0.00039113194424832,0.0794871794871795,1326,0.548007399196879,0.115485517814655,0.003030312306,0.518249480694,0.553216142416,0.577372017018,0.803552742596,0.0591225363240001,0.43922222202,0.5976137814,245,0.1,0.03,0.04,0.03,0.04,0.08,0.03,0.05,0.03,0.12,0.04
12,3,12,"both",0.3,"power",52,-0.0747314001989005,0.00039113194424832,0.0794871794871795,1326,0.548007399196879,0.115485517814655,0.003030312306,0.518249480694,0.553216142416,0.577372017018,0.803552742596,0.0591225363240001,0.43922222202,0.5976137814,245,0.06,0.04,0.03,0.03,0.04,0.06,0.03,0.06,0.04,0.08,0.02
12,3,12,"both",0.35,"power",52,-0.0747314001989005,0.00039113194424832,0.0794871794871795,1326,0.548007399196879,0.115485517814655,0.003030312306,0.518249480694,0.553216142416,0.577372017018,0.803552742596,0.0591225363240001,0.43922222202,0.5976137814,245,0.18,0.04,0.07,0.04,0.12,0.13,0.09,0.04,0.07,0.23,0.09
12,3,12,"both",0.4,"power",52,-0.0747314001989005,0.00039113194424832,0.0794871794871795,1326,0.548007399196879,0.115485517814655,0.003030312306,0.518249480694,0.553216142416,0.577372017018,0.803552742596,0.0591225363240001,0.43922222202,0.5976137814,245,0.17,0.04,0.05,0.03,0.15,0.17,0.06,0.05,0.07,0.27,0.06
12,3,12,"both",0.45,"power",52,-0.0747314001989005,0.00039113194424832,0.0794871794871795,1326,0.548007399196879,0.115485517814655,0.003030312306,0.518249480694,0.553216142416,0.577372017018,0.803552742596,0.0591225363240001,0.43922222202,0.5976137814,245,0.21,0.03,0.1,0.03,0.19,0.2,0.11,0.05,0.12,0.37,0.08
12,3,12,"both",0.5,"power",52,-0.0747314001989005,0.00039113194424832,0.0794871794871795,1326,0.548007399196879,0.115485517814655,0.003030312306,0.518249480694,0.553216142416,0.577372017018,0.803552742596,0.0591225363240001,0.43922222202,0.5976137814,245,0.19,0.04,0.11,0.03,0.22,0.13,0.06,0.06,0.04,0.4,0.08
12,3,12,"both",0.55,"power",52,-0.0747314001989005,0.00039113194424832,0.0794871794871795,1326,0.548007399196879,0.115485517814655,0.003030312306,0.518249480694,0.553216142416,0.577372017018,0.803552742596,0.0591225363240001,0.43922222202,0.5976137814,245,0.33,0.12,0.08,0.05,0.35,0.23,0.12,0.04,0.12,0.56,0.18
12,3,12,"both",0.6,"power",52,-0.0747314001989005,0.00039113194424832,0.0794871794871795,1326,0.548007399196879,0.115485517814655,0.003030312306,0.518249480694,0.553216142416,0.577372017018,0.803552742596,0.0591225363240001,0.43922222202,0.5976137814,245,0.29,0.04,0.13,0.04,0.44,0.27,0.05,0.04,0.05,0.66,0.13
12,3,12,"prevalence",0,"type1_error",52,-0.0747314001989005,0.00039113194424832,0.0794871794871795,1326,0.548007399196879,0.115485517814655,0.003030312306,0.518249480694,0.553216142416,0.577372017018,0.803552742596,0.0591225363240001,0.43922222202,0.5976137814,245,0.04,0.04,0.05,0.05,0.04,0.04,0.03,0.03,0.03,0.06,0.06
12,3,12,"prevalence",0.05,"power",52,-0.0747314001989005,0.00039113194424832,0.0794871794871795,1326,0.548007399196879,0.115485517814655,0.003030312306,0.518249480694,0.553216142416,0.577372017018,0.803552742596,0.0591225363240001,0.43922222202,0.5976137814,245,0.04,0.09,0.05,0.08,0.07,0.03,0.08,0.07,0.07,0.04,0.06
12,3,12,"prevalence",0.1,"power",52,-0.0747314001989005,0.00039113194424832,0.0794871794871795,1326,0.548007399196879,0.115485517814655,0.003030312306,0.518249480694,0.553216142416,0.577372017018,0.803552742596,0.0591225363240001,0.43922222202,0.5976137814,245,0.08,0.08,0.03,0.08,0.05,0.03,0.04,0.06,0.03,0.06,0.06
12,3,12,"prevalence",0.15,"power",52,-0.0747314001989005,0.00039113194424832,0.0794871794871795,1326,0.548007399196879,0.115485517814655,0.003030312306,0.518249480694,0.553216142416,0.577372017018,0.803552742596,0.0591225363240001,0.43922222202,0.5976137814,245,0.07,0.05,0.05,0.02,0.04,0.07,0.05,0.06,0.04,0.11,0.05
12,3,12,"prevalence",0.2,"power",52,-0.0747314001989005,0.00039113194424832,0.0794871794871795,1326,0.548007399196879,0.115485517814655,0.003030312306,0.518249480694,0.553216142416,0.577372017018,0.803552742596,0.0591225363240001,0.43922222202,0.5976137814,245,0.07,0.04,0.06,0.04,0.08,0.06,0.06,0.05,0.04,0.11,0.06
12,3,12,"prevalence",0.25,"power",52,-0.0747314001989005,0.00039113194424832,0.0794871794871795,1326,0.548007399196879,0.115485517814655,0.003030312306,0.518249480694,0.553216142416,0.577372017018,0.803552742596,0.0591225363240001,0.43922222202,0.5976137814,245,0.04,0.08,0.07,0.05,0.05,0.02,0.07,0.05,0.08,0.03,0.07
12,3,12,"prevalence",0.3,"power",52,-0.0747314001989005,0.00039113194424832,0.0794871794871795,1326,0.548007399196879,0.115485517814655,0.003030312306,0.518249480694,0.553216142416,0.577372017018,0.803552742596,0.0591225363240001,0.43922222202,0.5976137814,245,0.13,0.07,0.06,0.07,0.08,0.1,0.08,0.06,0.09,0.21,0.09
12,3,12,"prevalence",0.35,"power",52,-0.0747314001989005,0.00039113194424832,0.0794871794871795,1326,0.548007399196879,0.115485517814655,0.003030312306,0.518249480694,0.553216142416,0.577372017018,0.803552742596,0.0591225363240001,0.43922222202,0.5976137814,245,0.17,0.03,0.08,0.03,0.03,0.06,0.04,0.04,0.04,0.22,0.01
12,3,12,"prevalence",0.4,"power",52,-0.0747314001989005,0.00039113194424832,0.0794871794871795,1326,0.548007399196879,0.115485517814655,0.003030312306,0.518249480694,0.553216142416,0.577372017018,0.803552742596,0.0591225363240001,0.43922222202,0.5976137814,245,0.12,0.01,0.12,0,0.04,0.08,0.04,0.04,0.03,0.24,0.03
12,3,12,"prevalence",0.45,"power",52,-0.0747314001989005,0.00039113194424832,0.0794871794871795,1326,0.548007399196879,0.115485517814655,0.003030312306,0.518249480694,0.553216142416,0.577372017018,0.803552742596,0.0591225363240001,0.43922222202,0.5976137814,245,0.13,0.08,0.06,0.09,0.07,0.08,0.03,0.01,0.03,0.3,0.05
12,3,12,"prevalence",0.5,"power",52,-0.0747314001989005,0.00039113194424832,0.0794871794871795,1326,0.548007399196879,0.115485517814655,0.003030312306,0.518249480694,0.553216142416,0.577372017018,0.803552742596,0.0591225363240001,0.43922222202,0.5976137814,245,0.17,0.05,0.06,0.05,0.06,0.09,0.03,0.04,0.03,0.39,0.08
12,3,12,"prevalence",0.55,"power",52,-0.0747314001989005,0.00039113194424832,0.0794871794871795,1326,0.548007399196879,0.115485517814655,0.003030312306,0.518249480694,0.553216142416,0.577372017018,0.803552742596,0.0591225363240001,0.43922222202,0.5976137814,245,0.32,0.01,0.21,0.02,0.1,0.15,0.07,0.01,0.05,0.56,0.01
12,3,12,"prevalence",0.6,"power",52,-0.0747314001989005,0.00039113194424832,0.0794871794871795,1326,0.548007399196879,0.115485517814655,0.003030312306,0.518249480694,0.553216142416,0.577372017018,0.803552742596,0.0591225363240001,0.43922222202,0.5976137814,245,0.36,0.05,0.19,0.06,0.12,0.12,0.1,0.08,0.09,0.65,0.07
14,13,1,"abundance",0,"type1_error",44,0.000665491065643863,0.00439191503573598,0.176515151515152,946,0.234273432232319,0.0742985849490527,0.005899773466,0.203468737158,0.234092389909,0.28306622631,0.362262541269,0.079597489152,0.0870121603539,0.362262541269,31,0.01,0.08,0.03,0.09,0.06,0.07,0.09,0.08,0.08,0.05,0.08
14,13,1,"abundance",0.05,"power",44,0.000665491065643863,0.00439191503573598,0.176515151515152,946,0.234273432232319,0.0742985849490527,0.005899773466,0.203468737158,0.234092389909,0.28306622631,0.362262541269,0.079597489152,0.0870121603539,0.362262541269,31,0.06,0.07,0.06,0.08,0.09,0.03,0.06,0.08,0.1,0.04,0.1
14,13,1,"abundance",0.1,"power",44,0.000665491065643863,0.00439191503573598,0.176515151515152,946,0.234273432232319,0.0742985849490527,0.005899773466,0.203468737158,0.234092389909,0.28306622631,0.362262541269,0.079597489152,0.0870121603539,0.362262541269,31,0.06,0.02,0.07,0.04,0.03,0.04,0.04,0.02,0.04,0.08,0.02
14,13,1,"abundance",0.15,"power",44,0.000665491065643863,0.00439191503573598,0.176515151515152,946,0.234273432232319,0.0742985849490527,0.005899773466,0.203468737158,0.234092389909,0.28306622631,0.362262541269,0.079597489152,0.0870121603539,0.362262541269,31,0.03,0.1,0.05,0.09,0.05,0.06,0.08,0.05,0.08,0.03,0.06
14,13,1,"abundance",0.2,"power",44,0.000665491065643863,0.00439191503573598,0.176515151515152,946,0.234273432232319,0.0742985849490527,0.005899773466,0.203468737158,0.234092389909,0.28306622631,0.362262541269,0.079597489152,0.0870121603539,0.362262541269,31,0.05,0.11,0.05,0.14,0.05,0.05,0.08,0.1,0.08,0.07,0.07
14,13,1,"abundance",0.25,"power",44,0.000665491065643863,0.00439191503573598,0.176515151515152,946,0.234273432232319,0.0742985849490527,0.005899773466,0.203468737158,0.234092389909,0.28306622631,0.362262541269,0.079597489152,0.0870121603539,0.362262541269,31,0.04,0.16,0.02,0.16,0.11,0.04,0.09,0.1,0.09,0.06,0.13
14,13,1,"abundance",0.3,"power",44,0.000665491065643863,0.00439191503573598,0.176515151515152,946,0.234273432232319,0.0742985849490527,0.005899773466,0.203468737158,0.234092389909,0.28306622631,0.362262541269,0.079597489152,0.0870121603539,0.362262541269,31,0.11,0.28,0.05,0.34,0.17,0.08,0.16,0.19,0.16,0.09,0.22
14,13,1,"abundance",0.35,"power",44,0.000665491065643863,0.00439191503573598,0.176515151515152,946,0.234273432232319,0.0742985849490527,0.005899773466,0.203468737158,0.234092389909,0.28306622631,0.362262541269,0.079597489152,0.0870121603539,0.362262541269,31,0.03,0.33,0.03,0.33,0.21,0.04,0.27,0.2,0.26,0.03,0.28
14,13,1,"abundance",0.4,"power",44,0.000665491065643863,0.00439191503573598,0.176515151515152,946,0.234273432232319,0.0742985849490527,0.005899773466,0.203468737158,0.234092389909,0.28306622631,0.362262541269,0.079597489152,0.0870121603539,0.362262541269,31,0.08,0.47,0.03,0.43,0.34,0.11,0.28,0.22,0.28,0.05,0.38
14,13,1,"abundance",0.45,"power",44,0.000665491065643863,0.00439191503573598,0.176515151515152,946,0.234273432232319,0.0742985849490527,0.005899773466,0.203468737158,0.234092389909,0.28306622631,0.362262541269,0.079597489152,0.0870121603539,0.362262541269,31,0.02,0.43,0.04,0.44,0.39,0.05,0.23,0.2,0.21,0.06,0.42
14,13,1,"abundance",0.5,"power",44,0.000665491065643863,0.00439191503573598,0.176515151515152,946,0.234273432232319,0.0742985849490527,0.005899773466,0.203468737158,0.234092389909,0.28306622631,0.362262541269,0.079597489152,0.0870121603539,0.362262541269,31,0.06,0.56,0.06,0.57,0.5,0.07,0.43,0.35,0.46,0.05,0.57
14,13,1,"abundance",0.55,"power",44,0.000665491065643863,0.00439191503573598,0.176515151515152,946,0.234273432232319,0.0742985849490527,0.005899773466,0.203468737158,0.234092389909,0.28306622631,0.362262541269,0.079597489152,0.0870121603539,0.362262541269,31,0.04,0.59,0.09,0.61,0.49,0.03,0.41,0.35,0.43,0.06,0.59
14,13,1,"abundance",0.6,"power",44,0.000665491065643863,0.00439191503573598,0.176515151515152,946,0.234273432232319,0.0742985849490527,0.005899773466,0.203468737158,0.234092389909,0.28306622631,0.362262541269,0.079597489152,0.0870121603539,0.362262541269,31,0.05,0.71,0.05,0.66,0.68,0.08,0.57,0.42,0.57,0.04,0.69
14,13,1,"both",0,"type1_error",44,0.000665491065643863,0.00439191503573598,0.176515151515152,946,0.234273432232319,0.0742985849490527,0.005899773466,0.203468737158,0.234092389909,0.28306622631,0.362262541269,0.079597489152,0.0870121603539,0.362262541269,31,0.03,0.07,0.03,0.06,0.08,0.01,0.08,0.07,0.07,0.02,0.1
14,13,1,"both",0.05,"power",44,0.000665491065643863,0.00439191503573598,0.176515151515152,946,0.234273432232319,0.0742985849490527,0.005899773466,0.203468737158,0.234092389909,0.28306622631,0.362262541269,0.079597489152,0.0870121603539,0.362262541269,31,0.08,0.08,0.05,0.08,0.05,0.07,0.09,0.11,0.08,0.08,0.06
14,13,1,"both",0.1,"power",44,0.000665491065643863,0.00439191503573598,0.176515151515152,946,0.234273432232319,0.0742985849490527,0.005899773466,0.203468737158,0.234092389909,0.28306622631,0.362262541269,0.079597489152,0.0870121603539,0.362262541269,31,0.04,0.05,0.08,0.06,0.02,0.05,0.05,0.03,0.05,0.03,0.04
14,13,1,"both",0.15,"power",44,0.000665491065643863,0.00439191503573598,0.176515151515152,946,0.234273432232319,0.0742985849490527,0.005899773466,0.203468737158,0.234092389909,0.28306622631,0.362262541269,0.079597489152,0.0870121603539,0.362262541269,31,0.06,0.08,0.07,0.07,0.11,0.07,0.07,0.08,0.07,0.07,0.1
14,13,1,"both",0.2,"power",44,0.000665491065643863,0.00439191503573598,0.176515151515152,946,0.234273432232319,0.0742985849490527,0.005899773466,0.203468737158,0.234092389909,0.28306622631,0.362262541269,0.079597489152,0.0870121603539,0.362262541269,31,0.05,0.16,0.02,0.16,0.13,0.09,0.09,0.08,0.09,0.03,0.16
14,13,1,"both",0.25,"power",44,0.000665491065643863,0.00439191503573598,0.176515151515152,946,0.234273432232319,0.0742985849490527,0.005899773466,0.203468737158,0.234092389909,0.28306622631,0.362262541269,0.079597489152,0.0870121603539,0.362262541269,31,0.07,0.32,0.03,0.31,0.23,0.14,0.16,0.13,0.15,0.06,0.29
14,13,1,"both",0.3,"power",44,0.000665491065643863,0.00439191503573598,0.176515151515152,946,0.234273432232319,0.0742985849490527,0.005899773466,0.203468737158,0.234092389909,0.28306622631,0.362262541269,0.079597489152,0.0870121603539,0.362262541269,31,0.12,0.24,0.08,0.23,0.24,0.16,0.13,0.12,0.14,0.08,0.25
14,13,1,"both",0.35,"power",44,0.000665491065643863,0.00439191503573598,0.176515151515152,946,0.234273432232319,0.0742985849490527,0.005899773466,0.203468737158,0.234092389909,0.28306622631,0.362262541269,0.079597489152,0.0870121603539,0.362262541269,31,0.11,0.43,0.04,0.43,0.39,0.19,0.28,0.16,0.28,0.11,0.47
14,13,1,"both",0.4,"power",44,0.000665491065643863,0.00439191503573598,0.176515151515152,946,0.234273432232319,0.0742985849490527,0.005899773466,0.203468737158,0.234092389909,0.28306622631,0.362262541269,0.079597489152,0.0870121603539,0.362262541269,31,0.14,0.58,0.1,0.57,0.51,0.33,0.42,0.26,0.41,0.12,0.55
14,13,1,"both",0.45,"power",44,0.000665491065643863,0.00439191503573598,0.176515151515152,946,0.234273432232319,0.0742985849490527,0.005899773466,0.203468737158,0.234092389909,0.28306622631,0.362262541269,0.079597489152,0.0870121603539,0.362262541269,31,0.12,0.55,0.08,0.53,0.52,0.27,0.41,0.28,0.41,0.15,0.56
14,13,1,"both",0.5,"power",44,0.000665491065643863,0.00439191503573598,0.176515151515152,946,0.234273432232319,0.0742985849490527,0.005899773466,0.203468737158,0.234092389909,0.28306622631,0.362262541269,0.079597489152,0.0870121603539,0.362262541269,31,0.22,0.68,0.07,0.66,0.76,0.37,0.56,0.34,0.52,0.17,0.72
14,13,1,"both",0.55,"power",44,0.000665491065643863,0.00439191503573598,0.176515151515152,946,0.234273432232319,0.0742985849490527,0.005899773466,0.203468737158,0.234092389909,0.28306622631,0.362262541269,0.079597489152,0.0870121603539,0.362262541269,31,0.25,0.84,0.07,0.85,0.87,0.5,0.75,0.43,0.74,0.17,0.88
14,13,1,"both",0.6,"power",44,0.000665491065643863,0.00439191503573598,0.176515151515152,946,0.234273432232319,0.0742985849490527,0.005899773466,0.203468737158,0.234092389909,0.28306622631,0.362262541269,0.079597489152,0.0870121603539,0.362262541269,31,0.3,0.79,0.11,0.81,0.94,0.54,0.74,0.47,0.72,0.22,0.88
14,13,1,"prevalence",0,"type1_error",44,0.000665491065643863,0.00439191503573598,0.176515151515152,946,0.234273432232319,0.0742985849490527,0.005899773466,0.203468737158,0.234092389909,0.28306622631,0.362262541269,0.079597489152,0.0870121603539,0.362262541269,31,0.05,0.06,0.06,0.05,0.04,0.03,0.04,0.02,0.06,0.07,0.03
14,13,1,"prevalence",0.05,"power",44,0.000665491065643863,0.00439191503573598,0.176515151515152,946,0.234273432232319,0.0742985849490527,0.005899773466,0.203468737158,0.234092389909,0.28306622631,0.362262541269,0.079597489152,0.0870121603539,0.362262541269,31,0.05,0.07,0.06,0.03,0.08,0.04,0.07,0.1,0.06,0.06,0.04
14,13,1,"prevalence",0.1,"power",44,0.000665491065643863,0.00439191503573598,0.176515151515152,946,0.234273432232319,0.0742985849490527,0.005899773466,0.203468737158,0.234092389909,0.28306622631,0.362262541269,0.079597489152,0.0870121603539,0.362262541269,31,0.07,0.04,0.08,0.05,0.02,0.03,0.02,0.02,0.02,0.06,0
14,13,1,"prevalence",0.15,"power",44,0.000665491065643863,0.00439191503573598,0.176515151515152,946,0.234273432232319,0.0742985849490527,0.005899773466,0.203468737158,0.234092389909,0.28306622631,0.362262541269,0.079597489152,0.0870121603539,0.362262541269,31,0.06,0.03,0.04,0.03,0.01,0.06,0.02,0.01,0.03,0.04,0.02
14,13,1,"prevalence",0.2,"power",44,0.000665491065643863,0.00439191503573598,0.176515151515152,946,0.234273432232319,0.0742985849490527,0.005899773466,0.203468737158,0.234092389909,0.28306622631,0.362262541269,0.079597489152,0.0870121603539,0.362262541269,31,0.06,0.05,0.03,0.09,0.08,0.08,0.06,0.06,0.05,0.05,0.08
14,13,1,"prevalence",0.25,"power",44,0.000665491065643863,0.00439191503573598,0.176515151515152,946,0.234273432232319,0.0742985849490527,0.005899773466,0.203468737158,0.234092389909,0.28306622631,0.362262541269,0.079597489152,0.0870121603539,0.362262541269,31,0.07,0.02,0.05,0.02,0.03,0.03,0.02,0.05,0.03,0.05,0.03
14,13,1,"prevalence",0.3,"power",44,0.000665491065643863,0.00439191503573598,0.176515151515152,946,0.234273432232319,0.0742985849490527,0.005899773466,0.203468737158,0.234092389909,0.28306622631,0.362262541269,0.079597489152,0.0870121603539,0.362262541269,31,0.05,0.07,0.06,0.06,0.06,0.06,0.06,0.04,0.07,0.03,0.08
14,13,1,"prevalence",0.35,"power",44,0.000665491065643863,0.00439191503573598,0.176515151515152,946,0.234273432232319,0.0742985849490527,0.005899773466,0.203468737158,0.234092389909,0.28306622631,0.362262541269,0.079597489152,0.0870121603539,0.362262541269,31,0.07,0.05,0.02,0.05,0.1,0.05,0.04,0.03,0.04,0.06,0.05
14,13,1,"prevalence",0.4,"power",44,0.000665491065643863,0.00439191503573598,0.176515151515152,946,0.234273432232319,0.0742985849490527,0.005899773466,0.203468737158,0.234092389909,0.28306622631,0.362262541269,0.079597489152,0.0870121603539,0.362262541269,31,0.08,0.09,0.03,0.07,0.09,0.1,0.06,0.08,0.06,0.08,0.06
14,13,1,"prevalence",0.45,"power",44,0.000665491065643863,0.00439191503573598,0.176515151515152,946,0.234273432232319,0.0742985849490527,0.005899773466,0.203468737158,0.234092389909,0.28306622631,0.362262541269,0.079597489152,0.0870121603539,0.362262541269,31,0.12,0.08,0.09,0.09,0.08,0.16,0.03,0.01,0.05,0.14,0.08
14,13,1,"prevalence",0.5,"power",44,0.000665491065643863,0.00439191503573598,0.176515151515152,946,0.234273432232319,0.0742985849490527,0.005899773466,0.203468737158,0.234092389909,0.28306622631,0.362262541269,0.079597489152,0.0870121603539,0.362262541269,31,0.21,0.05,0.08,0.05,0.02,0.14,0.04,0.06,0.03,0.2,0.04
14,13,1,"prevalence",0.55,"power",44,0.000665491065643863,0.00439191503573598,0.176515151515152,946,0.234273432232319,0.0742985849490527,0.005899773466,0.203468737158,0.234092389909,0.28306622631,0.362262541269,0.079597489152,0.0870121603539,0.362262541269,31,0.2,0.11,0.11,0.09,0.09,0.12,0.08,0.05,0.09,0.15,0.07
14,13,1,"prevalence",0.6,"power",44,0.000665491065643863,0.00439191503573598,0.176515151515152,946,0.234273432232319,0.0742985849490527,0.005899773466,0.203468737158,0.234092389909,0.28306622631,0.362262541269,0.079597489152,0.0870121603539,0.362262541269,31,0.32,0.1,0.07,0.11,0.09,0.23,0.09,0.07,0.08,0.23,0.1
14,12,2,"abundance",0,"type1_error",44,0.0210003051599934,0.00353973761547363,0.16780303030303,946,0.319663688509407,0.066870028444929,0.003341846944,0.3300426639,0.338093837139,0.354951452531,0.365352235261,0.024908788631,0.299845382424,0.365352235261,159,0.03,0.04,0.06,0.04,0.05,0.05,0.08,0.07,0.08,0.02,0.05
14,12,2,"abundance",0.05,"power",44,0.0210003051599934,0.00353973761547363,0.16780303030303,946,0.319663688509407,0.066870028444929,0.003341846944,0.3300426639,0.338093837139,0.354951452531,0.365352235261,0.024908788631,0.299845382424,0.365352235261,159,0.06,0.09,0.01,0.1,0.11,0.07,0.1,0.09,0.1,0.05,0.1
14,12,2,"abundance",0.1,"power",44,0.0210003051599934,0.00353973761547363,0.16780303030303,946,0.319663688509407,0.066870028444929,0.003341846944,0.3300426639,0.338093837139,0.354951452531,0.365352235261,0.024908788631,0.299845382424,0.365352235261,159,0.02,0.07,0.09,0.07,0.06,0.06,0.06,0.07,0.05,0.02,0.06
14,12,2,"abundance",0.15,"power",44,0.0210003051599934,0.00353973761547363,0.16780303030303,946,0.319663688509407,0.066870028444929,0.003341846944,0.3300426639,0.338093837139,0.354951452531,0.365352235261,0.024908788631,0.299845382424,0.365352235261,159,0.07,0.02,0.06,0.03,0.03,0.03,0.04,0.06,0.03,0.03,0.02
14,12,2,"abundance",0.2,"power",44,0.0210003051599934,0.00353973761547363,0.16780303030303,946,0.319663688509407,0.066870028444929,0.003341846944,0.3300426639,0.338093837139,0.354951452531,0.365352235261,0.024908788631,0.299845382424,0.365352235261,159,0.06,0.05,0.05,0.04,0.05,0.06,0.06,0.06,0.07,0.05,0.08
14,12,2,"abundance",0.25,"power",44,0.0210003051599934,0.00353973761547363,0.16780303030303,946,0.319663688509407,0.066870028444929,0.003341846944,0.3300426639,0.338093837139,0.354951452531,0.365352235261,0.024908788631,0.299845382424,0.365352235261,159,0.03,0.01,0.04,0.05,0.06,0.05,0.01,0.04,0.01,0.05,0.06
14,12,2,"abundance",0.3,"power",44,0.0210003051599934,0.00353973761547363,0.16780303030303,946,0.319663688509407,0.066870028444929,0.003341846944,0.3300426639,0.338093837139,0.354951452531,0.365352235261,0.024908788631,0.299845382424,0.365352235261,159,0.04,0.07,0.06,0.08,0.08,0.08,0.05,0.06,0.08,0.04,0.09
14,12,2,"abundance",0.35,"power",44,0.0210003051599934,0.00353973761547363,0.16780303030303,946,0.319663688509407,0.066870028444929,0.003341846944,0.3300426639,0.338093837139,0.354951452531,0.365352235261,0.024908788631,0.299845382424,0.365352235261,159,0.05,0.15,0.04,0.13,0.18,0.05,0.11,0.14,0.1,0.06,0.2
14,12,2,"abundance",0.4,"power",44,0.0210003051599934,0.00353973761547363,0.16780303030303,946,0.319663688509407,0.066870028444929,0.003341846944,0.3300426639,0.338093837139,0.354951452531,0.365352235261,0.024908788631,0.299845382424,0.365352235261,159,0.09,0.17,0.07,0.14,0.18,0.06,0.19,0.13,0.17,0.06,0.17
14,12,2,"abundance",0.45,"power",44,0.0210003051599934,0.00353973761547363,0.16780303030303,946,0.319663688509407,0.066870028444929,0.003341846944,0.3300426639,0.338093837139,0.354951452531,0.365352235261,0.024908788631,0.299845382424,0.365352235261,159,0.03,0.23,0.01,0.14,0.23,0.08,0.31,0.24,0.32,0.04,0.26
14,12,2,"abundance",0.5,"power",44,0.0210003051599934,0.00353973761547363,0.16780303030303,946,0.319663688509407,0.066870028444929,0.003341846944,0.3300426639,0.338093837139,0.354951452531,0.365352235261,0.024908788631,0.299845382424,0.365352235261,159,0.12,0.29,0.08,0.16,0.41,0.13,0.32,0.3,0.35,0.09,0.38
14,12,2,"abundance",0.55,"power",44,0.0210003051599934,0.00353973761547363,0.16780303030303,946,0.319663688509407,0.066870028444929,0.003341846944,0.3300426639,0.338093837139,0.354951452531,0.365352235261,0.024908788631,0.299845382424,0.365352235261,159,0.03,0.37,0.06,0.24,0.48,0.08,0.39,0.31,0.38,0.07,0.41
14,12,2,"abundance",0.6,"power",44,0.0210003051599934,0.00353973761547363,0.16780303030303,946,0.319663688509407,0.066870028444929,0.003341846944,0.3300426639,0.338093837139,0.354951452531,0.365352235261,0.024908788631,0.299845382424,0.365352235261,159,0.01,0.41,0.02,0.32,0.51,0.06,0.48,0.31,0.48,0.02,0.5
14,12,2,"both",0,"type1_error",44,0.0210003051599934,0.00353973761547363,0.16780303030303,946,0.319663688509407,0.066870028444929,0.003341846944,0.3300426639,0.338093837139,0.354951452531,0.365352235261,0.024908788631,0.299845382424,0.365352235261,159,0.05,0.04,0.05,0.04,0,0.03,0.03,0.05,0.02,0.05,0.03
14,12,2,"both",0.05,"power",44,0.0210003051599934,0.00353973761547363,0.16780303030303,946,0.319663688509407,0.066870028444929,0.003341846944,0.3300426639,0.338093837139,0.354951452531,0.365352235261,0.024908788631,0.299845382424,0.365352235261,159,0.03,0.06,0.04,0.03,0.05,0.03,0.02,0.04,0.01,0.04,0.05
14,12,2,"both",0.1,"power",44,0.0210003051599934,0.00353973761547363,0.16780303030303,946,0.319663688509407,0.066870028444929,0.003341846944,0.3300426639,0.338093837139,0.354951452531,0.365352235261,0.024908788631,0.299845382424,0.365352235261,159,0.03,0.1,0.04,0.1,0.05,0.03,0.03,0.05,0.05,0.05,0.07
14,12,2,"both",0.15,"power",44,0.0210003051599934,0.00353973761547363,0.16780303030303,946,0.319663688509407,0.066870028444929,0.003341846944,0.3300426639,0.338093837139,0.354951452531,0.365352235261,0.024908788631,0.299845382424,0.365352235261,159,0.02,0.04,0.03,0.07,0.05,0.05,0.04,0.06,0.05,0.02,0.06
14,12,2,"both",0.2,"power",44,0.0210003051599934,0.00353973761547363,0.16780303030303,946,0.319663688509407,0.066870028444929,0.003341846944,0.3300426639,0.338093837139,0.354951452531,0.365352235261,0.024908788631,0.299845382424,0.365352235261,159,0.06,0.12,0.09,0.15,0.1,0.08,0.06,0.08,0.04,0.05,0.13
14,12,2,"both",0.25,"power",44,0.0210003051599934,0.00353973761547363,0.16780303030303,946,0.319663688509407,0.066870028444929,0.003341846944,0.3300426639,0.338093837139,0.354951452531,0.365352235261,0.024908788631,0.299845382424,0.365352235261,159,0.06,0.11,0.09,0.08,0.12,0.06,0.09,0.1,0.08,0.1,0.11
14,12,2,"both",0.3,"power",44,0.0210003051599934,0.00353973761547363,0.16780303030303,946,0.319663688509407,0.066870028444929,0.003341846944,0.3300426639,0.338093837139,0.354951452531,0.365352235261,0.024908788631,0.299845382424,0.365352235261,159,0.08,0.13,0.06,0.08,0.18,0.13,0.18,0.15,0.19,0.09,0.17
14,12,2,"both",0.35,"power",44,0.0210003051599934,0.00353973761547363,0.16780303030303,946,0.319663688509407,0.066870028444929,0.003341846944,0.3300426639,0.338093837139,0.354951452531,0.365352235261,0.024908788631,0.299845382424,0.365352235261,159,0.1,0.12,0.05,0.09,0.18,0.12,0.14,0.09,0.15,0.08,0.14
14,12,2,"both",0.4,"power",44,0.0210003051599934,0.00353973761547363,0.16780303030303,946,0.319663688509407,0.066870028444929,0.003341846944,0.3300426639,0.338093837139,0.354951452531,0.365352235261,0.024908788631,0.299845382424,0.365352235261,159,0.07,0.21,0.01,0.13,0.32,0.17,0.16,0.11,0.15,0.14,0.27
14,12,2,"both",0.45,"power",44,0.0210003051599934,0.00353973761547363,0.16780303030303,946,0.319663688509407,0.066870028444929,0.003341846944,0.3300426639,0.338093837139,0.354951452531,0.365352235261,0.024908788631,0.299845382424,0.365352235261,159,0.13,0.3,0.05,0.24,0.4,0.13,0.31,0.15,0.27,0.14,0.34
14,12,2,"both",0.5,"power",44,0.0210003051599934,0.00353973761547363,0.16780303030303,946,0.319663688509407,0.066870028444929,0.003341846944,0.3300426639,0.338093837139,0.354951452531,0.365352235261,0.024908788631,0.299845382424,0.365352235261,159,0.09,0.39,0.1,0.27,0.57,0.27,0.45,0.24,0.46,0.15,0.5
14,12,2,"both",0.55,"power",44,0.0210003051599934,0.00353973761547363,0.16780303030303,946,0.319663688509407,0.066870028444929,0.003341846944,0.3300426639,0.338093837139,0.354951452531,0.365352235261,0.024908788631,0.299845382424,0.365352235261,159,0.2,0.41,0.05,0.33,0.71,0.41,0.55,0.29,0.53,0.28,0.56
14,12,2,"both",0.6,"power",44,0.0210003051599934,0.00353973761547363,0.16780303030303,946,0.319663688509407,0.066870028444929,0.003341846944,0.3300426639,0.338093837139,0.354951452531,0.365352235261,0.024908788631,0.299845382424,0.365352235261,159,0.24,0.53,0.04,0.43,0.84,0.52,0.65,0.35,0.66,0.35,0.7
14,12,2,"prevalence",0,"type1_error",44,0.0210003051599934,0.00353973761547363,0.16780303030303,946,0.319663688509407,0.066870028444929,0.003341846944,0.3300426639,0.338093837139,0.354951452531,0.365352235261,0.024908788631,0.299845382424,0.365352235261,159,0.07,0.05,0.02,0.07,0.05,0.04,0.02,0.04,0.02,0.07,0.04
14,12,2,"prevalence",0.05,"power",44,0.0210003051599934,0.00353973761547363,0.16780303030303,946,0.319663688509407,0.066870028444929,0.003341846944,0.3300426639,0.338093837139,0.354951452531,0.365352235261,0.024908788631,0.299845382424,0.365352235261,159,0.04,0.03,0.07,0.02,0.06,0.06,0.05,0.08,0.08,0.03,0.04
14,12,2,"prevalence",0.1,"power",44,0.0210003051599934,0.00353973761547363,0.16780303030303,946,0.319663688509407,0.066870028444929,0.003341846944,0.3300426639,0.338093837139,0.354951452531,0.365352235261,0.024908788631,0.299845382424,0.365352235261,159,0.02,0.03,0.07,0.02,0.01,0.02,0.03,0.03,0.03,0.02,0.04
14,12,2,"prevalence",0.15,"power",44,0.0210003051599934,0.00353973761547363,0.16780303030303,946,0.319663688509407,0.066870028444929,0.003341846944,0.3300426639,0.338093837139,0.354951452531,0.365352235261,0.024908788631,0.299845382424,0.365352235261,159,0.04,0.06,0.02,0.04,0.08,0.04,0.07,0.03,0.07,0.09,0.09
14,12,2,"prevalence",0.2,"power",44,0.0210003051599934,0.00353973761547363,0.16780303030303,946,0.319663688509407,0.066870028444929,0.003341846944,0.3300426639,0.338093837139,0.354951452531,0.365352235261,0.024908788631,0.299845382424,0.365352235261,159,0.07,0.06,0.01,0.07,0.05,0.08,0.05,0.04,0.06,0.09,0.03
14,12,2,"prevalence",0.25,"power",44,0.0210003051599934,0.00353973761547363,0.16780303030303,946,0.319663688509407,0.066870028444929,0.003341846944,0.3300426639,0.338093837139,0.354951452531,0.365352235261,0.024908788631,0.299845382424,0.365352235261,159,0.02,0.03,0.02,0.03,0.02,0.07,0.04,0.05,0.04,0.07,0.04
14,12,2,"prevalence",0.3,"power",44,0.0210003051599934,0.00353973761547363,0.16780303030303,946,0.319663688509407,0.066870028444929,0.003341846944,0.3300426639,0.338093837139,0.354951452531,0.365352235261,0.024908788631,0.299845382424,0.365352235261,159,0.06,0.02,0.06,0.03,0.02,0.05,0.01,0.01,0.01,0.05,0.02
14,12,2,"prevalence",0.35,"power",44,0.0210003051599934,0.00353973761547363,0.16780303030303,946,0.319663688509407,0.066870028444929,0.003341846944,0.3300426639,0.338093837139,0.354951452531,0.365352235261,0.024908788631,0.299845382424,0.365352235261,159,0.08,0.03,0.03,0.04,0.05,0.11,0.06,0.01,0.04,0.09,0.05
14,12,2,"prevalence",0.4,"power",44,0.0210003051599934,0.00353973761547363,0.16780303030303,946,0.319663688509407,0.066870028444929,0.003341846944,0.3300426639,0.338093837139,0.354951452531,0.365352235261,0.024908788631,0.299845382424,0.365352235261,159,0.08,0.05,0.09,0.05,0.09,0.05,0.04,0.05,0.04,0.15,0.06
14,12,2,"prevalence",0.45,"power",44,0.0210003051599934,0.00353973761547363,0.16780303030303,946,0.319663688509407,0.066870028444929,0.003341846944,0.3300426639,0.338093837139,0.354951452531,0.365352235261,0.024908788631,0.299845382424,0.365352235261,159,0.12,0.07,0.05,0.08,0.1,0.07,0.11,0.11,0.11,0.18,0.07
14,12,2,"prevalence",0.5,"power",44,0.0210003051599934,0.00353973761547363,0.16780303030303,946,0.319663688509407,0.066870028444929,0.003341846944,0.3300426639,0.338093837139,0.354951452531,0.365352235261,0.024908788631,0.299845382424,0.365352235261,159,0.17,0.01,0.13,0.02,0.08,0.13,0.03,0.05,0.03,0.25,0.01
14,12,2,"prevalence",0.55,"power",44,0.0210003051599934,0.00353973761547363,0.16780303030303,946,0.319663688509407,0.066870028444929,0.003341846944,0.3300426639,0.338093837139,0.354951452531,0.365352235261,0.024908788631,0.299845382424,0.365352235261,159,0.18,0.03,0.08,0.04,0.07,0.14,0.04,0.06,0.03,0.25,0.06
14,12,2,"prevalence",0.6,"power",44,0.0210003051599934,0.00353973761547363,0.16780303030303,946,0.319663688509407,0.066870028444929,0.003341846944,0.3300426639,0.338093837139,0.354951452531,0.365352235261,0.024908788631,0.299845382424,0.365352235261,159,0.28,0.06,0.06,0.04,0.12,0.21,0.07,0.09,0.09,0.3,0.08
14,4,3,"abundance",0,"type1_error",44,0.461450150811908,0.00252811920930151,0.134090909090909,946,0.21058030901,0.057692439329643,0.00315209675,0.193742236899,0.217361236026,0.256987014139,0.25698701416,0.06324477724,0.1031354382,0.25698701416,76,0.04,0.08,0.03,0.07,0.04,0.06,0.08,0.1,0.07,0.04,0.08
14,4,3,"abundance",0.05,"power",44,0.461450150811908,0.00252811920930151,0.134090909090909,946,0.21058030901,0.057692439329643,0.00315209675,0.193742236899,0.217361236026,0.256987014139,0.25698701416,0.06324477724,0.1031354382,0.25698701416,76,0.06,0.03,0.07,0.04,0.05,0.05,0.01,0.02,0.01,0.04,0.04
14,4,3,"abundance",0.1,"power",44,0.461450150811908,0.00252811920930151,0.134090909090909,946,0.21058030901,0.057692439329643,0.00315209675,0.193742236899,0.217361236026,0.256987014139,0.25698701416,0.06324477724,0.1031354382,0.25698701416,76,0.07,0.05,0.02,0.03,0.05,0.05,0.05,0.04,0.03,0.04,0.05
14,4,3,"abundance",0.15,"power",44,0.461450150811908,0.00252811920930151,0.134090909090909,946,0.21058030901,0.057692439329643,0.00315209675,0.193742236899,0.217361236026,0.256987014139,0.25698701416,0.06324477724,0.1031354382,0.25698701416,76,0.04,0.06,0.08,0.06,0.07,0.05,0.06,0.07,0.05,0.05,0.09
14,4,3,"abundance",0.2,"power",44,0.461450150811908,0.00252811920930151,0.134090909090909,946,0.21058030901,0.057692439329643,0.00315209675,0.193742236899,0.217361236026,0.256987014139,0.25698701416,0.06324477724,0.1031354382,0.25698701416,76,0.02,0.01,0.03,0.05,0.04,0.03,0.03,0.07,0.03,0.04,0.04
14,4,3,"abundance",0.25,"power",44,0.461450150811908,0.00252811920930151,0.134090909090909,946,0.21058030901,0.057692439329643,0.00315209675,0.193742236899,0.217361236026,0.256987014139,0.25698701416,0.06324477724,0.1031354382,0.25698701416,76,0.07,0.1,0.03,0.08,0.1,0.07,0.06,0.05,0.05,0.06,0.08
14,4,3,"abundance",0.3,"power",44,0.461450150811908,0.00252811920930151,0.134090909090909,946,0.21058030901,0.057692439329643,0.00315209675,0.193742236899,0.217361236026,0.256987014139,0.25698701416,0.06324477724,0.1031354382,0.25698701416,76,0.05,0.07,0.02,0.08,0.1,0.08,0.06,0.09,0.07,0.06,0.1
14,4,3,"abundance",0.35,"power",44,0.461450150811908,0.00252811920930151,0.134090909090909,946,0.21058030901,0.057692439329643,0.00315209675,0.193742236899,0.217361236026,0.256987014139,0.25698701416,0.06324477724,0.1031354382,0.25698701416,76,0.06,0.1,0.01,0.09,0.12,0.05,0.08,0.06,0.07,0.04,0.16
14,4,3,"abundance",0.4,"power",44,0.461450150811908,0.00252811920930151,0.134090909090909,946,0.21058030901,0.057692439329643,0.00315209675,0.193742236899,0.217361236026,0.256987014139,0.25698701416,0.06324477724,0.1031354382,0.25698701416,76,0.04,0.17,0.04,0.06,0.17,0.06,0.1,0.1,0.13,0.05,0.24
14,4,3,"abundance",0.45,"power",44,0.461450150811908,0.00252811920930151,0.134090909090909,946,0.21058030901,0.057692439329643,0.00315209675,0.193742236899,0.217361236026,0.256987014139,0.25698701416,0.06324477724,0.1031354382,0.25698701416,76,0.06,0.18,0.03,0.09,0.25,0.09,0.19,0.17,0.15,0.05,0.28
14,4,3,"abundance",0.5,"power",44,0.461450150811908,0.00252811920930151,0.134090909090909,946,0.21058030901,0.057692439329643,0.00315209675,0.193742236899,0.217361236026,0.256987014139,0.25698701416,0.06324477724,0.1031354382,0.25698701416,76,0.05,0.24,0.05,0.14,0.31,0.01,0.18,0.14,0.2,0.04,0.37
14,4,3,"abundance",0.55,"power",44,0.461450150811908,0.00252811920930151,0.134090909090909,946,0.21058030901,0.057692439329643,0.00315209675,0.193742236899,0.217361236026,0.256987014139,0.25698701416,0.06324477724,0.1031354382,0.25698701416,76,0.07,0.2,0.04,0.1,0.32,0.07,0.22,0.19,0.21,0.04,0.38
14,4,3,"abundance",0.6,"power",44,0.461450150811908,0.00252811920930151,0.134090909090909,946,0.21058030901,0.057692439329643,0.00315209675,0.193742236899,0.217361236026,0.256987014139,0.25698701416,0.06324477724,0.1031354382,0.25698701416,76,0.04,0.28,0.04,0.12,0.41,0.03,0.23,0.22,0.23,0.05,0.41
14,4,3,"both",0,"type1_error",44,0.461450150811908,0.00252811920930151,0.134090909090909,946,0.21058030901,0.057692439329643,0.00315209675,0.193742236899,0.217361236026,0.256987014139,0.25698701416,0.06324477724,0.1031354382,0.25698701416,76,0.09,0.03,0.06,0.03,0.03,0.1,0.05,0.02,0.06,0.07,0.03
14,4,3,"both",0.05,"power",44,0.461450150811908,0.00252811920930151,0.134090909090909,946,0.21058030901,0.057692439329643,0.00315209675,0.193742236899,0.217361236026,0.256987014139,0.25698701416,0.06324477724,0.1031354382,0.25698701416,76,0.06,0.08,0.04,0.08,0.06,0.08,0.06,0.09,0.06,0.04,0.07
14,4,3,"both",0.1,"power",44,0.461450150811908,0.00252811920930151,0.134090909090909,946,0.21058030901,0.057692439329643,0.00315209675,0.193742236899,0.217361236026,0.256987014139,0.25698701416,0.06324477724,0.1031354382,0.25698701416,76,0.03,0.08,0.07,0.08,0.1,0.05,0.09,0.03,0.09,0.04,0.07
14,4,3,"both",0.15,"power",44,0.461450150811908,0.00252811920930151,0.134090909090909,946,0.21058030901,0.057692439329643,0.00315209675,0.193742236899,0.217361236026,0.256987014139,0.25698701416,0.06324477724,0.1031354382,0.25698701416,76,0.05,0.05,0.03,0.05,0.06,0.07,0.06,0.05,0.06,0.04,0.05
14,4,3,"both",0.2,"power",44,0.461450150811908,0.00252811920930151,0.134090909090909,946,0.21058030901,0.057692439329643,0.00315209675,0.193742236899,0.217361236026,0.256987014139,0.25698701416,0.06324477724,0.1031354382,0.25698701416,76,0.04,0.06,0.07,0.06,0.09,0.06,0.06,0.05,0.06,0.02,0.13
14,4,3,"both",0.25,"power",44,0.461450150811908,0.00252811920930151,0.134090909090909,946,0.21058030901,0.057692439329643,0.00315209675,0.193742236899,0.217361236026,0.256987014139,0.25698701416,0.06324477724,0.1031354382,0.25698701416,76,0.09,0.11,0.05,0.09,0.18,0.09,0.15,0.14,0.15,0.06,0.18
14,4,3,"both",0.3,"power",44,0.461450150811908,0.00252811920930151,0.134090909090909,946,0.21058030901,0.057692439329643,0.00315209675,0.193742236899,0.217361236026,0.256987014139,0.25698701416,0.06324477724,0.1031354382,0.25698701416,76,0.17,0.13,0.05,0.09,0.17,0.16,0.11,0.12,0.09,0.11,0.2
14,4,3,"both",0.35,"power",44,0.461450150811908,0.00252811920930151,0.134090909090909,946,0.21058030901,0.057692439329643,0.00315209675,0.193742236899,0.217361236026,0.256987014139,0.25698701416,0.06324477724,0.1031354382,0.25698701416,76,0.11,0.15,0.05,0.13,0.32,0.13,0.18,0.12,0.17,0.1,0.32
14,4,3,"both",0.4,"power",44,0.461450150811908,0.00252811920930151,0.134090909090909,946,0.21058030901,0.057692439329643,0.00315209675,0.193742236899,0.217361236026,0.256987014139,0.25698701416,0.06324477724,0.1031354382,0.25698701416,76,0.08,0.15,0.08,0.09,0.33,0.11,0.18,0.14,0.16,0.08,0.32
14,4,3,"both",0.45,"power",44,0.461450150811908,0.00252811920930151,0.134090909090909,946,0.21058030901,0.057692439329643,0.00315209675,0.193742236899,0.217361236026,0.256987014139,0.25698701416,0.06324477724,0.1031354382,0.25698701416,76,0.17,0.32,0.09,0.2,0.49,0.2,0.23,0.15,0.2,0.11,0.5
14,4,3,"both",0.5,"power",44,0.461450150811908,0.00252811920930151,0.134090909090909,946,0.21058030901,0.057692439329643,0.00315209675,0.193742236899,0.217361236026,0.256987014139,0.25698701416,0.06324477724,0.1031354382,0.25698701416,76,0.21,0.36,0.08,0.15,0.58,0.25,0.29,0.17,0.28,0.1,0.55
14,4,3,"both",0.55,"power",44,0.461450150811908,0.00252811920930151,0.134090909090909,946,0.21058030901,0.057692439329643,0.00315209675,0.193742236899,0.217361236026,0.256987014139,0.25698701416,0.06324477724,0.1031354382,0.25698701416,76,0.25,0.5,0.06,0.31,0.79,0.3,0.42,0.27,0.41,0.18,0.73
14,4,3,"both",0.6,"power",44,0.461450150811908,0.00252811920930151,0.134090909090909,946,0.21058030901,0.057692439329643,0.00315209675,0.193742236899,0.217361236026,0.256987014139,0.25698701416,0.06324477724,0.1031354382,0.25698701416,76,0.31,0.56,0.1,0.28,0.83,0.45,0.52,0.26,0.49,0.19,0.76
14,4,3,"prevalence",0,"type1_error",44,0.461450150811908,0.00252811920930151,0.134090909090909,946,0.21058030901,0.057692439329643,0.00315209675,0.193742236899,0.217361236026,0.256987014139,0.25698701416,0.06324477724,0.1031354382,0.25698701416,76,0.06,0.04,0.04,0.04,0.02,0.03,0.05,0.06,0.05,0.07,0.05
14,4,3,"prevalence",0.05,"power",44,0.461450150811908,0.00252811920930151,0.134090909090909,946,0.21058030901,0.057692439329643,0.00315209675,0.193742236899,0.217361236026,0.256987014139,0.25698701416,0.06324477724,0.1031354382,0.25698701416,76,0.06,0.03,0.03,0.02,0.03,0.05,0.06,0.02,0.06,0.04,0.04
14,4,3,"prevalence",0.1,"power",44,0.461450150811908,0.00252811920930151,0.134090909090909,946,0.21058030901,0.057692439329643,0.00315209675,0.193742236899,0.217361236026,0.256987014139,0.25698701416,0.06324477724,0.1031354382,0.25698701416,76,0.06,0.07,0.02,0.06,0.05,0.04,0.05,0.07,0.06,0.06,0.05
14,4,3,"prevalence",0.15,"power",44,0.461450150811908,0.00252811920930151,0.134090909090909,946,0.21058030901,0.057692439329643,0.00315209675,0.193742236899,0.217361236026,0.256987014139,0.25698701416,0.06324477724,0.1031354382,0.25698701416,76,0.06,0.04,0.03,0.05,0.01,0.05,0.04,0.05,0.03,0.07,0.03
14,4,3,"prevalence",0.2,"power",44,0.461450150811908,0.00252811920930151,0.134090909090909,946,0.21058030901,0.057692439329643,0.00315209675,0.193742236899,0.217361236026,0.256987014139,0.25698701416,0.06324477724,0.1031354382,0.25698701416,76,0.05,0.06,0.09,0.04,0.06,0.07,0.05,0.06,0.05,0.07,0.06
14,4,3,"prevalence",0.25,"power",44,0.461450150811908,0.00252811920930151,0.134090909090909,946,0.21058030901,0.057692439329643,0.00315209675,0.193742236899,0.217361236026,0.256987014139,0.25698701416,0.06324477724,0.1031354382,0.25698701416,76,0.07,0.07,0.06,0.05,0.05,0.05,0.03,0.06,0.04,0.08,0.05
14,4,3,"prevalence",0.3,"power",44,0.461450150811908,0.00252811920930151,0.134090909090909,946,0.21058030901,0.057692439329643,0.00315209675,0.193742236899,0.217361236026,0.256987014139,0.25698701416,0.06324477724,0.1031354382,0.25698701416,76,0.15,0.08,0.05,0.08,0.09,0.12,0.09,0.05,0.09,0.11,0.09
14,4,3,"prevalence",0.35,"power",44,0.461450150811908,0.00252811920930151,0.134090909090909,946,0.21058030901,0.057692439329643,0.00315209675,0.193742236899,0.217361236026,0.256987014139,0.25698701416,0.06324477724,0.1031354382,0.25698701416,76,0.11,0.05,0.07,0.07,0.09,0.06,0.05,0.07,0.07,0.08,0.07
14,4,3,"prevalence",0.4,"power",44,0.461450150811908,0.00252811920930151,0.134090909090909,946,0.21058030901,0.057692439329643,0.00315209675,0.193742236899,0.217361236026,0.256987014139,0.25698701416,0.06324477724,0.1031354382,0.25698701416,76,0.11,0.04,0.07,0.04,0.03,0.08,0.08,0.07,0.05,0.08,0.04
14,4,3,"prevalence",0.45,"power",44,0.461450150811908,0.00252811920930151,0.134090909090909,946,0.21058030901,0.057692439329643,0.00315209675,0.193742236899,0.217361236026,0.256987014139,0.25698701416,0.06324477724,0.1031354382,0.25698701416,76,0.16,0.09,0.08,0.07,0.1,0.09,0.11,0.05,0.11,0.05,0.12
14,4,3,"prevalence",0.5,"power",44,0.461450150811908,0.00252811920930151,0.134090909090909,946,0.21058030901,0.057692439329643,0.00315209675,0.193742236899,0.217361236026,0.256987014139,0.25698701416,0.06324477724,0.1031354382,0.25698701416,76,0.2,0.06,0.06,0.04,0.06,0.1,0.03,0.09,0.03,0.1,0.04
14,4,3,"prevalence",0.55,"power",44,0.461450150811908,0.00252811920930151,0.134090909090909,946,0.21058030901,0.057692439329643,0.00315209675,0.193742236899,0.217361236026,0.256987014139,0.25698701416,0.06324477724,0.1031354382,0.25698701416,76,0.23,0.05,0.1,0.05,0.09,0.11,0.05,0.03,0.05,0.13,0.08
14,4,3,"prevalence",0.6,"power",44,0.461450150811908,0.00252811920930151,0.134090909090909,946,0.21058030901,0.057692439329643,0.00315209675,0.193742236899,0.217361236026,0.256987014139,0.25698701416,0.06324477724,0.1031354382,0.25698701416,76,0.32,0.02,0.08,0.02,0.08,0.13,0.05,0.03,0.07,0.17,0.01
14,1,4,"abundance",0,"type1_error",44,0.322124671682108,0.00161729029148205,0.135606060606061,946,0.213895474140046,0.0576621919879883,0.003018875384,0.174789426435,0.242285655233,0.242285655249,0.283637661383,0.067496228814,0.080942763795,0.283637661383,23,0.06,0.06,0.04,0.07,0.04,0.07,0.07,0.08,0.07,0.01,0.05
14,1,4,"abundance",0.05,"power",44,0.322124671682108,0.00161729029148205,0.135606060606061,946,0.213895474140046,0.0576621919879883,0.003018875384,0.174789426435,0.242285655233,0.242285655249,0.283637661383,0.067496228814,0.080942763795,0.283637661383,23,0.05,0.06,0.04,0.04,0.05,0.05,0.08,0.04,0.08,0.08,0.03
14,1,4,"abundance",0.1,"power",44,0.322124671682108,0.00161729029148205,0.135606060606061,946,0.213895474140046,0.0576621919879883,0.003018875384,0.174789426435,0.242285655233,0.242285655249,0.283637661383,0.067496228814,0.080942763795,0.283637661383,23,0.04,0.03,0,0.05,0.04,0.05,0.02,0.03,0.02,0.05,0.03
14,1,4,"abundance",0.15,"power",44,0.322124671682108,0.00161729029148205,0.135606060606061,946,0.213895474140046,0.0576621919879883,0.003018875384,0.174789426435,0.242285655233,0.242285655249,0.283637661383,0.067496228814,0.080942763795,0.283637661383,23,0.08,0.03,0.07,0.04,0.04,0.08,0.06,0.07,0.06,0.05,0.03
14,1,4,"abundance",0.2,"power",44,0.322124671682108,0.00161729029148205,0.135606060606061,946,0.213895474140046,0.0576621919879883,0.003018875384,0.174789426435,0.242285655233,0.242285655249,0.283637661383,0.067496228814,0.080942763795,0.283637661383,23,0.06,0.07,0.06,0.08,0.03,0.03,0.04,0.06,0.03,0.04,0.04
14,1,4,"abundance",0.25,"power",44,0.322124671682108,0.00161729029148205,0.135606060606061,946,0.213895474140046,0.0576621919879883,0.003018875384,0.174789426435,0.242285655233,0.242285655249,0.283637661383,0.067496228814,0.080942763795,0.283637661383,23,0.01,0.09,0.03,0.1,0.02,0.06,0.05,0.06,0.06,0.04,0.04
14,1,4,"abundance",0.3,"power",44,0.322124671682108,0.00161729029148205,0.135606060606061,946,0.213895474140046,0.0576621919879883,0.003018875384,0.174789426435,0.242285655233,0.242285655249,0.283637661383,0.067496228814,0.080942763795,0.283637661383,23,0.04,0.07,0.02,0.1,0.08,0.09,0.09,0.04,0.09,0.04,0.11
14,1,4,"abundance",0.35,"power",44,0.322124671682108,0.00161729029148205,0.135606060606061,946,0.213895474140046,0.0576621919879883,0.003018875384,0.174789426435,0.242285655233,0.242285655249,0.283637661383,0.067496228814,0.080942763795,0.283637661383,23,0.06,0.1,0.04,0.07,0.07,0.07,0.04,0.08,0.04,0.04,0.09
14,1,4,"abundance",0.4,"power",44,0.322124671682108,0.00161729029148205,0.135606060606061,946,0.213895474140046,0.0576621919879883,0.003018875384,0.174789426435,0.242285655233,0.242285655249,0.283637661383,0.067496228814,0.080942763795,0.283637661383,23,0.05,0.12,0.05,0.1,0.14,0.06,0.11,0.13,0.11,0.03,0.11
14,1,4,"abundance",0.45,"power",44,0.322124671682108,0.00161729029148205,0.135606060606061,946,0.213895474140046,0.0576621919879883,0.003018875384,0.174789426435,0.242285655233,0.242285655249,0.283637661383,0.067496228814,0.080942763795,0.283637661383,23,0.09,0.05,0.08,0.04,0.12,0.08,0.07,0.08,0.07,0.08,0.09
14,1,4,"abundance",0.5,"power",44,0.322124671682108,0.00161729029148205,0.135606060606061,946,0.213895474140046,0.0576621919879883,0.003018875384,0.174789426435,0.242285655233,0.242285655249,0.283637661383,0.067496228814,0.080942763795,0.283637661383,23,0.03,0.15,0.03,0.12,0.16,0.06,0.15,0.12,0.14,0.02,0.13
14,1,4,"abundance",0.55,"power",44,0.322124671682108,0.00161729029148205,0.135606060606061,946,0.213895474140046,0.0576621919879883,0.003018875384,0.174789426435,0.242285655233,0.242285655249,0.283637661383,0.067496228814,0.080942763795,0.283637661383,23,0.05,0.15,0.05,0.1,0.18,0.08,0.14,0.13,0.13,0.08,0.18
14,1,4,"abundance",0.6,"power",44,0.322124671682108,0.00161729029148205,0.135606060606061,946,0.213895474140046,0.0576621919879883,0.003018875384,0.174789426435,0.242285655233,0.242285655249,0.283637661383,0.067496228814,0.080942763795,0.283637661383,23,0.06,0.16,0.07,0.15,0.18,0.01,0.12,0.09,0.12,0.08,0.17
14,1,4,"both",0,"type1_error",44,0.322124671682108,0.00161729029148205,0.135606060606061,946,0.213895474140046,0.0576621919879883,0.003018875384,0.174789426435,0.242285655233,0.242285655249,0.283637661383,0.067496228814,0.080942763795,0.283637661383,23,0.04,0.05,0.04,0.03,0.06,0.07,0.08,0.04,0.07,0.05,0.05
14,1,4,"both",0.05,"power",44,0.322124671682108,0.00161729029148205,0.135606060606061,946,0.213895474140046,0.0576621919879883,0.003018875384,0.174789426435,0.242285655233,0.242285655249,0.283637661383,0.067496228814,0.080942763795,0.283637661383,23,0.04,0.03,0.05,0.05,0.04,0.02,0.04,0.02,0.03,0.06,0.02
14,1,4,"both",0.1,"power",44,0.322124671682108,0.00161729029148205,0.135606060606061,946,0.213895474140046,0.0576621919879883,0.003018875384,0.174789426435,0.242285655233,0.242285655249,0.283637661383,0.067496228814,0.080942763795,0.283637661383,23,0.1,0.06,0.07,0.05,0.11,0.02,0.07,0.04,0.07,0.09,0.09
14,1,4,"both",0.15,"power",44,0.322124671682108,0.00161729029148205,0.135606060606061,946,0.213895474140046,0.0576621919879883,0.003018875384,0.174789426435,0.242285655233,0.242285655249,0.283637661383,0.067496228814,0.080942763795,0.283637661383,23,0.03,0.02,0.05,0.03,0.04,0.07,0.06,0.05,0.06,0.04,0.02
14,1,4,"both",0.2,"power",44,0.322124671682108,0.00161729029148205,0.135606060606061,946,0.213895474140046,0.0576621919879883,0.003018875384,0.174789426435,0.242285655233,0.242285655249,0.283637661383,0.067496228814,0.080942763795,0.283637661383,23,0.06,0.09,0.07,0.09,0.15,0.08,0.09,0.06,0.09,0.08,0.09
14,1,4,"both",0.25,"power",44,0.322124671682108,0.00161729029148205,0.135606060606061,946,0.213895474140046,0.0576621919879883,0.003018875384,0.174789426435,0.242285655233,0.242285655249,0.283637661383,0.067496228814,0.080942763795,0.283637661383,23,0.05,0.12,0.04,0.06,0.12,0.06,0.08,0.12,0.08,0.04,0.1
14,1,4,"both",0.3,"power",44,0.322124671682108,0.00161729029148205,0.135606060606061,946,0.213895474140046,0.0576621919879883,0.003018875384,0.174789426435,0.242285655233,0.242285655249,0.283637661383,0.067496228814,0.080942763795,0.283637661383,23,0.15,0.12,0.08,0.07,0.19,0.1,0.1,0.09,0.1,0.1,0.15
14,1,4,"both",0.35,"power",44,0.322124671682108,0.00161729029148205,0.135606060606061,946,0.213895474140046,0.0576621919879883,0.003018875384,0.174789426435,0.242285655233,0.242285655249,0.283637661383,0.067496228814,0.080942763795,0.283637661383,23,0.14,0.11,0.09,0.1,0.16,0.17,0.08,0.06,0.08,0.09,0.11
14,1,4,"both",0.4,"power",44,0.322124671682108,0.00161729029148205,0.135606060606061,946,0.213895474140046,0.0576621919879883,0.003018875384,0.174789426435,0.242285655233,0.242285655249,0.283637661383,0.067496228814,0.080942763795,0.283637661383,23,0.2,0.19,0.13,0.11,0.21,0.19,0.12,0.11,0.14,0.17,0.18
14,1,4,"both",0.45,"power",44,0.322124671682108,0.00161729029148205,0.135606060606061,946,0.213895474140046,0.0576621919879883,0.003018875384,0.174789426435,0.242285655233,0.242285655249,0.283637661383,0.067496228814,0.080942763795,0.283637661383,23,0.12,0.27,0.06,0.21,0.31,0.15,0.17,0.15,0.16,0.11,0.27
14,1,4,"both",0.5,"power",44,0.322124671682108,0.00161729029148205,0.135606060606061,946,0.213895474140046,0.0576621919879883,0.003018875384,0.174789426435,0.242285655233,0.242285655249,0.283637661383,0.067496228814,0.080942763795,0.283637661383,23,0.32,0.23,0.1,0.21,0.4,0.32,0.16,0.14,0.2,0.22,0.29
14,1,4,"both",0.55,"power",44,0.322124671682108,0.00161729029148205,0.135606060606061,946,0.213895474140046,0.0576621919879883,0.003018875384,0.174789426435,0.242285655233,0.242285655249,0.283637661383,0.067496228814,0.080942763795,0.283637661383,23,0.33,0.26,0.06,0.16,0.5,0.41,0.25,0.13,0.24,0.23,0.34
14,1,4,"both",0.6,"power",44,0.322124671682108,0.00161729029148205,0.135606060606061,946,0.213895474140046,0.0576621919879883,0.003018875384,0.174789426435,0.242285655233,0.242285655249,0.283637661383,0.067496228814,0.080942763795,0.283637661383,23,0.43,0.35,0.08,0.26,0.59,0.44,0.25,0.24,0.24,0.28,0.43
14,1,4,"prevalence",0,"type1_error",44,0.322124671682108,0.00161729029148205,0.135606060606061,946,0.213895474140046,0.0576621919879883,0.003018875384,0.174789426435,0.242285655233,0.242285655249,0.283637661383,0.067496228814,0.080942763795,0.283637661383,23,0.04,0.01,0.08,0.04,0.05,0.05,0.02,0.04,0.02,0.07,0.02
14,1,4,"prevalence",0.05,"power",44,0.322124671682108,0.00161729029148205,0.135606060606061,946,0.213895474140046,0.0576621919879883,0.003018875384,0.174789426435,0.242285655233,0.242285655249,0.283637661383,0.067496228814,0.080942763795,0.283637661383,23,0.01,0.05,0.04,0.04,0.05,0.05,0.02,0.07,0.02,0.03,0.04
14,1,4,"prevalence",0.1,"power",44,0.322124671682108,0.00161729029148205,0.135606060606061,946,0.213895474140046,0.0576621919879883,0.003018875384,0.174789426435,0.242285655233,0.242285655249,0.283637661383,0.067496228814,0.080942763795,0.283637661383,23,0.03,0.02,0.07,0.04,0.04,0.08,0.04,0.06,0.02,0.04,0.02
14,1,4,"prevalence",0.15,"power",44,0.322124671682108,0.00161729029148205,0.135606060606061,946,0.213895474140046,0.0576621919879883,0.003018875384,0.174789426435,0.242285655233,0.242285655249,0.283637661383,0.067496228814,0.080942763795,0.283637661383,23,0.05,0.01,0.03,0.02,0.04,0.07,0.03,0.02,0.04,0.04,0.02
14,1,4,"prevalence",0.2,"power",44,0.322124671682108,0.00161729029148205,0.135606060606061,946,0.213895474140046,0.0576621919879883,0.003018875384,0.174789426435,0.242285655233,0.242285655249,0.283637661383,0.067496228814,0.080942763795,0.283637661383,23,0.05,0.06,0.03,0.04,0.03,0.07,0.05,0.06,0.05,0.07,0.06
14,1,4,"prevalence",0.25,"power",44,0.322124671682108,0.00161729029148205,0.135606060606061,946,0.213895474140046,0.0576621919879883,0.003018875384,0.174789426435,0.242285655233,0.242285655249,0.283637661383,0.067496228814,0.080942763795,0.283637661383,23,0.06,0.06,0.12,0.05,0.08,0.06,0.03,0.04,0.05,0.08,0.07
14,1,4,"prevalence",0.3,"power",44,0.322124671682108,0.00161729029148205,0.135606060606061,946,0.213895474140046,0.0576621919879883,0.003018875384,0.174789426435,0.242285655233,0.242285655249,0.283637661383,0.067496228814,0.080942763795,0.283637661383,23,0.07,0.01,0.05,0.02,0.06,0.07,0.05,0.03,0.06,0.06,0.07
14,1,4,"prevalence",0.35,"power",44,0.322124671682108,0.00161729029148205,0.135606060606061,946,0.213895474140046,0.0576621919879883,0.003018875384,0.174789426435,0.242285655233,0.242285655249,0.283637661383,0.067496228814,0.080942763795,0.283637661383,23,0.08,0.04,0.07,0.04,0.01,0.01,0.01,0.05,0.01,0.04,0.03
14,1,4,"prevalence",0.4,"power",44,0.322124671682108,0.00161729029148205,0.135606060606061,946,0.213895474140046,0.0576621919879883,0.003018875384,0.174789426435,0.242285655233,0.242285655249,0.283637661383,0.067496228814,0.080942763795,0.283637661383,23,0.11,0.07,0.1,0.07,0.08,0.13,0.08,0.05,0.07,0.11,0.08
14,1,4,"prevalence",0.45,"power",44,0.322124671682108,0.00161729029148205,0.135606060606061,946,0.213895474140046,0.0576621919879883,0.003018875384,0.174789426435,0.242285655233,0.242285655249,0.283637661383,0.067496228814,0.080942763795,0.283637661383,23,0.22,0.05,0.06,0.05,0.07,0.15,0.06,0.07,0.05,0.13,0.06
14,1,4,"prevalence",0.5,"power",44,0.322124671682108,0.00161729029148205,0.135606060606061,946,0.213895474140046,0.0576621919879883,0.003018875384,0.174789426435,0.242285655233,0.242285655249,0.283637661383,0.067496228814,0.080942763795,0.283637661383,23,0.18,0.04,0.06,0.05,0.07,0.11,0.07,0.06,0.06,0.13,0.08
14,1,4,"prevalence",0.55,"power",44,0.322124671682108,0.00161729029148205,0.135606060606061,946,0.213895474140046,0.0576621919879883,0.003018875384,0.174789426435,0.242285655233,0.242285655249,0.283637661383,0.067496228814,0.080942763795,0.283637661383,23,0.26,0.08,0.11,0.1,0.12,0.19,0.09,0.07,0.1,0.15,0.1
14,1,4,"prevalence",0.6,"power",44,0.322124671682108,0.00161729029148205,0.135606060606061,946,0.213895474140046,0.0576621919879883,0.003018875384,0.174789426435,0.242285655233,0.242285655249,0.283637661383,0.067496228814,0.080942763795,0.283637661383,23,0.49,0.05,0.11,0.06,0.13,0.25,0.05,0.05,0.06,0.35,0.06
14,2,5,"abundance",0,"type1_error",44,0.0276224926027628,0.00205287728300896,0.148484848484848,946,0.229085526183655,0.0828042571142993,0.01185869905,0.16708205936,0.212409018743,0.301465813187,0.377714252864,0.134383753827,0.01185869905,0.377714252864,0,0.08,0.04,0.06,0.05,0.04,0.08,0.04,0.03,0.04,0.1,0.04
14,2,5,"abundance",0.05,"power",44,0.0276224926027628,0.00205287728300896,0.148484848484848,946,0.229085526183655,0.0828042571142993,0.01185869905,0.16708205936,0.212409018743,0.301465813187,0.377714252864,0.134383753827,0.01185869905,0.377714252864,0,0.05,0.01,0.05,0.04,0.01,0.05,0.01,0.03,0,0.02,0
14,2,5,"abundance",0.1,"power",44,0.0276224926027628,0.00205287728300896,0.148484848484848,946,0.229085526183655,0.0828042571142993,0.01185869905,0.16708205936,0.212409018743,0.301465813187,0.377714252864,0.134383753827,0.01185869905,0.377714252864,0,0.04,0.12,0.03,0.11,0.03,0.02,0.06,0.08,0.05,0.02,0.1
14,2,5,"abundance",0.15,"power",44,0.0276224926027628,0.00205287728300896,0.148484848484848,946,0.229085526183655,0.0828042571142993,0.01185869905,0.16708205936,0.212409018743,0.301465813187,0.377714252864,0.134383753827,0.01185869905,0.377714252864,0,0.06,0.05,0.04,0.04,0.06,0.06,0.08,0.06,0.08,0.06,0.05
14,2,5,"abundance",0.2,"power",44,0.0276224926027628,0.00205287728300896,0.148484848484848,946,0.229085526183655,0.0828042571142993,0.01185869905,0.16708205936,0.212409018743,0.301465813187,0.377714252864,0.134383753827,0.01185869905,0.377714252864,0,0.08,0.03,0.07,0.06,0.04,0.04,0.06,0.04,0.05,0.05,0.06
14,2,5,"abundance",0.25,"power",44,0.0276224926027628,0.00205287728300896,0.148484848484848,946,0.229085526183655,0.0828042571142993,0.01185869905,0.16708205936,0.212409018743,0.301465813187,0.377714252864,0.134383753827,0.01185869905,0.377714252864,0,0.04,0.06,0.03,0.07,0.03,0.03,0.06,0.04,0.06,0.03,0.04
14,2,5,"abundance",0.3,"power",44,0.0276224926027628,0.00205287728300896,0.148484848484848,946,0.229085526183655,0.0828042571142993,0.01185869905,0.16708205936,0.212409018743,0.301465813187,0.377714252864,0.134383753827,0.01185869905,0.377714252864,0,0.06,0.09,0.03,0.08,0.07,0.06,0.09,0.09,0.1,0.04,0.09
14,2,5,"abundance",0.35,"power",44,0.0276224926027628,0.00205287728300896,0.148484848484848,946,0.229085526183655,0.0828042571142993,0.01185869905,0.16708205936,0.212409018743,0.301465813187,0.377714252864,0.134383753827,0.01185869905,0.377714252864,0,0.04,0.07,0.06,0.08,0.05,0.02,0.08,0.06,0.08,0.03,0.1
14,2,5,"abundance",0.4,"power",44,0.0276224926027628,0.00205287728300896,0.148484848484848,946,0.229085526183655,0.0828042571142993,0.01185869905,0.16708205936,0.212409018743,0.301465813187,0.377714252864,0.134383753827,0.01185869905,0.377714252864,0,0.03,0.12,0.06,0.08,0.13,0.07,0.18,0.11,0.12,0.02,0.13
14,2,5,"abundance",0.45,"power",44,0.0276224926027628,0.00205287728300896,0.148484848484848,946,0.229085526183655,0.0828042571142993,0.01185869905,0.16708205936,0.212409018743,0.301465813187,0.377714252864,0.134383753827,0.01185869905,0.377714252864,0,0.03,0.17,0,0.2,0.13,0.06,0.14,0.08,0.14,0.06,0.2
14,2,5,"abundance",0.5,"power",44,0.0276224926027628,0.00205287728300896,0.148484848484848,946,0.229085526183655,0.0828042571142993,0.01185869905,0.16708205936,0.212409018743,0.301465813187,0.377714252864,0.134383753827,0.01185869905,0.377714252864,0,0.02,0.1,0.07,0.1,0.11,0.04,0.14,0.12,0.12,0.07,0.09
14,2,5,"abundance",0.55,"power",44,0.0276224926027628,0.00205287728300896,0.148484848484848,946,0.229085526183655,0.0828042571142993,0.01185869905,0.16708205936,0.212409018743,0.301465813187,0.377714252864,0.134383753827,0.01185869905,0.377714252864,0,0.03,0.16,0.07,0.18,0.2,0.02,0.21,0.16,0.22,0.03,0.21
14,2,5,"abundance",0.6,"power",44,0.0276224926027628,0.00205287728300896,0.148484848484848,946,0.229085526183655,0.0828042571142993,0.01185869905,0.16708205936,0.212409018743,0.301465813187,0.377714252864,0.134383753827,0.01185869905,0.377714252864,0,0.07,0.21,0.02,0.2,0.25,0.1,0.24,0.18,0.23,0.07,0.23
14,2,5,"both",0,"type1_error",44,0.0276224926027628,0.00205287728300896,0.148484848484848,946,0.229085526183655,0.0828042571142993,0.01185869905,0.16708205936,0.212409018743,0.301465813187,0.377714252864,0.134383753827,0.01185869905,0.377714252864,0,0.05,0.05,0.05,0.06,0.05,0.02,0.03,0.05,0.03,0.06,0.06
14,2,5,"both",0.05,"power",44,0.0276224926027628,0.00205287728300896,0.148484848484848,946,0.229085526183655,0.0828042571142993,0.01185869905,0.16708205936,0.212409018743,0.301465813187,0.377714252864,0.134383753827,0.01185869905,0.377714252864,0,0.09,0.02,0.03,0.05,0.05,0.07,0.04,0.08,0.04,0.01,0.03
14,2,5,"both",0.1,"power",44,0.0276224926027628,0.00205287728300896,0.148484848484848,946,0.229085526183655,0.0828042571142993,0.01185869905,0.16708205936,0.212409018743,0.301465813187,0.377714252864,0.134383753827,0.01185869905,0.377714252864,0,0.07,0.04,0.1,0.05,0.04,0.04,0.03,0.05,0.03,0.08,0.06
14,2,5,"both",0.15,"power",44,0.0276224926027628,0.00205287728300896,0.148484848484848,946,0.229085526183655,0.0828042571142993,0.01185869905,0.16708205936,0.212409018743,0.301465813187,0.377714252864,0.134383753827,0.01185869905,0.377714252864,0,0.05,0.02,0.05,0.05,0.01,0.04,0.01,0.06,0.02,0.08,0.02
14,2,5,"both",0.2,"power",44,0.0276224926027628,0.00205287728300896,0.148484848484848,946,0.229085526183655,0.0828042571142993,0.01185869905,0.16708205936,0.212409018743,0.301465813187,0.377714252864,0.134383753827,0.01185869905,0.377714252864,0,0.07,0.07,0.07,0.05,0.15,0.12,0.09,0.06,0.11,0.08,0.13
14,2,5,"both",0.25,"power",44,0.0276224926027628,0.00205287728300896,0.148484848484848,946,0.229085526183655,0.0828042571142993,0.01185869905,0.16708205936,0.212409018743,0.301465813187,0.377714252864,0.134383753827,0.01185869905,0.377714252864,0,0.07,0.08,0.09,0.09,0.06,0.06,0.07,0.04,0.07,0.03,0.07
14,2,5,"both",0.3,"power",44,0.0276224926027628,0.00205287728300896,0.148484848484848,946,0.229085526183655,0.0828042571142993,0.01185869905,0.16708205936,0.212409018743,0.301465813187,0.377714252864,0.134383753827,0.01185869905,0.377714252864,0,0.14,0.09,0.08,0.1,0.1,0.12,0.13,0.08,0.09,0.14,0.12
14,2,5,"both",0.35,"power",44,0.0276224926027628,0.00205287728300896,0.148484848484848,946,0.229085526183655,0.0828042571142993,0.01185869905,0.16708205936,0.212409018743,0.301465813187,0.377714252864,0.134383753827,0.01185869905,0.377714252864,0,0.15,0.13,0,0.14,0.17,0.16,0.1,0.07,0.1,0.12,0.17
14,2,5,"both",0.4,"power",44,0.0276224926027628,0.00205287728300896,0.148484848484848,946,0.229085526183655,0.0828042571142993,0.01185869905,0.16708205936,0.212409018743,0.301465813187,0.377714252864,0.134383753827,0.01185869905,0.377714252864,0,0.12,0.17,0.09,0.18,0.17,0.16,0.18,0.07,0.16,0.07,0.2
14,2,5,"both",0.45,"power",44,0.0276224926027628,0.00205287728300896,0.148484848484848,946,0.229085526183655,0.0828042571142993,0.01185869905,0.16708205936,0.212409018743,0.301465813187,0.377714252864,0.134383753827,0.01185869905,0.377714252864,0,0.22,0.25,0.07,0.25,0.29,0.3,0.24,0.12,0.27,0.16,0.3
14,2,5,"both",0.5,"power",44,0.0276224926027628,0.00205287728300896,0.148484848484848,946,0.229085526183655,0.0828042571142993,0.01185869905,0.16708205936,0.212409018743,0.301465813187,0.377714252864,0.134383753827,0.01185869905,0.377714252864,0,0.26,0.21,0.1,0.22,0.33,0.39,0.29,0.13,0.27,0.13,0.28
14,2,5,"both",0.55,"power",44,0.0276224926027628,0.00205287728300896,0.148484848484848,946,0.229085526183655,0.0828042571142993,0.01185869905,0.16708205936,0.212409018743,0.301465813187,0.377714252864,0.134383753827,0.01185869905,0.377714252864,0,0.25,0.3,0.11,0.28,0.45,0.46,0.43,0.18,0.45,0.15,0.35
14,2,5,"both",0.6,"power",44,0.0276224926027628,0.00205287728300896,0.148484848484848,946,0.229085526183655,0.0828042571142993,0.01185869905,0.16708205936,0.212409018743,0.301465813187,0.377714252864,0.134383753827,0.01185869905,0.377714252864,0,0.4,0.36,0.1,0.31,0.61,0.59,0.44,0.19,0.44,0.3,0.48
14,2,5,"prevalence",0,"type1_error",44,0.0276224926027628,0.00205287728300896,0.148484848484848,946,0.229085526183655,0.0828042571142993,0.01185869905,0.16708205936,0.212409018743,0.301465813187,0.377714252864,0.134383753827,0.01185869905,0.377714252864,0,0.02,0.04,0.04,0.02,0.05,0.04,0.07,0.04,0.07,0.03,0.04
14,2,5,"prevalence",0.05,"power",44,0.0276224926027628,0.00205287728300896,0.148484848484848,946,0.229085526183655,0.0828042571142993,0.01185869905,0.16708205936,0.212409018743,0.301465813187,0.377714252864,0.134383753827,0.01185869905,0.377714252864,0,0.03,0.05,0.01,0.08,0.08,0.03,0.07,0.05,0.06,0.08,0.07
14,2,5,"prevalence",0.1,"power",44,0.0276224926027628,0.00205287728300896,0.148484848484848,946,0.229085526183655,0.0828042571142993,0.01185869905,0.16708205936,0.212409018743,0.301465813187,0.377714252864,0.134383753827,0.01185869905,0.377714252864,0,0.07,0.02,0.05,0.02,0.03,0.03,0.02,0.02,0.02,0.05,0.02
14,2,5,"prevalence",0.15,"power",44,0.0276224926027628,0.00205287728300896,0.148484848484848,946,0.229085526183655,0.0828042571142993,0.01185869905,0.16708205936,0.212409018743,0.301465813187,0.377714252864,0.134383753827,0.01185869905,0.377714252864,0,0.07,0.04,0.06,0.05,0.04,0.1,0.03,0.05,0.04,0.08,0.05
14,2,5,"prevalence",0.2,"power",44,0.0276224926027628,0.00205287728300896,0.148484848484848,946,0.229085526183655,0.0828042571142993,0.01185869905,0.16708205936,0.212409018743,0.301465813187,0.377714252864,0.134383753827,0.01185869905,0.377714252864,0,0.07,0.07,0.02,0.07,0.07,0.04,0.11,0.06,0.11,0.07,0.07
14,2,5,"prevalence",0.25,"power",44,0.0276224926027628,0.00205287728300896,0.148484848484848,946,0.229085526183655,0.0828042571142993,0.01185869905,0.16708205936,0.212409018743,0.301465813187,0.377714252864,0.134383753827,0.01185869905,0.377714252864,0,0.1,0.07,0.07,0.04,0.07,0.06,0.06,0.02,0.05,0.05,0.05
14,2,5,"prevalence",0.3,"power",44,0.0276224926027628,0.00205287728300896,0.148484848484848,946,0.229085526183655,0.0828042571142993,0.01185869905,0.16708205936,0.212409018743,0.301465813187,0.377714252864,0.134383753827,0.01185869905,0.377714252864,0,0.06,0.03,0.09,0.04,0.05,0.08,0.04,0.06,0.04,0.05,0.03
14,2,5,"prevalence",0.35,"power",44,0.0276224926027628,0.00205287728300896,0.148484848484848,946,0.229085526183655,0.0828042571142993,0.01185869905,0.16708205936,0.212409018743,0.301465813187,0.377714252864,0.134383753827,0.01185869905,0.377714252864,0,0.08,0.09,0.05,0.06,0.05,0.08,0.04,0.06,0.04,0.06,0.07
14,2,5,"prevalence",0.4,"power",44,0.0276224926027628,0.00205287728300896,0.148484848484848,946,0.229085526183655,0.0828042571142993,0.01185869905,0.16708205936,0.212409018743,0.301465813187,0.377714252864,0.134383753827,0.01185869905,0.377714252864,0,0.18,0.05,0.08,0.05,0.1,0.21,0.09,0.05,0.09,0.15,0.08
14,2,5,"prevalence",0.45,"power",44,0.0276224926027628,0.00205287728300896,0.148484848484848,946,0.229085526183655,0.0828042571142993,0.01185869905,0.16708205936,0.212409018743,0.301465813187,0.377714252864,0.134383753827,0.01185869905,0.377714252864,0,0.2,0.08,0.1,0.09,0.07,0.07,0.06,0.08,0.07,0.13,0.08
14,2,5,"prevalence",0.5,"power",44,0.0276224926027628,0.00205287728300896,0.148484848484848,946,0.229085526183655,0.0828042571142993,0.01185869905,0.16708205936,0.212409018743,0.301465813187,0.377714252864,0.134383753827,0.01185869905,0.377714252864,0,0.29,0.05,0.06,0.05,0.09,0.18,0.07,0.04,0.05,0.24,0.06
14,2,5,"prevalence",0.55,"power",44,0.0276224926027628,0.00205287728300896,0.148484848484848,946,0.229085526183655,0.0828042571142993,0.01185869905,0.16708205936,0.212409018743,0.301465813187,0.377714252864,0.134383753827,0.01185869905,0.377714252864,0,0.22,0.09,0.11,0.06,0.1,0.15,0.08,0.1,0.07,0.16,0.09
14,2,5,"prevalence",0.6,"power",44,0.0276224926027628,0.00205287728300896,0.148484848484848,946,0.229085526183655,0.0828042571142993,0.01185869905,0.16708205936,0.212409018743,0.301465813187,0.377714252864,0.134383753827,0.01185869905,0.377714252864,0,0.42,0.07,0.09,0.05,0.09,0.33,0.06,0.06,0.06,0.32,0.07
14,5,6,"abundance",0,"type1_error",44,0.0669861490946805,0.00185203162602632,0.137121212121212,946,0.317027203568775,0.0993576217892495,0.00903639053,0.23654060914,0.3876755726218,0.3876755726688,0.3876755726822,0.1511349635288,0.014941491694,0.3876755726822,1,0.06,0.04,0.05,0.04,0.08,0.07,0.06,0.05,0.06,0.03,0.06
14,5,6,"abundance",0.05,"power",44,0.0669861490946805,0.00185203162602632,0.137121212121212,946,0.317027203568775,0.0993576217892495,0.00903639053,0.23654060914,0.3876755726218,0.3876755726688,0.3876755726822,0.1511349635288,0.014941491694,0.3876755726822,1,0.06,0.06,0.01,0.06,0.05,0.08,0.07,0.06,0.07,0.03,0.04
14,5,6,"abundance",0.1,"power",44,0.0669861490946805,0.00185203162602632,0.137121212121212,946,0.317027203568775,0.0993576217892495,0.00903639053,0.23654060914,0.3876755726218,0.3876755726688,0.3876755726822,0.1511349635288,0.014941491694,0.3876755726822,1,0.1,0.04,0.07,0.06,0.05,0.11,0.05,0.07,0.05,0.08,0.04
14,5,6,"abundance",0.15,"power",44,0.0669861490946805,0.00185203162602632,0.137121212121212,946,0.317027203568775,0.0993576217892495,0.00903639053,0.23654060914,0.3876755726218,0.3876755726688,0.3876755726822,0.1511349635288,0.014941491694,0.3876755726822,1,0.03,0.06,0.05,0.06,0.04,0.06,0.06,0.03,0.09,0.02,0.06
14,5,6,"abundance",0.2,"power",44,0.0669861490946805,0.00185203162602632,0.137121212121212,946,0.317027203568775,0.0993576217892495,0.00903639053,0.23654060914,0.3876755726218,0.3876755726688,0.3876755726822,0.1511349635288,0.014941491694,0.3876755726822,1,0.03,0.06,0.02,0.07,0.06,0.03,0.06,0.03,0.07,0,0.05
14,5,6,"abundance",0.25,"power",44,0.0669861490946805,0.00185203162602632,0.137121212121212,946,0.317027203568775,0.0993576217892495,0.00903639053,0.23654060914,0.3876755726218,0.3876755726688,0.3876755726822,0.1511349635288,0.014941491694,0.3876755726822,1,0.08,0.07,0.06,0.04,0.04,0.06,0.07,0.04,0.08,0.05,0.05
14,5,6,"abundance",0.3,"power",44,0.0669861490946805,0.00185203162602632,0.137121212121212,946,0.317027203568775,0.0993576217892495,0.00903639053,0.23654060914,0.3876755726218,0.3876755726688,0.3876755726822,0.1511349635288,0.014941491694,0.3876755726822,1,0.1,0.08,0.08,0.06,0.11,0.08,0.08,0.06,0.08,0.09,0.1
14,5,6,"abundance",0.35,"power",44,0.0669861490946805,0.00185203162602632,0.137121212121212,946,0.317027203568775,0.0993576217892495,0.00903639053,0.23654060914,0.3876755726218,0.3876755726688,0.3876755726822,0.1511349635288,0.014941491694,0.3876755726822,1,0.03,0.06,0.05,0.08,0.13,0.03,0.1,0.07,0.11,0.03,0.11
14,5,6,"abundance",0.4,"power",44,0.0669861490946805,0.00185203162602632,0.137121212121212,946,0.317027203568775,0.0993576217892495,0.00903639053,0.23654060914,0.3876755726218,0.3876755726688,0.3876755726822,0.1511349635288,0.014941491694,0.3876755726822,1,0.06,0.14,0.06,0.12,0.13,0.07,0.18,0.11,0.17,0.05,0.16
14,5,6,"abundance",0.45,"power",44,0.0669861490946805,0.00185203162602632,0.137121212121212,946,0.317027203568775,0.0993576217892495,0.00903639053,0.23654060914,0.3876755726218,0.3876755726688,0.3876755726822,0.1511349635288,0.014941491694,0.3876755726822,1,0.1,0.06,0.05,0.09,0.11,0.09,0.13,0.06,0.13,0.08,0.13
14,5,6,"abundance",0.5,"power",44,0.0669861490946805,0.00185203162602632,0.137121212121212,946,0.317027203568775,0.0993576217892495,0.00903639053,0.23654060914,0.3876755726218,0.3876755726688,0.3876755726822,0.1511349635288,0.014941491694,0.3876755726822,1,0.05,0.09,0.04,0.1,0.2,0.07,0.21,0.13,0.21,0.07,0.17
14,5,6,"abundance",0.55,"power",44,0.0669861490946805,0.00185203162602632,0.137121212121212,946,0.317027203568775,0.0993576217892495,0.00903639053,0.23654060914,0.3876755726218,0.3876755726688,0.3876755726822,0.1511349635288,0.014941491694,0.3876755726822,1,0.06,0.13,0.05,0.11,0.18,0.06,0.2,0.12,0.19,0.05,0.15
14,5,6,"abundance",0.6,"power",44,0.0669861490946805,0.00185203162602632,0.137121212121212,946,0.317027203568775,0.0993576217892495,0.00903639053,0.23654060914,0.3876755726218,0.3876755726688,0.3876755726822,0.1511349635288,0.014941491694,0.3876755726822,1,0.05,0.25,0.05,0.19,0.31,0.11,0.27,0.17,0.29,0.06,0.28
14,5,6,"both",0,"type1_error",44,0.0669861490946805,0.00185203162602632,0.137121212121212,946,0.317027203568775,0.0993576217892495,0.00903639053,0.23654060914,0.3876755726218,0.3876755726688,0.3876755726822,0.1511349635288,0.014941491694,0.3876755726822,1,0.07,0.04,0.04,0.05,0.08,0.07,0.05,0.07,0.07,0.07,0.05
14,5,6,"both",0.05,"power",44,0.0669861490946805,0.00185203162602632,0.137121212121212,946,0.317027203568775,0.0993576217892495,0.00903639053,0.23654060914,0.3876755726218,0.3876755726688,0.3876755726822,0.1511349635288,0.014941491694,0.3876755726822,1,0.07,0.05,0.04,0.06,0.07,0.09,0.06,0.06,0.07,0.04,0.09
14,5,6,"both",0.1,"power",44,0.0669861490946805,0.00185203162602632,0.137121212121212,946,0.317027203568775,0.0993576217892495,0.00903639053,0.23654060914,0.3876755726218,0.3876755726688,0.3876755726822,0.1511349635288,0.014941491694,0.3876755726822,1,0.03,0.03,0.04,0.04,0.06,0.02,0.07,0.05,0.08,0.03,0.06
14,5,6,"both",0.15,"power",44,0.0669861490946805,0.00185203162602632,0.137121212121212,946,0.317027203568775,0.0993576217892495,0.00903639053,0.23654060914,0.3876755726218,0.3876755726688,0.3876755726822,0.1511349635288,0.014941491694,0.3876755726822,1,0.01,0.06,0.04,0.05,0.09,0.06,0.04,0.06,0.04,0.05,0.07
14,5,6,"both",0.2,"power",44,0.0669861490946805,0.00185203162602632,0.137121212121212,946,0.317027203568775,0.0993576217892495,0.00903639053,0.23654060914,0.3876755726218,0.3876755726688,0.3876755726822,0.1511349635288,0.014941491694,0.3876755726822,1,0.08,0.09,0.04,0.04,0.13,0.08,0.16,0.15,0.13,0.08,0.11
14,5,6,"both",0.25,"power",44,0.0669861490946805,0.00185203162602632,0.137121212121212,946,0.317027203568775,0.0993576217892495,0.00903639053,0.23654060914,0.3876755726218,0.3876755726688,0.3876755726822,0.1511349635288,0.014941491694,0.3876755726822,1,0.07,0.08,0.09,0.07,0.13,0.06,0.09,0.05,0.08,0.06,0.1
14,5,6,"both",0.3,"power",44,0.0669861490946805,0.00185203162602632,0.137121212121212,946,0.317027203568775,0.0993576217892495,0.00903639053,0.23654060914,0.3876755726218,0.3876755726688,0.3876755726822,0.1511349635288,0.014941491694,0.3876755726822,1,0.09,0.1,0.05,0.1,0.11,0.1,0.08,0.09,0.09,0.07,0.1
14,5,6,"both",0.35,"power",44,0.0669861490946805,0.00185203162602632,0.137121212121212,946,0.317027203568775,0.0993576217892495,0.00903639053,0.23654060914,0.3876755726218,0.3876755726688,0.3876755726822,0.1511349635288,0.014941491694,0.3876755726822,1,0.1,0.09,0.08,0.09,0.14,0.06,0.1,0.02,0.1,0.1,0.12
14,5,6,"both",0.4,"power",44,0.0669861490946805,0.00185203162602632,0.137121212121212,946,0.317027203568775,0.0993576217892495,0.00903639053,0.23654060914,0.3876755726218,0.3876755726688,0.3876755726822,0.1511349635288,0.014941491694,0.3876755726822,1,0.16,0.12,0.08,0.11,0.22,0.12,0.12,0.1,0.1,0.14,0.15
14,5,6,"both",0.45,"power",44,0.0669861490946805,0.00185203162602632,0.137121212121212,946,0.317027203568775,0.0993576217892495,0.00903639053,0.23654060914,0.3876755726218,0.3876755726688,0.3876755726822,0.1511349635288,0.014941491694,0.3876755726822,1,0.12,0.09,0.08,0.12,0.26,0.13,0.2,0.11,0.2,0.11,0.16
14,5,6,"both",0.5,"power",44,0.0669861490946805,0.00185203162602632,0.137121212121212,946,0.317027203568775,0.0993576217892495,0.00903639053,0.23654060914,0.3876755726218,0.3876755726688,0.3876755726822,0.1511349635288,0.014941491694,0.3876755726822,1,0.23,0.14,0.06,0.13,0.43,0.22,0.24,0.16,0.24,0.17,0.25
14,5,6,"both",0.55,"power",44,0.0669861490946805,0.00185203162602632,0.137121212121212,946,0.317027203568775,0.0993576217892495,0.00903639053,0.23654060914,0.3876755726218,0.3876755726688,0.3876755726822,0.1511349635288,0.014941491694,0.3876755726822,1,0.24,0.18,0.06,0.15,0.53,0.21,0.29,0.16,0.25,0.2,0.27
14,5,6,"both",0.6,"power",44,0.0669861490946805,0.00185203162602632,0.137121212121212,946,0.317027203568775,0.0993576217892495,0.00903639053,0.23654060914,0.3876755726218,0.3876755726688,0.3876755726822,0.1511349635288,0.014941491694,0.3876755726822,1,0.34,0.23,0.11,0.19,0.66,0.39,0.36,0.16,0.36,0.29,0.39
14,5,6,"prevalence",0,"type1_error",44,0.0669861490946805,0.00185203162602632,0.137121212121212,946,0.317027203568775,0.0993576217892495,0.00903639053,0.23654060914,0.3876755726218,0.3876755726688,0.3876755726822,0.1511349635288,0.014941491694,0.3876755726822,1,0.09,0.05,0.07,0.1,0.07,0.08,0.04,0.07,0.04,0.06,0.05
14,5,6,"prevalence",0.05,"power",44,0.0669861490946805,0.00185203162602632,0.137121212121212,946,0.317027203568775,0.0993576217892495,0.00903639053,0.23654060914,0.3876755726218,0.3876755726688,0.3876755726822,0.1511349635288,0.014941491694,0.3876755726822,1,0.03,0.03,0.04,0.02,0.06,0.08,0.06,0.06,0.04,0.03,0.04
14,5,6,"prevalence",0.1,"power",44,0.0669861490946805,0.00185203162602632,0.137121212121212,946,0.317027203568775,0.0993576217892495,0.00903639053,0.23654060914,0.3876755726218,0.3876755726688,0.3876755726822,0.1511349635288,0.014941491694,0.3876755726822,1,0.06,0.07,0.07,0.05,0.09,0.08,0.06,0.08,0.06,0.04,0.09
14,5,6,"prevalence",0.15,"power",44,0.0669861490946805,0.00185203162602632,0.137121212121212,946,0.317027203568775,0.0993576217892495,0.00903639053,0.23654060914,0.3876755726218,0.3876755726688,0.3876755726822,0.1511349635288,0.014941491694,0.3876755726822,1,0.08,0.07,0.08,0.05,0.09,0.06,0.04,0.02,0.03,0.09,0.06
14,5,6,"prevalence",0.2,"power",44,0.0669861490946805,0.00185203162602632,0.137121212121212,946,0.317027203568775,0.0993576217892495,0.00903639053,0.23654060914,0.3876755726218,0.3876755726688,0.3876755726822,0.1511349635288,0.014941491694,0.3876755726822,1,0.06,0.08,0.07,0.07,0.1,0.06,0.04,0.09,0.05,0.03,0.08
14,5,6,"prevalence",0.25,"power",44,0.0669861490946805,0.00185203162602632,0.137121212121212,946,0.317027203568775,0.0993576217892495,0.00903639053,0.23654060914,0.3876755726218,0.3876755726688,0.3876755726822,0.1511349635288,0.014941491694,0.3876755726822,1,0.08,0.02,0.05,0.03,0.04,0.07,0.04,0.04,0.04,0.08,0.02
14,5,6,"prevalence",0.3,"power",44,0.0669861490946805,0.00185203162602632,0.137121212121212,946,0.317027203568775,0.0993576217892495,0.00903639053,0.23654060914,0.3876755726218,0.3876755726688,0.3876755726822,0.1511349635288,0.014941491694,0.3876755726822,1,0.1,0.05,0.05,0.06,0.05,0.05,0.06,0.07,0.05,0.04,0.05
14,5,6,"prevalence",0.35,"power",44,0.0669861490946805,0.00185203162602632,0.137121212121212,946,0.317027203568775,0.0993576217892495,0.00903639053,0.23654060914,0.3876755726218,0.3876755726688,0.3876755726822,0.1511349635288,0.014941491694,0.3876755726822,1,0.13,0.01,0.07,0.02,0.05,0.11,0.06,0.03,0.07,0.08,0.02
14,5,6,"prevalence",0.4,"power",44,0.0669861490946805,0.00185203162602632,0.137121212121212,946,0.317027203568775,0.0993576217892495,0.00903639053,0.23654060914,0.3876755726218,0.3876755726688,0.3876755726822,0.1511349635288,0.014941491694,0.3876755726822,1,0.16,0.06,0.06,0.07,0.09,0.13,0.12,0.08,0.09,0.14,0.06
14,5,6,"prevalence",0.45,"power",44,0.0669861490946805,0.00185203162602632,0.137121212121212,946,0.317027203568775,0.0993576217892495,0.00903639053,0.23654060914,0.3876755726218,0.3876755726688,0.3876755726822,0.1511349635288,0.014941491694,0.3876755726822,1,0.17,0.02,0.09,0.04,0.04,0.1,0.06,0.04,0.06,0.09,0.02
14,5,6,"prevalence",0.5,"power",44,0.0669861490946805,0.00185203162602632,0.137121212121212,946,0.317027203568775,0.0993576217892495,0.00903639053,0.23654060914,0.3876755726218,0.3876755726688,0.3876755726822,0.1511349635288,0.014941491694,0.3876755726822,1,0.24,0.07,0.07,0.08,0.1,0.13,0.03,0.06,0.03,0.21,0.06
14,5,6,"prevalence",0.55,"power",44,0.0669861490946805,0.00185203162602632,0.137121212121212,946,0.317027203568775,0.0993576217892495,0.00903639053,0.23654060914,0.3876755726218,0.3876755726688,0.3876755726822,0.1511349635288,0.014941491694,0.3876755726822,1,0.23,0.06,0.1,0.07,0.1,0.12,0.07,0.06,0.07,0.17,0.09
14,5,6,"prevalence",0.6,"power",44,0.0669861490946805,0.00185203162602632,0.137121212121212,946,0.317027203568775,0.0993576217892495,0.00903639053,0.23654060914,0.3876755726218,0.3876755726688,0.3876755726822,0.1511349635288,0.014941491694,0.3876755726822,1,0.31,0.04,0.11,0.03,0.11,0.18,0.07,0.03,0.06,0.16,0.06
14,14,7,"abundance",0,"type1_error",44,0.0876390537263577,0.00143365668089147,0.156439393939394,946,0.288357762645559,0.0954046275190577,0,0.226890722123,0.355304135631,0.355304135648,0.355304135683,0.128413413525,0.0366889745021,0.355304135683,4,0.02,0.02,0.04,0.02,0.02,0.03,0.02,0.01,0.02,0.04,0.01
14,14,7,"abundance",0.05,"power",44,0.0876390537263577,0.00143365668089147,0.156439393939394,946,0.288357762645559,0.0954046275190577,0,0.226890722123,0.355304135631,0.355304135648,0.355304135683,0.128413413525,0.0366889745021,0.355304135683,4,0.05,0.09,0.04,0.08,0.07,0.06,0.07,0.06,0.07,0.06,0.09
14,14,7,"abundance",0.1,"power",44,0.0876390537263577,0.00143365668089147,0.156439393939394,946,0.288357762645559,0.0954046275190577,0,0.226890722123,0.355304135631,0.355304135648,0.355304135683,0.128413413525,0.0366889745021,0.355304135683,4,0.06,0.06,0.04,0.07,0.07,0.07,0.05,0.04,0.05,0.09,0.07
14,14,7,"abundance",0.15,"power",44,0.0876390537263577,0.00143365668089147,0.156439393939394,946,0.288357762645559,0.0954046275190577,0,0.226890722123,0.355304135631,0.355304135648,0.355304135683,0.128413413525,0.0366889745021,0.355304135683,4,0.04,0.06,0.1,0.08,0.07,0.06,0.06,0.05,0.05,0.05,0.08
14,14,7,"abundance",0.2,"power",44,0.0876390537263577,0.00143365668089147,0.156439393939394,946,0.288357762645559,0.0954046275190577,0,0.226890722123,0.355304135631,0.355304135648,0.355304135683,0.128413413525,0.0366889745021,0.355304135683,4,0.03,0,0.02,0.01,0.02,0.04,0.01,0.01,0.01,0.05,0.03
14,14,7,"abundance",0.25,"power",44,0.0876390537263577,0.00143365668089147,0.156439393939394,946,0.288357762645559,0.0954046275190577,0,0.226890722123,0.355304135631,0.355304135648,0.355304135683,0.128413413525,0.0366889745021,0.355304135683,4,0.03,0.09,0.05,0.1,0.07,0.02,0.03,0.05,0.03,0.05,0.09
14,14,7,"abundance",0.3,"power",44,0.0876390537263577,0.00143365668089147,0.156439393939394,946,0.288357762645559,0.0954046275190577,0,0.226890722123,0.355304135631,0.355304135648,0.355304135683,0.128413413525,0.0366889745021,0.355304135683,4,0.06,0.08,0.06,0.05,0.09,0.08,0.06,0.05,0.05,0.07,0.08
14,14,7,"abundance",0.35,"power",44,0.0876390537263577,0.00143365668089147,0.156439393939394,946,0.288357762645559,0.0954046275190577,0,0.226890722123,0.355304135631,0.355304135648,0.355304135683,0.128413413525,0.0366889745021,0.355304135683,4,0.02,0.05,0.02,0.05,0.03,0.04,0,0.04,0,0.03,0.06
14,14,7,"abundance",0.4,"power",44,0.0876390537263577,0.00143365668089147,0.156439393939394,946,0.288357762645559,0.0954046275190577,0,0.226890722123,0.355304135631,0.355304135648,0.355304135683,0.128413413525,0.0366889745021,0.355304135683,4,0.06,0.1,0.08,0.05,0.17,0.07,0.16,0.09,0.13,0.08,0.13
14,14,7,"abundance",0.45,"power",44,0.0876390537263577,0.00143365668089147,0.156439393939394,946,0.288357762645559,0.0954046275190577,0,0.226890722123,0.355304135631,0.355304135648,0.355304135683,0.128413413525,0.0366889745021,0.355304135683,4,0.06,0.04,0.05,0.02,0.12,0.04,0.14,0.07,0.15,0.07,0.07
14,14,7,"abundance",0.5,"power",44,0.0876390537263577,0.00143365668089147,0.156439393939394,946,0.288357762645559,0.0954046275190577,0,0.226890722123,0.355304135631,0.355304135648,0.355304135683,0.128413413525,0.0366889745021,0.355304135683,4,0.11,0.11,0.11,0.09,0.22,0.09,0.12,0.11,0.12,0.07,0.13
14,14,7,"abundance",0.55,"power",44,0.0876390537263577,0.00143365668089147,0.156439393939394,946,0.288357762645559,0.0954046275190577,0,0.226890722123,0.355304135631,0.355304135648,0.355304135683,0.128413413525,0.0366889745021,0.355304135683,4,0.04,0.12,0.06,0.1,0.32,0.03,0.15,0.06,0.16,0.04,0.16
14,14,7,"abundance",0.6,"power",44,0.0876390537263577,0.00143365668089147,0.156439393939394,946,0.288357762645559,0.0954046275190577,0,0.226890722123,0.355304135631,0.355304135648,0.355304135683,0.128413413525,0.0366889745021,0.355304135683,4,0.04,0.13,0.05,0.11,0.39,0.11,0.27,0.11,0.31,0.05,0.24
14,14,7,"both",0,"type1_error",44,0.0876390537263577,0.00143365668089147,0.156439393939394,946,0.288357762645559,0.0954046275190577,0,0.226890722123,0.355304135631,0.355304135648,0.355304135683,0.128413413525,0.0366889745021,0.355304135683,4,0.03,0.03,0.09,0.06,0.08,0.07,0.06,0.06,0.07,0.05,0.05
14,14,7,"both",0.05,"power",44,0.0876390537263577,0.00143365668089147,0.156439393939394,946,0.288357762645559,0.0954046275190577,0,0.226890722123,0.355304135631,0.355304135648,0.355304135683,0.128413413525,0.0366889745021,0.355304135683,4,0.04,0.04,0.06,0.04,0.08,0.03,0.05,0.07,0.06,0.02,0.07
14,14,7,"both",0.1,"power",44,0.0876390537263577,0.00143365668089147,0.156439393939394,946,0.288357762645559,0.0954046275190577,0,0.226890722123,0.355304135631,0.355304135648,0.355304135683,0.128413413525,0.0366889745021,0.355304135683,4,0.04,0.06,0.06,0.06,0.06,0.04,0.04,0.03,0.03,0.04,0.05
14,14,7,"both",0.15,"power",44,0.0876390537263577,0.00143365668089147,0.156439393939394,946,0.288357762645559,0.0954046275190577,0,0.226890722123,0.355304135631,0.355304135648,0.355304135683,0.128413413525,0.0366889745021,0.355304135683,4,0.07,0.07,0.03,0.08,0.1,0.07,0.1,0.04,0.1,0.06,0.09
14,14,7,"both",0.2,"power",44,0.0876390537263577,0.00143365668089147,0.156439393939394,946,0.288357762645559,0.0954046275190577,0,0.226890722123,0.355304135631,0.355304135648,0.355304135683,0.128413413525,0.0366889745021,0.355304135683,4,0.04,0.08,0.08,0.09,0.08,0.06,0.08,0.09,0.11,0.05,0.08
14,14,7,"both",0.25,"power",44,0.0876390537263577,0.00143365668089147,0.156439393939394,946,0.288357762645559,0.0954046275190577,0,0.226890722123,0.355304135631,0.355304135648,0.355304135683,0.128413413525,0.0366889745021,0.355304135683,4,0.05,0.08,0.04,0.05,0.12,0.1,0.1,0.05,0.09,0.05,0.13
14,14,7,"both",0.3,"power",44,0.0876390537263577,0.00143365668089147,0.156439393939394,946,0.288357762645559,0.0954046275190577,0,0.226890722123,0.355304135631,0.355304135648,0.355304135683,0.128413413525,0.0366889745021,0.355304135683,4,0.06,0.07,0.04,0.04,0.13,0.1,0.13,0.1,0.12,0.07,0.07
14,14,7,"both",0.35,"power",44,0.0876390537263577,0.00143365668089147,0.156439393939394,946,0.288357762645559,0.0954046275190577,0,0.226890722123,0.355304135631,0.355304135648,0.355304135683,0.128413413525,0.0366889745021,0.355304135683,4,0.09,0.06,0.08,0.03,0.26,0.09,0.14,0.08,0.15,0.08,0.16
14,14,7,"both",0.4,"power",44,0.0876390537263577,0.00143365668089147,0.156439393939394,946,0.288357762645559,0.0954046275190577,0,0.226890722123,0.355304135631,0.355304135648,0.355304135683,0.128413413525,0.0366889745021,0.355304135683,4,0.14,0.15,0.07,0.11,0.3,0.19,0.19,0.09,0.18,0.12,0.22
14,14,7,"both",0.45,"power",44,0.0876390537263577,0.00143365668089147,0.156439393939394,946,0.288357762645559,0.0954046275190577,0,0.226890722123,0.355304135631,0.355304135648,0.355304135683,0.128413413525,0.0366889745021,0.355304135683,4,0.14,0.09,0.06,0.08,0.46,0.19,0.11,0.07,0.14,0.12,0.25
14,14,7,"both",0.5,"power",44,0.0876390537263577,0.00143365668089147,0.156439393939394,946,0.288357762645559,0.0954046275190577,0,0.226890722123,0.355304135631,0.355304135648,0.355304135683,0.128413413525,0.0366889745021,0.355304135683,4,0.19,0.1,0.08,0.04,0.5,0.24,0.15,0.08,0.17,0.12,0.2
14,14,7,"both",0.55,"power",44,0.0876390537263577,0.00143365668089147,0.156439393939394,946,0.288357762645559,0.0954046275190577,0,0.226890722123,0.355304135631,0.355304135648,0.355304135683,0.128413413525,0.0366889745021,0.355304135683,4,0.26,0.17,0.12,0.09,0.66,0.32,0.33,0.1,0.34,0.22,0.4
14,14,7,"both",0.6,"power",44,0.0876390537263577,0.00143365668089147,0.156439393939394,946,0.288357762645559,0.0954046275190577,0,0.226890722123,0.355304135631,0.355304135648,0.355304135683,0.128413413525,0.0366889745021,0.355304135683,4,0.28,0.14,0.09,0.07,0.76,0.42,0.32,0.1,0.32,0.17,0.47
14,14,7,"prevalence",0,"type1_error",44,0.0876390537263577,0.00143365668089147,0.156439393939394,946,0.288357762645559,0.0954046275190577,0,0.226890722123,0.355304135631,0.355304135648,0.355304135683,0.128413413525,0.0366889745021,0.355304135683,4,0.03,0.04,0.02,0.05,0.05,0.02,0.04,0.04,0.03,0.05,0.04
14,14,7,"prevalence",0.05,"power",44,0.0876390537263577,0.00143365668089147,0.156439393939394,946,0.288357762645559,0.0954046275190577,0,0.226890722123,0.355304135631,0.355304135648,0.355304135683,0.128413413525,0.0366889745021,0.355304135683,4,0.05,0.1,0.06,0.06,0.06,0.08,0.07,0.07,0.06,0.04,0.09
14,14,7,"prevalence",0.1,"power",44,0.0876390537263577,0.00143365668089147,0.156439393939394,946,0.288357762645559,0.0954046275190577,0,0.226890722123,0.355304135631,0.355304135648,0.355304135683,0.128413413525,0.0366889745021,0.355304135683,4,0.07,0.07,0.07,0.04,0.05,0.04,0.06,0.02,0.05,0.08,0.07
14,14,7,"prevalence",0.15,"power",44,0.0876390537263577,0.00143365668089147,0.156439393939394,946,0.288357762645559,0.0954046275190577,0,0.226890722123,0.355304135631,0.355304135648,0.355304135683,0.128413413525,0.0366889745021,0.355304135683,4,0.04,0.04,0.02,0.03,0.02,0.03,0.03,0.03,0.04,0.02,0.04
14,14,7,"prevalence",0.2,"power",44,0.0876390537263577,0.00143365668089147,0.156439393939394,946,0.288357762645559,0.0954046275190577,0,0.226890722123,0.355304135631,0.355304135648,0.355304135683,0.128413413525,0.0366889745021,0.355304135683,4,0.02,0.03,0.03,0.03,0.04,0.08,0.05,0.03,0.06,0.06,0.05
14,14,7,"prevalence",0.25,"power",44,0.0876390537263577,0.00143365668089147,0.156439393939394,946,0.288357762645559,0.0954046275190577,0,0.226890722123,0.355304135631,0.355304135648,0.355304135683,0.128413413525,0.0366889745021,0.355304135683,4,0.06,0.02,0.08,0.03,0.02,0.03,0.01,0,0.01,0.06,0.01
14,14,7,"prevalence",0.3,"power",44,0.0876390537263577,0.00143365668089147,0.156439393939394,946,0.288357762645559,0.0954046275190577,0,0.226890722123,0.355304135631,0.355304135648,0.355304135683,0.128413413525,0.0366889745021,0.355304135683,4,0.12,0.04,0.07,0.06,0.09,0.08,0.08,0.04,0.08,0.1,0.05
14,14,7,"prevalence",0.35,"power",44,0.0876390537263577,0.00143365668089147,0.156439393939394,946,0.288357762645559,0.0954046275190577,0,0.226890722123,0.355304135631,0.355304135648,0.355304135683,0.128413413525,0.0366889745021,0.355304135683,4,0.11,0.04,0.04,0.03,0.01,0.09,0.03,0.03,0.05,0.08,0.02
14,14,7,"prevalence",0.4,"power",44,0.0876390537263577,0.00143365668089147,0.156439393939394,946,0.288357762645559,0.0954046275190577,0,0.226890722123,0.355304135631,0.355304135648,0.355304135683,0.128413413525,0.0366889745021,0.355304135683,4,0.14,0.05,0.08,0.06,0.05,0.11,0.04,0.04,0.04,0.11,0.04
14,14,7,"prevalence",0.45,"power",44,0.0876390537263577,0.00143365668089147,0.156439393939394,946,0.288357762645559,0.0954046275190577,0,0.226890722123,0.355304135631,0.355304135648,0.355304135683,0.128413413525,0.0366889745021,0.355304135683,4,0.18,0.03,0.06,0.05,0.05,0.12,0.06,0.05,0.03,0.17,0.04
14,14,7,"prevalence",0.5,"power",44,0.0876390537263577,0.00143365668089147,0.156439393939394,946,0.288357762645559,0.0954046275190577,0,0.226890722123,0.355304135631,0.355304135648,0.355304135683,0.128413413525,0.0366889745021,0.355304135683,4,0.23,0.04,0.13,0.05,0.07,0.1,0.06,0.05,0.07,0.2,0.05
14,14,7,"prevalence",0.55,"power",44,0.0876390537263577,0.00143365668089147,0.156439393939394,946,0.288357762645559,0.0954046275190577,0,0.226890722123,0.355304135631,0.355304135648,0.355304135683,0.128413413525,0.0366889745021,0.355304135683,4,0.18,0.09,0.04,0.06,0.08,0.1,0.09,0.07,0.09,0.13,0.08
14,14,7,"prevalence",0.6,"power",44,0.0876390537263577,0.00143365668089147,0.156439393939394,946,0.288357762645559,0.0954046275190577,0,0.226890722123,0.355304135631,0.355304135648,0.355304135683,0.128413413525,0.0366889745021,0.355304135683,4,0.36,0.05,0.05,0.07,0.07,0.15,0.03,0.05,0.04,0.21,0.05
14,10,8,"abundance",0,"type1_error",44,-0.0101800460926324,0.00106311332689856,0.147348484848485,946,0.311185190142332,0.0781932485073424,0.003074565912,0.307248761602,0.35495145254,0.354951452542,0.371465524127,0.04770269094,0.253793855801,0.371465524127,172,0.07,0.04,0.04,0.05,0.06,0.07,0.07,0.05,0.09,0.06,0.05
14,10,8,"abundance",0.05,"power",44,-0.0101800460926324,0.00106311332689856,0.147348484848485,946,0.311185190142332,0.0781932485073424,0.003074565912,0.307248761602,0.35495145254,0.354951452542,0.371465524127,0.04770269094,0.253793855801,0.371465524127,172,0.07,0.04,0.06,0.06,0.07,0.07,0.08,0.07,0.09,0.08,0.08
14,10,8,"abundance",0.1,"power",44,-0.0101800460926324,0.00106311332689856,0.147348484848485,946,0.311185190142332,0.0781932485073424,0.003074565912,0.307248761602,0.35495145254,0.354951452542,0.371465524127,0.04770269094,0.253793855801,0.371465524127,172,0.1,0.06,0.04,0.04,0.07,0.03,0.08,0.07,0.09,0.09,0.08
14,10,8,"abundance",0.15,"power",44,-0.0101800460926324,0.00106311332689856,0.147348484848485,946,0.311185190142332,0.0781932485073424,0.003074565912,0.307248761602,0.35495145254,0.354951452542,0.371465524127,0.04770269094,0.253793855801,0.371465524127,172,0.04,0.06,0.05,0.05,0.04,0.04,0.03,0.06,0.05,0.03,0.06
14,10,8,"abundance",0.2,"power",44,-0.0101800460926324,0.00106311332689856,0.147348484848485,946,0.311185190142332,0.0781932485073424,0.003074565912,0.307248761602,0.35495145254,0.354951452542,0.371465524127,0.04770269094,0.253793855801,0.371465524127,172,0.02,0.03,0.07,0,0.03,0.04,0.05,0.06,0.06,0,0.02
14,10,8,"abundance",0.25,"power",44,-0.0101800460926324,0.00106311332689856,0.147348484848485,946,0.311185190142332,0.0781932485073424,0.003074565912,0.307248761602,0.35495145254,0.354951452542,0.371465524127,0.04770269094,0.253793855801,0.371465524127,172,0.09,0.05,0.09,0.04,0.05,0.06,0.07,0.07,0.06,0.05,0.03
14,10,8,"abundance",0.3,"power",44,-0.0101800460926324,0.00106311332689856,0.147348484848485,946,0.311185190142332,0.0781932485073424,0.003074565912,0.307248761602,0.35495145254,0.354951452542,0.371465524127,0.04770269094,0.253793855801,0.371465524127,172,0.06,0.09,0.05,0.07,0.08,0.08,0.08,0.09,0.08,0.03,0.09
14,10,8,"abundance",0.35,"power",44,-0.0101800460926324,0.00106311332689856,0.147348484848485,946,0.311185190142332,0.0781932485073424,0.003074565912,0.307248761602,0.35495145254,0.354951452542,0.371465524127,0.04770269094,0.253793855801,0.371465524127,172,0.03,0.06,0.07,0.07,0.07,0.04,0.07,0.08,0.07,0.01,0.08
14,10,8,"abundance",0.4,"power",44,-0.0101800460926324,0.00106311332689856,0.147348484848485,946,0.311185190142332,0.0781932485073424,0.003074565912,0.307248761602,0.35495145254,0.354951452542,0.371465524127,0.04770269094,0.253793855801,0.371465524127,172,0.04,0.03,0.05,0.03,0.07,0.07,0.06,0.08,0.06,0.03,0.06
14,10,8,"abundance",0.45,"power",44,-0.0101800460926324,0.00106311332689856,0.147348484848485,946,0.311185190142332,0.0781932485073424,0.003074565912,0.307248761602,0.35495145254,0.354951452542,0.371465524127,0.04770269094,0.253793855801,0.371465524127,172,0.04,0.06,0.03,0.1,0.11,0.07,0.06,0.04,0.05,0.08,0.06
14,10,8,"abundance",0.5,"power",44,-0.0101800460926324,0.00106311332689856,0.147348484848485,946,0.311185190142332,0.0781932485073424,0.003074565912,0.307248761602,0.35495145254,0.354951452542,0.371465524127,0.04770269094,0.253793855801,0.371465524127,172,0.05,0.07,0.08,0.08,0.14,0.08,0.12,0.07,0.1,0.06,0.08
14,10,8,"abundance",0.55,"power",44,-0.0101800460926324,0.00106311332689856,0.147348484848485,946,0.311185190142332,0.0781932485073424,0.003074565912,0.307248761602,0.35495145254,0.354951452542,0.371465524127,0.04770269094,0.253793855801,0.371465524127,172,0.02,0.09,0.02,0.12,0.1,0.05,0.1,0.04,0.08,0.02,0.1
14,10,8,"abundance",0.6,"power",44,-0.0101800460926324,0.00106311332689856,0.147348484848485,946,0.311185190142332,0.0781932485073424,0.003074565912,0.307248761602,0.35495145254,0.354951452542,0.371465524127,0.04770269094,0.253793855801,0.371465524127,172,0.05,0.06,0.04,0.06,0.14,0.04,0.14,0.06,0.14,0.07,0.11
14,10,8,"both",0,"type1_error",44,-0.0101800460926324,0.00106311332689856,0.147348484848485,946,0.311185190142332,0.0781932485073424,0.003074565912,0.307248761602,0.35495145254,0.354951452542,0.371465524127,0.04770269094,0.253793855801,0.371465524127,172,0.02,0.03,0.05,0.04,0.02,0.02,0.04,0.03,0.03,0.02,0.03
14,10,8,"both",0.05,"power",44,-0.0101800460926324,0.00106311332689856,0.147348484848485,946,0.311185190142332,0.0781932485073424,0.003074565912,0.307248761602,0.35495145254,0.354951452542,0.371465524127,0.04770269094,0.253793855801,0.371465524127,172,0.06,0.04,0.05,0.05,0.01,0.01,0.04,0.02,0.04,0.03,0.03
14,10,8,"both",0.1,"power",44,-0.0101800460926324,0.00106311332689856,0.147348484848485,946,0.311185190142332,0.0781932485073424,0.003074565912,0.307248761602,0.35495145254,0.354951452542,0.371465524127,0.04770269094,0.253793855801,0.371465524127,172,0.03,0.08,0.06,0.08,0.07,0.07,0.07,0.05,0.04,0.01,0.09
14,10,8,"both",0.15,"power",44,-0.0101800460926324,0.00106311332689856,0.147348484848485,946,0.311185190142332,0.0781932485073424,0.003074565912,0.307248761602,0.35495145254,0.354951452542,0.371465524127,0.04770269094,0.253793855801,0.371465524127,172,0.03,0.04,0.04,0.04,0.03,0.04,0.02,0.03,0.05,0.04,0.04
14,10,8,"both",0.2,"power",44,-0.0101800460926324,0.00106311332689856,0.147348484848485,946,0.311185190142332,0.0781932485073424,0.003074565912,0.307248761602,0.35495145254,0.354951452542,0.371465524127,0.04770269094,0.253793855801,0.371465524127,172,0.06,0.06,0.04,0.07,0.09,0.07,0.07,0.06,0.05,0.1,0.07
14,10,8,"both",0.25,"power",44,-0.0101800460926324,0.00106311332689856,0.147348484848485,946,0.311185190142332,0.0781932485073424,0.003074565912,0.307248761602,0.35495145254,0.354951452542,0.371465524127,0.04770269094,0.253793855801,0.371465524127,172,0.08,0.05,0.13,0.05,0.05,0.02,0.05,0.01,0.05,0.05,0.04
14,10,8,"both",0.3,"power",44,-0.0101800460926324,0.00106311332689856,0.147348484848485,946,0.311185190142332,0.0781932485073424,0.003074565912,0.307248761602,0.35495145254,0.354951452542,0.371465524127,0.04770269094,0.253793855801,0.371465524127,172,0.05,0.06,0.07,0.05,0.09,0.09,0.09,0.1,0.09,0.06,0.08
14,10,8,"both",0.35,"power",44,-0.0101800460926324,0.00106311332689856,0.147348484848485,946,0.311185190142332,0.0781932485073424,0.003074565912,0.307248761602,0.35495145254,0.354951452542,0.371465524127,0.04770269094,0.253793855801,0.371465524127,172,0.04,0.07,0.03,0.08,0.09,0.08,0.05,0.03,0.08,0.06,0.1
14,10,8,"both",0.4,"power",44,-0.0101800460926324,0.00106311332689856,0.147348484848485,946,0.311185190142332,0.0781932485073424,0.003074565912,0.307248761602,0.35495145254,0.354951452542,0.371465524127,0.04770269094,0.253793855801,0.371465524127,172,0.12,0.04,0.09,0.04,0.14,0.13,0.12,0.04,0.13,0.12,0.1
14,10,8,"both",0.45,"power",44,-0.0101800460926324,0.00106311332689856,0.147348484848485,946,0.311185190142332,0.0781932485073424,0.003074565912,0.307248761602,0.35495145254,0.354951452542,0.371465524127,0.04770269094,0.253793855801,0.371465524127,172,0.13,0.03,0,0.06,0.17,0.2,0.1,0.05,0.07,0.15,0.05
14,10,8,"both",0.5,"power",44,-0.0101800460926324,0.00106311332689856,0.147348484848485,946,0.311185190142332,0.0781932485073424,0.003074565912,0.307248761602,0.35495145254,0.354951452542,0.371465524127,0.04770269094,0.253793855801,0.371465524127,172,0.14,0.1,0.05,0.11,0.31,0.25,0.13,0.06,0.13,0.15,0.17
14,10,8,"both",0.55,"power",44,-0.0101800460926324,0.00106311332689856,0.147348484848485,946,0.311185190142332,0.0781932485073424,0.003074565912,0.307248761602,0.35495145254,0.354951452542,0.371465524127,0.04770269094,0.253793855801,0.371465524127,172,0.15,0.09,0.07,0.08,0.21,0.26,0.16,0.07,0.15,0.18,0.13
14,10,8,"both",0.6,"power",44,-0.0101800460926324,0.00106311332689856,0.147348484848485,946,0.311185190142332,0.0781932485073424,0.003074565912,0.307248761602,0.35495145254,0.354951452542,0.371465524127,0.04770269094,0.253793855801,0.371465524127,172,0.2,0.12,0.08,0.12,0.36,0.34,0.21,0.07,0.18,0.21,0.21
14,10,8,"prevalence",0,"type1_error",44,-0.0101800460926324,0.00106311332689856,0.147348484848485,946,0.311185190142332,0.0781932485073424,0.003074565912,0.307248761602,0.35495145254,0.354951452542,0.371465524127,0.04770269094,0.253793855801,0.371465524127,172,0.02,0.04,0.04,0.06,0.06,0.03,0.07,0.03,0.07,0,0.06
14,10,8,"prevalence",0.05,"power",44,-0.0101800460926324,0.00106311332689856,0.147348484848485,946,0.311185190142332,0.0781932485073424,0.003074565912,0.307248761602,0.35495145254,0.354951452542,0.371465524127,0.04770269094,0.253793855801,0.371465524127,172,0.07,0.05,0.05,0.07,0.04,0.05,0.03,0.01,0.03,0.06,0.04
14,10,8,"prevalence",0.1,"power",44,-0.0101800460926324,0.00106311332689856,0.147348484848485,946,0.311185190142332,0.0781932485073424,0.003074565912,0.307248761602,0.35495145254,0.354951452542,0.371465524127,0.04770269094,0.253793855801,0.371465524127,172,0.05,0.05,0.04,0.05,0.04,0.06,0.05,0.07,0.05,0.03,0.05
14,10,8,"prevalence",0.15,"power",44,-0.0101800460926324,0.00106311332689856,0.147348484848485,946,0.311185190142332,0.0781932485073424,0.003074565912,0.307248761602,0.35495145254,0.354951452542,0.371465524127,0.04770269094,0.253793855801,0.371465524127,172,0.04,0.02,0.05,0.04,0.04,0.04,0.03,0.07,0.03,0.06,0.04
14,10,8,"prevalence",0.2,"power",44,-0.0101800460926324,0.00106311332689856,0.147348484848485,946,0.311185190142332,0.0781932485073424,0.003074565912,0.307248761602,0.35495145254,0.354951452542,0.371465524127,0.04770269094,0.253793855801,0.371465524127,172,0.06,0.09,0.08,0.07,0.06,0.07,0.03,0.09,0.04,0.08,0.04
14,10,8,"prevalence",0.25,"power",44,-0.0101800460926324,0.00106311332689856,0.147348484848485,946,0.311185190142332,0.0781932485073424,0.003074565912,0.307248761602,0.35495145254,0.354951452542,0.371465524127,0.04770269094,0.253793855801,0.371465524127,172,0.04,0.02,0.04,0.02,0.07,0.06,0.05,0.05,0.06,0.04,0.03
14,10,8,"prevalence",0.3,"power",44,-0.0101800460926324,0.00106311332689856,0.147348484848485,946,0.311185190142332,0.0781932485073424,0.003074565912,0.307248761602,0.35495145254,0.354951452542,0.371465524127,0.04770269094,0.253793855801,0.371465524127,172,0.09,0.07,0.04,0.06,0.07,0.07,0.06,0.08,0.05,0.05,0.08
14,10,8,"prevalence",0.35,"power",44,-0.0101800460926324,0.00106311332689856,0.147348484848485,946,0.311185190142332,0.0781932485073424,0.003074565912,0.307248761602,0.35495145254,0.354951452542,0.371465524127,0.04770269094,0.253793855801,0.371465524127,172,0.07,0.07,0.04,0.07,0.1,0.08,0.04,0.03,0.05,0.09,0.08
14,10,8,"prevalence",0.4,"power",44,-0.0101800460926324,0.00106311332689856,0.147348484848485,946,0.311185190142332,0.0781932485073424,0.003074565912,0.307248761602,0.35495145254,0.354951452542,0.371465524127,0.04770269094,0.253793855801,0.371465524127,172,0.1,0.05,0.09,0.02,0.03,0.08,0.06,0.04,0.05,0.12,0.06
14,10,8,"prevalence",0.45,"power",44,-0.0101800460926324,0.00106311332689856,0.147348484848485,946,0.311185190142332,0.0781932485073424,0.003074565912,0.307248761602,0.35495145254,0.354951452542,0.371465524127,0.04770269094,0.253793855801,0.371465524127,172,0.16,0.07,0.07,0.07,0.11,0.14,0.07,0.09,0.1,0.18,0.08
14,10,8,"prevalence",0.5,"power",44,-0.0101800460926324,0.00106311332689856,0.147348484848485,946,0.311185190142332,0.0781932485073424,0.003074565912,0.307248761602,0.35495145254,0.354951452542,0.371465524127,0.04770269094,0.253793855801,0.371465524127,172,0.16,0.03,0.09,0.04,0.06,0.12,0.07,0.03,0.05,0.19,0.03
14,10,8,"prevalence",0.55,"power",44,-0.0101800460926324,0.00106311332689856,0.147348484848485,946,0.311185190142332,0.0781932485073424,0.003074565912,0.307248761602,0.35495145254,0.354951452542,0.371465524127,0.04770269094,0.253793855801,0.371465524127,172,0.09,0.04,0.08,0.05,0.05,0.09,0.03,0.05,0.02,0.14,0.03
14,10,8,"prevalence",0.6,"power",44,-0.0101800460926324,0.00106311332689856,0.147348484848485,946,0.311185190142332,0.0781932485073424,0.003074565912,0.307248761602,0.35495145254,0.354951452542,0.371465524127,0.04770269094,0.253793855801,0.371465524127,172,0.18,0.04,0.12,0.04,0.07,0.13,0.07,0.05,0.06,0.26,0.03
14,11,9,"abundance",0,"type1_error",44,-0.0916922269713927,0.000904013864301155,0.116287878787879,946,0.297344666138648,0.098912164850547,0,0.234092389929,0.293449193034,0.42609434234175,0.4260943423838,0.19200195241275,0,0.4260943423838,0,0.04,0.02,0.07,0.02,0.02,0.06,0.06,0.03,0.07,0.07,0.01
14,11,9,"abundance",0.05,"power",44,-0.0916922269713927,0.000904013864301155,0.116287878787879,946,0.297344666138648,0.098912164850547,0,0.234092389929,0.293449193034,0.42609434234175,0.4260943423838,0.19200195241275,0,0.4260943423838,0,0.05,0.05,0.04,0.04,0.07,0.02,0.06,0.07,0.07,0.04,0.08
14,11,9,"abundance",0.1,"power",44,-0.0916922269713927,0.000904013864301155,0.116287878787879,946,0.297344666138648,0.098912164850547,0,0.234092389929,0.293449193034,0.42609434234175,0.4260943423838,0.19200195241275,0,0.4260943423838,0,0.07,0.08,0.06,0.07,0.04,0.04,0.06,0.08,0.06,0.08,0.06
14,11,9,"abundance",0.15,"power",44,-0.0916922269713927,0.000904013864301155,0.116287878787879,946,0.297344666138648,0.098912164850547,0,0.234092389929,0.293449193034,0.42609434234175,0.4260943423838,0.19200195241275,0,0.4260943423838,0,0.06,0.02,0.01,0.03,0.04,0.05,0.04,0.03,0.04,0.02,0.02
14,11,9,"abundance",0.2,"power",44,-0.0916922269713927,0.000904013864301155,0.116287878787879,946,0.297344666138648,0.098912164850547,0,0.234092389929,0.293449193034,0.42609434234175,0.4260943423838,0.19200195241275,0,0.4260943423838,0,0.09,0.07,0.06,0.08,0.08,0.08,0.08,0.06,0.08,0.1,0.06
14,11,9,"abundance",0.25,"power",44,-0.0916922269713927,0.000904013864301155,0.116287878787879,946,0.297344666138648,0.098912164850547,0,0.234092389929,0.293449193034,0.42609434234175,0.4260943423838,0.19200195241275,0,0.4260943423838,0,0.03,0.07,0.05,0.06,0.04,0.02,0.08,0.05,0.07,0.03,0.07
14,11,9,"abundance",0.3,"power",44,-0.0916922269713927,0.000904013864301155,0.116287878787879,946,0.297344666138648,0.098912164850547,0,0.234092389929,0.293449193034,0.42609434234175,0.4260943423838,0.19200195241275,0,0.4260943423838,0,0.04,0.08,0.06,0.07,0.06,0.1,0.1,0.12,0.11,0.07,0.09
14,11,9,"abundance",0.35,"power",44,-0.0916922269713927,0.000904013864301155,0.116287878787879,946,0.297344666138648,0.098912164850547,0,0.234092389929,0.293449193034,0.42609434234175,0.4260943423838,0.19200195241275,0,0.4260943423838,0,0.1,0.08,0.11,0.08,0.08,0.09,0.09,0.1,0.1,0.08,0.07
14,11,9,"abundance",0.4,"power",44,-0.0916922269713927,0.000904013864301155,0.116287878787879,946,0.297344666138648,0.098912164850547,0,0.234092389929,0.293449193034,0.42609434234175,0.4260943423838,0.19200195241275,0,0.4260943423838,0,0.03,0.1,0.08,0.08,0.08,0.09,0.09,0.04,0.08,0.06,0.06
14,11,9,"abundance",0.45,"power",44,-0.0916922269713927,0.000904013864301155,0.116287878787879,946,0.297344666138648,0.098912164850547,0,0.234092389929,0.293449193034,0.42609434234175,0.4260943423838,0.19200195241275,0,0.4260943423838,0,0.08,0.03,0.04,0.03,0.07,0.07,0.05,0.03,0.06,0.08,0.04
14,11,9,"abundance",0.5,"power",44,-0.0916922269713927,0.000904013864301155,0.116287878787879,946,0.297344666138648,0.098912164850547,0,0.234092389929,0.293449193034,0.42609434234175,0.4260943423838,0.19200195241275,0,0.4260943423838,0,0.09,0.07,0.09,0.04,0.13,0.07,0.07,0.1,0.08,0.05,0.1
14,11,9,"abundance",0.55,"power",44,-0.0916922269713927,0.000904013864301155,0.116287878787879,946,0.297344666138648,0.098912164850547,0,0.234092389929,0.293449193034,0.42609434234175,0.4260943423838,0.19200195241275,0,0.4260943423838,0,0.06,0.04,0.05,0.07,0.05,0.04,0.05,0.04,0.06,0.03,0.04
14,11,9,"abundance",0.6,"power",44,-0.0916922269713927,0.000904013864301155,0.116287878787879,946,0.297344666138648,0.098912164850547,0,0.234092389929,0.293449193034,0.42609434234175,0.4260943423838,0.19200195241275,0,0.4260943423838,0,0.05,0.04,0.02,0.03,0.11,0.03,0.08,0.04,0.1,0.04,0.1
14,11,9,"both",0,"type1_error",44,-0.0916922269713927,0.000904013864301155,0.116287878787879,946,0.297344666138648,0.098912164850547,0,0.234092389929,0.293449193034,0.42609434234175,0.4260943423838,0.19200195241275,0,0.4260943423838,0,0.05,0.02,0.01,0.03,0.04,0.03,0.05,0.03,0.06,0.05,0.05
14,11,9,"both",0.05,"power",44,-0.0916922269713927,0.000904013864301155,0.116287878787879,946,0.297344666138648,0.098912164850547,0,0.234092389929,0.293449193034,0.42609434234175,0.4260943423838,0.19200195241275,0,0.4260943423838,0,0.05,0.02,0.05,0.02,0.03,0.06,0.02,0.03,0.04,0.07,0.03
14,11,9,"both",0.1,"power",44,-0.0916922269713927,0.000904013864301155,0.116287878787879,946,0.297344666138648,0.098912164850547,0,0.234092389929,0.293449193034,0.42609434234175,0.4260943423838,0.19200195241275,0,0.4260943423838,0,0.04,0.07,0.01,0.04,0.07,0.05,0.05,0.08,0.06,0.03,0.07
14,11,9,"both",0.15,"power",44,-0.0916922269713927,0.000904013864301155,0.116287878787879,946,0.297344666138648,0.098912164850547,0,0.234092389929,0.293449193034,0.42609434234175,0.4260943423838,0.19200195241275,0,0.4260943423838,0,0.07,0.02,0.06,0.03,0.04,0.07,0.05,0.02,0.04,0.07,0.04
14,11,9,"both",0.2,"power",44,-0.0916922269713927,0.000904013864301155,0.116287878787879,946,0.297344666138648,0.098912164850547,0,0.234092389929,0.293449193034,0.42609434234175,0.4260943423838,0.19200195241275,0,0.4260943423838,0,0.05,0.05,0.09,0.04,0.06,0.09,0.06,0.04,0.06,0.06,0.05
14,11,9,"both",0.25,"power",44,-0.0916922269713927,0.000904013864301155,0.116287878787879,946,0.297344666138648,0.098912164850547,0,0.234092389929,0.293449193034,0.42609434234175,0.4260943423838,0.19200195241275,0,0.4260943423838,0,0.09,0.1,0.08,0.1,0.08,0.09,0.09,0.04,0.08,0.09,0.1
14,11,9,"both",0.3,"power",44,-0.0916922269713927,0.000904013864301155,0.116287878787879,946,0.297344666138648,0.098912164850547,0,0.234092389929,0.293449193034,0.42609434234175,0.4260943423838,0.19200195241275,0,0.4260943423838,0,0.1,0.06,0.06,0.04,0.1,0.1,0.11,0.07,0.09,0.11,0.07
14,11,9,"both",0.35,"power",44,-0.0916922269713927,0.000904013864301155,0.116287878787879,946,0.297344666138648,0.098912164850547,0,0.234092389929,0.293449193034,0.42609434234175,0.4260943423838,0.19200195241275,0,0.4260943423838,0,0.12,0.07,0.03,0.05,0.13,0.1,0.08,0.05,0.08,0.13,0.09
14,11,9,"both",0.4,"power",44,-0.0916922269713927,0.000904013864301155,0.116287878787879,946,0.297344666138648,0.098912164850547,0,0.234092389929,0.293449193034,0.42609434234175,0.4260943423838,0.19200195241275,0,0.4260943423838,0,0.09,0.12,0.07,0.13,0.08,0.11,0.06,0.05,0.04,0.08,0.08
14,11,9,"both",0.45,"power",44,-0.0916922269713927,0.000904013864301155,0.116287878787879,946,0.297344666138648,0.098912164850547,0,0.234092389929,0.293449193034,0.42609434234175,0.4260943423838,0.19200195241275,0,0.4260943423838,0,0.15,0.08,0.1,0.11,0.11,0.13,0.05,0.07,0.05,0.1,0.05
14,11,9,"both",0.5,"power",44,-0.0916922269713927,0.000904013864301155,0.116287878787879,946,0.297344666138648,0.098912164850547,0,0.234092389929,0.293449193034,0.42609434234175,0.4260943423838,0.19200195241275,0,0.4260943423838,0,0.22,0.08,0.12,0.06,0.21,0.27,0.15,0.11,0.16,0.14,0.12
14,11,9,"both",0.55,"power",44,-0.0916922269713927,0.000904013864301155,0.116287878787879,946,0.297344666138648,0.098912164850547,0,0.234092389929,0.293449193034,0.42609434234175,0.4260943423838,0.19200195241275,0,0.4260943423838,0,0.23,0.09,0.07,0.07,0.3,0.41,0.12,0.06,0.11,0.16,0.14
14,11,9,"both",0.6,"power",44,-0.0916922269713927,0.000904013864301155,0.116287878787879,946,0.297344666138648,0.098912164850547,0,0.234092389929,0.293449193034,0.42609434234175,0.4260943423838,0.19200195241275,0,0.4260943423838,0,0.29,0.11,0.11,0.09,0.35,0.39,0.21,0.1,0.19,0.24,0.19
14,11,9,"prevalence",0,"type1_error",44,-0.0916922269713927,0.000904013864301155,0.116287878787879,946,0.297344666138648,0.098912164850547,0,0.234092389929,0.293449193034,0.42609434234175,0.4260943423838,0.19200195241275,0,0.4260943423838,0,0.06,0.09,0.06,0.07,0.09,0.05,0.08,0.05,0.08,0.07,0.09
14,11,9,"prevalence",0.05,"power",44,-0.0916922269713927,0.000904013864301155,0.116287878787879,946,0.297344666138648,0.098912164850547,0,0.234092389929,0.293449193034,0.42609434234175,0.4260943423838,0.19200195241275,0,0.4260943423838,0,0.05,0.08,0.03,0.11,0.04,0.03,0.07,0.04,0.06,0.04,0.06
14,11,9,"prevalence",0.1,"power",44,-0.0916922269713927,0.000904013864301155,0.116287878787879,946,0.297344666138648,0.098912164850547,0,0.234092389929,0.293449193034,0.42609434234175,0.4260943423838,0.19200195241275,0,0.4260943423838,0,0.01,0.04,0.03,0.04,0.02,0.05,0.03,0.04,0.02,0.01,0.02
14,11,9,"prevalence",0.15,"power",44,-0.0916922269713927,0.000904013864301155,0.116287878787879,946,0.297344666138648,0.098912164850547,0,0.234092389929,0.293449193034,0.42609434234175,0.4260943423838,0.19200195241275,0,0.4260943423838,0,0.07,0.1,0.02,0.1,0.09,0.09,0.08,0.07,0.06,0.04,0.11
14,11,9,"prevalence",0.2,"power",44,-0.0916922269713927,0.000904013864301155,0.116287878787879,946,0.297344666138648,0.098912164850547,0,0.234092389929,0.293449193034,0.42609434234175,0.4260943423838,0.19200195241275,0,0.4260943423838,0,0.04,0.03,0.04,0.04,0.03,0.04,0.05,0.05,0.05,0.06,0.04
14,11,9,"prevalence",0.25,"power",44,-0.0916922269713927,0.000904013864301155,0.116287878787879,946,0.297344666138648,0.098912164850547,0,0.234092389929,0.293449193034,0.42609434234175,0.4260943423838,0.19200195241275,0,0.4260943423838,0,0.05,0.07,0.04,0.08,0.06,0.07,0.04,0.07,0.06,0.07,0.08
14,11,9,"prevalence",0.3,"power",44,-0.0916922269713927,0.000904013864301155,0.116287878787879,946,0.297344666138648,0.098912164850547,0,0.234092389929,0.293449193034,0.42609434234175,0.4260943423838,0.19200195241275,0,0.4260943423838,0,0.08,0.04,0.04,0.03,0.05,0.08,0.05,0.05,0.05,0.08,0.04
14,11,9,"prevalence",0.35,"power",44,-0.0916922269713927,0.000904013864301155,0.116287878787879,946,0.297344666138648,0.098912164850547,0,0.234092389929,0.293449193034,0.42609434234175,0.4260943423838,0.19200195241275,0,0.4260943423838,0,0.11,0.06,0.04,0.02,0.07,0.07,0.07,0.06,0.08,0.1,0.03
14,11,9,"prevalence",0.4,"power",44,-0.0916922269713927,0.000904013864301155,0.116287878787879,946,0.297344666138648,0.098912164850547,0,0.234092389929,0.293449193034,0.42609434234175,0.4260943423838,0.19200195241275,0,0.4260943423838,0,0.13,0.05,0.1,0.03,0.15,0.15,0.12,0.11,0.12,0.13,0.09
14,11,9,"prevalence",0.45,"power",44,-0.0916922269713927,0.000904013864301155,0.116287878787879,946,0.297344666138648,0.098912164850547,0,0.234092389929,0.293449193034,0.42609434234175,0.4260943423838,0.19200195241275,0,0.4260943423838,0,0.16,0.06,0.09,0.04,0.06,0.16,0.06,0.07,0.06,0.11,0.05
14,11,9,"prevalence",0.5,"power",44,-0.0916922269713927,0.000904013864301155,0.116287878787879,946,0.297344666138648,0.098912164850547,0,0.234092389929,0.293449193034,0.42609434234175,0.4260943423838,0.19200195241275,0,0.4260943423838,0,0.18,0.02,0.12,0.02,0.07,0.18,0.06,0.03,0.07,0.15,0.02
14,11,9,"prevalence",0.55,"power",44,-0.0916922269713927,0.000904013864301155,0.116287878787879,946,0.297344666138648,0.098912164850547,0,0.234092389929,0.293449193034,0.42609434234175,0.4260943423838,0.19200195241275,0,0.4260943423838,0,0.27,0.06,0.09,0.06,0.08,0.18,0.04,0.02,0.05,0.27,0.04
14,11,9,"prevalence",0.6,"power",44,-0.0916922269713927,0.000904013864301155,0.116287878787879,946,0.297344666138648,0.098912164850547,0,0.234092389929,0.293449193034,0.42609434234175,0.4260943423838,0.19200195241275,0,0.4260943423838,0,0.29,0.05,0.12,0.03,0.04,0.16,0.02,0.03,0.02,0.24,0.04
14,9,10,"abundance",0,"type1_error",44,0.307119539654359,0.000844460557119453,0.145075757575758,946,0.227307413456439,0.0578295022711437,0.02067735416,0.187467600979,0.253422015576,0.277860592926,0.27786059298,0.090392991947,0.06129991142,0.27786059298,9,0.02,0.02,0.02,0.03,0.06,0.04,0.03,0.03,0.04,0.04,0.02
14,9,10,"abundance",0.05,"power",44,0.307119539654359,0.000844460557119453,0.145075757575758,946,0.227307413456439,0.0578295022711437,0.02067735416,0.187467600979,0.253422015576,0.277860592926,0.27786059298,0.090392991947,0.06129991142,0.27786059298,9,0.06,0.1,0.04,0.05,0.08,0.07,0.12,0.06,0.11,0.04,0.09
14,9,10,"abundance",0.1,"power",44,0.307119539654359,0.000844460557119453,0.145075757575758,946,0.227307413456439,0.0578295022711437,0.02067735416,0.187467600979,0.253422015576,0.277860592926,0.27786059298,0.090392991947,0.06129991142,0.27786059298,9,0.04,0.05,0.03,0.04,0.07,0.03,0.06,0.04,0.04,0.06,0.04
14,9,10,"abundance",0.15,"power",44,0.307119539654359,0.000844460557119453,0.145075757575758,946,0.227307413456439,0.0578295022711437,0.02067735416,0.187467600979,0.253422015576,0.277860592926,0.27786059298,0.090392991947,0.06129991142,0.27786059298,9,0.05,0.05,0,0.04,0.06,0.09,0.04,0.06,0.05,0.03,0.05
14,9,10,"abundance",0.2,"power",44,0.307119539654359,0.000844460557119453,0.145075757575758,946,0.227307413456439,0.0578295022711437,0.02067735416,0.187467600979,0.253422015576,0.277860592926,0.27786059298,0.090392991947,0.06129991142,0.27786059298,9,0.02,0.06,0.02,0.07,0.02,0.01,0.04,0.1,0.03,0.05,0.04
14,9,10,"abundance",0.25,"power",44,0.307119539654359,0.000844460557119453,0.145075757575758,946,0.227307413456439,0.0578295022711437,0.02067735416,0.187467600979,0.253422015576,0.277860592926,0.27786059298,0.090392991947,0.06129991142,0.27786059298,9,0.02,0.06,0.05,0.07,0.01,0.04,0.05,0.07,0.07,0.02,0.07
14,9,10,"abundance",0.3,"power",44,0.307119539654359,0.000844460557119453,0.145075757575758,946,0.227307413456439,0.0578295022711437,0.02067735416,0.187467600979,0.253422015576,0.277860592926,0.27786059298,0.090392991947,0.06129991142,0.27786059298,9,0.03,0.07,0.06,0.06,0.08,0.05,0.07,0.02,0.06,0.06,0.05
14,9,10,"abundance",0.35,"power",44,0.307119539654359,0.000844460557119453,0.145075757575758,946,0.227307413456439,0.0578295022711437,0.02067735416,0.187467600979,0.253422015576,0.277860592926,0.27786059298,0.090392991947,0.06129991142,0.27786059298,9,0.02,0.02,0.06,0.03,0.1,0.04,0.04,0.01,0.05,0.03,0.04
14,9,10,"abundance",0.4,"power",44,0.307119539654359,0.000844460557119453,0.145075757575758,946,0.227307413456439,0.0578295022711437,0.02067735416,0.187467600979,0.253422015576,0.277860592926,0.27786059298,0.090392991947,0.06129991142,0.27786059298,9,0.03,0.09,0.08,0.06,0.04,0.03,0.05,0.04,0.05,0.04,0.06
14,9,10,"abundance",0.45,"power",44,0.307119539654359,0.000844460557119453,0.145075757575758,946,0.227307413456439,0.0578295022711437,0.02067735416,0.187467600979,0.253422015576,0.277860592926,0.27786059298,0.090392991947,0.06129991142,0.27786059298,9,0.06,0.1,0.05,0.09,0.12,0.05,0.1,0.07,0.09,0.04,0.14
14,9,10,"abundance",0.5,"power",44,0.307119539654359,0.000844460557119453,0.145075757575758,946,0.227307413456439,0.0578295022711437,0.02067735416,0.187467600979,0.253422015576,0.277860592926,0.27786059298,0.090392991947,0.06129991142,0.27786059298,9,0.06,0.09,0.04,0.09,0.13,0.06,0.1,0.06,0.11,0.05,0.1
14,9,10,"abundance",0.55,"power",44,0.307119539654359,0.000844460557119453,0.145075757575758,946,0.227307413456439,0.0578295022711437,0.02067735416,0.187467600979,0.253422015576,0.277860592926,0.27786059298,0.090392991947,0.06129991142,0.27786059298,9,0.03,0.08,0.03,0.07,0.13,0.05,0.13,0.07,0.13,0.04,0.1
14,9,10,"abundance",0.6,"power",44,0.307119539654359,0.000844460557119453,0.145075757575758,946,0.227307413456439,0.0578295022711437,0.02067735416,0.187467600979,0.253422015576,0.277860592926,0.27786059298,0.090392991947,0.06129991142,0.27786059298,9,0.05,0.11,0.07,0.12,0.21,0.04,0.09,0.08,0.09,0.04,0.17
14,9,10,"both",0,"type1_error",44,0.307119539654359,0.000844460557119453,0.145075757575758,946,0.227307413456439,0.0578295022711437,0.02067735416,0.187467600979,0.253422015576,0.277860592926,0.27786059298,0.090392991947,0.06129991142,0.27786059298,9,0.04,0.08,0.06,0.07,0.08,0.05,0.07,0.07,0.06,0.07,0.08
14,9,10,"both",0.05,"power",44,0.307119539654359,0.000844460557119453,0.145075757575758,946,0.227307413456439,0.0578295022711437,0.02067735416,0.187467600979,0.253422015576,0.277860592926,0.27786059298,0.090392991947,0.06129991142,0.27786059298,9,0.05,0.07,0.07,0.06,0.06,0.05,0.05,0.04,0.06,0.05,0.06
14,9,10,"both",0.1,"power",44,0.307119539654359,0.000844460557119453,0.145075757575758,946,0.227307413456439,0.0578295022711437,0.02067735416,0.187467600979,0.253422015576,0.277860592926,0.27786059298,0.090392991947,0.06129991142,0.27786059298,9,0.05,0.02,0.05,0.01,0.05,0.06,0.07,0.04,0.08,0.03,0.04
14,9,10,"both",0.15,"power",44,0.307119539654359,0.000844460557119453,0.145075757575758,946,0.227307413456439,0.0578295022711437,0.02067735416,0.187467600979,0.253422015576,0.277860592926,0.27786059298,0.090392991947,0.06129991142,0.27786059298,9,0.04,0.07,0.04,0.06,0.06,0.05,0.08,0.03,0.06,0.06,0.07
14,9,10,"both",0.2,"power",44,0.307119539654359,0.000844460557119453,0.145075757575758,946,0.227307413456439,0.0578295022711437,0.02067735416,0.187467600979,0.253422015576,0.277860592926,0.27786059298,0.090392991947,0.06129991142,0.27786059298,9,0.04,0.05,0.04,0.03,0.05,0.06,0.04,0.05,0.03,0.02,0.02
14,9,10,"both",0.25,"power",44,0.307119539654359,0.000844460557119453,0.145075757575758,946,0.227307413456439,0.0578295022711437,0.02067735416,0.187467600979,0.253422015576,0.277860592926,0.27786059298,0.090392991947,0.06129991142,0.27786059298,9,0.02,0.06,0.03,0.05,0.08,0.05,0.03,0.05,0.04,0.03,0.05
14,9,10,"both",0.3,"power",44,0.307119539654359,0.000844460557119453,0.145075757575758,946,0.227307413456439,0.0578295022711437,0.02067735416,0.187467600979,0.253422015576,0.277860592926,0.27786059298,0.090392991947,0.06129991142,0.27786059298,9,0.06,0.07,0.05,0.07,0.09,0.07,0.08,0.05,0.09,0.06,0.07
14,9,10,"both",0.35,"power",44,0.307119539654359,0.000844460557119453,0.145075757575758,946,0.227307413456439,0.0578295022711437,0.02067735416,0.187467600979,0.253422015576,0.277860592926,0.27786059298,0.090392991947,0.06129991142,0.27786059298,9,0.08,0.06,0.06,0.09,0.13,0.17,0.09,0.06,0.08,0.08,0.09
14,9,10,"both",0.4,"power",44,0.307119539654359,0.000844460557119453,0.145075757575758,946,0.227307413456439,0.0578295022711437,0.02067735416,0.187467600979,0.253422015576,0.277860592926,0.27786059298,0.090392991947,0.06129991142,0.27786059298,9,0.13,0.06,0.08,0.05,0.18,0.13,0.05,0.06,0.04,0.11,0.09
14,9,10,"both",0.45,"power",44,0.307119539654359,0.000844460557119453,0.145075757575758,946,0.227307413456439,0.0578295022711437,0.02067735416,0.187467600979,0.253422015576,0.277860592926,0.27786059298,0.090392991947,0.06129991142,0.27786059298,9,0.11,0.09,0.03,0.1,0.18,0.16,0.09,0.04,0.09,0.1,0.1
14,9,10,"both",0.5,"power",44,0.307119539654359,0.000844460557119453,0.145075757575758,946,0.227307413456439,0.0578295022711437,0.02067735416,0.187467600979,0.253422015576,0.277860592926,0.27786059298,0.090392991947,0.06129991142,0.27786059298,9,0.14,0.07,0.06,0.08,0.32,0.21,0.09,0.05,0.12,0.13,0.15
14,9,10,"both",0.55,"power",44,0.307119539654359,0.000844460557119453,0.145075757575758,946,0.227307413456439,0.0578295022711437,0.02067735416,0.187467600979,0.253422015576,0.277860592926,0.27786059298,0.090392991947,0.06129991142,0.27786059298,9,0.19,0.13,0.07,0.15,0.37,0.29,0.12,0.05,0.13,0.21,0.18
14,9,10,"both",0.6,"power",44,0.307119539654359,0.000844460557119453,0.145075757575758,946,0.227307413456439,0.0578295022711437,0.02067735416,0.187467600979,0.253422015576,0.277860592926,0.27786059298,0.090392991947,0.06129991142,0.27786059298,9,0.31,0.13,0.11,0.15,0.61,0.43,0.2,0.06,0.18,0.27,0.33
14,9,10,"prevalence",0,"type1_error",44,0.307119539654359,0.000844460557119453,0.145075757575758,946,0.227307413456439,0.0578295022711437,0.02067735416,0.187467600979,0.253422015576,0.277860592926,0.27786059298,0.090392991947,0.06129991142,0.27786059298,9,0.06,0.02,0.04,0.02,0.05,0.07,0.05,0.03,0.05,0.06,0.03
14,9,10,"prevalence",0.05,"power",44,0.307119539654359,0.000844460557119453,0.145075757575758,946,0.227307413456439,0.0578295022711437,0.02067735416,0.187467600979,0.253422015576,0.277860592926,0.27786059298,0.090392991947,0.06129991142,0.27786059298,9,0.07,0.07,0.05,0.07,0.07,0.04,0.06,0.08,0.04,0.06,0.09
14,9,10,"prevalence",0.1,"power",44,0.307119539654359,0.000844460557119453,0.145075757575758,946,0.227307413456439,0.0578295022711437,0.02067735416,0.187467600979,0.253422015576,0.277860592926,0.27786059298,0.090392991947,0.06129991142,0.27786059298,9,0.06,0.07,0.04,0.06,0.06,0.02,0.05,0.05,0.05,0.05,0.06
14,9,10,"prevalence",0.15,"power",44,0.307119539654359,0.000844460557119453,0.145075757575758,946,0.227307413456439,0.0578295022711437,0.02067735416,0.187467600979,0.253422015576,0.277860592926,0.27786059298,0.090392991947,0.06129991142,0.27786059298,9,0.07,0.04,0.04,0.04,0.05,0.06,0.04,0.02,0.04,0.07,0.04
14,9,10,"prevalence",0.2,"power",44,0.307119539654359,0.000844460557119453,0.145075757575758,946,0.227307413456439,0.0578295022711437,0.02067735416,0.187467600979,0.253422015576,0.277860592926,0.27786059298,0.090392991947,0.06129991142,0.27786059298,9,0.04,0.06,0.06,0.06,0.07,0.05,0.1,0.08,0.11,0.05,0.07
14,9,10,"prevalence",0.25,"power",44,0.307119539654359,0.000844460557119453,0.145075757575758,946,0.227307413456439,0.0578295022711437,0.02067735416,0.187467600979,0.253422015576,0.277860592926,0.27786059298,0.090392991947,0.06129991142,0.27786059298,9,0.07,0.05,0.05,0.03,0.05,0.07,0.05,0.06,0.06,0.06,0.03
14,9,10,"prevalence",0.3,"power",44,0.307119539654359,0.000844460557119453,0.145075757575758,946,0.227307413456439,0.0578295022711437,0.02067735416,0.187467600979,0.253422015576,0.277860592926,0.27786059298,0.090392991947,0.06129991142,0.27786059298,9,0.1,0.06,0.03,0.04,0.05,0.06,0.1,0.06,0.09,0.06,0.04
14,9,10,"prevalence",0.35,"power",44,0.307119539654359,0.000844460557119453,0.145075757575758,946,0.227307413456439,0.0578295022711437,0.02067735416,0.187467600979,0.253422015576,0.277860592926,0.27786059298,0.090392991947,0.06129991142,0.27786059298,9,0.08,0.06,0.03,0.03,0.06,0.07,0.04,0.05,0.04,0.07,0.07
14,9,10,"prevalence",0.4,"power",44,0.307119539654359,0.000844460557119453,0.145075757575758,946,0.227307413456439,0.0578295022711437,0.02067735416,0.187467600979,0.253422015576,0.277860592926,0.27786059298,0.090392991947,0.06129991142,0.27786059298,9,0.09,0.02,0.03,0.03,0.06,0.06,0.11,0.05,0.12,0.09,0.04
14,9,10,"prevalence",0.45,"power",44,0.307119539654359,0.000844460557119453,0.145075757575758,946,0.227307413456439,0.0578295022711437,0.02067735416,0.187467600979,0.253422015576,0.277860592926,0.27786059298,0.090392991947,0.06129991142,0.27786059298,9,0.07,0.07,0.08,0.08,0.06,0.13,0.07,0.1,0.09,0.12,0.06
14,9,10,"prevalence",0.5,"power",44,0.307119539654359,0.000844460557119453,0.145075757575758,946,0.227307413456439,0.0578295022711437,0.02067735416,0.187467600979,0.253422015576,0.277860592926,0.27786059298,0.090392991947,0.06129991142,0.27786059298,9,0.13,0.05,0.05,0.03,0.05,0.1,0.03,0.08,0.05,0.12,0.03
14,9,10,"prevalence",0.55,"power",44,0.307119539654359,0.000844460557119453,0.145075757575758,946,0.227307413456439,0.0578295022711437,0.02067735416,0.187467600979,0.253422015576,0.277860592926,0.27786059298,0.090392991947,0.06129991142,0.27786059298,9,0.16,0.04,0.06,0.04,0.08,0.12,0.03,0.03,0.03,0.13,0.06
14,9,10,"prevalence",0.6,"power",44,0.307119539654359,0.000844460557119453,0.145075757575758,946,0.227307413456439,0.0578295022711437,0.02067735416,0.187467600979,0.253422015576,0.277860592926,0.27786059298,0.090392991947,0.06129991142,0.27786059298,9,0.22,0.06,0.09,0.07,0.07,0.13,0.09,0.05,0.09,0.2,0.05
14,6,11,"abundance",0,"type1_error",44,-0.152301908871578,0.000874368314443055,0.173484848484848,946,0.339459351608428,0.0865506124002978,0.005994791916,0.3380938371694,0.354951452567,0.4151061077148,0.4151061077568,0.0770122705454001,0.2255800964,0.4151061077568,71,0.04,0.01,0.04,0.05,0.04,0.02,0.02,0.04,0.03,0.04,0.03
14,6,11,"abundance",0.05,"power",44,-0.152301908871578,0.000874368314443055,0.173484848484848,946,0.339459351608428,0.0865506124002978,0.005994791916,0.3380938371694,0.354951452567,0.4151061077148,0.4151061077568,0.0770122705454001,0.2255800964,0.4151061077568,71,0.06,0.04,0.04,0.04,0.04,0.03,0.02,0.03,0.01,0.07,0.04
14,6,11,"abundance",0.1,"power",44,-0.152301908871578,0.000874368314443055,0.173484848484848,946,0.339459351608428,0.0865506124002978,0.005994791916,0.3380938371694,0.354951452567,0.4151061077148,0.4151061077568,0.0770122705454001,0.2255800964,0.4151061077568,71,0.07,0.06,0.05,0.02,0.07,0.06,0.07,0.05,0.05,0.06,0.07
14,6,11,"abundance",0.15,"power",44,-0.152301908871578,0.000874368314443055,0.173484848484848,946,0.339459351608428,0.0865506124002978,0.005994791916,0.3380938371694,0.354951452567,0.4151061077148,0.4151061077568,0.0770122705454001,0.2255800964,0.4151061077568,71,0.03,0.07,0.05,0.03,0.05,0.03,0.05,0.03,0.04,0.05,0.05
14,6,11,"abundance",0.2,"power",44,-0.152301908871578,0.000874368314443055,0.173484848484848,946,0.339459351608428,0.0865506124002978,0.005994791916,0.3380938371694,0.354951452567,0.4151061077148,0.4151061077568,0.0770122705454001,0.2255800964,0.4151061077568,71,0.05,0.06,0.07,0.08,0.03,0.07,0.04,0.07,0.04,0.06,0.02
14,6,11,"abundance",0.25,"power",44,-0.152301908871578,0.000874368314443055,0.173484848484848,946,0.339459351608428,0.0865506124002978,0.005994791916,0.3380938371694,0.354951452567,0.4151061077148,0.4151061077568,0.0770122705454001,0.2255800964,0.4151061077568,71,0.06,0.02,0.06,0.03,0.07,0.04,0.06,0.03,0.07,0.07,0.05
14,6,11,"abundance",0.3,"power",44,-0.152301908871578,0.000874368314443055,0.173484848484848,946,0.339459351608428,0.0865506124002978,0.005994791916,0.3380938371694,0.354951452567,0.4151061077148,0.4151061077568,0.0770122705454001,0.2255800964,0.4151061077568,71,0.08,0.08,0.08,0.06,0.09,0.05,0.08,0.08,0.08,0.06,0.07
14,6,11,"abundance",0.35,"power",44,-0.152301908871578,0.000874368314443055,0.173484848484848,946,0.339459351608428,0.0865506124002978,0.005994791916,0.3380938371694,0.354951452567,0.4151061077148,0.4151061077568,0.0770122705454001,0.2255800964,0.4151061077568,71,0.03,0.06,0.02,0.07,0.09,0.03,0.03,0.04,0.04,0.03,0.06
14,6,11,"abundance",0.4,"power",44,-0.152301908871578,0.000874368314443055,0.173484848484848,946,0.339459351608428,0.0865506124002978,0.005994791916,0.3380938371694,0.354951452567,0.4151061077148,0.4151061077568,0.0770122705454001,0.2255800964,0.4151061077568,71,0.05,0.02,0.04,0.03,0.09,0.09,0.07,0.02,0.07,0.07,0.04
14,6,11,"abundance",0.45,"power",44,-0.152301908871578,0.000874368314443055,0.173484848484848,946,0.339459351608428,0.0865506124002978,0.005994791916,0.3380938371694,0.354951452567,0.4151061077148,0.4151061077568,0.0770122705454001,0.2255800964,0.4151061077568,71,0.03,0.05,0.09,0.03,0.07,0.04,0.05,0.02,0.05,0.07,0.05
14,6,11,"abundance",0.5,"power",44,-0.152301908871578,0.000874368314443055,0.173484848484848,946,0.339459351608428,0.0865506124002978,0.005994791916,0.3380938371694,0.354951452567,0.4151061077148,0.4151061077568,0.0770122705454001,0.2255800964,0.4151061077568,71,0.03,0.05,0.05,0.03,0.05,0.04,0.09,0.04,0.09,0.04,0.04
14,6,11,"abundance",0.55,"power",44,-0.152301908871578,0.000874368314443055,0.173484848484848,946,0.339459351608428,0.0865506124002978,0.005994791916,0.3380938371694,0.354951452567,0.4151061077148,0.4151061077568,0.0770122705454001,0.2255800964,0.4151061077568,71,0.04,0.06,0.02,0.04,0.14,0.05,0.06,0.04,0.08,0.03,0.09
14,6,11,"abundance",0.6,"power",44,-0.152301908871578,0.000874368314443055,0.173484848484848,946,0.339459351608428,0.0865506124002978,0.005994791916,0.3380938371694,0.354951452567,0.4151061077148,0.4151061077568,0.0770122705454001,0.2255800964,0.4151061077568,71,0.08,0.07,0.05,0.06,0.13,0.09,0.11,0.05,0.1,0.06,0.11
14,6,11,"both",0,"type1_error",44,-0.152301908871578,0.000874368314443055,0.173484848484848,946,0.339459351608428,0.0865506124002978,0.005994791916,0.3380938371694,0.354951452567,0.4151061077148,0.4151061077568,0.0770122705454001,0.2255800964,0.4151061077568,71,0.04,0.05,0.02,0.05,0.02,0.04,0.03,0.03,0.06,0.03,0.06
14,6,11,"both",0.05,"power",44,-0.152301908871578,0.000874368314443055,0.173484848484848,946,0.339459351608428,0.0865506124002978,0.005994791916,0.3380938371694,0.354951452567,0.4151061077148,0.4151061077568,0.0770122705454001,0.2255800964,0.4151061077568,71,0.07,0.07,0.07,0.12,0.04,0.06,0.02,0.03,0.02,0.05,0.04
14,6,11,"both",0.1,"power",44,-0.152301908871578,0.000874368314443055,0.173484848484848,946,0.339459351608428,0.0865506124002978,0.005994791916,0.3380938371694,0.354951452567,0.4151061077148,0.4151061077568,0.0770122705454001,0.2255800964,0.4151061077568,71,0.03,0.11,0.07,0.11,0.07,0.05,0.05,0.08,0.06,0.03,0.11
14,6,11,"both",0.15,"power",44,-0.152301908871578,0.000874368314443055,0.173484848484848,946,0.339459351608428,0.0865506124002978,0.005994791916,0.3380938371694,0.354951452567,0.4151061077148,0.4151061077568,0.0770122705454001,0.2255800964,0.4151061077568,71,0.08,0.06,0.06,0.08,0.06,0.07,0.07,0.05,0.09,0.07,0.06
14,6,11,"both",0.2,"power",44,-0.152301908871578,0.000874368314443055,0.173484848484848,946,0.339459351608428,0.0865506124002978,0.005994791916,0.3380938371694,0.354951452567,0.4151061077148,0.4151061077568,0.0770122705454001,0.2255800964,0.4151061077568,71,0.04,0.06,0.07,0.03,0.08,0.06,0.06,0.04,0.06,0.06,0.06
14,6,11,"both",0.25,"power",44,-0.152301908871578,0.000874368314443055,0.173484848484848,946,0.339459351608428,0.0865506124002978,0.005994791916,0.3380938371694,0.354951452567,0.4151061077148,0.4151061077568,0.0770122705454001,0.2255800964,0.4151061077568,71,0.08,0.02,0.07,0.04,0.08,0.12,0.03,0.05,0.02,0.1,0.06
14,6,11,"both",0.3,"power",44,-0.152301908871578,0.000874368314443055,0.173484848484848,946,0.339459351608428,0.0865506124002978,0.005994791916,0.3380938371694,0.354951452567,0.4151061077148,0.4151061077568,0.0770122705454001,0.2255800964,0.4151061077568,71,0.14,0.05,0.05,0.04,0.08,0.15,0.04,0.03,0.03,0.08,0.05
14,6,11,"both",0.35,"power",44,-0.152301908871578,0.000874368314443055,0.173484848484848,946,0.339459351608428,0.0865506124002978,0.005994791916,0.3380938371694,0.354951452567,0.4151061077148,0.4151061077568,0.0770122705454001,0.2255800964,0.4151061077568,71,0.08,0.05,0.03,0.05,0.12,0.17,0.1,0.05,0.09,0.09,0.08
14,6,11,"both",0.4,"power",44,-0.152301908871578,0.000874368314443055,0.173484848484848,946,0.339459351608428,0.0865506124002978,0.005994791916,0.3380938371694,0.354951452567,0.4151061077148,0.4151061077568,0.0770122705454001,0.2255800964,0.4151061077568,71,0.19,0.03,0.06,0.05,0.16,0.25,0.12,0.08,0.13,0.12,0.08
14,6,11,"both",0.45,"power",44,-0.152301908871578,0.000874368314443055,0.173484848484848,946,0.339459351608428,0.0865506124002978,0.005994791916,0.3380938371694,0.354951452567,0.4151061077148,0.4151061077568,0.0770122705454001,0.2255800964,0.4151061077568,71,0.16,0.11,0.14,0.11,0.26,0.21,0.08,0.06,0.1,0.12,0.13
14,6,11,"both",0.5,"power",44,-0.152301908871578,0.000874368314443055,0.173484848484848,946,0.339459351608428,0.0865506124002978,0.005994791916,0.3380938371694,0.354951452567,0.4151061077148,0.4151061077568,0.0770122705454001,0.2255800964,0.4151061077568,71,0.24,0.14,0.08,0.17,0.28,0.35,0.17,0.12,0.16,0.18,0.16
14,6,11,"both",0.55,"power",44,-0.152301908871578,0.000874368314443055,0.173484848484848,946,0.339459351608428,0.0865506124002978,0.005994791916,0.3380938371694,0.354951452567,0.4151061077148,0.4151061077568,0.0770122705454001,0.2255800964,0.4151061077568,71,0.34,0.05,0.07,0.06,0.33,0.45,0.13,0.04,0.09,0.28,0.07
14,6,11,"both",0.6,"power",44,-0.152301908871578,0.000874368314443055,0.173484848484848,946,0.339459351608428,0.0865506124002978,0.005994791916,0.3380938371694,0.354951452567,0.4151061077148,0.4151061077568,0.0770122705454001,0.2255800964,0.4151061077568,71,0.39,0.13,0.09,0.12,0.56,0.66,0.23,0.09,0.2,0.32,0.2
14,6,11,"prevalence",0,"type1_error",44,-0.152301908871578,0.000874368314443055,0.173484848484848,946,0.339459351608428,0.0865506124002978,0.005994791916,0.3380938371694,0.354951452567,0.4151061077148,0.4151061077568,0.0770122705454001,0.2255800964,0.4151061077568,71,0.08,0.04,0.06,0.06,0.06,0.04,0.05,0.07,0.05,0.09,0.05
14,6,11,"prevalence",0.05,"power",44,-0.152301908871578,0.000874368314443055,0.173484848484848,946,0.339459351608428,0.0865506124002978,0.005994791916,0.3380938371694,0.354951452567,0.4151061077148,0.4151061077568,0.0770122705454001,0.2255800964,0.4151061077568,71,0.05,0.04,0.01,0.03,0.01,0.06,0.04,0.03,0.04,0.08,0.03
14,6,11,"prevalence",0.1,"power",44,-0.152301908871578,0.000874368314443055,0.173484848484848,946,0.339459351608428,0.0865506124002978,0.005994791916,0.3380938371694,0.354951452567,0.4151061077148,0.4151061077568,0.0770122705454001,0.2255800964,0.4151061077568,71,0.04,0.05,0.05,0.04,0.02,0.04,0.05,0.03,0.05,0.02,0.04
14,6,11,"prevalence",0.15,"power",44,-0.152301908871578,0.000874368314443055,0.173484848484848,946,0.339459351608428,0.0865506124002978,0.005994791916,0.3380938371694,0.354951452567,0.4151061077148,0.4151061077568,0.0770122705454001,0.2255800964,0.4151061077568,71,0.07,0.04,0.04,0.01,0.07,0.05,0.05,0.05,0.04,0.08,0.04
14,6,11,"prevalence",0.2,"power",44,-0.152301908871578,0.000874368314443055,0.173484848484848,946,0.339459351608428,0.0865506124002978,0.005994791916,0.3380938371694,0.354951452567,0.4151061077148,0.4151061077568,0.0770122705454001,0.2255800964,0.4151061077568,71,0.07,0.05,0.03,0.06,0.03,0.07,0.05,0.06,0.06,0.03,0.04
14,6,11,"prevalence",0.25,"power",44,-0.152301908871578,0.000874368314443055,0.173484848484848,946,0.339459351608428,0.0865506124002978,0.005994791916,0.3380938371694,0.354951452567,0.4151061077148,0.4151061077568,0.0770122705454001,0.2255800964,0.4151061077568,71,0.11,0.05,0.05,0.06,0.09,0.08,0.05,0.03,0.04,0.11,0.05
14,6,11,"prevalence",0.3,"power",44,-0.152301908871578,0.000874368314443055,0.173484848484848,946,0.339459351608428,0.0865506124002978,0.005994791916,0.3380938371694,0.354951452567,0.4151061077148,0.4151061077568,0.0770122705454001,0.2255800964,0.4151061077568,71,0.07,0.09,0.04,0.07,0.08,0.07,0.06,0.07,0.08,0.07,0.08
14,6,11,"prevalence",0.35,"power",44,-0.152301908871578,0.000874368314443055,0.173484848484848,946,0.339459351608428,0.0865506124002978,0.005994791916,0.3380938371694,0.354951452567,0.4151061077148,0.4151061077568,0.0770122705454001,0.2255800964,0.4151061077568,71,0.09,0.04,0.04,0.01,0.08,0.07,0.11,0.07,0.1,0.1,0.04
14,6,11,"prevalence",0.4,"power",44,-0.152301908871578,0.000874368314443055,0.173484848484848,946,0.339459351608428,0.0865506124002978,0.005994791916,0.3380938371694,0.354951452567,0.4151061077148,0.4151061077568,0.0770122705454001,0.2255800964,0.4151061077568,71,0.13,0.04,0.09,0.04,0.08,0.07,0.04,0.05,0.06,0.11,0.09
14,6,11,"prevalence",0.45,"power",44,-0.152301908871578,0.000874368314443055,0.173484848484848,946,0.339459351608428,0.0865506124002978,0.005994791916,0.3380938371694,0.354951452567,0.4151061077148,0.4151061077568,0.0770122705454001,0.2255800964,0.4151061077568,71,0.14,0.06,0.07,0.03,0.09,0.12,0.05,0.07,0.07,0.11,0.05
14,6,11,"prevalence",0.5,"power",44,-0.152301908871578,0.000874368314443055,0.173484848484848,946,0.339459351608428,0.0865506124002978,0.005994791916,0.3380938371694,0.354951452567,0.4151061077148,0.4151061077568,0.0770122705454001,0.2255800964,0.4151061077568,71,0.24,0.04,0.05,0.06,0.07,0.23,0.04,0.07,0.04,0.18,0.04
14,6,11,"prevalence",0.55,"power",44,-0.152301908871578,0.000874368314443055,0.173484848484848,946,0.339459351608428,0.0865506124002978,0.005994791916,0.3380938371694,0.354951452567,0.4151061077148,0.4151061077568,0.0770122705454001,0.2255800964,0.4151061077568,71,0.21,0.07,0.04,0.06,0.06,0.16,0.03,0.04,0.05,0.18,0.06
14,6,11,"prevalence",0.6,"power",44,-0.152301908871578,0.000874368314443055,0.173484848484848,946,0.339459351608428,0.0865506124002978,0.005994791916,0.3380938371694,0.354951452567,0.4151061077148,0.4151061077568,0.0770122705454001,0.2255800964,0.4151061077568,71,0.3,0.05,0.08,0.03,0.04,0.13,0.03,0.04,0.04,0.19,0.04
14,8,12,"abundance",0,"type1_error",44,0.0392964432468869,0.000626990823106556,0.0954545454545455,946,0.272621369462116,0.0716602538567978,0.009324199066,0.234092389904,0.316871994606,0.322253966021,0.322253966048,0.088161576117,0.113470889527,0.322253966048,47,0.06,0.02,0.06,0.05,0.05,0.07,0.06,0.06,0.05,0.08,0.05
14,8,12,"abundance",0.05,"power",44,0.0392964432468869,0.000626990823106556,0.0954545454545455,946,0.272621369462116,0.0716602538567978,0.009324199066,0.234092389904,0.316871994606,0.322253966021,0.322253966048,0.088161576117,0.113470889527,0.322253966048,47,0.03,0.07,0.05,0.07,0.08,0.04,0.04,0.1,0.07,0.05,0.09
14,8,12,"abundance",0.1,"power",44,0.0392964432468869,0.000626990823106556,0.0954545454545455,946,0.272621369462116,0.0716602538567978,0.009324199066,0.234092389904,0.316871994606,0.322253966021,0.322253966048,0.088161576117,0.113470889527,0.322253966048,47,0.01,0.03,0.02,0.04,0.02,0.03,0.02,0.04,0.02,0,0.04
14,8,12,"abundance",0.15,"power",44,0.0392964432468869,0.000626990823106556,0.0954545454545455,946,0.272621369462116,0.0716602538567978,0.009324199066,0.234092389904,0.316871994606,0.322253966021,0.322253966048,0.088161576117,0.113470889527,0.322253966048,47,0.04,0.07,0.04,0.04,0.04,0.03,0.04,0.04,0.04,0.04,0.06
14,8,12,"abundance",0.2,"power",44,0.0392964432468869,0.000626990823106556,0.0954545454545455,946,0.272621369462116,0.0716602538567978,0.009324199066,0.234092389904,0.316871994606,0.322253966021,0.322253966048,0.088161576117,0.113470889527,0.322253966048,47,0.05,0.06,0.02,0.04,0.05,0.06,0.07,0.1,0.08,0.06,0.04
14,8,12,"abundance",0.25,"power",44,0.0392964432468869,0.000626990823106556,0.0954545454545455,946,0.272621369462116,0.0716602538567978,0.009324199066,0.234092389904,0.316871994606,0.322253966021,0.322253966048,0.088161576117,0.113470889527,0.322253966048,47,0.09,0.03,0.04,0.03,0.05,0.09,0.09,0.03,0.1,0.09,0.04
14,8,12,"abundance",0.3,"power",44,0.0392964432468869,0.000626990823106556,0.0954545454545455,946,0.272621369462116,0.0716602538567978,0.009324199066,0.234092389904,0.316871994606,0.322253966021,0.322253966048,0.088161576117,0.113470889527,0.322253966048,47,0.06,0.04,0.03,0.05,0.06,0.05,0.04,0.05,0.02,0.03,0.02
14,8,12,"abundance",0.35,"power",44,0.0392964432468869,0.000626990823106556,0.0954545454545455,946,0.272621369462116,0.0716602538567978,0.009324199066,0.234092389904,0.316871994606,0.322253966021,0.322253966048,0.088161576117,0.113470889527,0.322253966048,47,0.03,0.04,0.04,0.02,0.03,0.01,0.03,0.07,0.03,0.04,0.03
14,8,12,"abundance",0.4,"power",44,0.0392964432468869,0.000626990823106556,0.0954545454545455,946,0.272621369462116,0.0716602538567978,0.009324199066,0.234092389904,0.316871994606,0.322253966021,0.322253966048,0.088161576117,0.113470889527,0.322253966048,47,0.05,0.04,0.04,0.08,0.04,0.06,0.05,0.06,0.04,0.08,0.07
14,8,12,"abundance",0.45,"power",44,0.0392964432468869,0.000626990823106556,0.0954545454545455,946,0.272621369462116,0.0716602538567978,0.009324199066,0.234092389904,0.316871994606,0.322253966021,0.322253966048,0.088161576117,0.113470889527,0.322253966048,47,0,0.03,0.07,0.04,0.04,0.03,0.06,0.06,0.06,0.06,0.03
14,8,12,"abundance",0.5,"power",44,0.0392964432468869,0.000626990823106556,0.0954545454545455,946,0.272621369462116,0.0716602538567978,0.009324199066,0.234092389904,0.316871994606,0.322253966021,0.322253966048,0.088161576117,0.113470889527,0.322253966048,47,0.08,0.07,0.02,0.08,0.12,0.07,0.06,0.02,0.06,0.06,0.11
14,8,12,"abundance",0.55,"power",44,0.0392964432468869,0.000626990823106556,0.0954545454545455,946,0.272621369462116,0.0716602538567978,0.009324199066,0.234092389904,0.316871994606,0.322253966021,0.322253966048,0.088161576117,0.113470889527,0.322253966048,47,0.04,0.07,0.04,0.06,0.08,0.05,0.1,0.08,0.06,0.03,0.06
14,8,12,"abundance",0.6,"power",44,0.0392964432468869,0.000626990823106556,0.0954545454545455,946,0.272621369462116,0.0716602538567978,0.009324199066,0.234092389904,0.316871994606,0.322253966021,0.322253966048,0.088161576117,0.113470889527,0.322253966048,47,0.03,0.02,0.04,0,0.06,0.04,0.04,0.05,0.04,0.06,0.03
14,8,12,"both",0,"type1_error",44,0.0392964432468869,0.000626990823106556,0.0954545454545455,946,0.272621369462116,0.0716602538567978,0.009324199066,0.234092389904,0.316871994606,0.322253966021,0.322253966048,0.088161576117,0.113470889527,0.322253966048,47,0.02,0.1,0.04,0.09,0.07,0.03,0.04,0.08,0.05,0.03,0.08
14,8,12,"both",0.05,"power",44,0.0392964432468869,0.000626990823106556,0.0954545454545455,946,0.272621369462116,0.0716602538567978,0.009324199066,0.234092389904,0.316871994606,0.322253966021,0.322253966048,0.088161576117,0.113470889527,0.322253966048,47,0.06,0.03,0.06,0.02,0.01,0.04,0.05,0.02,0.05,0.05,0.02
14,8,12,"both",0.1,"power",44,0.0392964432468869,0.000626990823106556,0.0954545454545455,946,0.272621369462116,0.0716602538567978,0.009324199066,0.234092389904,0.316871994606,0.322253966021,0.322253966048,0.088161576117,0.113470889527,0.322253966048,47,0.05,0.05,0.03,0.03,0.07,0.06,0.02,0.02,0.02,0.08,0.03
14,8,12,"both",0.15,"power",44,0.0392964432468869,0.000626990823106556,0.0954545454545455,946,0.272621369462116,0.0716602538567978,0.009324199066,0.234092389904,0.316871994606,0.322253966021,0.322253966048,0.088161576117,0.113470889527,0.322253966048,47,0.05,0.05,0.04,0.03,0.08,0.03,0.06,0.04,0.05,0.06,0.07
14,8,12,"both",0.2,"power",44,0.0392964432468869,0.000626990823106556,0.0954545454545455,946,0.272621369462116,0.0716602538567978,0.009324199066,0.234092389904,0.316871994606,0.322253966021,0.322253966048,0.088161576117,0.113470889527,0.322253966048,47,0.06,0.08,0.05,0.07,0.06,0.03,0.08,0.06,0.07,0.05,0.07
14,8,12,"both",0.25,"power",44,0.0392964432468869,0.000626990823106556,0.0954545454545455,946,0.272621369462116,0.0716602538567978,0.009324199066,0.234092389904,0.316871994606,0.322253966021,0.322253966048,0.088161576117,0.113470889527,0.322253966048,47,0.05,0.05,0.03,0.07,0.03,0.05,0.04,0.05,0.05,0.06,0.04
14,8,12,"both",0.3,"power",44,0.0392964432468869,0.000626990823106556,0.0954545454545455,946,0.272621369462116,0.0716602538567978,0.009324199066,0.234092389904,0.316871994606,0.322253966021,0.322253966048,0.088161576117,0.113470889527,0.322253966048,47,0.11,0.04,0.03,0.03,0.11,0.12,0.06,0.06,0.06,0.1,0.07
14,8,12,"both",0.35,"power",44,0.0392964432468869,0.000626990823106556,0.0954545454545455,946,0.272621369462116,0.0716602538567978,0.009324199066,0.234092389904,0.316871994606,0.322253966021,0.322253966048,0.088161576117,0.113470889527,0.322253966048,47,0.13,0.04,0.06,0.04,0.08,0.12,0.05,0.03,0.05,0.09,0.04
14,8,12,"both",0.4,"power",44,0.0392964432468869,0.000626990823106556,0.0954545454545455,946,0.272621369462116,0.0716602538567978,0.009324199066,0.234092389904,0.316871994606,0.322253966021,0.322253966048,0.088161576117,0.113470889527,0.322253966048,47,0.15,0.08,0.06,0.1,0.12,0.2,0.09,0.02,0.07,0.12,0.08
14,8,12,"both",0.45,"power",44,0.0392964432468869,0.000626990823106556,0.0954545454545455,946,0.272621369462116,0.0716602538567978,0.009324199066,0.234092389904,0.316871994606,0.322253966021,0.322253966048,0.088161576117,0.113470889527,0.322253966048,47,0.19,0.05,0.07,0.04,0.18,0.2,0.07,0.03,0.07,0.13,0.07
14,8,12,"both",0.5,"power",44,0.0392964432468869,0.000626990823106556,0.0954545454545455,946,0.272621369462116,0.0716602538567978,0.009324199066,0.234092389904,0.316871994606,0.322253966021,0.322253966048,0.088161576117,0.113470889527,0.322253966048,47,0.24,0.08,0.12,0.07,0.21,0.23,0.08,0.06,0.07,0.24,0.1
14,8,12,"both",0.55,"power",44,0.0392964432468869,0.000626990823106556,0.0954545454545455,946,0.272621369462116,0.0716602538567978,0.009324199066,0.234092389904,0.316871994606,0.322253966021,0.322253966048,0.088161576117,0.113470889527,0.322253966048,47,0.29,0.12,0.08,0.08,0.3,0.31,0.14,0.08,0.14,0.21,0.15
14,8,12,"both",0.6,"power",44,0.0392964432468869,0.000626990823106556,0.0954545454545455,946,0.272621369462116,0.0716602538567978,0.009324199066,0.234092389904,0.316871994606,0.322253966021,0.322253966048,0.088161576117,0.113470889527,0.322253966048,47,0.37,0.09,0.12,0.08,0.37,0.41,0.11,0.07,0.11,0.35,0.16
14,8,12,"prevalence",0,"type1_error",44,0.0392964432468869,0.000626990823106556,0.0954545454545455,946,0.272621369462116,0.0716602538567978,0.009324199066,0.234092389904,0.316871994606,0.322253966021,0.322253966048,0.088161576117,0.113470889527,0.322253966048,47,0.03,0.03,0.04,0.07,0.02,0.02,0.03,0.01,0.04,0.04,0.03
14,8,12,"prevalence",0.05,"power",44,0.0392964432468869,0.000626990823106556,0.0954545454545455,946,0.272621369462116,0.0716602538567978,0.009324199066,0.234092389904,0.316871994606,0.322253966021,0.322253966048,0.088161576117,0.113470889527,0.322253966048,47,0.06,0.1,0.06,0.07,0.05,0.04,0.05,0.07,0.06,0.06,0.06
14,8,12,"prevalence",0.1,"power",44,0.0392964432468869,0.000626990823106556,0.0954545454545455,946,0.272621369462116,0.0716602538567978,0.009324199066,0.234092389904,0.316871994606,0.322253966021,0.322253966048,0.088161576117,0.113470889527,0.322253966048,47,0.06,0.09,0.01,0.09,0.03,0.05,0.02,0.07,0.02,0.07,0.07
14,8,12,"prevalence",0.15,"power",44,0.0392964432468869,0.000626990823106556,0.0954545454545455,946,0.272621369462116,0.0716602538567978,0.009324199066,0.234092389904,0.316871994606,0.322253966021,0.322253966048,0.088161576117,0.113470889527,0.322253966048,47,0.05,0.08,0.05,0.08,0.08,0.04,0.05,0.04,0.06,0.07,0.09
14,8,12,"prevalence",0.2,"power",44,0.0392964432468869,0.000626990823106556,0.0954545454545455,946,0.272621369462116,0.0716602538567978,0.009324199066,0.234092389904,0.316871994606,0.322253966021,0.322253966048,0.088161576117,0.113470889527,0.322253966048,47,0.04,0.03,0.05,0.02,0.03,0.05,0.04,0.08,0.05,0.08,0.03
14,8,12,"prevalence",0.25,"power",44,0.0392964432468869,0.000626990823106556,0.0954545454545455,946,0.272621369462116,0.0716602538567978,0.009324199066,0.234092389904,0.316871994606,0.322253966021,0.322253966048,0.088161576117,0.113470889527,0.322253966048,47,0.05,0.05,0.06,0.05,0.07,0.03,0.08,0.07,0.08,0.05,0.09
14,8,12,"prevalence",0.3,"power",44,0.0392964432468869,0.000626990823106556,0.0954545454545455,946,0.272621369462116,0.0716602538567978,0.009324199066,0.234092389904,0.316871994606,0.322253966021,0.322253966048,0.088161576117,0.113470889527,0.322253966048,47,0.08,0.06,0.06,0.06,0.09,0.11,0.07,0.07,0.09,0.07,0.09
14,8,12,"prevalence",0.35,"power",44,0.0392964432468869,0.000626990823106556,0.0954545454545455,946,0.272621369462116,0.0716602538567978,0.009324199066,0.234092389904,0.316871994606,0.322253966021,0.322253966048,0.088161576117,0.113470889527,0.322253966048,47,0.09,0.04,0.07,0.04,0.08,0.06,0.06,0.06,0.08,0.07,0.06
14,8,12,"prevalence",0.4,"power",44,0.0392964432468869,0.000626990823106556,0.0954545454545455,946,0.272621369462116,0.0716602538567978,0.009324199066,0.234092389904,0.316871994606,0.322253966021,0.322253966048,0.088161576117,0.113470889527,0.322253966048,47,0.12,0.03,0.07,0.04,0.07,0.07,0.05,0.05,0.05,0.16,0.02
14,8,12,"prevalence",0.45,"power",44,0.0392964432468869,0.000626990823106556,0.0954545454545455,946,0.272621369462116,0.0716602538567978,0.009324199066,0.234092389904,0.316871994606,0.322253966021,0.322253966048,0.088161576117,0.113470889527,0.322253966048,47,0.22,0.05,0.07,0.04,0.05,0.15,0.06,0.04,0.05,0.21,0.05
14,8,12,"prevalence",0.5,"power",44,0.0392964432468869,0.000626990823106556,0.0954545454545455,946,0.272621369462116,0.0716602538567978,0.009324199066,0.234092389904,0.316871994606,0.322253966021,0.322253966048,0.088161576117,0.113470889527,0.322253966048,47,0.22,0.07,0.09,0.04,0.12,0.1,0.04,0.07,0.05,0.18,0.07
14,8,12,"prevalence",0.55,"power",44,0.0392964432468869,0.000626990823106556,0.0954545454545455,946,0.272621369462116,0.0716602538567978,0.009324199066,0.234092389904,0.316871994606,0.322253966021,0.322253966048,0.088161576117,0.113470889527,0.322253966048,47,0.2,0.03,0.09,0.04,0.08,0.11,0.05,0.05,0.05,0.22,0.05
14,8,12,"prevalence",0.6,"power",44,0.0392964432468869,0.000626990823106556,0.0954545454545455,946,0.272621369462116,0.0716602538567978,0.009324199066,0.234092389904,0.316871994606,0.322253966021,0.322253966048,0.088161576117,0.113470889527,0.322253966048,47,0.31,0.06,0.07,0.03,0.14,0.22,0.07,0.04,0.08,0.29,0.09
14,7,13,"abundance",0,"type1_error",44,-0.0158209485994241,0.000641067260234551,0.153409090909091,946,0.314976288228857,0.0704630255848159,0.01832205182,0.30556106378,0.354951452546,0.354951452549,0.3805862612248,0.0493903887690001,0.238331627739,0.3805862612248,104,0.03,0.05,0.07,0.05,0.05,0.05,0.06,0.04,0.03,0.03,0.06
14,7,13,"abundance",0.05,"power",44,-0.0158209485994241,0.000641067260234551,0.153409090909091,946,0.314976288228857,0.0704630255848159,0.01832205182,0.30556106378,0.354951452546,0.354951452549,0.3805862612248,0.0493903887690001,0.238331627739,0.3805862612248,104,0.02,0.07,0.07,0.08,0.05,0.02,0.06,0.04,0.04,0.02,0.06
14,7,13,"abundance",0.1,"power",44,-0.0158209485994241,0.000641067260234551,0.153409090909091,946,0.314976288228857,0.0704630255848159,0.01832205182,0.30556106378,0.354951452546,0.354951452549,0.3805862612248,0.0493903887690001,0.238331627739,0.3805862612248,104,0.05,0.02,0.09,0.02,0.03,0.04,0.01,0.05,0.03,0.03,0.03
14,7,13,"abundance",0.15,"power",44,-0.0158209485994241,0.000641067260234551,0.153409090909091,946,0.314976288228857,0.0704630255848159,0.01832205182,0.30556106378,0.354951452546,0.354951452549,0.3805862612248,0.0493903887690001,0.238331627739,0.3805862612248,104,0.05,0.08,0.12,0.04,0.07,0.09,0.08,0.09,0.09,0.06,0.06
14,7,13,"abundance",0.2,"power",44,-0.0158209485994241,0.000641067260234551,0.153409090909091,946,0.314976288228857,0.0704630255848159,0.01832205182,0.30556106378,0.354951452546,0.354951452549,0.3805862612248,0.0493903887690001,0.238331627739,0.3805862612248,104,0.07,0.04,0.06,0.04,0.05,0.06,0.05,0.03,0.05,0.05,0.04
14,7,13,"abundance",0.25,"power",44,-0.0158209485994241,0.000641067260234551,0.153409090909091,946,0.314976288228857,0.0704630255848159,0.01832205182,0.30556106378,0.354951452546,0.354951452549,0.3805862612248,0.0493903887690001,0.238331627739,0.3805862612248,104,0.04,0.04,0.08,0.03,0.07,0.06,0.07,0.03,0.04,0.07,0.04
14,7,13,"abundance",0.3,"power",44,-0.0158209485994241,0.000641067260234551,0.153409090909091,946,0.314976288228857,0.0704630255848159,0.01832205182,0.30556106378,0.354951452546,0.354951452549,0.3805862612248,0.0493903887690001,0.238331627739,0.3805862612248,104,0.06,0.07,0.05,0.06,0.1,0.1,0.07,0.04,0.05,0.04,0.09
14,7,13,"abundance",0.35,"power",44,-0.0158209485994241,0.000641067260234551,0.153409090909091,946,0.314976288228857,0.0704630255848159,0.01832205182,0.30556106378,0.354951452546,0.354951452549,0.3805862612248,0.0493903887690001,0.238331627739,0.3805862612248,104,0.04,0.05,0.05,0.04,0.1,0.08,0.04,0.04,0.05,0.04,0.03
14,7,13,"abundance",0.4,"power",44,-0.0158209485994241,0.000641067260234551,0.153409090909091,946,0.314976288228857,0.0704630255848159,0.01832205182,0.30556106378,0.354951452546,0.354951452549,0.3805862612248,0.0493903887690001,0.238331627739,0.3805862612248,104,0.06,0.09,0.07,0.08,0.09,0.06,0.12,0.11,0.14,0.07,0.1
14,7,13,"abundance",0.45,"power",44,-0.0158209485994241,0.000641067260234551,0.153409090909091,946,0.314976288228857,0.0704630255848159,0.01832205182,0.30556106378,0.354951452546,0.354951452549,0.3805862612248,0.0493903887690001,0.238331627739,0.3805862612248,104,0.04,0.06,0.04,0.06,0.05,0.02,0.07,0.06,0.07,0.05,0.06
14,7,13,"abundance",0.5,"power",44,-0.0158209485994241,0.000641067260234551,0.153409090909091,946,0.314976288228857,0.0704630255848159,0.01832205182,0.30556106378,0.354951452546,0.354951452549,0.3805862612248,0.0493903887690001,0.238331627739,0.3805862612248,104,0.03,0.06,0.1,0.06,0.07,0.06,0.07,0.08,0.07,0.09,0.06
14,7,13,"abundance",0.55,"power",44,-0.0158209485994241,0.000641067260234551,0.153409090909091,946,0.314976288228857,0.0704630255848159,0.01832205182,0.30556106378,0.354951452546,0.354951452549,0.3805862612248,0.0493903887690001,0.238331627739,0.3805862612248,104,0.02,0.06,0.07,0.08,0.08,0.07,0.08,0.03,0.09,0.03,0.06
14,7,13,"abundance",0.6,"power",44,-0.0158209485994241,0.000641067260234551,0.153409090909091,946,0.314976288228857,0.0704630255848159,0.01832205182,0.30556106378,0.354951452546,0.354951452549,0.3805862612248,0.0493903887690001,0.238331627739,0.3805862612248,104,0.04,0.03,0.08,0.02,0.13,0.1,0.05,0.04,0.05,0.07,0.06
14,7,13,"both",0,"type1_error",44,-0.0158209485994241,0.000641067260234551,0.153409090909091,946,0.314976288228857,0.0704630255848159,0.01832205182,0.30556106378,0.354951452546,0.354951452549,0.3805862612248,0.0493903887690001,0.238331627739,0.3805862612248,104,0.07,0.08,0.03,0.05,0.05,0.03,0.07,0.05,0.05,0.09,0.06
14,7,13,"both",0.05,"power",44,-0.0158209485994241,0.000641067260234551,0.153409090909091,946,0.314976288228857,0.0704630255848159,0.01832205182,0.30556106378,0.354951452546,0.354951452549,0.3805862612248,0.0493903887690001,0.238331627739,0.3805862612248,104,0.09,0.05,0.06,0.05,0.02,0.06,0.02,0.04,0.02,0.07,0.04
14,7,13,"both",0.1,"power",44,-0.0158209485994241,0.000641067260234551,0.153409090909091,946,0.314976288228857,0.0704630255848159,0.01832205182,0.30556106378,0.354951452546,0.354951452549,0.3805862612248,0.0493903887690001,0.238331627739,0.3805862612248,104,0.06,0,0.1,0.01,0,0.03,0.01,0.03,0.03,0.06,0
14,7,13,"both",0.15,"power",44,-0.0158209485994241,0.000641067260234551,0.153409090909091,946,0.314976288228857,0.0704630255848159,0.01832205182,0.30556106378,0.354951452546,0.354951452549,0.3805862612248,0.0493903887690001,0.238331627739,0.3805862612248,104,0.08,0.07,0.06,0.09,0.06,0.03,0.03,0.05,0.03,0.07,0.06
14,7,13,"both",0.2,"power",44,-0.0158209485994241,0.000641067260234551,0.153409090909091,946,0.314976288228857,0.0704630255848159,0.01832205182,0.30556106378,0.354951452546,0.354951452549,0.3805862612248,0.0493903887690001,0.238331627739,0.3805862612248,104,0.07,0.06,0.06,0.08,0.09,0.07,0.06,0.07,0.08,0.05,0.07
14,7,13,"both",0.25,"power",44,-0.0158209485994241,0.000641067260234551,0.153409090909091,946,0.314976288228857,0.0704630255848159,0.01832205182,0.30556106378,0.354951452546,0.354951452549,0.3805862612248,0.0493903887690001,0.238331627739,0.3805862612248,104,0.07,0.06,0.04,0.04,0.09,0.09,0.09,0.08,0.07,0.03,0.07
14,7,13,"both",0.3,"power",44,-0.0158209485994241,0.000641067260234551,0.153409090909091,946,0.314976288228857,0.0704630255848159,0.01832205182,0.30556106378,0.354951452546,0.354951452549,0.3805862612248,0.0493903887690001,0.238331627739,0.3805862612248,104,0.04,0.03,0.05,0.06,0.1,0.09,0.07,0.03,0.06,0.04,0.03
14,7,13,"both",0.35,"power",44,-0.0158209485994241,0.000641067260234551,0.153409090909091,946,0.314976288228857,0.0704630255848159,0.01832205182,0.30556106378,0.354951452546,0.354951452549,0.3805862612248,0.0493903887690001,0.238331627739,0.3805862612248,104,0.07,0.07,0.03,0.06,0.11,0.15,0.09,0.05,0.1,0.06,0.07
14,7,13,"both",0.4,"power",44,-0.0158209485994241,0.000641067260234551,0.153409090909091,946,0.314976288228857,0.0704630255848159,0.01832205182,0.30556106378,0.354951452546,0.354951452549,0.3805862612248,0.0493903887690001,0.238331627739,0.3805862612248,104,0.11,0.07,0.06,0.05,0.15,0.19,0.07,0.04,0.05,0.13,0.07
14,7,13,"both",0.45,"power",44,-0.0158209485994241,0.000641067260234551,0.153409090909091,946,0.314976288228857,0.0704630255848159,0.01832205182,0.30556106378,0.354951452546,0.354951452549,0.3805862612248,0.0493903887690001,0.238331627739,0.3805862612248,104,0.19,0.04,0.09,0.05,0.18,0.25,0.09,0.08,0.1,0.15,0.09
14,7,13,"both",0.5,"power",44,-0.0158209485994241,0.000641067260234551,0.153409090909091,946,0.314976288228857,0.0704630255848159,0.01832205182,0.30556106378,0.354951452546,0.354951452549,0.3805862612248,0.0493903887690001,0.238331627739,0.3805862612248,104,0.17,0.03,0.08,0.04,0.15,0.32,0.11,0.08,0.11,0.17,0.09
14,7,13,"both",0.55,"power",44,-0.0158209485994241,0.000641067260234551,0.153409090909091,946,0.314976288228857,0.0704630255848159,0.01832205182,0.30556106378,0.354951452546,0.354951452549,0.3805862612248,0.0493903887690001,0.238331627739,0.3805862612248,104,0.23,0.05,0.05,0.04,0.21,0.39,0.12,0.04,0.11,0.2,0.11
14,7,13,"both",0.6,"power",44,-0.0158209485994241,0.000641067260234551,0.153409090909091,946,0.314976288228857,0.0704630255848159,0.01832205182,0.30556106378,0.354951452546,0.354951452549,0.3805862612248,0.0493903887690001,0.238331627739,0.3805862612248,104,0.27,0.1,0.15,0.05,0.35,0.53,0.13,0.08,0.11,0.21,0.12
14,7,13,"prevalence",0,"type1_error",44,-0.0158209485994241,0.000641067260234551,0.153409090909091,946,0.314976288228857,0.0704630255848159,0.01832205182,0.30556106378,0.354951452546,0.354951452549,0.3805862612248,0.0493903887690001,0.238331627739,0.3805862612248,104,0.04,0.03,0.03,0.05,0.02,0.04,0.06,0.05,0.05,0.04,0.06
14,7,13,"prevalence",0.05,"power",44,-0.0158209485994241,0.000641067260234551,0.153409090909091,946,0.314976288228857,0.0704630255848159,0.01832205182,0.30556106378,0.354951452546,0.354951452549,0.3805862612248,0.0493903887690001,0.238331627739,0.3805862612248,104,0.06,0.04,0.07,0.04,0.04,0.02,0.08,0.05,0.08,0.05,0.04
14,7,13,"prevalence",0.1,"power",44,-0.0158209485994241,0.000641067260234551,0.153409090909091,946,0.314976288228857,0.0704630255848159,0.01832205182,0.30556106378,0.354951452546,0.354951452549,0.3805862612248,0.0493903887690001,0.238331627739,0.3805862612248,104,0.04,0.03,0.04,0.04,0.02,0.07,0.05,0.03,0.07,0.06,0.05
14,7,13,"prevalence",0.15,"power",44,-0.0158209485994241,0.000641067260234551,0.153409090909091,946,0.314976288228857,0.0704630255848159,0.01832205182,0.30556106378,0.354951452546,0.354951452549,0.3805862612248,0.0493903887690001,0.238331627739,0.3805862612248,104,0.04,0.05,0.04,0.06,0.05,0.07,0.06,0.06,0.06,0.03,0.06
14,7,13,"prevalence",0.2,"power",44,-0.0158209485994241,0.000641067260234551,0.153409090909091,946,0.314976288228857,0.0704630255848159,0.01832205182,0.30556106378,0.354951452546,0.354951452549,0.3805862612248,0.0493903887690001,0.238331627739,0.3805862612248,104,0.07,0.06,0.06,0.04,0.04,0.05,0.04,0.04,0.04,0.06,0.05
14,7,13,"prevalence",0.25,"power",44,-0.0158209485994241,0.000641067260234551,0.153409090909091,946,0.314976288228857,0.0704630255848159,0.01832205182,0.30556106378,0.354951452546,0.354951452549,0.3805862612248,0.0493903887690001,0.238331627739,0.3805862612248,104,0.13,0.01,0.09,0.03,0.03,0.08,0.03,0.05,0.03,0.11,0.01
14,7,13,"prevalence",0.3,"power",44,-0.0158209485994241,0.000641067260234551,0.153409090909091,946,0.314976288228857,0.0704630255848159,0.01832205182,0.30556106378,0.354951452546,0.354951452549,0.3805862612248,0.0493903887690001,0.238331627739,0.3805862612248,104,0.07,0.05,0.08,0.07,0.08,0.05,0.05,0.06,0.05,0.11,0.05
14,7,13,"prevalence",0.35,"power",44,-0.0158209485994241,0.000641067260234551,0.153409090909091,946,0.314976288228857,0.0704630255848159,0.01832205182,0.30556106378,0.354951452546,0.354951452549,0.3805862612248,0.0493903887690001,0.238331627739,0.3805862612248,104,0.07,0.04,0.02,0.04,0.04,0.06,0.06,0.05,0.07,0.06,0.05
14,7,13,"prevalence",0.4,"power",44,-0.0158209485994241,0.000641067260234551,0.153409090909091,946,0.314976288228857,0.0704630255848159,0.01832205182,0.30556106378,0.354951452546,0.354951452549,0.3805862612248,0.0493903887690001,0.238331627739,0.3805862612248,104,0.16,0.04,0.05,0.06,0.04,0.07,0.05,0.05,0.05,0.14,0.04
14,7,13,"prevalence",0.45,"power",44,-0.0158209485994241,0.000641067260234551,0.153409090909091,946,0.314976288228857,0.0704630255848159,0.01832205182,0.30556106378,0.354951452546,0.354951452549,0.3805862612248,0.0493903887690001,0.238331627739,0.3805862612248,104,0.14,0.04,0.06,0.06,0.06,0.09,0.06,0.02,0.06,0.19,0.02
14,7,13,"prevalence",0.5,"power",44,-0.0158209485994241,0.000641067260234551,0.153409090909091,946,0.314976288228857,0.0704630255848159,0.01832205182,0.30556106378,0.354951452546,0.354951452549,0.3805862612248,0.0493903887690001,0.238331627739,0.3805862612248,104,0.14,0.04,0.06,0.05,0.07,0.15,0.1,0.05,0.11,0.15,0.06
14,7,13,"prevalence",0.55,"power",44,-0.0158209485994241,0.000641067260234551,0.153409090909091,946,0.314976288228857,0.0704630255848159,0.01832205182,0.30556106378,0.354951452546,0.354951452549,0.3805862612248,0.0493903887690001,0.238331627739,0.3805862612248,104,0.23,0.05,0.03,0.08,0.08,0.17,0.04,0.09,0.06,0.22,0.04
14,7,13,"prevalence",0.6,"power",44,-0.0158209485994241,0.000641067260234551,0.153409090909091,946,0.314976288228857,0.0704630255848159,0.01832205182,0.30556106378,0.354951452546,0.354951452549,0.3805862612248,0.0493903887690001,0.238331627739,0.3805862612248,104,0.32,0.04,0.12,0.03,0.07,0.19,0.04,0.06,0.06,0.23,0.07
14,3,14,"abundance",0,"type1_error",44,-0.00403521980655302,0.000357630839249481,0.0799242424242424,946,0.555772598456582,0.11178357046053,0.003030312306,0.518249480674,0.577372016908,0.5976137813,0.803552742596,0.0793643006260001,0.416108450833,0.5976137814,153,0.07,0.05,0.04,0.07,0.06,0.1,0.05,0.08,0.06,0.07,0.05
14,3,14,"abundance",0.05,"power",44,-0.00403521980655302,0.000357630839249481,0.0799242424242424,946,0.555772598456582,0.11178357046053,0.003030312306,0.518249480674,0.577372016908,0.5976137813,0.803552742596,0.0793643006260001,0.416108450833,0.5976137814,153,0.03,0.05,0.02,0.05,0.04,0.02,0.02,0.07,0.04,0.04,0.05
14,3,14,"abundance",0.1,"power",44,-0.00403521980655302,0.000357630839249481,0.0799242424242424,946,0.555772598456582,0.11178357046053,0.003030312306,0.518249480674,0.577372016908,0.5976137813,0.803552742596,0.0793643006260001,0.416108450833,0.5976137814,153,0.05,0.05,0.05,0.04,0.06,0.03,0.08,0.06,0.08,0.04,0.07
14,3,14,"abundance",0.15,"power",44,-0.00403521980655302,0.000357630839249481,0.0799242424242424,946,0.555772598456582,0.11178357046053,0.003030312306,0.518249480674,0.577372016908,0.5976137813,0.803552742596,0.0793643006260001,0.416108450833,0.5976137814,153,0.06,0.03,0.06,0.03,0.03,0.08,0.04,0.04,0.04,0.08,0.03
14,3,14,"abundance",0.2,"power",44,-0.00403521980655302,0.000357630839249481,0.0799242424242424,946,0.555772598456582,0.11178357046053,0.003030312306,0.518249480674,0.577372016908,0.5976137813,0.803552742596,0.0793643006260001,0.416108450833,0.5976137814,153,0,0.08,0.01,0.06,0.04,0.03,0.05,0.02,0.04,0.02,0.04
14,3,14,"abundance",0.25,"power",44,-0.00403521980655302,0.000357630839249481,0.0799242424242424,946,0.555772598456582,0.11178357046053,0.003030312306,0.518249480674,0.577372016908,0.5976137813,0.803552742596,0.0793643006260001,0.416108450833,0.5976137814,153,0.08,0.04,0.07,0.04,0.03,0.08,0.07,0.04,0.06,0.07,0.03
14,3,14,"abundance",0.3,"power",44,-0.00403521980655302,0.000357630839249481,0.0799242424242424,946,0.555772598456582,0.11178357046053,0.003030312306,0.518249480674,0.577372016908,0.5976137813,0.803552742596,0.0793643006260001,0.416108450833,0.5976137814,153,0.04,0.01,0.03,0.03,0.06,0.02,0.07,0.04,0.05,0.02,0.06
14,3,14,"abundance",0.35,"power",44,-0.00403521980655302,0.000357630839249481,0.0799242424242424,946,0.555772598456582,0.11178357046053,0.003030312306,0.518249480674,0.577372016908,0.5976137813,0.803552742596,0.0793643006260001,0.416108450833,0.5976137814,153,0.06,0.05,0.05,0.03,0.05,0.05,0.06,0.04,0.05,0.06,0.04
14,3,14,"abundance",0.4,"power",44,-0.00403521980655302,0.000357630839249481,0.0799242424242424,946,0.555772598456582,0.11178357046053,0.003030312306,0.518249480674,0.577372016908,0.5976137813,0.803552742596,0.0793643006260001,0.416108450833,0.5976137814,153,0.07,0.08,0.03,0.09,0.06,0.05,0.03,0.04,0.02,0.07,0.09
14,3,14,"abundance",0.45,"power",44,-0.00403521980655302,0.000357630839249481,0.0799242424242424,946,0.555772598456582,0.11178357046053,0.003030312306,0.518249480674,0.577372016908,0.5976137813,0.803552742596,0.0793643006260001,0.416108450833,0.5976137814,153,0.02,0.02,0.03,0.03,0.04,0.01,0,0.06,0,0.03,0.02
14,3,14,"abundance",0.5,"power",44,-0.00403521980655302,0.000357630839249481,0.0799242424242424,946,0.555772598456582,0.11178357046053,0.003030312306,0.518249480674,0.577372016908,0.5976137813,0.803552742596,0.0793643006260001,0.416108450833,0.5976137814,153,0.08,0.04,0.04,0.03,0.03,0.07,0.03,0.05,0.04,0.07,0.02
14,3,14,"abundance",0.55,"power",44,-0.00403521980655302,0.000357630839249481,0.0799242424242424,946,0.555772598456582,0.11178357046053,0.003030312306,0.518249480674,0.577372016908,0.5976137813,0.803552742596,0.0793643006260001,0.416108450833,0.5976137814,153,0.05,0.09,0.04,0.11,0.07,0.06,0.04,0.06,0.04,0.04,0.08
14,3,14,"abundance",0.6,"power",44,-0.00403521980655302,0.000357630839249481,0.0799242424242424,946,0.555772598456582,0.11178357046053,0.003030312306,0.518249480674,0.577372016908,0.5976137813,0.803552742596,0.0793643006260001,0.416108450833,0.5976137814,153,0.07,0.04,0.08,0.04,0.06,0.06,0.05,0.06,0.03,0.05,0.03
14,3,14,"both",0,"type1_error",44,-0.00403521980655302,0.000357630839249481,0.0799242424242424,946,0.555772598456582,0.11178357046053,0.003030312306,0.518249480674,0.577372016908,0.5976137813,0.803552742596,0.0793643006260001,0.416108450833,0.5976137814,153,0.06,0.09,0.04,0.1,0.1,0.03,0.08,0.1,0.07,0.04,0.08
14,3,14,"both",0.05,"power",44,-0.00403521980655302,0.000357630839249481,0.0799242424242424,946,0.555772598456582,0.11178357046053,0.003030312306,0.518249480674,0.577372016908,0.5976137813,0.803552742596,0.0793643006260001,0.416108450833,0.5976137814,153,0.03,0.02,0.07,0.03,0.02,0.05,0.02,0.04,0.03,0.05,0.03
14,3,14,"both",0.1,"power",44,-0.00403521980655302,0.000357630839249481,0.0799242424242424,946,0.555772598456582,0.11178357046053,0.003030312306,0.518249480674,0.577372016908,0.5976137813,0.803552742596,0.0793643006260001,0.416108450833,0.5976137814,153,0.05,0.02,0.07,0.03,0.02,0.04,0.03,0.04,0.03,0.07,0.01
14,3,14,"both",0.15,"power",44,-0.00403521980655302,0.000357630839249481,0.0799242424242424,946,0.555772598456582,0.11178357046053,0.003030312306,0.518249480674,0.577372016908,0.5976137813,0.803552742596,0.0793643006260001,0.416108450833,0.5976137814,153,0.07,0.03,0.04,0.03,0.05,0.05,0.05,0.02,0.06,0.08,0.06
14,3,14,"both",0.2,"power",44,-0.00403521980655302,0.000357630839249481,0.0799242424242424,946,0.555772598456582,0.11178357046053,0.003030312306,0.518249480674,0.577372016908,0.5976137813,0.803552742596,0.0793643006260001,0.416108450833,0.5976137814,153,0.05,0.04,0.1,0.04,0.07,0.06,0.04,0.06,0.03,0.09,0.03
14,3,14,"both",0.25,"power",44,-0.00403521980655302,0.000357630839249481,0.0799242424242424,946,0.555772598456582,0.11178357046053,0.003030312306,0.518249480674,0.577372016908,0.5976137813,0.803552742596,0.0793643006260001,0.416108450833,0.5976137814,153,0.03,0.03,0.04,0.08,0.04,0.02,0.03,0.04,0.02,0.07,0.05
14,3,14,"both",0.3,"power",44,-0.00403521980655302,0.000357630839249481,0.0799242424242424,946,0.555772598456582,0.11178357046053,0.003030312306,0.518249480674,0.577372016908,0.5976137813,0.803552742596,0.0793643006260001,0.416108450833,0.5976137814,153,0.07,0.05,0.06,0.04,0.05,0.08,0.03,0.02,0.04,0.16,0.04
14,3,14,"both",0.35,"power",44,-0.00403521980655302,0.000357630839249481,0.0799242424242424,946,0.555772598456582,0.11178357046053,0.003030312306,0.518249480674,0.577372016908,0.5976137813,0.803552742596,0.0793643006260001,0.416108450833,0.5976137814,153,0.1,0.05,0.04,0.07,0.1,0.05,0.08,0.09,0.07,0.15,0.08
14,3,14,"both",0.4,"power",44,-0.00403521980655302,0.000357630839249481,0.0799242424242424,946,0.555772598456582,0.11178357046053,0.003030312306,0.518249480674,0.577372016908,0.5976137813,0.803552742596,0.0793643006260001,0.416108450833,0.5976137814,153,0.08,0.04,0.05,0.04,0.1,0.04,0.06,0.02,0.06,0.17,0.07
14,3,14,"both",0.45,"power",44,-0.00403521980655302,0.000357630839249481,0.0799242424242424,946,0.555772598456582,0.11178357046053,0.003030312306,0.518249480674,0.577372016908,0.5976137813,0.803552742596,0.0793643006260001,0.416108450833,0.5976137814,153,0.16,0.06,0.06,0.07,0.19,0.11,0.07,0.04,0.07,0.35,0.07
14,3,14,"both",0.5,"power",44,-0.00403521980655302,0.000357630839249481,0.0799242424242424,946,0.555772598456582,0.11178357046053,0.003030312306,0.518249480674,0.577372016908,0.5976137813,0.803552742596,0.0793643006260001,0.416108450833,0.5976137814,153,0.11,0.04,0.06,0.05,0.19,0.11,0.06,0.02,0.05,0.31,0.06
14,3,14,"both",0.55,"power",44,-0.00403521980655302,0.000357630839249481,0.0799242424242424,946,0.555772598456582,0.11178357046053,0.003030312306,0.518249480674,0.577372016908,0.5976137813,0.803552742596,0.0793643006260001,0.416108450833,0.5976137814,153,0.21,0.04,0.07,0.06,0.28,0.21,0.09,0.06,0.08,0.47,0.08
14,3,14,"both",0.6,"power",44,-0.00403521980655302,0.000357630839249481,0.0799242424242424,946,0.555772598456582,0.11178357046053,0.003030312306,0.518249480674,0.577372016908,0.5976137813,0.803552742596,0.0793643006260001,0.416108450833,0.5976137814,153,0.32,0.05,0.1,0.04,0.36,0.31,0.13,0.07,0.14,0.58,0.13
14,3,14,"prevalence",0,"type1_error",44,-0.00403521980655302,0.000357630839249481,0.0799242424242424,946,0.555772598456582,0.11178357046053,0.003030312306,0.518249480674,0.577372016908,0.5976137813,0.803552742596,0.0793643006260001,0.416108450833,0.5976137814,153,0.02,0.07,0.05,0.08,0.04,0.01,0.04,0.05,0.03,0.01,0.05
14,3,14,"prevalence",0.05,"power",44,-0.00403521980655302,0.000357630839249481,0.0799242424242424,946,0.555772598456582,0.11178357046053,0.003030312306,0.518249480674,0.577372016908,0.5976137813,0.803552742596,0.0793643006260001,0.416108450833,0.5976137814,153,0.05,0.08,0.03,0.09,0.06,0.05,0.11,0.08,0.11,0.09,0.04
14,3,14,"prevalence",0.1,"power",44,-0.00403521980655302,0.000357630839249481,0.0799242424242424,946,0.555772598456582,0.11178357046053,0.003030312306,0.518249480674,0.577372016908,0.5976137813,0.803552742596,0.0793643006260001,0.416108450833,0.5976137814,153,0.08,0.03,0.02,0.05,0.04,0.09,0.03,0.07,0.04,0.09,0.05
14,3,14,"prevalence",0.15,"power",44,-0.00403521980655302,0.000357630839249481,0.0799242424242424,946,0.555772598456582,0.11178357046053,0.003030312306,0.518249480674,0.577372016908,0.5976137813,0.803552742596,0.0793643006260001,0.416108450833,0.5976137814,153,0.02,0.03,0.04,0.02,0.07,0.05,0.08,0.04,0.07,0.04,0.05
14,3,14,"prevalence",0.2,"power",44,-0.00403521980655302,0.000357630839249481,0.0799242424242424,946,0.555772598456582,0.11178357046053,0.003030312306,0.518249480674,0.577372016908,0.5976137813,0.803552742596,0.0793643006260001,0.416108450833,0.5976137814,153,0.04,0.04,0.05,0.03,0.01,0.01,0.02,0.04,0.02,0.07,0.03
14,3,14,"prevalence",0.25,"power",44,-0.00403521980655302,0.000357630839249481,0.0799242424242424,946,0.555772598456582,0.11178357046053,0.003030312306,0.518249480674,0.577372016908,0.5976137813,0.803552742596,0.0793643006260001,0.416108450833,0.5976137814,153,0.06,0.05,0.05,0.03,0.03,0.08,0.02,0.06,0.03,0.08,0.05
14,3,14,"prevalence",0.3,"power",44,-0.00403521980655302,0.000357630839249481,0.0799242424242424,946,0.555772598456582,0.11178357046053,0.003030312306,0.518249480674,0.577372016908,0.5976137813,0.803552742596,0.0793643006260001,0.416108450833,0.5976137814,153,0.07,0.02,0.03,0.01,0.04,0.04,0.04,0.05,0.05,0.11,0.03
14,3,14,"prevalence",0.35,"power",44,-0.00403521980655302,0.000357630839249481,0.0799242424242424,946,0.555772598456582,0.11178357046053,0.003030312306,0.518249480674,0.577372016908,0.5976137813,0.803552742596,0.0793643006260001,0.416108450833,0.5976137814,153,0.07,0.11,0.06,0.06,0.09,0.05,0.1,0.09,0.11,0.16,0.13
14,3,14,"prevalence",0.4,"power",44,-0.00403521980655302,0.000357630839249481,0.0799242424242424,946,0.555772598456582,0.11178357046053,0.003030312306,0.518249480674,0.577372016908,0.5976137813,0.803552742596,0.0793643006260001,0.416108450833,0.5976137814,153,0.11,0.06,0.06,0.03,0.06,0.07,0.04,0.07,0.04,0.22,0.05
14,3,14,"prevalence",0.45,"power",44,-0.00403521980655302,0.000357630839249481,0.0799242424242424,946,0.555772598456582,0.11178357046053,0.003030312306,0.518249480674,0.577372016908,0.5976137813,0.803552742596,0.0793643006260001,0.416108450833,0.5976137814,153,0.15,0.05,0.1,0.05,0.09,0.04,0.07,0.07,0.08,0.33,0.06
14,3,14,"prevalence",0.5,"power",44,-0.00403521980655302,0.000357630839249481,0.0799242424242424,946,0.555772598456582,0.11178357046053,0.003030312306,0.518249480674,0.577372016908,0.5976137813,0.803552742596,0.0793643006260001,0.416108450833,0.5976137814,153,0.17,0.04,0.08,0.05,0.04,0.09,0.07,0.07,0.07,0.47,0.04
14,3,14,"prevalence",0.55,"power",44,-0.00403521980655302,0.000357630839249481,0.0799242424242424,946,0.555772598456582,0.11178357046053,0.003030312306,0.518249480674,0.577372016908,0.5976137813,0.803552742596,0.0793643006260001,0.416108450833,0.5976137814,153,0.25,0.03,0.05,0.04,0.09,0.09,0,0.02,0,0.49,0.06
14,3,14,"prevalence",0.6,"power",44,-0.00403521980655302,0.000357630839249481,0.0799242424242424,946,0.555772598456582,0.11178357046053,0.003030312306,0.518249480674,0.577372016908,0.5976137813,0.803552742596,0.0793643006260001,0.416108450833,0.5976137814,153,0.34,0.08,0.06,0.07,0.15,0.17,0.05,0.07,0.06,0.66,0.1
