"k","signal_cluster","cluster_ordered","signal_mode","beta","summary_type","GLaD_0.5_unweighted","GLaD_0.5_weighted","GLaD_1_unweighted","GLaD_1_weighted","GUniFrac","aitchison","bray","euclidean","jaccard","unifrac_unweighted","unifrac_weighted_phyloseq"
2,1,1,"abundance",0.05,"power",0.04,0.05,0.04,0.05,0.01,0.04,0.01,0,0.02,0.02,0.04
2,1,1,"abundance",0.1,"power",0.08,0.11,0.03,0.11,0.06,0.09,0.06,0.09,0.06,0.08,0.1
2,1,1,"abundance",0.15,"power",0.04,0.12,0.03,0.14,0.11,0.03,0.05,0.05,0.06,0.04,0.1
2,1,1,"abundance",0.2,"power",0.02,0.17,0.03,0.19,0.21,0.07,0.14,0.08,0.11,0.05,0.19
2,1,1,"abundance",0.25,"power",0.04,0.22,0,0.27,0.25,0.07,0.09,0.08,0.08,0.05,0.28
2,1,1,"abundance",0.3,"power",0.02,0.41,0.08,0.44,0.4,0.08,0.19,0.11,0.19,0.03,0.43
2,1,1,"abundance",0.35,"power",0.03,0.44,0.05,0.47,0.42,0.03,0.22,0.13,0.21,0.04,0.51
2,1,1,"abundance",0.4,"power",0.02,0.6,0.04,0.59,0.62,0.12,0.31,0.15,0.31,0.06,0.65
2,1,1,"abundance",0.45,"power",0.06,0.65,0.05,0.67,0.75,0.13,0.38,0.23,0.36,0.05,0.74
2,1,1,"abundance",0.5,"power",0.12,0.78,0.01,0.79,0.86,0.19,0.53,0.25,0.51,0.09,0.88
2,1,1,"abundance",0.55,"power",0.03,0.83,0.04,0.84,0.91,0.12,0.58,0.23,0.56,0.03,0.88
2,1,1,"abundance",0.6,"power",0.06,0.98,0.06,0.98,0.98,0.19,0.7,0.34,0.67,0.07,0.98
2,1,1,"both",0.05,"power",0.03,0.04,0.11,0.04,0.03,0.03,0.09,0.03,0.07,0.02,0.03
2,1,1,"both",0.1,"power",0.06,0.08,0.2,0.07,0.08,0.07,0.03,0.07,0.03,0.05,0.07
2,1,1,"both",0.15,"power",0.15,0.16,0.24,0.15,0.19,0.09,0.09,0.06,0.09,0.06,0.17
2,1,1,"both",0.2,"power",0.24,0.19,0.52,0.22,0.28,0.14,0.12,0.05,0.14,0.16,0.22
2,1,1,"both",0.25,"power",0.4,0.31,0.65,0.32,0.38,0.27,0.17,0.12,0.16,0.35,0.32
2,1,1,"both",0.3,"power",0.72,0.44,0.76,0.48,0.69,0.53,0.22,0.1,0.21,0.49,0.53
2,1,1,"both",0.35,"power",0.89,0.67,0.91,0.65,0.83,0.59,0.3,0.17,0.28,0.77,0.73
2,1,1,"both",0.4,"power",0.96,0.74,0.98,0.75,0.93,0.79,0.44,0.17,0.42,0.83,0.8
2,1,1,"both",0.45,"power",1,0.85,0.98,0.86,0.99,0.93,0.59,0.22,0.59,0.98,0.91
2,1,1,"both",0.5,"power",1,0.93,1,0.93,1,0.99,0.8,0.35,0.76,1,0.99
2,1,1,"both",0.55,"power",1,0.96,1,0.95,1,1,0.8,0.37,0.78,1,1
2,1,1,"both",0.6,"power",1,0.97,1,0.98,1,1,0.96,0.37,0.95,1,0.98
2,1,1,"prevalence",0.05,"power",0.09,0.06,0.05,0.05,0.07,0.04,0.05,0.03,0.03,0.06,0.05
2,1,1,"prevalence",0.1,"power",0.13,0.02,0.2,0.05,0.04,0.11,0.04,0.04,0.05,0.08,0.03
2,1,1,"prevalence",0.15,"power",0.17,0.06,0.32,0.06,0.05,0.1,0.1,0.04,0.09,0.11,0.05
2,1,1,"prevalence",0.2,"power",0.25,0.01,0.48,0.03,0.05,0.1,0.05,0.03,0.06,0.14,0.05
2,1,1,"prevalence",0.25,"power",0.45,0.06,0.66,0.06,0.11,0.19,0.06,0.06,0.06,0.37,0.07
2,1,1,"prevalence",0.3,"power",0.64,0.08,0.78,0.08,0.13,0.32,0.07,0.02,0.07,0.53,0.09
2,1,1,"prevalence",0.35,"power",0.91,0.11,0.95,0.12,0.14,0.32,0.09,0.04,0.07,0.8,0.11
2,1,1,"prevalence",0.4,"power",0.99,0.08,0.96,0.05,0.21,0.52,0.06,0.05,0.05,0.95,0.07
2,1,1,"prevalence",0.45,"power",1,0.08,0.99,0.08,0.29,0.76,0.12,0.03,0.12,1,0.11
2,1,1,"prevalence",0.5,"power",1,0.1,1,0.1,0.38,0.84,0.12,0.09,0.11,1,0.14
2,1,1,"prevalence",0.55,"power",1,0.14,1,0.11,0.54,0.92,0.11,0.07,0.11,1,0.15
2,1,1,"prevalence",0.6,"power",1,0.17,0.99,0.14,0.64,0.98,0.15,0.07,0.16,1,0.21
2,2,2,"abundance",0.05,"power",0.03,0.08,0.05,0.06,0.06,0.05,0.07,0.09,0.07,0.02,0.06
2,2,2,"abundance",0.1,"power",0.07,0.09,0.05,0.07,0.08,0.03,0.07,0.05,0.08,0.06,0.12
2,2,2,"abundance",0.15,"power",0.01,0.1,0.04,0.1,0.08,0.03,0.07,0.11,0.06,0.05,0.1
2,2,2,"abundance",0.2,"power",0.03,0.13,0.05,0.16,0.08,0.04,0.04,0.05,0.04,0.02,0.15
2,2,2,"abundance",0.25,"power",0.07,0.24,0.04,0.27,0.25,0.09,0.12,0.08,0.1,0.09,0.26
2,2,2,"abundance",0.3,"power",0.05,0.34,0.05,0.36,0.32,0.09,0.17,0.09,0.15,0.06,0.34
2,2,2,"abundance",0.35,"power",0.05,0.47,0.05,0.49,0.54,0.04,0.24,0.19,0.23,0.02,0.55
2,2,2,"abundance",0.4,"power",0.03,0.52,0.02,0.53,0.6,0.07,0.23,0.11,0.23,0.06,0.57
2,2,2,"abundance",0.45,"power",0.03,0.63,0.08,0.63,0.79,0.16,0.37,0.15,0.37,0.03,0.74
2,2,2,"abundance",0.5,"power",0.04,0.77,0,0.81,0.81,0.08,0.41,0.17,0.4,0.02,0.83
2,2,2,"abundance",0.55,"power",0.06,0.87,0.04,0.9,0.95,0.12,0.58,0.23,0.57,0.05,0.93
2,2,2,"abundance",0.6,"power",0.08,0.89,0.05,0.94,0.99,0.18,0.66,0.29,0.64,0.07,0.95
2,2,2,"both",0.05,"power",0.06,0.02,0.1,0.02,0.04,0.04,0.06,0.05,0.08,0.08,0.02
2,2,2,"both",0.1,"power",0.06,0.09,0.21,0.12,0.07,0.08,0.09,0.02,0.08,0.06,0.07
2,2,2,"both",0.15,"power",0.19,0.16,0.36,0.23,0.21,0.15,0.12,0.09,0.12,0.17,0.21
2,2,2,"both",0.2,"power",0.25,0.23,0.57,0.24,0.35,0.2,0.19,0.04,0.16,0.18,0.28
2,2,2,"both",0.25,"power",0.46,0.35,0.84,0.39,0.57,0.32,0.21,0.13,0.2,0.36,0.44
2,2,2,"both",0.3,"power",0.74,0.61,0.92,0.65,0.83,0.52,0.32,0.12,0.3,0.65,0.7
2,2,2,"both",0.35,"power",0.93,0.62,0.96,0.64,0.89,0.73,0.26,0.12,0.27,0.82,0.75
2,2,2,"both",0.4,"power",0.99,0.79,1,0.77,0.98,0.9,0.56,0.14,0.56,0.97,0.9
2,2,2,"both",0.45,"power",1,0.89,1,0.88,1,0.99,0.8,0.22,0.8,0.99,0.96
2,2,2,"both",0.5,"power",1,0.93,1,0.94,1,0.99,0.87,0.33,0.85,1,0.98
2,2,2,"both",0.55,"power",1,0.95,1,0.96,1,1,0.91,0.33,0.9,1,1
2,2,2,"both",0.6,"power",1,0.99,1,0.99,1,1,0.99,0.42,0.99,1,1
2,2,2,"prevalence",0.05,"power",0.1,0.07,0.08,0.06,0.05,0.07,0.05,0.07,0.05,0.05,0.07
2,2,2,"prevalence",0.1,"power",0.09,0.01,0.19,0.03,0.05,0.05,0.06,0.08,0.03,0.09,0.04
2,2,2,"prevalence",0.15,"power",0.19,0.05,0.39,0.02,0.05,0.17,0.04,0.05,0.04,0.21,0.05
2,2,2,"prevalence",0.2,"power",0.38,0.16,0.5,0.11,0.09,0.15,0.07,0.08,0.07,0.31,0.09
2,2,2,"prevalence",0.25,"power",0.64,0.1,0.84,0.09,0.16,0.16,0.09,0.09,0.09,0.54,0.11
2,2,2,"prevalence",0.3,"power",0.69,0.06,0.93,0.08,0.15,0.24,0.03,0.07,0.03,0.56,0.09
2,2,2,"prevalence",0.35,"power",0.9,0.08,0.98,0.06,0.17,0.43,0.07,0.05,0.09,0.83,0.08
2,2,2,"prevalence",0.4,"power",1,0.02,1,0.03,0.37,0.55,0.11,0.04,0.11,0.91,0.09
2,2,2,"prevalence",0.45,"power",1,0.09,1,0.12,0.5,0.67,0.12,0.05,0.13,0.99,0.15
2,2,2,"prevalence",0.5,"power",1,0.04,1,0.05,0.48,0.82,0.11,0.02,0.1,0.99,0.09
2,2,2,"prevalence",0.55,"power",1,0.12,1,0.09,0.73,0.94,0.18,0.08,0.18,1,0.19
2,2,2,"prevalence",0.6,"power",1,0.12,1,0.13,0.81,0.98,0.12,0.06,0.13,1,0.17
4,1,2,"abundance",0.05,"power",0.05,0.08,0.06,0.07,0.07,0.06,0.06,0.05,0.05,0.05,0.07
4,1,2,"abundance",0.1,"power",0.04,0.07,0.03,0.09,0.07,0.07,0.09,0.05,0.09,0.06,0.06
4,1,2,"abundance",0.15,"power",0.04,0.06,0.09,0.07,0.12,0.05,0.05,0.05,0.07,0.06,0.11
4,1,2,"abundance",0.2,"power",0.03,0.09,0.04,0.1,0.17,0.05,0.11,0.08,0.09,0.03,0.15
4,1,2,"abundance",0.25,"power",0.04,0.09,0.05,0.09,0.15,0.03,0.15,0.07,0.17,0.05,0.14
4,1,2,"abundance",0.3,"power",0.02,0.19,0.04,0.21,0.22,0.08,0.19,0.12,0.18,0.06,0.24
4,1,2,"abundance",0.35,"power",0.06,0.29,0.04,0.3,0.41,0.07,0.31,0.15,0.29,0.04,0.4
4,1,2,"abundance",0.4,"power",0.04,0.29,0.1,0.31,0.43,0.07,0.22,0.13,0.21,0.06,0.4
4,1,2,"abundance",0.45,"power",0.08,0.4,0.06,0.34,0.52,0.11,0.33,0.13,0.31,0.05,0.48
4,1,2,"abundance",0.5,"power",0.05,0.48,0.03,0.45,0.68,0.04,0.5,0.2,0.46,0.01,0.64
4,1,2,"abundance",0.55,"power",0.06,0.49,0.06,0.44,0.78,0.13,0.54,0.25,0.53,0.05,0.68
4,1,2,"abundance",0.6,"power",0.05,0.6,0.06,0.53,0.87,0.1,0.64,0.27,0.61,0.05,0.81
4,1,2,"both",0.05,"power",0.04,0.08,0.04,0.1,0.1,0.08,0.05,0.05,0.05,0.07,0.1
4,1,2,"both",0.1,"power",0.1,0.05,0.08,0.05,0.12,0.09,0.04,0.04,0.04,0.09,0.07
4,1,2,"both",0.15,"power",0.09,0.09,0.07,0.07,0.06,0.09,0.07,0.06,0.08,0.08,0.07
4,1,2,"both",0.2,"power",0.13,0.14,0.09,0.1,0.18,0.14,0.13,0.06,0.14,0.12,0.18
4,1,2,"both",0.25,"power",0.19,0.18,0.11,0.16,0.23,0.18,0.09,0.08,0.1,0.14,0.22
4,1,2,"both",0.3,"power",0.24,0.19,0.24,0.22,0.48,0.32,0.15,0.1,0.14,0.21,0.32
4,1,2,"both",0.35,"power",0.43,0.29,0.33,0.28,0.6,0.4,0.3,0.17,0.32,0.32,0.4
4,1,2,"both",0.4,"power",0.59,0.38,0.36,0.35,0.79,0.64,0.41,0.13,0.38,0.53,0.6
4,1,2,"both",0.45,"power",0.76,0.58,0.44,0.56,0.93,0.76,0.59,0.2,0.56,0.62,0.76
4,1,2,"both",0.5,"power",0.92,0.63,0.59,0.6,0.98,0.89,0.72,0.35,0.74,0.88,0.88
4,1,2,"both",0.55,"power",0.95,0.71,0.59,0.74,1,0.97,0.76,0.41,0.76,0.89,0.95
4,1,2,"both",0.6,"power",1,0.8,0.73,0.75,0.99,0.99,0.86,0.33,0.86,0.99,0.97
4,1,2,"prevalence",0.05,"power",0.06,0.03,0.09,0.04,0.05,0.06,0.04,0.04,0.04,0.03,0.05
4,1,2,"prevalence",0.1,"power",0.02,0.06,0.08,0.06,0.06,0.08,0.07,0.07,0.07,0.05,0.05
4,1,2,"prevalence",0.15,"power",0.05,0.09,0.11,0.06,0.04,0.06,0.03,0.04,0.03,0.08,0.05
4,1,2,"prevalence",0.2,"power",0.13,0.02,0.07,0.06,0.06,0.11,0.05,0.03,0.06,0.15,0.03
4,1,2,"prevalence",0.25,"power",0.23,0.09,0.17,0.09,0.14,0.12,0.05,0.06,0.06,0.17,0.08
4,1,2,"prevalence",0.3,"power",0.3,0.07,0.26,0.07,0.06,0.11,0.03,0.03,0.03,0.22,0.08
4,1,2,"prevalence",0.35,"power",0.48,0.05,0.29,0.04,0.11,0.24,0.05,0.04,0.04,0.37,0.06
4,1,2,"prevalence",0.4,"power",0.52,0.09,0.34,0.08,0.22,0.31,0.13,0.12,0.12,0.42,0.13
4,1,2,"prevalence",0.45,"power",0.81,0.07,0.52,0.07,0.09,0.37,0.03,0.02,0.03,0.69,0.05
4,1,2,"prevalence",0.5,"power",0.87,0.05,0.58,0.04,0.19,0.49,0.08,0.04,0.1,0.79,0.05
4,1,2,"prevalence",0.55,"power",0.98,0.05,0.57,0.07,0.27,0.66,0.11,0.06,0.12,0.95,0.06
4,1,2,"prevalence",0.6,"power",0.99,0.06,0.71,0.04,0.32,0.82,0.05,0.08,0.06,0.98,0.08
4,2,1,"abundance",0.05,"power",0.07,0.05,0.04,0.06,0.06,0.07,0.08,0.06,0.07,0.02,0.07
4,2,1,"abundance",0.1,"power",0.01,0.05,0.04,0.03,0.04,0.01,0.02,0.05,0.03,0.02,0.05
4,2,1,"abundance",0.15,"power",0.05,0.15,0.03,0.17,0.1,0.05,0.06,0.07,0.05,0.04,0.14
4,2,1,"abundance",0.2,"power",0.06,0.14,0.04,0.17,0.14,0.06,0.09,0.1,0.11,0.07,0.17
4,2,1,"abundance",0.25,"power",0.05,0.28,0.04,0.26,0.2,0.06,0.07,0.08,0.05,0.08,0.28
4,2,1,"abundance",0.3,"power",0.04,0.5,0.04,0.5,0.4,0,0.16,0.12,0.15,0.05,0.47
4,2,1,"abundance",0.35,"power",0.03,0.53,0.03,0.53,0.44,0.07,0.2,0.09,0.19,0.04,0.52
4,2,1,"abundance",0.4,"power",0.07,0.62,0.04,0.63,0.53,0.08,0.22,0.16,0.21,0.09,0.62
4,2,1,"abundance",0.45,"power",0.06,0.71,0.07,0.73,0.69,0.09,0.34,0.19,0.32,0.04,0.76
4,2,1,"abundance",0.5,"power",0.04,0.85,0.05,0.84,0.86,0.1,0.45,0.29,0.42,0.04,0.85
4,2,1,"abundance",0.55,"power",0.05,0.81,0.06,0.87,0.87,0.07,0.51,0.29,0.5,0.04,0.89
4,2,1,"abundance",0.6,"power",0.05,0.91,0.05,0.9,0.96,0.12,0.58,0.32,0.55,0.06,0.95
4,2,1,"both",0.05,"power",0.07,0.06,0.08,0.06,0.04,0.03,0.05,0.02,0.06,0.05,0.04
4,2,1,"both",0.1,"power",0.09,0.07,0.08,0.07,0.08,0.08,0.04,0.03,0.04,0.07,0.07
4,2,1,"both",0.15,"power",0.09,0.19,0.1,0.23,0.14,0.08,0.04,0.02,0.05,0.05,0.19
4,2,1,"both",0.2,"power",0.09,0.3,0.09,0.31,0.32,0.13,0.17,0.05,0.19,0.06,0.33
4,2,1,"both",0.25,"power",0.16,0.48,0.24,0.53,0.47,0.13,0.16,0.12,0.15,0.1,0.5
4,2,1,"both",0.3,"power",0.27,0.65,0.27,0.64,0.64,0.44,0.35,0.19,0.28,0.21,0.67
4,2,1,"both",0.35,"power",0.55,0.73,0.39,0.75,0.82,0.54,0.34,0.08,0.37,0.29,0.79
4,2,1,"both",0.4,"power",0.76,0.79,0.32,0.78,0.91,0.79,0.38,0.06,0.39,0.49,0.85
4,2,1,"both",0.45,"power",0.81,0.86,0.58,0.87,0.96,0.85,0.58,0.2,0.54,0.53,0.91
4,2,1,"both",0.5,"power",0.93,0.98,0.53,0.98,1,0.93,0.72,0.32,0.67,0.74,1
4,2,1,"both",0.55,"power",0.99,0.99,0.7,0.99,1,0.99,0.9,0.49,0.87,0.88,0.99
4,2,1,"both",0.6,"power",1,1,0.85,0.98,1,1,0.93,0.43,0.91,0.99,1
4,2,1,"prevalence",0.05,"power",0.06,0.03,0.03,0.02,0.02,0.03,0.06,0.04,0.06,0.07,0.02
4,2,1,"prevalence",0.1,"power",0.02,0.08,0.04,0.06,0.09,0.06,0.06,0.07,0.06,0.02,0.11
4,2,1,"prevalence",0.15,"power",0.07,0.03,0.11,0.03,0.02,0.08,0.05,0.09,0.05,0.04,0.02
4,2,1,"prevalence",0.2,"power",0.14,0.05,0.1,0.04,0.05,0.1,0.03,0.03,0.05,0.18,0.05
4,2,1,"prevalence",0.25,"power",0.21,0.08,0.18,0.1,0.04,0.13,0.02,0.02,0.03,0.13,0.03
4,2,1,"prevalence",0.3,"power",0.32,0.07,0.24,0.08,0.12,0.19,0.06,0.06,0.05,0.21,0.11
4,2,1,"prevalence",0.35,"power",0.53,0.11,0.41,0.11,0.14,0.31,0.1,0.05,0.1,0.33,0.13
4,2,1,"prevalence",0.4,"power",0.66,0.09,0.52,0.07,0.16,0.33,0.09,0.06,0.07,0.38,0.1
4,2,1,"prevalence",0.45,"power",0.92,0.08,0.63,0.08,0.17,0.52,0.04,0.03,0.06,0.69,0.11
4,2,1,"prevalence",0.5,"power",0.93,0.1,0.66,0.1,0.12,0.62,0.1,0.04,0.08,0.72,0.12
4,2,1,"prevalence",0.55,"power",1,0.13,0.65,0.12,0.35,0.87,0.13,0.06,0.14,0.91,0.15
4,2,1,"prevalence",0.6,"power",1,0.18,0.82,0.17,0.4,0.96,0.13,0.06,0.12,0.96,0.22
4,3,4,"abundance",0.05,"power",0.02,0.02,0.07,0.03,0.03,0.04,0.07,0.04,0.08,0.04,0.04
4,3,4,"abundance",0.1,"power",0.07,0.05,0.09,0.06,0.03,0.05,0.03,0.04,0.03,0.07,0.04
4,3,4,"abundance",0.15,"power",0.04,0.06,0.05,0.06,0.08,0.06,0.08,0.07,0.07,0.04,0.07
4,3,4,"abundance",0.2,"power",0.05,0.04,0.03,0.06,0.06,0.07,0.05,0.02,0.05,0.07,0.05
4,3,4,"abundance",0.25,"power",0.05,0.06,0.05,0.07,0.07,0.03,0.1,0.03,0.08,0.07,0.08
4,3,4,"abundance",0.3,"power",0.02,0.09,0.03,0.12,0.15,0.03,0.11,0.05,0.09,0.02,0.13
4,3,4,"abundance",0.35,"power",0.05,0.04,0.04,0.11,0.16,0.08,0.12,0.05,0.11,0.07,0.12
4,3,4,"abundance",0.4,"power",0.08,0.07,0.08,0.11,0.22,0.02,0.12,0.08,0.12,0.04,0.12
4,3,4,"abundance",0.45,"power",0.04,0.12,0.03,0.12,0.29,0.05,0.18,0.12,0.17,0.04,0.16
4,3,4,"abundance",0.5,"power",0,0.21,0.04,0.24,0.41,0.07,0.26,0.09,0.24,0.02,0.33
4,3,4,"abundance",0.55,"power",0.09,0.21,0.05,0.2,0.51,0.13,0.3,0.11,0.27,0.04,0.35
4,3,4,"abundance",0.6,"power",0.07,0.28,0.09,0.25,0.6,0.12,0.43,0.14,0.44,0.09,0.48
4,3,4,"both",0.05,"power",0.05,0.05,0.04,0.05,0.07,0.06,0.08,0.07,0.1,0.02,0.07
4,3,4,"both",0.1,"power",0.06,0.08,0.06,0.07,0.09,0.01,0.05,0.06,0.06,0.04,0.08
4,3,4,"both",0.15,"power",0.09,0.08,0.12,0.08,0.07,0.08,0.1,0.08,0.11,0.11,0.07
4,3,4,"both",0.2,"power",0.06,0.06,0.14,0.06,0.13,0.07,0.05,0.05,0.01,0.1,0.05
4,3,4,"both",0.25,"power",0.21,0.07,0.22,0.09,0.24,0.17,0.12,0.08,0.11,0.26,0.13
4,3,4,"both",0.3,"power",0.25,0.1,0.21,0.13,0.32,0.23,0.1,0.06,0.1,0.29,0.17
4,3,4,"both",0.35,"power",0.38,0.12,0.32,0.14,0.53,0.29,0.16,0.08,0.16,0.5,0.2
4,3,4,"both",0.4,"power",0.61,0.28,0.44,0.18,0.73,0.55,0.27,0.06,0.26,0.64,0.46
4,3,4,"both",0.45,"power",0.78,0.24,0.53,0.27,0.88,0.72,0.39,0.11,0.41,0.79,0.47
4,3,4,"both",0.5,"power",0.9,0.33,0.59,0.27,0.96,0.82,0.49,0.21,0.49,0.9,0.66
4,3,4,"both",0.55,"power",0.96,0.27,0.66,0.32,1,0.93,0.66,0.16,0.63,0.99,0.8
4,3,4,"both",0.6,"power",0.99,0.42,0.78,0.44,1,0.99,0.8,0.23,0.75,1,0.88
4,3,4,"prevalence",0.05,"power",0.07,0.03,0.04,0.05,0.01,0.04,0.03,0.01,0.03,0.07,0.02
4,3,4,"prevalence",0.1,"power",0.03,0.08,0.04,0.07,0.06,0.01,0.04,0.03,0.03,0.04,0.06
4,3,4,"prevalence",0.15,"power",0.05,0.01,0.07,0.02,0,0.06,0.01,0.03,0.01,0.12,0
4,3,4,"prevalence",0.2,"power",0.11,0.05,0.18,0.07,0.07,0.08,0.05,0.06,0.05,0.07,0.05
4,3,4,"prevalence",0.25,"power",0.24,0.04,0.19,0.06,0.07,0.11,0.04,0.01,0.03,0.25,0.06
4,3,4,"prevalence",0.3,"power",0.23,0.06,0.24,0.06,0.06,0.1,0.02,0,0.02,0.24,0.05
4,3,4,"prevalence",0.35,"power",0.39,0.03,0.23,0.03,0.07,0.18,0.06,0.03,0.06,0.4,0.04
4,3,4,"prevalence",0.4,"power",0.63,0.05,0.3,0.06,0.1,0.24,0.08,0.08,0.05,0.67,0.05
4,3,4,"prevalence",0.45,"power",0.72,0.08,0.48,0.05,0.24,0.31,0.08,0.05,0.08,0.72,0.13
4,3,4,"prevalence",0.5,"power",0.88,0.03,0.52,0.05,0.16,0.43,0.07,0.07,0.07,0.86,0.05
4,3,4,"prevalence",0.55,"power",0.97,0.02,0.66,0.02,0.21,0.61,0.04,0.01,0.04,0.98,0.03
4,3,4,"prevalence",0.6,"power",0.98,0.04,0.69,0.06,0.32,0.62,0.05,0.03,0.04,0.98,0.05
4,4,3,"abundance",0.05,"power",0.02,0.05,0.09,0.03,0.05,0.04,0.04,0.05,0.03,0.02,0.06
4,4,3,"abundance",0.1,"power",0.07,0.06,0.06,0.08,0.05,0.06,0.03,0.07,0.04,0.05,0.06
4,4,3,"abundance",0.15,"power",0.04,0.08,0.05,0.06,0.09,0.05,0.03,0.03,0.04,0.05,0.09
4,4,3,"abundance",0.2,"power",0.07,0.1,0.05,0.11,0.11,0.07,0.11,0.13,0.11,0.13,0.1
4,4,3,"abundance",0.25,"power",0.05,0.08,0.07,0.07,0.17,0.07,0.07,0.04,0.07,0.07,0.14
4,4,3,"abundance",0.3,"power",0.05,0.09,0.03,0.07,0.21,0.11,0.11,0.1,0.1,0.07,0.17
4,4,3,"abundance",0.35,"power",0.06,0.11,0.04,0.07,0.22,0.06,0.14,0.05,0.13,0.06,0.17
4,4,3,"abundance",0.4,"power",0.03,0.15,0.03,0.13,0.34,0.07,0.25,0.16,0.21,0.06,0.3
4,4,3,"abundance",0.45,"power",0.06,0.2,0.09,0.17,0.36,0.07,0.19,0.06,0.18,0.06,0.31
4,4,3,"abundance",0.5,"power",0.05,0.31,0.03,0.25,0.5,0.11,0.28,0.15,0.25,0.06,0.43
4,4,3,"abundance",0.55,"power",0.04,0.3,0.03,0.16,0.6,0.09,0.35,0.2,0.38,0.02,0.48
4,4,3,"abundance",0.6,"power",0.08,0.48,0.05,0.36,0.81,0.18,0.58,0.28,0.56,0.06,0.7
4,4,3,"both",0.05,"power",0.07,0.05,0.03,0.02,0.02,0.11,0.06,0.09,0.06,0.08,0.03
4,4,3,"both",0.1,"power",0.06,0.06,0.05,0.07,0.07,0.05,0.07,0.05,0.05,0.07,0.08
4,4,3,"both",0.15,"power",0.05,0.04,0.06,0.09,0.12,0.06,0.08,0.07,0.08,0.06,0.11
4,4,3,"both",0.2,"power",0.12,0.15,0.08,0.13,0.16,0.17,0.11,0.09,0.11,0.1,0.17
4,4,3,"both",0.25,"power",0.14,0.12,0.19,0.09,0.3,0.24,0.19,0.1,0.17,0.11,0.26
4,4,3,"both",0.3,"power",0.24,0.17,0.16,0.13,0.27,0.24,0.14,0.11,0.13,0.17,0.27
4,4,3,"both",0.35,"power",0.37,0.19,0.26,0.11,0.59,0.43,0.29,0.11,0.28,0.24,0.39
4,4,3,"both",0.4,"power",0.48,0.26,0.29,0.2,0.69,0.56,0.35,0.07,0.36,0.33,0.49
4,4,3,"both",0.45,"power",0.59,0.34,0.35,0.25,0.8,0.62,0.41,0.2,0.39,0.46,0.58
4,4,3,"both",0.5,"power",0.8,0.44,0.46,0.26,0.94,0.84,0.58,0.2,0.57,0.61,0.75
4,4,3,"both",0.55,"power",0.9,0.47,0.52,0.36,0.96,0.97,0.72,0.24,0.66,0.75,0.81
4,4,3,"both",0.6,"power",0.99,0.61,0.53,0.4,0.99,0.98,0.77,0.34,0.79,0.88,0.87
4,4,3,"prevalence",0.05,"power",0.05,0.06,0.08,0.05,0.02,0.05,0.05,0.04,0.04,0.04,0.02
4,4,3,"prevalence",0.1,"power",0.06,0.05,0.03,0.04,0.02,0.08,0.05,0.02,0.05,0.03,0.04
4,4,3,"prevalence",0.15,"power",0.08,0.03,0.07,0.01,0.08,0.05,0.05,0.02,0.04,0.07,0.06
4,4,3,"prevalence",0.2,"power",0.09,0.05,0.1,0.04,0.02,0.05,0.02,0.04,0.02,0.06,0.05
4,4,3,"prevalence",0.25,"power",0.12,0.03,0.18,0.01,0.03,0.09,0.04,0.06,0.04,0.13,0.04
4,4,3,"prevalence",0.3,"power",0.24,0.07,0.16,0.09,0.12,0.12,0.05,0.06,0.05,0.19,0.09
4,4,3,"prevalence",0.35,"power",0.28,0.03,0.28,0.01,0.05,0.17,0.03,0.06,0.03,0.25,0.04
4,4,3,"prevalence",0.4,"power",0.38,0.04,0.24,0.03,0.06,0.13,0.04,0.04,0.04,0.25,0.04
4,4,3,"prevalence",0.45,"power",0.65,0.05,0.37,0.06,0.11,0.3,0.04,0.06,0.05,0.51,0.06
4,4,3,"prevalence",0.5,"power",0.81,0.04,0.43,0.04,0.17,0.52,0.1,0.08,0.09,0.66,0.08
4,4,3,"prevalence",0.55,"power",0.87,0.05,0.51,0.04,0.24,0.59,0.11,0.09,0.11,0.78,0.13
4,4,3,"prevalence",0.6,"power",0.95,0.07,0.64,0.05,0.24,0.62,0.1,0.05,0.13,0.85,0.12
6,1,2,"abundance",0.05,"power",0.05,0.07,0.05,0.07,0.09,0.04,0.05,0.07,0.05,0.05,0.08
6,1,2,"abundance",0.1,"power",0.07,0.06,0.04,0.06,0.06,0.05,0.1,0.07,0.1,0.03,0.05
6,1,2,"abundance",0.15,"power",0.08,0.05,0.03,0.05,0.08,0.06,0.05,0.03,0.05,0.05,0.06
6,1,2,"abundance",0.2,"power",0.06,0.06,0.05,0.09,0.05,0.05,0.04,0.02,0.04,0.06,0.04
6,1,2,"abundance",0.25,"power",0.05,0.09,0.06,0.1,0.06,0.03,0.04,0.05,0.03,0.06,0.08
6,1,2,"abundance",0.3,"power",0.06,0.09,0.06,0.1,0.12,0.05,0.12,0.04,0.11,0.05,0.11
6,1,2,"abundance",0.35,"power",0.06,0.17,0.08,0.13,0.31,0.05,0.26,0.14,0.25,0.05,0.25
6,1,2,"abundance",0.4,"power",0.01,0.22,0.04,0.22,0.38,0.02,0.18,0.17,0.19,0.01,0.31
6,1,2,"abundance",0.45,"power",0.07,0.25,0.02,0.2,0.46,0.11,0.33,0.18,0.31,0.02,0.4
6,1,2,"abundance",0.5,"power",0.02,0.44,0.06,0.37,0.73,0.09,0.51,0.28,0.48,0.03,0.63
6,1,2,"abundance",0.55,"power",0.03,0.41,0.07,0.36,0.69,0.1,0.53,0.29,0.52,0.1,0.63
6,1,2,"abundance",0.6,"power",0.08,0.46,0.07,0.4,0.79,0.11,0.54,0.33,0.53,0.04,0.68
6,1,2,"both",0.05,"power",0.06,0.1,0.07,0.12,0.04,0.02,0.03,0.07,0.04,0.02,0.09
6,1,2,"both",0.1,"power",0.08,0.06,0.09,0.08,0.05,0.05,0.05,0.06,0.04,0.06,0.1
6,1,2,"both",0.15,"power",0.11,0.07,0.06,0.05,0.1,0.06,0.09,0.06,0.08,0.11,0.1
6,1,2,"both",0.2,"power",0.13,0.06,0.08,0.08,0.14,0.1,0.05,0.06,0.04,0.09,0.07
6,1,2,"both",0.25,"power",0.12,0.15,0.04,0.12,0.25,0.08,0.16,0.06,0.14,0.08,0.21
6,1,2,"both",0.3,"power",0.22,0.21,0.11,0.18,0.41,0.15,0.15,0.12,0.14,0.13,0.32
6,1,2,"both",0.35,"power",0.27,0.27,0.12,0.23,0.52,0.26,0.21,0.15,0.18,0.16,0.42
6,1,2,"both",0.4,"power",0.42,0.34,0.16,0.26,0.7,0.42,0.4,0.16,0.39,0.23,0.52
6,1,2,"both",0.45,"power",0.56,0.36,0.2,0.3,0.8,0.56,0.44,0.18,0.48,0.33,0.57
6,1,2,"both",0.5,"power",0.69,0.53,0.19,0.4,0.95,0.78,0.67,0.31,0.64,0.57,0.83
6,1,2,"both",0.55,"power",0.81,0.63,0.24,0.57,0.99,0.86,0.69,0.34,0.68,0.68,0.91
6,1,2,"both",0.6,"power",0.91,0.71,0.37,0.68,1,0.92,0.81,0.37,0.81,0.74,0.97
6,1,2,"prevalence",0.05,"power",0.04,0.07,0.07,0.02,0.07,0.05,0.05,0.08,0.05,0.08,0.04
6,1,2,"prevalence",0.1,"power",0.08,0.06,0.07,0.05,0.09,0.08,0.08,0.08,0.08,0.1,0.07
6,1,2,"prevalence",0.15,"power",0.06,0.06,0.09,0.07,0.07,0.06,0.08,0.05,0.08,0.09,0.05
6,1,2,"prevalence",0.2,"power",0.08,0.06,0.13,0.05,0.08,0.08,0.06,0.05,0.07,0.08,0.06
6,1,2,"prevalence",0.25,"power",0.13,0.05,0.09,0.06,0.03,0.09,0.01,0.05,0.02,0.16,0.03
6,1,2,"prevalence",0.3,"power",0.21,0.04,0.17,0.05,0.12,0.18,0.05,0.05,0.05,0.21,0.08
6,1,2,"prevalence",0.35,"power",0.32,0.02,0.14,0.06,0.04,0.16,0.05,0.05,0.08,0.25,0.03
6,1,2,"prevalence",0.4,"power",0.39,0.05,0.15,0.03,0.11,0.18,0.07,0.08,0.07,0.31,0.04
6,1,2,"prevalence",0.45,"power",0.58,0.09,0.23,0.06,0.16,0.28,0.1,0.07,0.1,0.43,0.13
6,1,2,"prevalence",0.5,"power",0.68,0.08,0.18,0.06,0.14,0.35,0.04,0.07,0.05,0.54,0.08
6,1,2,"prevalence",0.55,"power",0.86,0.05,0.29,0.05,0.15,0.39,0.09,0.03,0.06,0.62,0.06
6,1,2,"prevalence",0.6,"power",0.87,0.05,0.41,0.06,0.23,0.48,0.09,0.05,0.09,0.79,0.1
6,2,1,"abundance",0.05,"power",0.05,0.08,0.04,0.11,0.06,0.07,0.03,0.07,0.03,0.05,0.07
6,2,1,"abundance",0.1,"power",0.05,0.05,0.05,0.05,0.07,0.08,0.04,0.04,0.04,0.03,0.07
6,2,1,"abundance",0.15,"power",0.01,0.18,0.05,0.19,0.09,0.01,0.07,0.08,0.07,0.04,0.16
6,2,1,"abundance",0.2,"power",0.06,0.12,0.05,0.15,0.12,0.02,0.05,0.07,0.04,0.07,0.13
6,2,1,"abundance",0.25,"power",0.04,0.29,0.02,0.27,0.22,0.03,0.08,0.1,0.09,0.04,0.3
6,2,1,"abundance",0.3,"power",0.07,0.35,0.09,0.39,0.29,0.08,0.13,0.09,0.14,0.07,0.38
6,2,1,"abundance",0.35,"power",0.05,0.4,0.06,0.41,0.36,0.11,0.23,0.12,0.22,0.07,0.4
6,2,1,"abundance",0.4,"power",0.07,0.58,0.06,0.57,0.47,0.07,0.25,0.19,0.24,0.07,0.57
6,2,1,"abundance",0.45,"power",0.08,0.69,0.03,0.67,0.58,0.15,0.35,0.29,0.35,0.07,0.64
6,2,1,"abundance",0.5,"power",0.06,0.8,0.04,0.79,0.8,0.08,0.52,0.38,0.53,0.08,0.82
6,2,1,"abundance",0.55,"power",0.02,0.86,0.05,0.86,0.79,0.07,0.55,0.33,0.55,0.02,0.88
6,2,1,"abundance",0.6,"power",0.05,0.91,0.07,0.92,0.89,0.11,0.66,0.46,0.63,0.05,0.93
6,2,1,"both",0.05,"power",0.03,0.06,0.11,0.08,0.06,0.04,0.04,0.04,0.03,0.01,0.09
6,2,1,"both",0.1,"power",0.07,0.03,0.03,0.08,0.04,0.1,0.06,0.03,0.03,0.08,0.02
6,2,1,"both",0.15,"power",0.06,0.18,0.06,0.17,0.16,0.07,0.11,0.1,0.1,0.06,0.14
6,2,1,"both",0.2,"power",0.13,0.24,0.07,0.26,0.21,0.09,0.11,0.13,0.11,0.08,0.25
6,2,1,"both",0.25,"power",0.13,0.3,0.18,0.29,0.26,0.07,0.16,0.11,0.17,0.08,0.26
6,2,1,"both",0.3,"power",0.16,0.58,0.1,0.59,0.6,0.24,0.19,0.16,0.22,0.13,0.62
6,2,1,"both",0.35,"power",0.22,0.71,0.17,0.69,0.71,0.36,0.3,0.15,0.26,0.17,0.75
6,2,1,"both",0.4,"power",0.31,0.67,0.19,0.68,0.76,0.45,0.4,0.16,0.38,0.18,0.73
6,2,1,"both",0.45,"power",0.48,0.79,0.2,0.8,0.88,0.65,0.46,0.23,0.45,0.33,0.86
6,2,1,"both",0.5,"power",0.66,0.92,0.31,0.91,0.99,0.82,0.77,0.34,0.74,0.44,0.95
6,2,1,"both",0.55,"power",0.69,0.96,0.27,0.92,0.99,0.92,0.8,0.41,0.79,0.45,0.97
6,2,1,"both",0.6,"power",0.85,0.99,0.39,0.98,1,0.94,0.86,0.46,0.86,0.68,0.99
6,2,1,"prevalence",0.05,"power",0.04,0.05,0.03,0.04,0.07,0.05,0.08,0.08,0.08,0.03,0.08
6,2,1,"prevalence",0.1,"power",0.03,0.08,0.09,0.07,0.09,0.04,0.11,0.09,0.08,0.04,0.1
6,2,1,"prevalence",0.15,"power",0.03,0.1,0.07,0.09,0.09,0.04,0.08,0.08,0.08,0.04,0.12
6,2,1,"prevalence",0.2,"power",0.08,0.07,0.06,0.07,0.05,0.04,0.07,0.06,0.08,0.07,0.05
6,2,1,"prevalence",0.25,"power",0.11,0.06,0.08,0.09,0.04,0.07,0.04,0.07,0.03,0.04,0.08
6,2,1,"prevalence",0.3,"power",0.12,0.06,0.13,0.03,0.08,0.09,0.05,0.05,0.05,0.1,0.05
6,2,1,"prevalence",0.35,"power",0.26,0.07,0.1,0.08,0.11,0.21,0.11,0.06,0.11,0.16,0.08
6,2,1,"prevalence",0.4,"power",0.26,0.04,0.15,0.06,0.07,0.2,0.02,0.05,0.03,0.14,0.05
6,2,1,"prevalence",0.45,"power",0.39,0.08,0.23,0.08,0.13,0.23,0.12,0.05,0.1,0.26,0.12
6,2,1,"prevalence",0.5,"power",0.57,0.08,0.18,0.1,0.08,0.29,0.04,0.05,0.05,0.37,0.11
6,2,1,"prevalence",0.55,"power",0.73,0.12,0.27,0.09,0.22,0.5,0.07,0.05,0.08,0.56,0.11
6,2,1,"prevalence",0.6,"power",0.83,0.05,0.31,0.06,0.17,0.56,0.07,0.08,0.06,0.64,0.06
6,3,6,"abundance",0.05,"power",0.03,0.02,0.07,0.03,0.07,0.05,0.07,0.06,0.07,0.06,0.03
6,3,6,"abundance",0.1,"power",0.06,0.01,0.04,0.02,0.02,0.04,0,0.01,0,0.08,0
6,3,6,"abundance",0.15,"power",0.05,0.05,0.09,0.07,0.05,0.05,0.03,0.03,0.02,0.05,0.04
6,3,6,"abundance",0.2,"power",0.09,0.02,0.04,0.02,0.02,0.07,0.02,0.04,0.02,0.04,0.02
6,3,6,"abundance",0.25,"power",0.08,0.05,0.06,0.05,0.06,0.06,0.02,0.04,0.02,0.08,0.04
6,3,6,"abundance",0.3,"power",0.04,0.12,0.03,0.09,0.08,0.09,0.09,0.07,0.07,0.06,0.1
6,3,6,"abundance",0.35,"power",0.06,0.09,0.03,0.08,0.08,0.05,0.07,0.05,0.06,0.05,0.11
6,3,6,"abundance",0.4,"power",0.05,0.05,0.05,0.03,0.05,0.05,0.05,0.04,0.06,0.05,0.06
6,3,6,"abundance",0.45,"power",0.07,0.05,0.04,0.07,0.07,0.07,0.05,0.05,0.05,0.07,0.08
6,3,6,"abundance",0.5,"power",0.04,0.1,0.01,0.07,0.14,0.09,0.12,0.1,0.1,0.04,0.12
6,3,6,"abundance",0.55,"power",0.03,0.05,0.04,0.06,0.12,0.03,0.05,0.06,0.07,0.03,0.06
6,3,6,"abundance",0.6,"power",0.06,0.1,0.04,0.08,0.26,0.08,0.1,0.08,0.11,0.06,0.16
6,3,6,"both",0.05,"power",0.03,0.04,0.05,0.06,0.03,0.07,0.04,0.03,0.02,0.04,0.03
6,3,6,"both",0.1,"power",0.09,0.06,0.03,0.06,0.08,0.08,0.05,0.04,0.05,0.06,0.08
6,3,6,"both",0.15,"power",0.04,0.04,0.04,0.04,0.07,0.06,0.08,0.04,0.07,0.09,0.05
6,3,6,"both",0.2,"power",0.07,0.03,0.07,0.03,0.05,0.07,0.02,0.05,0.03,0.06,0.07
6,3,6,"both",0.25,"power",0.2,0.04,0.09,0.06,0.08,0.16,0.06,0.06,0.06,0.2,0.05
6,3,6,"both",0.3,"power",0.19,0.06,0.13,0.05,0.19,0.17,0.11,0.07,0.11,0.22,0.09
6,3,6,"both",0.35,"power",0.31,0.09,0.1,0.09,0.27,0.28,0.1,0.04,0.11,0.26,0.15
6,3,6,"both",0.4,"power",0.33,0.09,0.19,0.07,0.47,0.39,0.16,0.07,0.13,0.45,0.21
6,3,6,"both",0.45,"power",0.51,0.09,0.24,0.07,0.57,0.46,0.11,0.07,0.11,0.58,0.16
6,3,6,"both",0.5,"power",0.72,0.13,0.31,0.1,0.69,0.58,0.17,0.08,0.16,0.72,0.29
6,3,6,"both",0.55,"power",0.86,0.28,0.43,0.19,0.91,0.77,0.35,0.11,0.33,0.87,0.53
6,3,6,"both",0.6,"power",0.95,0.19,0.45,0.19,0.97,0.89,0.36,0.15,0.36,0.96,0.55
6,3,6,"prevalence",0.05,"power",0.04,0.07,0.03,0.07,0.03,0.04,0.04,0.05,0.05,0.02,0.03
6,3,6,"prevalence",0.1,"power",0.04,0.05,0.06,0.03,0.03,0.06,0.04,0.01,0.04,0.02,0.04
6,3,6,"prevalence",0.15,"power",0.08,0.05,0.11,0.05,0.04,0.04,0.03,0.01,0.03,0.1,0.06
6,3,6,"prevalence",0.2,"power",0.11,0.04,0.11,0.03,0.04,0.07,0.06,0.05,0.05,0.11,0.04
6,3,6,"prevalence",0.25,"power",0.14,0.05,0.11,0.06,0.06,0.06,0.06,0.04,0.06,0.21,0.03
6,3,6,"prevalence",0.3,"power",0.18,0.04,0.14,0.05,0.05,0.04,0.02,0.03,0.02,0.18,0.03
6,3,6,"prevalence",0.35,"power",0.29,0.04,0.16,0.05,0.08,0.16,0.06,0.03,0.07,0.35,0.02
6,3,6,"prevalence",0.4,"power",0.41,0.04,0.23,0.04,0.1,0.12,0.06,0.01,0.04,0.46,0.06
6,3,6,"prevalence",0.45,"power",0.48,0.03,0.18,0.03,0.1,0.19,0.06,0.01,0.05,0.54,0.05
6,3,6,"prevalence",0.5,"power",0.67,0.07,0.37,0.04,0.18,0.29,0.07,0.07,0.06,0.79,0.07
6,3,6,"prevalence",0.55,"power",0.8,0.06,0.3,0.08,0.2,0.39,0.05,0.05,0.07,0.84,0.05
6,3,6,"prevalence",0.6,"power",0.92,0.08,0.4,0.06,0.29,0.43,0.08,0.05,0.08,0.93,0.1
6,4,3,"abundance",0.05,"power",0.06,0.07,0.03,0.05,0.02,0.09,0.03,0.03,0.04,0.04,0.03
6,4,3,"abundance",0.1,"power",0.05,0.05,0.09,0.06,0.05,0.04,0.05,0.03,0.04,0.05,0.05
6,4,3,"abundance",0.15,"power",0.03,0.06,0.07,0.06,0.06,0.04,0.03,0.05,0.06,0.04,0.07
6,4,3,"abundance",0.2,"power",0.05,0.04,0.02,0.04,0.09,0.05,0.09,0.07,0.06,0.05,0.06
6,4,3,"abundance",0.25,"power",0.03,0.07,0.03,0.06,0.07,0.03,0.09,0.07,0.08,0.04,0.08
6,4,3,"abundance",0.3,"power",0.06,0.04,0.06,0.04,0.13,0.06,0.09,0.07,0.08,0.05,0.11
6,4,3,"abundance",0.35,"power",0.03,0.08,0.02,0.04,0.15,0.05,0.07,0.06,0.06,0.04,0.14
6,4,3,"abundance",0.4,"power",0.09,0.13,0.05,0.06,0.24,0.09,0.15,0.12,0.17,0.11,0.17
6,4,3,"abundance",0.45,"power",0.06,0.2,0.06,0.16,0.33,0.1,0.22,0.15,0.2,0.05,0.32
6,4,3,"abundance",0.5,"power",0.06,0.25,0.04,0.15,0.46,0.09,0.29,0.14,0.28,0.05,0.43
6,4,3,"abundance",0.55,"power",0.03,0.24,0.03,0.13,0.6,0.06,0.27,0.15,0.31,0.01,0.44
6,4,3,"abundance",0.6,"power",0.04,0.36,0.06,0.21,0.62,0.09,0.38,0.24,0.39,0.02,0.5
6,4,3,"both",0.05,"power",0.06,0.04,0.08,0.04,0.03,0.05,0.04,0.03,0.03,0.08,0.04
6,4,3,"both",0.1,"power",0.04,0.03,0.07,0.02,0.06,0.03,0.04,0.07,0.05,0.03,0.05
6,4,3,"both",0.15,"power",0.05,0.04,0.05,0.06,0.09,0.05,0.06,0.06,0.09,0.04,0.09
6,4,3,"both",0.2,"power",0.12,0.07,0.07,0.07,0.15,0.13,0.08,0.05,0.08,0.06,0.11
6,4,3,"both",0.25,"power",0.07,0.06,0.1,0.05,0.11,0.09,0.07,0.06,0.06,0.09,0.07
6,4,3,"both",0.3,"power",0.19,0.11,0.11,0.05,0.33,0.19,0.15,0.09,0.15,0.17,0.2
6,4,3,"both",0.35,"power",0.21,0.2,0.16,0.1,0.43,0.29,0.2,0.11,0.18,0.14,0.35
6,4,3,"both",0.4,"power",0.38,0.27,0.16,0.15,0.55,0.46,0.35,0.12,0.35,0.16,0.46
6,4,3,"both",0.45,"power",0.47,0.27,0.24,0.13,0.74,0.56,0.35,0.13,0.34,0.31,0.52
6,4,3,"both",0.5,"power",0.68,0.33,0.31,0.14,0.85,0.79,0.5,0.16,0.46,0.46,0.63
6,4,3,"both",0.55,"power",0.82,0.45,0.31,0.24,0.96,0.87,0.67,0.28,0.64,0.59,0.82
6,4,3,"both",0.6,"power",0.86,0.56,0.34,0.29,0.99,0.92,0.78,0.33,0.79,0.68,0.91
6,4,3,"prevalence",0.05,"power",0.04,0.09,0.03,0.1,0.04,0.05,0.04,0.05,0.03,0.02,0.04
6,4,3,"prevalence",0.1,"power",0.07,0.07,0.11,0.08,0.06,0.05,0.04,0.05,0.05,0.05,0.06
6,4,3,"prevalence",0.15,"power",0.03,0.05,0.06,0.05,0.06,0.05,0.07,0.08,0.07,0.06,0.05
6,4,3,"prevalence",0.2,"power",0.06,0.04,0.09,0.06,0.06,0.08,0.02,0.06,0.05,0.07,0.06
6,4,3,"prevalence",0.25,"power",0.13,0.06,0.11,0.04,0.11,0.08,0.1,0.1,0.08,0.08,0.06
6,4,3,"prevalence",0.3,"power",0.18,0.04,0.15,0.05,0.05,0.17,0.06,0,0.06,0.14,0.05
6,4,3,"prevalence",0.35,"power",0.18,0.04,0.16,0.01,0.09,0.15,0.06,0.04,0.05,0.17,0.03
6,4,3,"prevalence",0.4,"power",0.27,0.05,0.17,0.03,0.06,0.13,0.04,0.06,0.05,0.18,0.06
6,4,3,"prevalence",0.45,"power",0.44,0.05,0.24,0.05,0.06,0.21,0.06,0.03,0.03,0.26,0.06
6,4,3,"prevalence",0.5,"power",0.68,0.03,0.29,0.05,0.12,0.38,0.07,0.06,0.07,0.49,0.06
6,4,3,"prevalence",0.55,"power",0.77,0.05,0.26,0.06,0.12,0.52,0.03,0.04,0.03,0.57,0.07
6,4,3,"prevalence",0.6,"power",0.83,0.05,0.37,0.05,0.12,0.48,0.04,0.03,0.05,0.69,0.08
6,5,4,"abundance",0.05,"power",0.05,0.04,0.06,0.04,0.06,0.05,0.06,0.06,0.07,0.04,0.04
6,5,4,"abundance",0.1,"power",0.06,0.02,0.03,0.04,0.02,0.03,0.04,0.03,0.04,0.03,0.03
6,5,4,"abundance",0.15,"power",0.09,0.04,0.05,0.06,0.06,0.06,0.02,0.04,0.04,0.05,0.05
6,5,4,"abundance",0.2,"power",0.05,0.05,0.06,0.06,0.1,0.06,0.08,0.1,0.08,0.07,0.04
6,5,4,"abundance",0.25,"power",0.01,0.04,0.07,0.03,0.07,0.04,0.04,0.04,0.04,0.03,0.04
6,5,4,"abundance",0.3,"power",0.03,0.08,0.04,0.06,0.1,0.06,0.09,0.05,0.08,0.04,0.07
6,5,4,"abundance",0.35,"power",0.04,0.11,0.05,0.07,0.11,0.03,0.06,0.03,0.08,0.04,0.09
6,5,4,"abundance",0.4,"power",0.04,0.15,0.04,0.14,0.16,0.06,0.15,0.11,0.13,0.04,0.12
6,5,4,"abundance",0.45,"power",0.02,0.11,0.01,0.12,0.17,0.04,0.15,0.09,0.14,0.03,0.13
6,5,4,"abundance",0.5,"power",0.04,0.25,0.02,0.17,0.26,0.08,0.23,0.21,0.21,0.03,0.27
6,5,4,"abundance",0.55,"power",0.06,0.25,0.05,0.22,0.33,0.06,0.23,0.13,0.21,0.07,0.25
6,5,4,"abundance",0.6,"power",0.04,0.37,0.05,0.28,0.51,0.07,0.26,0.25,0.25,0.04,0.44
6,5,4,"both",0.05,"power",0.04,0.05,0.07,0.02,0.03,0.05,0.06,0.05,0.06,0.04,0.04
6,5,4,"both",0.1,"power",0.1,0.04,0.08,0.05,0.12,0.11,0.07,0.03,0.07,0.06,0.08
6,5,4,"both",0.15,"power",0.07,0.11,0.08,0.08,0.08,0.08,0.08,0.08,0.08,0.09,0.08
6,5,4,"both",0.2,"power",0.05,0.11,0.07,0.07,0.1,0.08,0.13,0.12,0.12,0.07,0.09
6,5,4,"both",0.25,"power",0.18,0.08,0.11,0.06,0.17,0.22,0.12,0.06,0.13,0.15,0.1
6,5,4,"both",0.3,"power",0.09,0.12,0.18,0.09,0.16,0.1,0.12,0.08,0.13,0.12,0.12
6,5,4,"both",0.35,"power",0.16,0.23,0.12,0.2,0.26,0.19,0.15,0.09,0.15,0.15,0.22
6,5,4,"both",0.4,"power",0.37,0.19,0.14,0.17,0.44,0.45,0.3,0.16,0.28,0.31,0.26
6,5,4,"both",0.45,"power",0.41,0.26,0.16,0.22,0.64,0.49,0.34,0.11,0.32,0.38,0.35
6,5,4,"both",0.5,"power",0.57,0.33,0.2,0.27,0.7,0.65,0.34,0.12,0.31,0.5,0.43
6,5,4,"both",0.55,"power",0.64,0.39,0.31,0.35,0.95,0.81,0.55,0.25,0.55,0.64,0.61
6,5,4,"both",0.6,"power",0.79,0.53,0.32,0.41,0.96,0.88,0.65,0.28,0.62,0.71,0.71
6,5,4,"prevalence",0.05,"power",0.06,0.09,0.07,0.08,0.05,0.06,0.07,0.05,0.06,0.08,0.06
6,5,4,"prevalence",0.1,"power",0.05,0.06,0.01,0.05,0.05,0.05,0.04,0.02,0.03,0.06,0.08
6,5,4,"prevalence",0.15,"power",0.13,0.06,0.08,0.05,0.05,0.07,0.05,0.06,0.06,0.11,0.04
6,5,4,"prevalence",0.2,"power",0.12,0.07,0.08,0.03,0.06,0.07,0.04,0.05,0.04,0.08,0.05
6,5,4,"prevalence",0.25,"power",0.1,0.04,0.07,0.04,0.06,0.06,0.06,0.05,0.04,0.07,0.02
6,5,4,"prevalence",0.3,"power",0.14,0.03,0.12,0.04,0.1,0.09,0.06,0.05,0.05,0.11,0.05
6,5,4,"prevalence",0.35,"power",0.23,0.04,0.15,0.02,0.04,0.1,0.03,0.05,0.02,0.19,0.04
6,5,4,"prevalence",0.4,"power",0.32,0.04,0.11,0.05,0.07,0.13,0.04,0.04,0.05,0.26,0.04
6,5,4,"prevalence",0.45,"power",0.44,0.09,0.24,0.07,0.19,0.27,0.07,0.06,0.06,0.33,0.1
6,5,4,"prevalence",0.5,"power",0.55,0.11,0.2,0.09,0.11,0.3,0.08,0.05,0.08,0.46,0.08
6,5,4,"prevalence",0.55,"power",0.73,0.1,0.22,0.11,0.13,0.44,0.07,0.05,0.08,0.63,0.11
6,5,4,"prevalence",0.6,"power",0.8,0.03,0.29,0.04,0.21,0.5,0.03,0.05,0.02,0.76,0.04
6,6,5,"abundance",0.05,"power",0.04,0.07,0.03,0.07,0.07,0.04,0.09,0.1,0.08,0.02,0.08
6,6,5,"abundance",0.1,"power",0.02,0.04,0.03,0.07,0.01,0.04,0.02,0.02,0.02,0.03,0.03
6,6,5,"abundance",0.15,"power",0.06,0.03,0.03,0.05,0.07,0.05,0.03,0.05,0.03,0.13,0.05
6,6,5,"abundance",0.2,"power",0.08,0.12,0.06,0.12,0.13,0.08,0.1,0.06,0.09,0.06,0.14
6,6,5,"abundance",0.25,"power",0.05,0.06,0.01,0.05,0.08,0.02,0.07,0.04,0.08,0.06,0.06
6,6,5,"abundance",0.3,"power",0.01,0.06,0.05,0.09,0.07,0.01,0.1,0.03,0.11,0.02,0.07
6,6,5,"abundance",0.35,"power",0.09,0.14,0.05,0.1,0.19,0.05,0.14,0.06,0.12,0.02,0.16
6,6,5,"abundance",0.4,"power",0.08,0.09,0.04,0.08,0.13,0.05,0.06,0.03,0.06,0.04,0.12
6,6,5,"abundance",0.45,"power",0,0.14,0.06,0.15,0.25,0.04,0.16,0.07,0.18,0.02,0.18
6,6,5,"abundance",0.5,"power",0.05,0.21,0.04,0.19,0.33,0.08,0.26,0.13,0.21,0.03,0.24
6,6,5,"abundance",0.55,"power",0.03,0.21,0.03,0.21,0.36,0.05,0.29,0.19,0.29,0.05,0.29
6,6,5,"abundance",0.6,"power",0.06,0.21,0.02,0.19,0.43,0.1,0.36,0.17,0.32,0.05,0.33
6,6,5,"both",0.05,"power",0.07,0.02,0.04,0.05,0.04,0.06,0.04,0.02,0.04,0.07,0.03
6,6,5,"both",0.1,"power",0.07,0.08,0.05,0.08,0.09,0.05,0.05,0.06,0.06,0.04,0.08
6,6,5,"both",0.15,"power",0.01,0.1,0.04,0.11,0.08,0.05,0.06,0.03,0.05,0.04,0.1
6,6,5,"both",0.2,"power",0.08,0.04,0.06,0.06,0.07,0.06,0.02,0,0.02,0.08,0.05
6,6,5,"both",0.25,"power",0.06,0.08,0.1,0.08,0.14,0.07,0.11,0.11,0.12,0.07,0.1
6,6,5,"both",0.3,"power",0.22,0.11,0.11,0.1,0.23,0.21,0.13,0.02,0.12,0.2,0.16
6,6,5,"both",0.35,"power",0.2,0.1,0.09,0.15,0.33,0.31,0.22,0.14,0.21,0.18,0.17
6,6,5,"both",0.4,"power",0.28,0.26,0.13,0.26,0.41,0.37,0.23,0.1,0.23,0.26,0.34
6,6,5,"both",0.45,"power",0.26,0.2,0.2,0.21,0.41,0.46,0.19,0.09,0.21,0.28,0.24
6,6,5,"both",0.5,"power",0.4,0.19,0.2,0.22,0.64,0.63,0.4,0.1,0.37,0.41,0.38
6,6,5,"both",0.55,"power",0.53,0.28,0.17,0.24,0.77,0.76,0.42,0.17,0.41,0.48,0.41
6,6,5,"both",0.6,"power",0.69,0.4,0.18,0.38,0.94,0.9,0.64,0.18,0.59,0.62,0.64
6,6,5,"prevalence",0.05,"power",0.04,0.01,0.02,0.03,0.05,0.06,0.08,0.07,0.08,0.05,0.04
6,6,5,"prevalence",0.1,"power",0.08,0.03,0.06,0.02,0.07,0.08,0.03,0.02,0.03,0.09,0.06
6,6,5,"prevalence",0.15,"power",0.04,0.06,0.05,0.08,0.02,0.07,0.03,0.04,0.04,0.05,0.03
6,6,5,"prevalence",0.2,"power",0.11,0.04,0.07,0.02,0.04,0.06,0.05,0.03,0.05,0.08,0.05
6,6,5,"prevalence",0.25,"power",0.12,0.06,0.09,0.05,0.07,0.11,0.07,0.04,0.04,0.15,0.04
6,6,5,"prevalence",0.3,"power",0.12,0.03,0.07,0.04,0.06,0.07,0.06,0.02,0.03,0.1,0.04
6,6,5,"prevalence",0.35,"power",0.2,0.06,0.11,0.07,0.07,0.11,0.07,0.03,0.07,0.19,0.06
6,6,5,"prevalence",0.4,"power",0.3,0.07,0.17,0.04,0.07,0.18,0.08,0.07,0.07,0.26,0.06
6,6,5,"prevalence",0.45,"power",0.33,0.04,0.17,0.04,0.06,0.23,0.05,0.04,0.05,0.27,0.06
6,6,5,"prevalence",0.5,"power",0.38,0.09,0.19,0.06,0.11,0.27,0.08,0.04,0.06,0.37,0.06
6,6,5,"prevalence",0.55,"power",0.51,0,0.18,0,0.01,0.31,0.01,0.03,0.01,0.5,0
6,6,5,"prevalence",0.6,"power",0.71,0.05,0.25,0.04,0.17,0.37,0.05,0.07,0.06,0.63,0.06
8,1,4,"abundance",0.05,"power",0.04,0.06,0.05,0.06,0.06,0.04,0.04,0.11,0.07,0.05,0.05
8,1,4,"abundance",0.1,"power",0.03,0.07,0.01,0.06,0.02,0.02,0.02,0.04,0.02,0,0.08
8,1,4,"abundance",0.15,"power",0.05,0.07,0.04,0.05,0.06,0.04,0.08,0.08,0.11,0.05,0.03
8,1,4,"abundance",0.2,"power",0.09,0.06,0.06,0.07,0.04,0.1,0.09,0.07,0.09,0.06,0.06
8,1,4,"abundance",0.25,"power",0.05,0.15,0.07,0.09,0.12,0.05,0.1,0.08,0.1,0.09,0.15
8,1,4,"abundance",0.3,"power",0.02,0.1,0.07,0.13,0.14,0.02,0.06,0.06,0.06,0.02,0.12
8,1,4,"abundance",0.35,"power",0.04,0.14,0.04,0.14,0.21,0.05,0.14,0.11,0.16,0.03,0.19
8,1,4,"abundance",0.4,"power",0.04,0.08,0.04,0.07,0.2,0.03,0.11,0.07,0.11,0.04,0.16
8,1,4,"abundance",0.45,"power",0.07,0.13,0.05,0.11,0.22,0.09,0.13,0.08,0.13,0.05,0.18
8,1,4,"abundance",0.5,"power",0.03,0.17,0.06,0.13,0.27,0.06,0.17,0.1,0.18,0.04,0.24
8,1,4,"abundance",0.55,"power",0.05,0.19,0.07,0.2,0.39,0.03,0.23,0.07,0.21,0.03,0.36
8,1,4,"abundance",0.6,"power",0.02,0.32,0.06,0.22,0.52,0.05,0.29,0.17,0.28,0.01,0.45
8,1,4,"both",0.05,"power",0.05,0.08,0.03,0.07,0.1,0.06,0.09,0.09,0.08,0.05,0.08
8,1,4,"both",0.1,"power",0.06,0.1,0.06,0.08,0.05,0.05,0.06,0.03,0.06,0.04,0.05
8,1,4,"both",0.15,"power",0.03,0.05,0.05,0.05,0.06,0.08,0.06,0.07,0.05,0.05,0.05
8,1,4,"both",0.2,"power",0.11,0.09,0.09,0.11,0.15,0.09,0.09,0.09,0.09,0.08,0.12
8,1,4,"both",0.25,"power",0.13,0.04,0.1,0.04,0.16,0.09,0.06,0.06,0.05,0.08,0.06
8,1,4,"both",0.3,"power",0.13,0.1,0.09,0.08,0.25,0.17,0.14,0.05,0.14,0.12,0.18
8,1,4,"both",0.35,"power",0.13,0.12,0.06,0.11,0.34,0.18,0.15,0.11,0.12,0.07,0.26
8,1,4,"both",0.4,"power",0.28,0.25,0.08,0.18,0.5,0.25,0.19,0.12,0.19,0.18,0.35
8,1,4,"both",0.45,"power",0.38,0.27,0.11,0.2,0.72,0.48,0.26,0.11,0.26,0.2,0.56
8,1,4,"both",0.5,"power",0.5,0.41,0.14,0.33,0.86,0.64,0.38,0.17,0.39,0.31,0.69
8,1,4,"both",0.55,"power",0.59,0.45,0.16,0.35,0.9,0.7,0.4,0.2,0.4,0.31,0.68
8,1,4,"both",0.6,"power",0.74,0.57,0.28,0.41,0.98,0.83,0.6,0.22,0.55,0.46,0.88
8,1,4,"prevalence",0.05,"power",0.01,0.05,0.04,0.05,0.03,0.03,0.04,0.07,0.03,0.02,0.04
8,1,4,"prevalence",0.1,"power",0.07,0.06,0.07,0.05,0.07,0.05,0.07,0.07,0.07,0.06,0.06
8,1,4,"prevalence",0.15,"power",0.09,0.07,0.1,0.04,0.04,0.03,0.05,0.06,0.04,0.06,0.07
8,1,4,"prevalence",0.2,"power",0.09,0.09,0.01,0.11,0.08,0.06,0.05,0.08,0.07,0.11,0.08
8,1,4,"prevalence",0.25,"power",0.17,0.05,0.08,0.04,0.06,0.11,0.06,0.05,0.05,0.09,0.07
8,1,4,"prevalence",0.3,"power",0.14,0.01,0.1,0,0.05,0.08,0.02,0.03,0.02,0.1,0.01
8,1,4,"prevalence",0.35,"power",0.18,0.08,0.12,0.09,0.1,0.11,0.08,0.04,0.09,0.09,0.09
8,1,4,"prevalence",0.4,"power",0.28,0.04,0.06,0.03,0.05,0.22,0.06,0.04,0.07,0.17,0.05
8,1,4,"prevalence",0.45,"power",0.45,0.05,0.12,0.04,0.07,0.18,0.05,0.06,0.05,0.23,0.08
8,1,4,"prevalence",0.5,"power",0.4,0.12,0.13,0.08,0.14,0.21,0.06,0.07,0.05,0.24,0.13
8,1,4,"prevalence",0.55,"power",0.65,0.1,0.13,0.09,0.22,0.41,0.1,0.05,0.08,0.42,0.13
8,1,4,"prevalence",0.6,"power",0.78,0.1,0.19,0.1,0.12,0.44,0.11,0.1,0.1,0.55,0.07
8,2,1,"abundance",0.05,"power",0.06,0.02,0.08,0.02,0.02,0.04,0.03,0.05,0.03,0.05,0.03
8,2,1,"abundance",0.1,"power",0.04,0.06,0.06,0.06,0.08,0.07,0.05,0.04,0.04,0.03,0.08
8,2,1,"abundance",0.15,"power",0.04,0.05,0.05,0.07,0.07,0.05,0.12,0.11,0.12,0.08,0.04
8,2,1,"abundance",0.2,"power",0.01,0.19,0.04,0.18,0.11,0.04,0.09,0.1,0.08,0.03,0.18
8,2,1,"abundance",0.25,"power",0.06,0.17,0.04,0.23,0.13,0.07,0.14,0.1,0.13,0.09,0.16
8,2,1,"abundance",0.3,"power",0.09,0.35,0.07,0.36,0.3,0.08,0.16,0.11,0.16,0.08,0.32
8,2,1,"abundance",0.35,"power",0.04,0.33,0.08,0.37,0.3,0.04,0.2,0.12,0.24,0.07,0.33
8,2,1,"abundance",0.4,"power",0.03,0.48,0.01,0.43,0.38,0.06,0.26,0.21,0.25,0.03,0.49
8,2,1,"abundance",0.45,"power",0.01,0.56,0.05,0.6,0.56,0.1,0.35,0.21,0.35,0.04,0.62
8,2,1,"abundance",0.5,"power",0.05,0.75,0.04,0.75,0.67,0.08,0.43,0.27,0.43,0.06,0.74
8,2,1,"abundance",0.55,"power",0.06,0.74,0.07,0.73,0.72,0.13,0.6,0.37,0.6,0.1,0.75
8,2,1,"abundance",0.6,"power",0.03,0.83,0.03,0.85,0.82,0.1,0.7,0.48,0.67,0.04,0.9
8,2,1,"both",0.05,"power",0.09,0.08,0.06,0.08,0.09,0.05,0.06,0.06,0.06,0.04,0.08
8,2,1,"both",0.1,"power",0.07,0.09,0.06,0.06,0.06,0.05,0.05,0.06,0.06,0.09,0.1
8,2,1,"both",0.15,"power",0.08,0.13,0.04,0.15,0.1,0.1,0.14,0.13,0.13,0.07,0.14
8,2,1,"both",0.2,"power",0.09,0.2,0.04,0.24,0.24,0.11,0.09,0.08,0.09,0.07,0.27
8,2,1,"both",0.25,"power",0.07,0.34,0.06,0.35,0.27,0.13,0.14,0.09,0.14,0.06,0.34
8,2,1,"both",0.3,"power",0.19,0.36,0.07,0.37,0.38,0.29,0.19,0.09,0.2,0.14,0.41
8,2,1,"both",0.35,"power",0.17,0.55,0.15,0.57,0.52,0.28,0.24,0.19,0.23,0.1,0.51
8,2,1,"both",0.4,"power",0.32,0.67,0.12,0.67,0.69,0.44,0.39,0.19,0.38,0.21,0.71
8,2,1,"both",0.45,"power",0.33,0.72,0.19,0.73,0.82,0.54,0.61,0.21,0.59,0.2,0.79
8,2,1,"both",0.5,"power",0.44,0.88,0.18,0.91,0.95,0.62,0.69,0.38,0.69,0.2,0.93
8,2,1,"both",0.55,"power",0.6,0.95,0.26,0.95,0.97,0.89,0.77,0.38,0.77,0.36,0.97
8,2,1,"both",0.6,"power",0.73,0.92,0.31,0.92,0.97,0.92,0.89,0.51,0.88,0.39,0.96
8,2,1,"prevalence",0.05,"power",0.02,0.03,0.02,0.05,0.04,0.04,0.04,0.03,0.04,0.02,0.03
8,2,1,"prevalence",0.1,"power",0.05,0.07,0.04,0.06,0.06,0.06,0.07,0.06,0.06,0.06,0.06
8,2,1,"prevalence",0.15,"power",0.02,0.02,0.04,0,0.06,0.02,0.05,0.03,0.05,0.04,0.02
8,2,1,"prevalence",0.2,"power",0.06,0.06,0.07,0.05,0.04,0.05,0.05,0.02,0.04,0.04,0.04
8,2,1,"prevalence",0.25,"power",0.15,0.06,0.09,0.07,0.1,0.13,0.06,0.05,0.05,0.11,0.05
8,2,1,"prevalence",0.3,"power",0.08,0.07,0.03,0.08,0.06,0.09,0.05,0.04,0.05,0.04,0.08
8,2,1,"prevalence",0.35,"power",0.21,0.05,0.13,0.04,0.07,0.18,0.07,0.03,0.07,0.17,0.07
8,2,1,"prevalence",0.4,"power",0.24,0.04,0.15,0.06,0.06,0.15,0.04,0.03,0.03,0.16,0.05
8,2,1,"prevalence",0.45,"power",0.32,0.08,0.13,0.07,0.1,0.23,0.06,0.07,0.06,0.23,0.11
8,2,1,"prevalence",0.5,"power",0.51,0.04,0.18,0.05,0.15,0.35,0.09,0.08,0.09,0.37,0.09
8,2,1,"prevalence",0.55,"power",0.61,0.09,0.21,0.11,0.09,0.36,0.1,0.1,0.12,0.3,0.09
8,2,1,"prevalence",0.6,"power",0.8,0.06,0.3,0.06,0.1,0.56,0.09,0.04,0.08,0.49,0.05
8,3,8,"abundance",0.05,"power",0.06,0.07,0.05,0.04,0.06,0.06,0.06,0.06,0.04,0.05,0.07
8,3,8,"abundance",0.1,"power",0.08,0.04,0.09,0.03,0.06,0.05,0.05,0.05,0.05,0.06,0.04
8,3,8,"abundance",0.15,"power",0.03,0.07,0.05,0.04,0.06,0.04,0.08,0.09,0.06,0.04,0.07
8,3,8,"abundance",0.2,"power",0.1,0.02,0.07,0.03,0.04,0.1,0.02,0.03,0.02,0.11,0.03
8,3,8,"abundance",0.25,"power",0.09,0.03,0.04,0.07,0.05,0.08,0.04,0.04,0.03,0.05,0.05
8,3,8,"abundance",0.3,"power",0.03,0.04,0.05,0.04,0.02,0.03,0.02,0.05,0.02,0.02,0.04
8,3,8,"abundance",0.35,"power",0.09,0.04,0.05,0.07,0.08,0.04,0.05,0.08,0.05,0.12,0.04
8,3,8,"abundance",0.4,"power",0.07,0.06,0.04,0.07,0.07,0.1,0.06,0.09,0.07,0.05,0.05
8,3,8,"abundance",0.45,"power",0.04,0.1,0.02,0.08,0.07,0.03,0.04,0.03,0.05,0.03,0.1
8,3,8,"abundance",0.5,"power",0.03,0.09,0.05,0.09,0.09,0.06,0.07,0.05,0.07,0.03,0.11
8,3,8,"abundance",0.55,"power",0.06,0.07,0.02,0.08,0.13,0.05,0.1,0.07,0.1,0.07,0.11
8,3,8,"abundance",0.6,"power",0.07,0.08,0.05,0.06,0.17,0.09,0.12,0.06,0.12,0.07,0.13
8,3,8,"both",0.05,"power",0.05,0.06,0,0.08,0.05,0.03,0.03,0.06,0.02,0.03,0.03
8,3,8,"both",0.1,"power",0.03,0.08,0.02,0.07,0.03,0.05,0.05,0.05,0.06,0.04,0.06
8,3,8,"both",0.15,"power",0.06,0.06,0.06,0.04,0.06,0.06,0.06,0.06,0.05,0.05,0.04
8,3,8,"both",0.2,"power",0.08,0.04,0.12,0.04,0.1,0.07,0.07,0.04,0.07,0.09,0.06
8,3,8,"both",0.25,"power",0.07,0.05,0.12,0.03,0.07,0.03,0.06,0.02,0.05,0.16,0.06
8,3,8,"both",0.3,"power",0.16,0.08,0.11,0.07,0.16,0.14,0.09,0.06,0.11,0.19,0.12
8,3,8,"both",0.35,"power",0.1,0.04,0.14,0.04,0.12,0.15,0.07,0.03,0.06,0.19,0.06
8,3,8,"both",0.4,"power",0.17,0.05,0.13,0.04,0.21,0.15,0.06,0.08,0.09,0.38,0.09
8,3,8,"both",0.45,"power",0.34,0.09,0.1,0.08,0.31,0.31,0.1,0.06,0.08,0.59,0.13
8,3,8,"both",0.5,"power",0.35,0.08,0.11,0.07,0.36,0.32,0.08,0.08,0.08,0.52,0.15
8,3,8,"both",0.55,"power",0.4,0.05,0.18,0.06,0.53,0.42,0.06,0.03,0.05,0.72,0.11
8,3,8,"both",0.6,"power",0.51,0.06,0.24,0.04,0.67,0.53,0.14,0.02,0.13,0.89,0.18
8,3,8,"prevalence",0.05,"power",0.04,0.06,0.04,0.05,0.04,0.04,0.02,0.05,0.02,0.1,0.05
8,3,8,"prevalence",0.1,"power",0.02,0.02,0.06,0.03,0.01,0.02,0,0.01,0,0.05,0.03
8,3,8,"prevalence",0.15,"power",0.06,0.03,0.05,0.01,0.04,0.06,0.07,0.04,0.07,0.08,0.06
8,3,8,"prevalence",0.2,"power",0.07,0.04,0.08,0.04,0.04,0.04,0.03,0.07,0.06,0.13,0.04
8,3,8,"prevalence",0.25,"power",0.08,0.07,0.03,0.1,0.09,0.07,0.07,0.08,0.08,0.15,0.09
8,3,8,"prevalence",0.3,"power",0.14,0.07,0.08,0.1,0.06,0.08,0.04,0.06,0.03,0.19,0.05
8,3,8,"prevalence",0.35,"power",0.2,0.05,0.12,0.04,0.1,0.1,0.05,0.08,0.05,0.3,0.06
8,3,8,"prevalence",0.4,"power",0.19,0.07,0.11,0.06,0.09,0.09,0.09,0.03,0.07,0.37,0.06
8,3,8,"prevalence",0.45,"power",0.23,0.02,0.07,0.04,0.08,0.16,0.03,0.02,0.06,0.44,0.04
8,3,8,"prevalence",0.5,"power",0.42,0.04,0.08,0.03,0.1,0.23,0.03,0.02,0.03,0.66,0.04
8,3,8,"prevalence",0.55,"power",0.45,0.03,0.21,0.03,0.1,0.19,0.05,0.08,0.07,0.72,0.03
8,3,8,"prevalence",0.6,"power",0.47,0.04,0.16,0.05,0.08,0.19,0.03,0.04,0.02,0.81,0.02
8,4,3,"abundance",0.05,"power",0.03,0.07,0.02,0.07,0.04,0.02,0.06,0.08,0.05,0.04,0.05
8,4,3,"abundance",0.1,"power",0.04,0.06,0.06,0.05,0.1,0.05,0.07,0.03,0.06,0.02,0.07
8,4,3,"abundance",0.15,"power",0.04,0.03,0.05,0.04,0.03,0.06,0.09,0.08,0.08,0.06,0.05
8,4,3,"abundance",0.2,"power",0.03,0.06,0.05,0.05,0.09,0.06,0.06,0.03,0.05,0.03,0.07
8,4,3,"abundance",0.25,"power",0.07,0.12,0.05,0.1,0.11,0.07,0.12,0.06,0.11,0.04,0.11
8,4,3,"abundance",0.3,"power",0.06,0.11,0.07,0.09,0.13,0.04,0.09,0.06,0.07,0.07,0.14
8,4,3,"abundance",0.35,"power",0.02,0.09,0.04,0.1,0.23,0.03,0.19,0.1,0.2,0.03,0.23
8,4,3,"abundance",0.4,"power",0.05,0.2,0.04,0.11,0.22,0.05,0.15,0.12,0.16,0.04,0.25
8,4,3,"abundance",0.45,"power",0.07,0.15,0.05,0.13,0.3,0.07,0.16,0.13,0.18,0.03,0.3
8,4,3,"abundance",0.5,"power",0.04,0.21,0.06,0.07,0.35,0.07,0.21,0.15,0.19,0.07,0.34
8,4,3,"abundance",0.55,"power",0.07,0.24,0.07,0.18,0.45,0.1,0.26,0.14,0.27,0.06,0.35
8,4,3,"abundance",0.6,"power",0.02,0.23,0.05,0.14,0.45,0.04,0.31,0.23,0.29,0.02,0.45
8,4,3,"both",0.05,"power",0.07,0.05,0.09,0.04,0.06,0.05,0.04,0.05,0.04,0.04,0.04
8,4,3,"both",0.1,"power",0.05,0.05,0.05,0.03,0.04,0.02,0.03,0.07,0.04,0.02,0.06
8,4,3,"both",0.15,"power",0.06,0.07,0.04,0.07,0.11,0.06,0.09,0.05,0.09,0.04,0.09
8,4,3,"both",0.2,"power",0.11,0.06,0.04,0.06,0.14,0.11,0.07,0.03,0.08,0.05,0.1
8,4,3,"both",0.25,"power",0.06,0.08,0.1,0.05,0.17,0.08,0.11,0.06,0.1,0.05,0.17
8,4,3,"both",0.3,"power",0.12,0.07,0.11,0.06,0.24,0.13,0.11,0.07,0.12,0.14,0.14
8,4,3,"both",0.35,"power",0.19,0.2,0.12,0.09,0.33,0.19,0.1,0.09,0.11,0.13,0.29
8,4,3,"both",0.4,"power",0.25,0.15,0.15,0.08,0.44,0.25,0.17,0.12,0.17,0.16,0.39
8,4,3,"both",0.45,"power",0.36,0.41,0.23,0.24,0.65,0.46,0.4,0.29,0.38,0.19,0.6
8,4,3,"both",0.5,"power",0.34,0.31,0.19,0.18,0.75,0.47,0.36,0.13,0.38,0.23,0.6
8,4,3,"both",0.55,"power",0.49,0.49,0.24,0.33,0.88,0.73,0.56,0.27,0.56,0.28,0.77
8,4,3,"both",0.6,"power",0.64,0.54,0.2,0.39,0.96,0.81,0.62,0.29,0.62,0.33,0.86
8,4,3,"prevalence",0.05,"power",0.02,0.05,0.02,0.05,0.03,0.03,0.08,0.06,0.07,0.02,0.05
8,4,3,"prevalence",0.1,"power",0.02,0.05,0.04,0.05,0.08,0.04,0.08,0.03,0.07,0.04,0.08
8,4,3,"prevalence",0.15,"power",0.07,0.07,0.06,0.07,0.06,0.08,0.05,0.07,0.04,0.08,0.08
8,4,3,"prevalence",0.2,"power",0.16,0.07,0.08,0.05,0.09,0.08,0.04,0.05,0.03,0.11,0.07
8,4,3,"prevalence",0.25,"power",0.06,0.03,0.07,0.05,0.01,0.02,0.02,0.01,0.03,0.05,0.03
8,4,3,"prevalence",0.3,"power",0.15,0.08,0.09,0.1,0.05,0.09,0.02,0.04,0.02,0.09,0.08
8,4,3,"prevalence",0.35,"power",0.17,0.05,0.12,0.06,0.06,0.11,0.03,0.03,0.03,0.08,0.07
8,4,3,"prevalence",0.4,"power",0.11,0.05,0.08,0.03,0.08,0.12,0.08,0.06,0.07,0.06,0.08
8,4,3,"prevalence",0.45,"power",0.29,0.04,0.19,0.06,0.07,0.12,0.04,0.03,0.03,0.16,0.03
8,4,3,"prevalence",0.5,"power",0.43,0.03,0.19,0.03,0.06,0.19,0.03,0.04,0.03,0.31,0.04
8,4,3,"prevalence",0.55,"power",0.6,0.02,0.23,0.02,0.15,0.3,0.06,0.04,0.05,0.33,0.07
8,4,3,"prevalence",0.6,"power",0.67,0.05,0.27,0.03,0.1,0.39,0.12,0.07,0.1,0.41,0.06
8,5,7,"abundance",0.05,"power",0.04,0.06,0.03,0.03,0.06,0.05,0.02,0.04,0.02,0.07,0.06
8,5,7,"abundance",0.1,"power",0.05,0.04,0.03,0.04,0.04,0.05,0.03,0.04,0.03,0.09,0.04
8,5,7,"abundance",0.15,"power",0.07,0.05,0.07,0.06,0.1,0.1,0.07,0.03,0.07,0.06,0.06
8,5,7,"abundance",0.2,"power",0.06,0.03,0.05,0.02,0.06,0.02,0.04,0.04,0.04,0.04,0.04
8,5,7,"abundance",0.25,"power",0.07,0.04,0.03,0.04,0.05,0.08,0.06,0.05,0.06,0.05,0.03
8,5,7,"abundance",0.3,"power",0.04,0.06,0.04,0.04,0.1,0.06,0.08,0.09,0.09,0.03,0.07
8,5,7,"abundance",0.35,"power",0.01,0.06,0.02,0.05,0.1,0.03,0.07,0.06,0.05,0.02,0.07
8,5,7,"abundance",0.4,"power",0.03,0.05,0.06,0.02,0.07,0.05,0.02,0.02,0.01,0.03,0.03
8,5,7,"abundance",0.45,"power",0.03,0.09,0.07,0.09,0.12,0.02,0.07,0.05,0.07,0.05,0.09
8,5,7,"abundance",0.5,"power",0.05,0.09,0.06,0.06,0.17,0.08,0.08,0.07,0.1,0.03,0.1
8,5,7,"abundance",0.55,"power",0.03,0.03,0.04,0.06,0.14,0.03,0.03,0.01,0.04,0.02,0.04
8,5,7,"abundance",0.6,"power",0.03,0.06,0.06,0.07,0.17,0.06,0.15,0.06,0.11,0.03,0.1
8,5,7,"both",0.05,"power",0.05,0.04,0.07,0.06,0.02,0.04,0.04,0.05,0.04,0.04,0.03
8,5,7,"both",0.1,"power",0.06,0.04,0.07,0.02,0.05,0.04,0.04,0.04,0.04,0.09,0.05
8,5,7,"both",0.15,"power",0.08,0.03,0.06,0.05,0.06,0.09,0.04,0.03,0.04,0.11,0.04
8,5,7,"both",0.2,"power",0.04,0.08,0.05,0.06,0.05,0.03,0.03,0.07,0.03,0.02,0.05
8,5,7,"both",0.25,"power",0.08,0.09,0.08,0.13,0.1,0.05,0.1,0.07,0.1,0.07,0.08
8,5,7,"both",0.3,"power",0.13,0.06,0.05,0.08,0.08,0.09,0.05,0.02,0.05,0.09,0.06
8,5,7,"both",0.35,"power",0.15,0.05,0.13,0.04,0.12,0.11,0.06,0.08,0.05,0.13,0.03
8,5,7,"both",0.4,"power",0.22,0.04,0.08,0.07,0.16,0.2,0.06,0.04,0.04,0.19,0.08
8,5,7,"both",0.45,"power",0.26,0.04,0.1,0.04,0.29,0.26,0.12,0.06,0.12,0.19,0.11
8,5,7,"both",0.5,"power",0.46,0.07,0.2,0.08,0.32,0.41,0.06,0.05,0.06,0.27,0.13
8,5,7,"both",0.55,"power",0.6,0.11,0.21,0.11,0.57,0.6,0.12,0.03,0.12,0.4,0.19
8,5,7,"both",0.6,"power",0.77,0.09,0.25,0.12,0.74,0.66,0.26,0.07,0.26,0.62,0.25
8,5,7,"prevalence",0.05,"power",0.07,0.07,0.03,0.05,0.04,0.07,0.03,0.08,0.04,0.04,0.07
8,5,7,"prevalence",0.1,"power",0.04,0.02,0.02,0.01,0.03,0.06,0.06,0.03,0.06,0.05,0.02
8,5,7,"prevalence",0.15,"power",0.04,0.03,0.04,0.05,0.05,0.01,0.04,0.05,0.04,0.05,0.05
8,5,7,"prevalence",0.2,"power",0.1,0.03,0.09,0.06,0.04,0.07,0.05,0.06,0.05,0.09,0.02
8,5,7,"prevalence",0.25,"power",0.14,0.06,0.15,0.03,0.03,0.07,0.04,0.07,0.04,0.06,0.06
8,5,7,"prevalence",0.3,"power",0.09,0.06,0.11,0.04,0.05,0.08,0.02,0.03,0.02,0.08,0.04
8,5,7,"prevalence",0.35,"power",0.18,0.04,0.06,0.05,0.07,0.15,0.06,0.03,0.05,0.13,0.07
8,5,7,"prevalence",0.4,"power",0.32,0.09,0.11,0.06,0.13,0.15,0.12,0.11,0.13,0.22,0.11
8,5,7,"prevalence",0.45,"power",0.25,0.13,0.18,0.12,0.12,0.12,0.05,0.02,0.05,0.21,0.11
8,5,7,"prevalence",0.5,"power",0.54,0.08,0.16,0.05,0.11,0.19,0.08,0.07,0.09,0.36,0.08
8,5,7,"prevalence",0.55,"power",0.58,0.04,0.16,0.03,0.06,0.19,0.06,0.06,0.07,0.41,0.05
8,5,7,"prevalence",0.6,"power",0.75,0.1,0.22,0.06,0.11,0.26,0.07,0.06,0.09,0.53,0.09
8,6,5,"abundance",0.05,"power",0.07,0.05,0.08,0.04,0.05,0.07,0.05,0.05,0.04,0.06,0.05
8,6,5,"abundance",0.1,"power",0.05,0.04,0.1,0.04,0.04,0.05,0.02,0.04,0.02,0.07,0.02
8,6,5,"abundance",0.15,"power",0.05,0.08,0.03,0.08,0.06,0.06,0.08,0.06,0.08,0.04,0.07
8,6,5,"abundance",0.2,"power",0.07,0.08,0.02,0.09,0.09,0.1,0.09,0.08,0.08,0.07,0.06
8,6,5,"abundance",0.25,"power",0.06,0.09,0.02,0.09,0.11,0.06,0.08,0.09,0.08,0.05,0.07
8,6,5,"abundance",0.3,"power",0.09,0.06,0.04,0.06,0.12,0.07,0.11,0.04,0.1,0.07,0.08
8,6,5,"abundance",0.35,"power",0.05,0.1,0.07,0.11,0.09,0.04,0.04,0.07,0.06,0.09,0.11
8,6,5,"abundance",0.4,"power",0.05,0.14,0.05,0.08,0.17,0.04,0.18,0.15,0.19,0.05,0.2
8,6,5,"abundance",0.45,"power",0.04,0.14,0.05,0.13,0.2,0.06,0.24,0.13,0.23,0.02,0.16
8,6,5,"abundance",0.5,"power",0.05,0.19,0.07,0.14,0.26,0.04,0.19,0.15,0.22,0.05,0.24
8,6,5,"abundance",0.55,"power",0.08,0.21,0.05,0.13,0.33,0.09,0.27,0.15,0.26,0.05,0.25
8,6,5,"abundance",0.6,"power",0.07,0.15,0.05,0.16,0.34,0.08,0.27,0.11,0.27,0.08,0.25
8,6,5,"both",0.05,"power",0.03,0.02,0.05,0.02,0.05,0.04,0.04,0.05,0.03,0.07,0.05
8,6,5,"both",0.1,"power",0.08,0.08,0.09,0.05,0.07,0.09,0.08,0.08,0.08,0.08,0.05
8,6,5,"both",0.15,"power",0.01,0.09,0.02,0.08,0.09,0.07,0.1,0.12,0.1,0.03,0.1
8,6,5,"both",0.2,"power",0.06,0.03,0.04,0.05,0.06,0.08,0.03,0.06,0.05,0.04,0.04
8,6,5,"both",0.25,"power",0.1,0.05,0.08,0.1,0.1,0.12,0.05,0.06,0.08,0.09,0.09
8,6,5,"both",0.3,"power",0.1,0.1,0.04,0.08,0.15,0.18,0.11,0.04,0.1,0.12,0.1
8,6,5,"both",0.35,"power",0.12,0.08,0.05,0.09,0.21,0.23,0.09,0.09,0.11,0.13,0.11
8,6,5,"both",0.4,"power",0.14,0.09,0.08,0.06,0.25,0.21,0.15,0.1,0.13,0.15,0.15
8,6,5,"both",0.45,"power",0.17,0.15,0.13,0.16,0.46,0.41,0.25,0.14,0.24,0.26,0.27
8,6,5,"both",0.5,"power",0.29,0.23,0.06,0.22,0.49,0.51,0.32,0.12,0.31,0.28,0.34
8,6,5,"both",0.55,"power",0.35,0.3,0.16,0.3,0.79,0.71,0.4,0.16,0.37,0.39,0.46
8,6,5,"both",0.6,"power",0.42,0.35,0.16,0.35,0.89,0.83,0.5,0.25,0.49,0.47,0.61
8,6,5,"prevalence",0.05,"power",0.06,0.07,0.03,0.07,0.02,0.04,0.02,0.06,0.03,0.06,0.04
8,6,5,"prevalence",0.1,"power",0.06,0.03,0.06,0.03,0.05,0.05,0.08,0.04,0.08,0.06,0.03
8,6,5,"prevalence",0.15,"power",0.09,0.06,0.03,0.06,0.07,0.06,0.08,0.04,0.08,0.03,0.06
8,6,5,"prevalence",0.2,"power",0.14,0.04,0.09,0.05,0.07,0.07,0.04,0.06,0.05,0.14,0.06
8,6,5,"prevalence",0.25,"power",0.07,0.01,0.06,0.01,0.05,0.13,0.05,0.02,0.06,0.08,0.04
8,6,5,"prevalence",0.3,"power",0.1,0.02,0.07,0.03,0.04,0.11,0.04,0.04,0.04,0.14,0.04
8,6,5,"prevalence",0.35,"power",0.13,0.08,0.09,0.07,0.07,0.1,0.07,0.09,0.06,0.13,0.07
8,6,5,"prevalence",0.4,"power",0.13,0.04,0.08,0.06,0.06,0.11,0.03,0.04,0.04,0.18,0.07
8,6,5,"prevalence",0.45,"power",0.29,0.13,0.08,0.11,0.13,0.23,0.12,0.07,0.1,0.26,0.11
8,6,5,"prevalence",0.5,"power",0.32,0.02,0.13,0.02,0.06,0.23,0.06,0.03,0.06,0.26,0.04
8,6,5,"prevalence",0.55,"power",0.42,0.04,0.15,0.03,0.11,0.3,0.05,0.02,0.05,0.5,0.06
8,6,5,"prevalence",0.6,"power",0.38,0.1,0.15,0.11,0.12,0.21,0.08,0.08,0.08,0.38,0.09
8,7,2,"abundance",0.05,"power",0.02,0.04,0.03,0.04,0.03,0.04,0.05,0.04,0.04,0.02,0.02
8,7,2,"abundance",0.1,"power",0.05,0.06,0.11,0.05,0.04,0.05,0.06,0.06,0.05,0.06,0.02
8,7,2,"abundance",0.15,"power",0.08,0.04,0.07,0.01,0.06,0.06,0.04,0.04,0.04,0.07,0.05
8,7,2,"abundance",0.2,"power",0.07,0.09,0.07,0.09,0.07,0.05,0.03,0.05,0.03,0.07,0.11
8,7,2,"abundance",0.25,"power",0.06,0.09,0.02,0.1,0.13,0.04,0.1,0.1,0.09,0.06,0.12
8,7,2,"abundance",0.3,"power",0.08,0.17,0.06,0.12,0.16,0.07,0.13,0.1,0.13,0.09,0.15
8,7,2,"abundance",0.35,"power",0.07,0.1,0.05,0.07,0.22,0.09,0.19,0.13,0.2,0.07,0.14
8,7,2,"abundance",0.4,"power",0.06,0.23,0.01,0.18,0.3,0.07,0.23,0.15,0.19,0.06,0.32
8,7,2,"abundance",0.45,"power",0.02,0.29,0.04,0.28,0.38,0.06,0.31,0.13,0.29,0.02,0.37
8,7,2,"abundance",0.5,"power",0.03,0.38,0.04,0.35,0.44,0.08,0.36,0.21,0.38,0.04,0.44
8,7,2,"abundance",0.55,"power",0.08,0.45,0.03,0.38,0.61,0.09,0.45,0.3,0.49,0.05,0.54
8,7,2,"abundance",0.6,"power",0.02,0.5,0.06,0.43,0.68,0.07,0.49,0.28,0.46,0.05,0.62
8,7,2,"both",0.05,"power",0.04,0.04,0.03,0.03,0.05,0.08,0.03,0.04,0.04,0.03,0.05
8,7,2,"both",0.1,"power",0.05,0.07,0.08,0.05,0.05,0.04,0.07,0.04,0.06,0.04,0.06
8,7,2,"both",0.15,"power",0.05,0.05,0.05,0.06,0.1,0.1,0.08,0.04,0.06,0.05,0.03
8,7,2,"both",0.2,"power",0.1,0.05,0.05,0.06,0.04,0.08,0.04,0.02,0.03,0.05,0.07
8,7,2,"both",0.25,"power",0.09,0.14,0.07,0.11,0.12,0.14,0.11,0.07,0.09,0.1,0.1
8,7,2,"both",0.3,"power",0.14,0.25,0.07,0.21,0.36,0.15,0.19,0.11,0.18,0.13,0.32
8,7,2,"both",0.35,"power",0.09,0.25,0.07,0.23,0.34,0.23,0.27,0.18,0.26,0.16,0.27
8,7,2,"both",0.4,"power",0.12,0.32,0.07,0.25,0.46,0.21,0.26,0.08,0.24,0.16,0.38
8,7,2,"both",0.45,"power",0.18,0.38,0.09,0.38,0.63,0.36,0.4,0.17,0.36,0.22,0.45
8,7,2,"both",0.5,"power",0.27,0.45,0.11,0.36,0.77,0.52,0.55,0.28,0.56,0.33,0.55
8,7,2,"both",0.55,"power",0.32,0.56,0.15,0.51,0.95,0.72,0.69,0.3,0.67,0.45,0.76
8,7,2,"both",0.6,"power",0.44,0.67,0.12,0.56,0.91,0.75,0.73,0.41,0.75,0.59,0.77
8,7,2,"prevalence",0.05,"power",0.14,0.05,0.05,0.06,0.04,0.07,0.1,0.11,0.08,0.12,0.04
8,7,2,"prevalence",0.1,"power",0.05,0.03,0.02,0.04,0.04,0.07,0.05,0.06,0.04,0.04,0.05
8,7,2,"prevalence",0.15,"power",0.07,0.03,0.05,0.04,0.03,0.06,0.04,0.05,0.04,0.05,0.02
8,7,2,"prevalence",0.2,"power",0.08,0.04,0.08,0.05,0.05,0.05,0.05,0.03,0.04,0.07,0.08
8,7,2,"prevalence",0.25,"power",0.06,0.02,0.13,0.01,0.03,0.05,0.02,0.03,0.02,0.05,0.02
8,7,2,"prevalence",0.3,"power",0.09,0.03,0.08,0.04,0.05,0.07,0.04,0.04,0.04,0.12,0.06
8,7,2,"prevalence",0.35,"power",0.12,0.08,0.1,0.1,0.07,0.09,0.03,0.03,0.03,0.18,0.06
8,7,2,"prevalence",0.4,"power",0.14,0.06,0.08,0.06,0.06,0.12,0.04,0.03,0.05,0.18,0.05
8,7,2,"prevalence",0.45,"power",0.3,0.08,0.03,0.13,0.09,0.2,0.06,0.06,0.05,0.32,0.1
8,7,2,"prevalence",0.5,"power",0.32,0.02,0.18,0.02,0.05,0.19,0.04,0.03,0.02,0.42,0.02
8,7,2,"prevalence",0.55,"power",0.3,0.05,0.16,0.03,0.14,0.23,0.09,0.07,0.08,0.47,0.08
8,7,2,"prevalence",0.6,"power",0.45,0.07,0.18,0.06,0.06,0.24,0.03,0.03,0.03,0.51,0.05
8,8,6,"abundance",0.05,"power",0.07,0.03,0.08,0.06,0.04,0.06,0.04,0.04,0.03,0.05,0.04
8,8,6,"abundance",0.1,"power",0.06,0.05,0.08,0.04,0.05,0.05,0.02,0.03,0.02,0.06,0.06
8,8,6,"abundance",0.15,"power",0.07,0.04,0.06,0.04,0.04,0.09,0.08,0.08,0.08,0.08,0.03
8,8,6,"abundance",0.2,"power",0.06,0.07,0.03,0.05,0.1,0.09,0.07,0.08,0.06,0.07,0.08
8,8,6,"abundance",0.25,"power",0.01,0.04,0.02,0.05,0.05,0.05,0.02,0.05,0.03,0.04,0.03
8,8,6,"abundance",0.3,"power",0.05,0.02,0.03,0.06,0.04,0.06,0.06,0.05,0.05,0.02,0.1
8,8,6,"abundance",0.35,"power",0.03,0.06,0.05,0.06,0.06,0.05,0.05,0.05,0.04,0.07,0.06
8,8,6,"abundance",0.4,"power",0.06,0.09,0.05,0.08,0.11,0.07,0.1,0.04,0.1,0.06,0.11
8,8,6,"abundance",0.45,"power",0.01,0.05,0.05,0.04,0.14,0.08,0.14,0.1,0.13,0.03,0.08
8,8,6,"abundance",0.5,"power",0.04,0.05,0.06,0.04,0.07,0.07,0.1,0.07,0.07,0.04,0.08
8,8,6,"abundance",0.55,"power",0.05,0.14,0.05,0.13,0.17,0.05,0.11,0.05,0.11,0.06,0.17
8,8,6,"abundance",0.6,"power",0.06,0.17,0.04,0.2,0.21,0.07,0.15,0.07,0.13,0.02,0.21
8,8,6,"both",0.05,"power",0.03,0.02,0.01,0.04,0.05,0.03,0.04,0.06,0.02,0.05,0.04
8,8,6,"both",0.1,"power",0.06,0.07,0.06,0.06,0.02,0.06,0.05,0.07,0.04,0.06,0.04
8,8,6,"both",0.15,"power",0.04,0.07,0.05,0.07,0.01,0.03,0.01,0.03,0.01,0.05,0.04
8,8,6,"both",0.2,"power",0.08,0.07,0.07,0.07,0.08,0.09,0.05,0.06,0.06,0.09,0.07
8,8,6,"both",0.25,"power",0.06,0.04,0.05,0.02,0.04,0.08,0.06,0.03,0.06,0.07,0.05
8,8,6,"both",0.3,"power",0.12,0.07,0.11,0.06,0.12,0.12,0.09,0.05,0.09,0.08,0.06
8,8,6,"both",0.35,"power",0.14,0.08,0.08,0.08,0.15,0.21,0.08,0.06,0.05,0.13,0.1
8,8,6,"both",0.4,"power",0.24,0.14,0.09,0.12,0.27,0.21,0.14,0.09,0.16,0.18,0.18
8,8,6,"both",0.45,"power",0.32,0.15,0.09,0.1,0.4,0.43,0.26,0.07,0.23,0.23,0.22
8,8,6,"both",0.5,"power",0.49,0.23,0.15,0.17,0.57,0.57,0.36,0.18,0.36,0.34,0.36
8,8,6,"both",0.55,"power",0.52,0.27,0.12,0.2,0.66,0.62,0.39,0.16,0.37,0.31,0.37
8,8,6,"both",0.6,"power",0.67,0.34,0.23,0.24,0.77,0.74,0.51,0.2,0.49,0.49,0.57
8,8,6,"prevalence",0.05,"power",0.09,0.05,0.05,0.04,0.02,0.05,0.05,0.04,0.05,0.05,0.04
8,8,6,"prevalence",0.1,"power",0.08,0.04,0.03,0.03,0.06,0.08,0.07,0.08,0.06,0.05,0.05
8,8,6,"prevalence",0.15,"power",0.08,0.09,0.04,0.07,0.07,0.05,0.07,0.07,0.07,0.08,0.08
8,8,6,"prevalence",0.2,"power",0.09,0.04,0.05,0.07,0.05,0.08,0.04,0.05,0.06,0.05,0.04
8,8,6,"prevalence",0.25,"power",0.08,0.04,0.08,0.07,0.04,0.1,0.04,0.03,0.06,0.04,0.04
8,8,6,"prevalence",0.3,"power",0.14,0.06,0.1,0.06,0.06,0.07,0.05,0.04,0.04,0.1,0.06
8,8,6,"prevalence",0.35,"power",0.17,0.06,0.08,0.03,0.06,0.07,0.05,0.06,0.05,0.17,0.05
8,8,6,"prevalence",0.4,"power",0.25,0.04,0.08,0.04,0.1,0.11,0.06,0.05,0.06,0.19,0.05
8,8,6,"prevalence",0.45,"power",0.36,0.07,0.09,0.07,0.07,0.16,0.03,0.07,0.04,0.22,0.09
8,8,6,"prevalence",0.5,"power",0.53,0.07,0.09,0.08,0.13,0.39,0.05,0.04,0.05,0.31,0.06
8,8,6,"prevalence",0.55,"power",0.49,0.07,0.11,0.07,0.12,0.23,0.05,0.07,0.04,0.4,0.08
8,8,6,"prevalence",0.6,"power",0.61,0.08,0.15,0.05,0.1,0.33,0.05,0.06,0.05,0.42,0.09
10,1,4,"abundance",0.05,"power",0.03,0.09,0.05,0.1,0.1,0.01,0.08,0.08,0.08,0.04,0.12
10,1,4,"abundance",0.1,"power",0.06,0.01,0.03,0.04,0.05,0.05,0.06,0.05,0.08,0.06,0.07
10,1,4,"abundance",0.15,"power",0.03,0.05,0.08,0.05,0.06,0.07,0.07,0.07,0.08,0.03,0.06
10,1,4,"abundance",0.2,"power",0.06,0.11,0.1,0.12,0.09,0.08,0.05,0.07,0.07,0.06,0.11
10,1,4,"abundance",0.25,"power",0.03,0.08,0.07,0.04,0.09,0.06,0.08,0.08,0.09,0.07,0.1
10,1,4,"abundance",0.3,"power",0.06,0.08,0.05,0.08,0.13,0.05,0.07,0.08,0.07,0.1,0.12
10,1,4,"abundance",0.35,"power",0.07,0.12,0.06,0.1,0.14,0.05,0.08,0.03,0.07,0.08,0.13
10,1,4,"abundance",0.4,"power",0.04,0.13,0.05,0.11,0.22,0.06,0.14,0.1,0.14,0.08,0.17
10,1,4,"abundance",0.45,"power",0.06,0.11,0.04,0.08,0.19,0.07,0.11,0.09,0.08,0.08,0.16
10,1,4,"abundance",0.5,"power",0.02,0.14,0.02,0.11,0.27,0.05,0.15,0.1,0.15,0.01,0.24
10,1,4,"abundance",0.55,"power",0.1,0.15,0.09,0.13,0.28,0.05,0.13,0.08,0.15,0.09,0.25
10,1,4,"abundance",0.6,"power",0.09,0.24,0.05,0.18,0.34,0.07,0.18,0.15,0.2,0.07,0.29
10,1,4,"both",0.05,"power",0.07,0.04,0.06,0.05,0.02,0.05,0.03,0.04,0.03,0.08,0.02
10,1,4,"both",0.1,"power",0.05,0.04,0.05,0.03,0.06,0.04,0.01,0.04,0.01,0.07,0.04
10,1,4,"both",0.15,"power",0.07,0.06,0.05,0.03,0.11,0.09,0.09,0.07,0.09,0.06,0.08
10,1,4,"both",0.2,"power",0.09,0.11,0.05,0.1,0.11,0.05,0.14,0.06,0.13,0.12,0.12
10,1,4,"both",0.25,"power",0.11,0.08,0.14,0.06,0.14,0.08,0.08,0.05,0.07,0.1,0.11
10,1,4,"both",0.3,"power",0.09,0.09,0.12,0.11,0.14,0.08,0.1,0.07,0.12,0.1,0.12
10,1,4,"both",0.35,"power",0.18,0.11,0.1,0.07,0.31,0.19,0.07,0.08,0.06,0.12,0.21
10,1,4,"both",0.4,"power",0.22,0.17,0.11,0.11,0.43,0.28,0.18,0.11,0.18,0.11,0.35
10,1,4,"both",0.45,"power",0.3,0.35,0.1,0.28,0.62,0.29,0.21,0.17,0.19,0.16,0.53
10,1,4,"both",0.5,"power",0.41,0.28,0.16,0.22,0.62,0.42,0.28,0.13,0.26,0.22,0.47
10,1,4,"both",0.55,"power",0.49,0.47,0.15,0.39,0.83,0.55,0.32,0.24,0.32,0.29,0.7
10,1,4,"both",0.6,"power",0.56,0.4,0.19,0.29,0.92,0.64,0.31,0.16,0.27,0.35,0.75
10,1,4,"prevalence",0.05,"power",0.1,0.05,0.09,0.04,0.1,0.08,0.06,0.02,0.03,0.06,0.06
10,1,4,"prevalence",0.1,"power",0.06,0.05,0.03,0.07,0.08,0.06,0.03,0.02,0.04,0.04,0.06
10,1,4,"prevalence",0.15,"power",0.04,0.06,0.04,0.02,0.02,0.04,0.02,0.03,0.02,0.03,0.06
10,1,4,"prevalence",0.2,"power",0.12,0.07,0.08,0.07,0.07,0.06,0.06,0.06,0.06,0.1,0.06
10,1,4,"prevalence",0.25,"power",0.09,0.08,0.07,0.09,0.12,0.07,0.12,0.08,0.11,0.09,0.08
10,1,4,"prevalence",0.3,"power",0.19,0.08,0.08,0.05,0.05,0.08,0.04,0.04,0.03,0.07,0.07
10,1,4,"prevalence",0.35,"power",0.17,0.06,0.06,0.05,0.07,0.05,0.07,0.06,0.07,0.09,0.06
10,1,4,"prevalence",0.4,"power",0.2,0.1,0.08,0.07,0.1,0.09,0.05,0.09,0.05,0.11,0.1
10,1,4,"prevalence",0.45,"power",0.22,0.06,0.03,0.05,0.08,0.12,0.05,0.04,0.05,0.13,0.05
10,1,4,"prevalence",0.5,"power",0.49,0.08,0.16,0.05,0.11,0.25,0.1,0.08,0.09,0.29,0.07
10,1,4,"prevalence",0.55,"power",0.45,0.07,0.11,0.06,0.12,0.21,0.07,0.07,0.06,0.24,0.08
10,1,4,"prevalence",0.6,"power",0.67,0.08,0.13,0.07,0.19,0.33,0.08,0.05,0.09,0.34,0.09
10,2,1,"abundance",0.05,"power",0.07,0.03,0.06,0.05,0.04,0.01,0.05,0.07,0.05,0.03,0.04
10,2,1,"abundance",0.1,"power",0.11,0.05,0.01,0.07,0.07,0.06,0.06,0.06,0.06,0.07,0.05
10,2,1,"abundance",0.15,"power",0.05,0.11,0.05,0.1,0.1,0.07,0.09,0.08,0.1,0.05,0.11
10,2,1,"abundance",0.2,"power",0.07,0.17,0.03,0.21,0.13,0.07,0.1,0.06,0.08,0.06,0.16
10,2,1,"abundance",0.25,"power",0.04,0.25,0.04,0.26,0.15,0.04,0.14,0.13,0.12,0.07,0.24
10,2,1,"abundance",0.3,"power",0.03,0.34,0.03,0.32,0.21,0.11,0.16,0.11,0.17,0.05,0.29
10,2,1,"abundance",0.35,"power",0.05,0.44,0.07,0.45,0.34,0.03,0.14,0.18,0.14,0.04,0.43
10,2,1,"abundance",0.4,"power",0.07,0.47,0.05,0.48,0.45,0.07,0.34,0.19,0.32,0.07,0.5
10,2,1,"abundance",0.45,"power",0.03,0.63,0.03,0.61,0.54,0.04,0.33,0.23,0.32,0.05,0.61
10,2,1,"abundance",0.5,"power",0.05,0.78,0.04,0.78,0.71,0.06,0.48,0.33,0.49,0.03,0.77
10,2,1,"abundance",0.55,"power",0.04,0.82,0.02,0.83,0.79,0.09,0.6,0.44,0.59,0.06,0.82
10,2,1,"abundance",0.6,"power",0.02,0.81,0.05,0.81,0.84,0.07,0.58,0.38,0.56,0.06,0.85
10,2,1,"both",0.05,"power",0.07,0.11,0.06,0.09,0.1,0.08,0.06,0.04,0.07,0.08,0.09
10,2,1,"both",0.1,"power",0.07,0.07,0.06,0.07,0.1,0.03,0.05,0.05,0.08,0.05,0.07
10,2,1,"both",0.15,"power",0.08,0.26,0.03,0.24,0.21,0.09,0.12,0.06,0.12,0.07,0.22
10,2,1,"both",0.2,"power",0.09,0.15,0.09,0.14,0.15,0.12,0.07,0.08,0.07,0.12,0.15
10,2,1,"both",0.25,"power",0.09,0.26,0.06,0.29,0.26,0.11,0.12,0.08,0.13,0.04,0.29
10,2,1,"both",0.3,"power",0.04,0.49,0.08,0.46,0.36,0.11,0.21,0.15,0.2,0.03,0.48
10,2,1,"both",0.35,"power",0.22,0.55,0.07,0.53,0.57,0.29,0.29,0.15,0.3,0.1,0.57
10,2,1,"both",0.4,"power",0.18,0.65,0.1,0.62,0.69,0.34,0.43,0.2,0.44,0.1,0.7
10,2,1,"both",0.45,"power",0.27,0.74,0.11,0.75,0.79,0.51,0.41,0.25,0.39,0.17,0.81
10,2,1,"both",0.5,"power",0.22,0.88,0.09,0.88,0.91,0.58,0.67,0.39,0.61,0.16,0.91
10,2,1,"both",0.55,"power",0.37,0.99,0.14,0.98,0.98,0.76,0.77,0.41,0.77,0.23,0.98
10,2,1,"both",0.6,"power",0.59,0.97,0.16,0.97,0.98,0.84,0.85,0.56,0.82,0.39,0.98
10,2,1,"prevalence",0.05,"power",0.02,0.04,0.05,0.03,0.04,0.03,0.06,0.05,0.06,0.04,0.03
10,2,1,"prevalence",0.1,"power",0.07,0.05,0.05,0.04,0.07,0.03,0.06,0.03,0.04,0.04,0.06
10,2,1,"prevalence",0.15,"power",0.02,0.05,0.06,0.05,0.02,0.04,0.04,0.03,0.04,0.04,0.06
10,2,1,"prevalence",0.2,"power",0.08,0.03,0.05,0.03,0.04,0.07,0.04,0.03,0.04,0.06,0.05
10,2,1,"prevalence",0.25,"power",0.05,0.05,0.1,0.04,0.06,0.06,0.06,0.07,0.05,0.04,0.07
10,2,1,"prevalence",0.3,"power",0.12,0.03,0.09,0.07,0.05,0.12,0.05,0.02,0.04,0.09,0.04
10,2,1,"prevalence",0.35,"power",0.14,0.02,0.08,0.03,0.05,0.13,0.07,0.06,0.07,0.11,0.06
10,2,1,"prevalence",0.4,"power",0.14,0.09,0.08,0.06,0.05,0.13,0.02,0.01,0.05,0.13,0.05
10,2,1,"prevalence",0.45,"power",0.17,0.06,0.07,0.1,0.08,0.13,0.04,0.04,0.04,0.07,0.06
10,2,1,"prevalence",0.5,"power",0.39,0.07,0.16,0.07,0.06,0.27,0.02,0.03,0.02,0.21,0.05
10,2,1,"prevalence",0.55,"power",0.38,0.15,0.11,0.14,0.13,0.28,0.1,0.05,0.1,0.24,0.17
10,2,1,"prevalence",0.6,"power",0.46,0.09,0.18,0.1,0.1,0.37,0.05,0.08,0.05,0.32,0.09
10,3,10,"abundance",0.05,"power",0.05,0.03,0.06,0.08,0.03,0.03,0.05,0.03,0.05,0.07,0.04
10,3,10,"abundance",0.1,"power",0.1,0.05,0.03,0.06,0.08,0.09,0.04,0.05,0.04,0.06,0.04
10,3,10,"abundance",0.15,"power",0.04,0.06,0.04,0.05,0.1,0.06,0.07,0.09,0.05,0.05,0.07
10,3,10,"abundance",0.2,"power",0.05,0.04,0.03,0.04,0.06,0.07,0.05,0.03,0.04,0.04,0.06
10,3,10,"abundance",0.25,"power",0.04,0.08,0.03,0.07,0.07,0.06,0.04,0.03,0.05,0.04,0.08
10,3,10,"abundance",0.3,"power",0.03,0.05,0.05,0.05,0.06,0.04,0.07,0.05,0.04,0.06,0.06
10,3,10,"abundance",0.35,"power",0.04,0.06,0.03,0.05,0.08,0.05,0.03,0.05,0.04,0.04,0.06
10,3,10,"abundance",0.4,"power",0.06,0.04,0.03,0.04,0.06,0.07,0.02,0.03,0.04,0.07,0.04
10,3,10,"abundance",0.45,"power",0.04,0.02,0.05,0.02,0.02,0.03,0.05,0.04,0.04,0.04,0.02
10,3,10,"abundance",0.5,"power",0.04,0.08,0.04,0.07,0.09,0.06,0.07,0.07,0.06,0.05,0.11
10,3,10,"abundance",0.55,"power",0.07,0.08,0.07,0.05,0.08,0.05,0.08,0.07,0.07,0.06,0.1
10,3,10,"abundance",0.6,"power",0.03,0.04,0.06,0.02,0.08,0.05,0.05,0.03,0.05,0.04,0.06
10,3,10,"both",0.05,"power",0.04,0.07,0.03,0.06,0.08,0.05,0.09,0.07,0.09,0.04,0.09
10,3,10,"both",0.1,"power",0.02,0.04,0.04,0.05,0.02,0.03,0.02,0.03,0.03,0.01,0.01
10,3,10,"both",0.15,"power",0.08,0.03,0.05,0.05,0.05,0.06,0.04,0.05,0.04,0.09,0.03
10,3,10,"both",0.2,"power",0.08,0.1,0.05,0.07,0.1,0.11,0.08,0.06,0.09,0.06,0.1
10,3,10,"both",0.25,"power",0.07,0.03,0.01,0.03,0.09,0.03,0.07,0.08,0.07,0.15,0.06
10,3,10,"both",0.3,"power",0.06,0.04,0.05,0.05,0.11,0.08,0.08,0.07,0.07,0.16,0.06
10,3,10,"both",0.35,"power",0.13,0.06,0.08,0.06,0.16,0.13,0.08,0.06,0.07,0.22,0.05
10,3,10,"both",0.4,"power",0.16,0.07,0.08,0.04,0.17,0.11,0.11,0.09,0.11,0.31,0.1
10,3,10,"both",0.45,"power",0.14,0.06,0.11,0.06,0.21,0.12,0.06,0.03,0.06,0.36,0.09
10,3,10,"both",0.5,"power",0.28,0.05,0.11,0.04,0.34,0.3,0.08,0.03,0.09,0.54,0.1
10,3,10,"both",0.55,"power",0.37,0.04,0.15,0.06,0.48,0.3,0.12,0.07,0.12,0.64,0.17
10,3,10,"both",0.6,"power",0.5,0.04,0.2,0.04,0.6,0.44,0.12,0.05,0.11,0.76,0.11
10,3,10,"prevalence",0.05,"power",0.05,0.05,0.02,0.04,0.05,0.07,0.05,0.02,0.06,0.02,0.05
10,3,10,"prevalence",0.1,"power",0.1,0.04,0.06,0.05,0.07,0.05,0.05,0.04,0.02,0.08,0.07
10,3,10,"prevalence",0.15,"power",0.01,0.04,0.02,0.04,0.03,0.03,0.05,0.03,0.05,0.03,0.05
10,3,10,"prevalence",0.2,"power",0.07,0.03,0.11,0.07,0.03,0.07,0.03,0.03,0.03,0.09,0.03
10,3,10,"prevalence",0.25,"power",0.07,0.04,0.06,0.04,0.05,0.07,0.03,0.05,0.03,0.08,0.03
10,3,10,"prevalence",0.3,"power",0.13,0.06,0.06,0.04,0.06,0.07,0.06,0.06,0.07,0.17,0.04
10,3,10,"prevalence",0.35,"power",0.15,0.07,0.05,0.08,0.06,0.08,0.06,0.04,0.06,0.27,0.08
10,3,10,"prevalence",0.4,"power",0.14,0.03,0.05,0.02,0.05,0.08,0.03,0.03,0.02,0.19,0.04
10,3,10,"prevalence",0.45,"power",0.14,0.05,0.1,0.04,0.04,0.1,0.05,0.08,0.06,0.39,0.02
10,3,10,"prevalence",0.5,"power",0.32,0.04,0.14,0.04,0.11,0.09,0.05,0.06,0.05,0.52,0.06
10,3,10,"prevalence",0.55,"power",0.37,0.05,0.12,0.04,0.13,0.16,0.01,0.01,0.02,0.63,0.05
10,3,10,"prevalence",0.6,"power",0.43,0.07,0.12,0.05,0.12,0.21,0.04,0.07,0.03,0.76,0.05
10,4,3,"abundance",0.05,"power",0.03,0.06,0.04,0.06,0.03,0.01,0.09,0.06,0.08,0.04,0.05
10,4,3,"abundance",0.1,"power",0.04,0.06,0.06,0.08,0.07,0.05,0.07,0.03,0.06,0.03,0.08
10,4,3,"abundance",0.15,"power",0.06,0.02,0.06,0.03,0.05,0,0.08,0.07,0.08,0.04,0.04
10,4,3,"abundance",0.2,"power",0.05,0.04,0.02,0.02,0.06,0.01,0.06,0.06,0.06,0.04,0.04
10,4,3,"abundance",0.25,"power",0.05,0.04,0.05,0.03,0.05,0.06,0.04,0.04,0.04,0.02,0.06
10,4,3,"abundance",0.3,"power",0.03,0.11,0.03,0.09,0.1,0.01,0.11,0.1,0.12,0.02,0.15
10,4,3,"abundance",0.35,"power",0.1,0.11,0.04,0.07,0.16,0.08,0.1,0.09,0.12,0.09,0.16
10,4,3,"abundance",0.4,"power",0.02,0.18,0.02,0.11,0.23,0.04,0.16,0.13,0.19,0.02,0.2
10,4,3,"abundance",0.45,"power",0.04,0.22,0.02,0.1,0.26,0.03,0.15,0.15,0.14,0.04,0.31
10,4,3,"abundance",0.5,"power",0.04,0.21,0.02,0.13,0.4,0.07,0.27,0.15,0.25,0.02,0.39
10,4,3,"abundance",0.55,"power",0.05,0.25,0.06,0.12,0.32,0.05,0.23,0.16,0.25,0.04,0.37
10,4,3,"abundance",0.6,"power",0.08,0.32,0.05,0.14,0.51,0.09,0.36,0.18,0.37,0.07,0.48
10,4,3,"both",0.05,"power",0.1,0.04,0.06,0.04,0.07,0.09,0.06,0.03,0.08,0.06,0.06
10,4,3,"both",0.1,"power",0.09,0.08,0.04,0.08,0.11,0.11,0.11,0.05,0.1,0.07,0.09
10,4,3,"both",0.15,"power",0.03,0.06,0.04,0.08,0.07,0.09,0.07,0.04,0.07,0.02,0.07
10,4,3,"both",0.2,"power",0.05,0.12,0.12,0.09,0.12,0.05,0.05,0.07,0.05,0.05,0.12
10,4,3,"both",0.25,"power",0.09,0.13,0.07,0.07,0.18,0.06,0.09,0.05,0.08,0.08,0.19
10,4,3,"both",0.3,"power",0.13,0.1,0.08,0.07,0.24,0.12,0.12,0.04,0.11,0.11,0.25
10,4,3,"both",0.35,"power",0.13,0.13,0.08,0.08,0.32,0.17,0.15,0.11,0.16,0.12,0.25
10,4,3,"both",0.4,"power",0.15,0.21,0.07,0.1,0.43,0.19,0.22,0.08,0.21,0.1,0.32
10,4,3,"both",0.45,"power",0.21,0.27,0.08,0.16,0.6,0.29,0.34,0.12,0.33,0.11,0.55
10,4,3,"both",0.5,"power",0.27,0.35,0.13,0.23,0.65,0.33,0.34,0.22,0.35,0.21,0.58
10,4,3,"both",0.55,"power",0.4,0.56,0.16,0.33,0.84,0.48,0.54,0.26,0.53,0.22,0.75
10,4,3,"both",0.6,"power",0.45,0.62,0.15,0.32,0.95,0.62,0.64,0.41,0.61,0.25,0.9
10,4,3,"prevalence",0.05,"power",0.04,0.08,0.04,0.09,0.06,0.05,0.07,0.05,0.08,0.04,0.06
10,4,3,"prevalence",0.1,"power",0.08,0.05,0.06,0.07,0.03,0.07,0.02,0.07,0.02,0.11,0.05
10,4,3,"prevalence",0.15,"power",0.02,0.07,0.02,0.09,0.06,0.03,0.03,0.05,0.05,0.02,0.05
10,4,3,"prevalence",0.2,"power",0.08,0.03,0.05,0.02,0.04,0.08,0.04,0.02,0.04,0.06,0.04
10,4,3,"prevalence",0.25,"power",0.07,0.08,0.05,0.05,0.1,0.1,0.1,0.08,0.1,0.05,0.07
10,4,3,"prevalence",0.3,"power",0.09,0.06,0.06,0.06,0.04,0.1,0.03,0.06,0.04,0.08,0.06
10,4,3,"prevalence",0.35,"power",0.1,0.06,0.03,0.05,0.06,0.07,0.05,0.04,0.05,0.07,0.09
10,4,3,"prevalence",0.4,"power",0.22,0.08,0.1,0.06,0.06,0.13,0.11,0.06,0.09,0.15,0.1
10,4,3,"prevalence",0.45,"power",0.23,0.04,0.1,0.03,0.1,0.14,0.07,0.05,0.07,0.13,0.06
10,4,3,"prevalence",0.5,"power",0.3,0.07,0.1,0.07,0.11,0.17,0.07,0.03,0.07,0.12,0.11
10,4,3,"prevalence",0.55,"power",0.39,0.07,0.12,0.07,0.09,0.16,0.06,0.06,0.06,0.21,0.08
10,4,3,"prevalence",0.6,"power",0.47,0.03,0.16,0.05,0.11,0.25,0.06,0.04,0.05,0.28,0.05
10,5,9,"abundance",0.05,"power",0.04,0.05,0.03,0.06,0.02,0.04,0.05,0.06,0.05,0.05,0.04
10,5,9,"abundance",0.1,"power",0.04,0.08,0.08,0.08,0.05,0.06,0.04,0.05,0.04,0.08,0.07
10,5,9,"abundance",0.15,"power",0.05,0.03,0.05,0.04,0.01,0.06,0.02,0.03,0.02,0.07,0.02
10,5,9,"abundance",0.2,"power",0.04,0.04,0.07,0.05,0.06,0.03,0.04,0.05,0.05,0.07,0.04
10,5,9,"abundance",0.25,"power",0.05,0.02,0.03,0.01,0.02,0.02,0.02,0.05,0.01,0.02,0.02
10,5,9,"abundance",0.3,"power",0.05,0.05,0.06,0.06,0.08,0.05,0.05,0.05,0.07,0.06,0.07
10,5,9,"abundance",0.35,"power",0.06,0.03,0.06,0.05,0.04,0.04,0.08,0.07,0.09,0.06,0.04
10,5,9,"abundance",0.4,"power",0.11,0.06,0.08,0.05,0.09,0.06,0.09,0.05,0.09,0.07,0.08
10,5,9,"abundance",0.45,"power",0.04,0.08,0.05,0.08,0.09,0.06,0.11,0.07,0.13,0.04,0.09
10,5,9,"abundance",0.5,"power",0.05,0.1,0.04,0.1,0.17,0.04,0.07,0.05,0.08,0.06,0.13
10,5,9,"abundance",0.55,"power",0.06,0.06,0.04,0.06,0.14,0.05,0.08,0.06,0.08,0.06,0.08
10,5,9,"abundance",0.6,"power",0.05,0.07,0.05,0.08,0.1,0.07,0.06,0.02,0.08,0.06,0.11
10,5,9,"both",0.05,"power",0.04,0.1,0.02,0.1,0.08,0.06,0.06,0.05,0.05,0.05,0.08
10,5,9,"both",0.1,"power",0.06,0.03,0.06,0.05,0.1,0.05,0.07,0.05,0.06,0.08,0.06
10,5,9,"both",0.15,"power",0.09,0.04,0.08,0.06,0.05,0.08,0.04,0.03,0.04,0.1,0.04
10,5,9,"both",0.2,"power",0.09,0.05,0.09,0.04,0.06,0.07,0.06,0.04,0.07,0.06,0.05
10,5,9,"both",0.25,"power",0.05,0.04,0.06,0.03,0.07,0.08,0.05,0.03,0.05,0.06,0.05
10,5,9,"both",0.3,"power",0.09,0.04,0.13,0.02,0.05,0.07,0.01,0.07,0.01,0.04,0.02
10,5,9,"both",0.35,"power",0.11,0.09,0.07,0.07,0.23,0.14,0.15,0.1,0.13,0.13,0.09
10,5,9,"both",0.4,"power",0.16,0.05,0.12,0.03,0.2,0.14,0.1,0.04,0.07,0.13,0.09
10,5,9,"both",0.45,"power",0.2,0.08,0.1,0.09,0.26,0.21,0.13,0.06,0.14,0.17,0.12
10,5,9,"both",0.5,"power",0.29,0.12,0.14,0.12,0.36,0.35,0.16,0.03,0.15,0.22,0.17
10,5,9,"both",0.55,"power",0.31,0.09,0.14,0.05,0.45,0.35,0.14,0.09,0.13,0.24,0.16
10,5,9,"both",0.6,"power",0.41,0.06,0.16,0.08,0.65,0.53,0.24,0.04,0.25,0.35,0.29
10,5,9,"prevalence",0.05,"power",0.05,0.02,0.06,0.04,0.04,0.04,0.04,0.03,0.03,0.05,0.01
10,5,9,"prevalence",0.1,"power",0.04,0.06,0.07,0.05,0.03,0.03,0.06,0.01,0.06,0.08,0.02
10,5,9,"prevalence",0.15,"power",0.04,0.02,0.02,0.02,0.02,0.03,0.04,0.03,0.05,0.04,0.02
10,5,9,"prevalence",0.2,"power",0.05,0.11,0.08,0.07,0.08,0.07,0.07,0.08,0.06,0.05,0.1
10,5,9,"prevalence",0.25,"power",0.07,0.08,0.07,0.08,0.06,0.04,0.05,0.02,0.04,0.09,0.06
10,5,9,"prevalence",0.3,"power",0.13,0.06,0.07,0.05,0.08,0.1,0.07,0.04,0.07,0.11,0.06
10,5,9,"prevalence",0.35,"power",0.11,0.05,0.06,0.06,0.07,0.07,0.07,0.1,0.08,0.11,0.05
10,5,9,"prevalence",0.4,"power",0.19,0.07,0.1,0.06,0.07,0.11,0.04,0.08,0.05,0.18,0.08
10,5,9,"prevalence",0.45,"power",0.21,0.05,0.08,0.03,0.09,0.15,0.03,0.05,0.03,0.15,0.05
10,5,9,"prevalence",0.5,"power",0.32,0.03,0.17,0.03,0.09,0.16,0.06,0.04,0.05,0.23,0.04
10,5,9,"prevalence",0.55,"power",0.3,0.05,0.06,0.04,0.08,0.18,0.07,0.03,0.07,0.24,0.07
10,5,9,"prevalence",0.6,"power",0.55,0.08,0.12,0.06,0.14,0.23,0.05,0.04,0.07,0.36,0.09
10,6,5,"abundance",0.05,"power",0.04,0.05,0.04,0.04,0.05,0.07,0.04,0.03,0.05,0.02,0.03
10,6,5,"abundance",0.1,"power",0.04,0.05,0.07,0.05,0.03,0.06,0.04,0.04,0.04,0.06,0.06
10,6,5,"abundance",0.15,"power",0.04,0.09,0.03,0.06,0.05,0.05,0.04,0.02,0.05,0.05,0.04
10,6,5,"abundance",0.2,"power",0.06,0.05,0.07,0.04,0.05,0.07,0.08,0.07,0.07,0.07,0.04
10,6,5,"abundance",0.25,"power",0.03,0.01,0.05,0.05,0.01,0.03,0.04,0.03,0.04,0.01,0.02
10,6,5,"abundance",0.3,"power",0.05,0.04,0.06,0.03,0.07,0.09,0.09,0.06,0.08,0.04,0.06
10,6,5,"abundance",0.35,"power",0.04,0.06,0.03,0.06,0.1,0.07,0.12,0.09,0.12,0.05,0.1
10,6,5,"abundance",0.4,"power",0.09,0.08,0.04,0.04,0.08,0.08,0.13,0.09,0.1,0.08,0.06
10,6,5,"abundance",0.45,"power",0.06,0.08,0.06,0.04,0.16,0.04,0.17,0.13,0.17,0.04,0.1
10,6,5,"abundance",0.5,"power",0.02,0.17,0.02,0.11,0.21,0.05,0.19,0.16,0.18,0.03,0.18
10,6,5,"abundance",0.55,"power",0.08,0.11,0.05,0.09,0.32,0.09,0.25,0.18,0.24,0.1,0.26
10,6,5,"abundance",0.6,"power",0.06,0.18,0.04,0.12,0.28,0.1,0.3,0.17,0.26,0.03,0.23
10,6,5,"both",0.05,"power",0.1,0.05,0.08,0.06,0.04,0.08,0.03,0.06,0.04,0.05,0.05
10,6,5,"both",0.1,"power",0.06,0.05,0.05,0.07,0.06,0.07,0.04,0.02,0.04,0.06,0.07
10,6,5,"both",0.15,"power",0.06,0.01,0.08,0.02,0.03,0.08,0.03,0.02,0.03,0.05,0.02
10,6,5,"both",0.2,"power",0.06,0.06,0.07,0.05,0.05,0.09,0.08,0.04,0.08,0.03,0.05
10,6,5,"both",0.25,"power",0.12,0.02,0.04,0.04,0.12,0.16,0.06,0.01,0.08,0.1,0.08
10,6,5,"both",0.3,"power",0.09,0.07,0.08,0.06,0.09,0.18,0.08,0.1,0.08,0.06,0.08
10,6,5,"both",0.35,"power",0.08,0.07,0.02,0.06,0.16,0.23,0.13,0.1,0.14,0.04,0.09
10,6,5,"both",0.4,"power",0.19,0.06,0.12,0.06,0.21,0.34,0.2,0.12,0.19,0.16,0.11
10,6,5,"both",0.45,"power",0.18,0.07,0.05,0.06,0.29,0.39,0.24,0.12,0.26,0.16,0.12
10,6,5,"both",0.5,"power",0.31,0.12,0.11,0.11,0.4,0.52,0.32,0.18,0.33,0.19,0.2
10,6,5,"both",0.55,"power",0.44,0.15,0.16,0.08,0.62,0.73,0.48,0.23,0.47,0.26,0.27
10,6,5,"both",0.6,"power",0.51,0.18,0.12,0.09,0.75,0.84,0.52,0.26,0.5,0.37,0.33
10,6,5,"prevalence",0.05,"power",0.04,0.07,0.08,0.08,0.06,0.07,0.06,0.07,0.06,0.06,0.06
10,6,5,"prevalence",0.1,"power",0.06,0.03,0.03,0.06,0.06,0.03,0.03,0.05,0.04,0.04,0.04
10,6,5,"prevalence",0.15,"power",0.01,0.02,0.03,0.03,0.01,0.03,0.03,0.03,0.03,0,0.02
10,6,5,"prevalence",0.2,"power",0.11,0.04,0.05,0.03,0.02,0.1,0.02,0.04,0.01,0.09,0.01
10,6,5,"prevalence",0.25,"power",0.11,0.05,0.08,0.04,0.06,0.08,0.04,0.06,0.03,0.11,0.06
10,6,5,"prevalence",0.3,"power",0.07,0.02,0.07,0.04,0.05,0.04,0.04,0.03,0.04,0.07,0.03
10,6,5,"prevalence",0.35,"power",0.1,0.04,0.05,0.03,0.04,0.12,0.06,0.03,0.06,0.12,0.03
10,6,5,"prevalence",0.4,"power",0.18,0.06,0.11,0.08,0.06,0.14,0.05,0.02,0.05,0.12,0.05
10,6,5,"prevalence",0.45,"power",0.3,0.02,0.13,0.04,0.05,0.25,0.05,0.02,0.04,0.23,0.02
10,6,5,"prevalence",0.5,"power",0.33,0.07,0.11,0.07,0.1,0.28,0.06,0.06,0.06,0.22,0.06
10,6,5,"prevalence",0.55,"power",0.39,0.01,0.07,0.04,0.07,0.26,0.05,0.03,0.04,0.29,0.03
10,6,5,"prevalence",0.6,"power",0.54,0.02,0.15,0.02,0.11,0.38,0.06,0.05,0.06,0.41,0.06
10,7,6,"abundance",0.05,"power",0.04,0.03,0.07,0.02,0.06,0.03,0.06,0.04,0.04,0.05,0.06
10,7,6,"abundance",0.1,"power",0.04,0.02,0.06,0.02,0.02,0.04,0.01,0.07,0.03,0.06,0.01
10,7,6,"abundance",0.15,"power",0.09,0.06,0,0.05,0.08,0.07,0.08,0.06,0.07,0.08,0.07
10,7,6,"abundance",0.2,"power",0.1,0.06,0.09,0.07,0.07,0.05,0.04,0.06,0.05,0.06,0.05
10,7,6,"abundance",0.25,"power",0.03,0.07,0.04,0.07,0.12,0.02,0.09,0.03,0.08,0.03,0.09
10,7,6,"abundance",0.3,"power",0.05,0.05,0.06,0.04,0.1,0.06,0.06,0.04,0.06,0.06,0.06
10,7,6,"abundance",0.35,"power",0.06,0.08,0.05,0.09,0.13,0.06,0.08,0.07,0.1,0.03,0.1
10,7,6,"abundance",0.4,"power",0.03,0.05,0.08,0.06,0.11,0.04,0.05,0.05,0.06,0.06,0.09
10,7,6,"abundance",0.45,"power",0.03,0.1,0,0.12,0.24,0.05,0.14,0.08,0.14,0.03,0.14
10,7,6,"abundance",0.5,"power",0.07,0.08,0.09,0.1,0.32,0.1,0.22,0.12,0.21,0.03,0.17
10,7,6,"abundance",0.55,"power",0.06,0.07,0.04,0.08,0.31,0.08,0.23,0.05,0.19,0.07,0.18
10,7,6,"abundance",0.6,"power",0.07,0.07,0.05,0.11,0.44,0.09,0.31,0.1,0.31,0.05,0.25
10,7,6,"both",0.05,"power",0.06,0.06,0.05,0.06,0.07,0.02,0.1,0.07,0.09,0.05,0.04
10,7,6,"both",0.1,"power",0.04,0.03,0.08,0.04,0.03,0.06,0.05,0.01,0.04,0.02,0.03
10,7,6,"both",0.15,"power",0.01,0.02,0.02,0.03,0.03,0.01,0.05,0.05,0.04,0.02,0.03
10,7,6,"both",0.2,"power",0.11,0.08,0.05,0.09,0.1,0.11,0.1,0.06,0.08,0.08,0.06
10,7,6,"both",0.25,"power",0.06,0.06,0.05,0.07,0.09,0.07,0.06,0.06,0.05,0.08,0.05
10,7,6,"both",0.3,"power",0.09,0.04,0.07,0.05,0.16,0.11,0.06,0.02,0.06,0.07,0.11
10,7,6,"both",0.35,"power",0.08,0.1,0.03,0.09,0.18,0.21,0.11,0.08,0.12,0.08,0.12
10,7,6,"both",0.4,"power",0.21,0.08,0.06,0.08,0.34,0.33,0.14,0.12,0.13,0.13,0.15
10,7,6,"both",0.45,"power",0.26,0.12,0.1,0.12,0.51,0.45,0.29,0.08,0.27,0.22,0.24
10,7,6,"both",0.5,"power",0.29,0.06,0.14,0.08,0.5,0.47,0.26,0.07,0.26,0.22,0.19
10,7,6,"both",0.55,"power",0.42,0.11,0.12,0.08,0.77,0.65,0.39,0.08,0.41,0.3,0.34
10,7,6,"both",0.6,"power",0.52,0.28,0.16,0.22,0.88,0.81,0.57,0.13,0.54,0.47,0.53
10,7,6,"prevalence",0.05,"power",0.05,0.06,0.03,0.06,0.06,0.07,0.08,0.09,0.06,0.04,0.08
10,7,6,"prevalence",0.1,"power",0.06,0.05,0,0.04,0.05,0.03,0.03,0.04,0.03,0.04,0.06
10,7,6,"prevalence",0.15,"power",0.01,0.06,0.06,0.06,0.03,0.05,0.03,0,0.03,0,0.04
10,7,6,"prevalence",0.2,"power",0.05,0.06,0.02,0.03,0.05,0.04,0.04,0.08,0.04,0.05,0.05
10,7,6,"prevalence",0.25,"power",0.08,0.05,0.08,0.05,0.06,0.04,0.04,0.03,0.02,0.1,0.04
10,7,6,"prevalence",0.3,"power",0.1,0.05,0.1,0.09,0.11,0.08,0.06,0.04,0.09,0.14,0.09
10,7,6,"prevalence",0.35,"power",0.15,0.05,0.12,0.05,0.07,0.09,0.04,0.02,0.05,0.13,0.03
10,7,6,"prevalence",0.4,"power",0.13,0.06,0.07,0.04,0.06,0.09,0.02,0.08,0.04,0.11,0.04
10,7,6,"prevalence",0.45,"power",0.16,0.06,0.05,0.07,0.06,0.12,0.07,0.04,0.06,0.19,0.05
10,7,6,"prevalence",0.5,"power",0.27,0.06,0.1,0.07,0.09,0.21,0.09,0.01,0.09,0.31,0.08
10,7,6,"prevalence",0.55,"power",0.45,0.06,0.11,0.06,0.12,0.32,0.09,0.04,0.08,0.38,0.09
10,7,6,"prevalence",0.6,"power",0.44,0.01,0.17,0.01,0.06,0.26,0.03,0.03,0.04,0.36,0.04
10,8,7,"abundance",0.05,"power",0.03,0.05,0.05,0.04,0.08,0.08,0.09,0.06,0.08,0.02,0.08
10,8,7,"abundance",0.1,"power",0.01,0.08,0.05,0.07,0.03,0.01,0.04,0.03,0.04,0.03,0.03
10,8,7,"abundance",0.15,"power",0.04,0.05,0.06,0.05,0.02,0.06,0.03,0.04,0.02,0.03,0.03
10,8,7,"abundance",0.2,"power",0.05,0.09,0.08,0.07,0.07,0.06,0.08,0.07,0.08,0.02,0.09
10,8,7,"abundance",0.25,"power",0.03,0.05,0.05,0.04,0.05,0.05,0.04,0.04,0.04,0.03,0.05
10,8,7,"abundance",0.3,"power",0.03,0.06,0.04,0.06,0.05,0.05,0.02,0.02,0.01,0.03,0.05
10,8,7,"abundance",0.35,"power",0.06,0.06,0.06,0.06,0.07,0.05,0.03,0.06,0.01,0.06,0.06
10,8,7,"abundance",0.4,"power",0.01,0.08,0.04,0.07,0.09,0.04,0.06,0.07,0.06,0.04,0.07
10,8,7,"abundance",0.45,"power",0.03,0.07,0.08,0.07,0.07,0.04,0.06,0.05,0.05,0.05,0.05
10,8,7,"abundance",0.5,"power",0.04,0.09,0.03,0.07,0.1,0.1,0.1,0.06,0.08,0.04,0.08
10,8,7,"abundance",0.55,"power",0.06,0.11,0.05,0.09,0.12,0.06,0.1,0.05,0.1,0.04,0.1
10,8,7,"abundance",0.6,"power",0.06,0.08,0.03,0.06,0.09,0.05,0.05,0.09,0.02,0.07,0.08
10,8,7,"both",0.05,"power",0.06,0.04,0.09,0.07,0.09,0.07,0.08,0.05,0.09,0.05,0.07
10,8,7,"both",0.1,"power",0.06,0.04,0.02,0.06,0.06,0.05,0.03,0.04,0.03,0.04,0.07
10,8,7,"both",0.15,"power",0.05,0.05,0.03,0.05,0.04,0.06,0.06,0.04,0.06,0.03,0.04
10,8,7,"both",0.2,"power",0.06,0.12,0.04,0.09,0.07,0.08,0.09,0.08,0.07,0.03,0.11
10,8,7,"both",0.25,"power",0.08,0.03,0.08,0.05,0.01,0.07,0.04,0.04,0.04,0.07,0.04
10,8,7,"both",0.3,"power",0.07,0.05,0.05,0.05,0.05,0.03,0.05,0.05,0.04,0.06,0.06
10,8,7,"both",0.35,"power",0.1,0.05,0.07,0.05,0.12,0.13,0.07,0.07,0.05,0.1,0.1
10,8,7,"both",0.4,"power",0.18,0.1,0.09,0.1,0.16,0.19,0.06,0.03,0.05,0.15,0.1
10,8,7,"both",0.45,"power",0.27,0.06,0.04,0.07,0.21,0.23,0.07,0.02,0.09,0.15,0.13
10,8,7,"both",0.5,"power",0.37,0.13,0.08,0.11,0.35,0.38,0.09,0.06,0.08,0.26,0.16
10,8,7,"both",0.55,"power",0.34,0.12,0.09,0.1,0.43,0.34,0.19,0.08,0.18,0.22,0.18
10,8,7,"both",0.6,"power",0.39,0.15,0.18,0.09,0.61,0.59,0.26,0.11,0.25,0.3,0.29
10,8,7,"prevalence",0.05,"power",0.02,0.05,0.06,0.05,0.06,0.03,0.03,0.06,0.05,0.03,0.05
10,8,7,"prevalence",0.1,"power",0.04,0.07,0.06,0.05,0.08,0.07,0.05,0.07,0.05,0.05,0.07
10,8,7,"prevalence",0.15,"power",0.06,0.05,0.1,0.04,0.03,0.05,0.04,0.07,0.05,0.07,0.04
10,8,7,"prevalence",0.2,"power",0.03,0.11,0.09,0.08,0.06,0.02,0.07,0.05,0.07,0.03,0.1
10,8,7,"prevalence",0.25,"power",0.06,0.05,0.06,0.06,0.07,0.04,0.03,0.04,0.03,0.06,0.06
10,8,7,"prevalence",0.3,"power",0.13,0.04,0.04,0.04,0.07,0.1,0.05,0.04,0.05,0.08,0.04
10,8,7,"prevalence",0.35,"power",0.1,0.04,0.05,0.05,0.1,0.07,0.1,0.06,0.1,0.08,0.08
10,8,7,"prevalence",0.4,"power",0.12,0.07,0.09,0.06,0.04,0.07,0.01,0.04,0.01,0.12,0.06
10,8,7,"prevalence",0.45,"power",0.21,0.07,0.11,0.05,0.1,0.17,0.11,0.06,0.08,0.13,0.09
10,8,7,"prevalence",0.5,"power",0.32,0.06,0.12,0.05,0.09,0.13,0.07,0.05,0.06,0.19,0.09
10,8,7,"prevalence",0.55,"power",0.27,0.05,0.1,0.03,0.07,0.12,0.05,0.04,0.05,0.2,0.04
10,8,7,"prevalence",0.6,"power",0.5,0.05,0.11,0.05,0.1,0.23,0.07,0.05,0.05,0.32,0.06
10,9,8,"abundance",0.05,"power",0.03,0.07,0.06,0.06,0.07,0.06,0.09,0.08,0.1,0.02,0.09
10,9,8,"abundance",0.1,"power",0.03,0.02,0.03,0.03,0.06,0.05,0.07,0.05,0.06,0.02,0.06
10,9,8,"abundance",0.15,"power",0.06,0.08,0.07,0.08,0.07,0.05,0.01,0.01,0.02,0.07,0.07
10,9,8,"abundance",0.2,"power",0.04,0.04,0.04,0.03,0.05,0.1,0.05,0.03,0.04,0.03,0.07
10,9,8,"abundance",0.25,"power",0.02,0.05,0.05,0.03,0.06,0.04,0.03,0.05,0.03,0.02,0.04
10,9,8,"abundance",0.3,"power",0.03,0.03,0.07,0.04,0.05,0.03,0.03,0.02,0.04,0.04,0.04
10,9,8,"abundance",0.35,"power",0.04,0.06,0.01,0.06,0.12,0.04,0.08,0.05,0.08,0.02,0.08
10,9,8,"abundance",0.4,"power",0.03,0.06,0.07,0.07,0.08,0.06,0.04,0.03,0.04,0.05,0.08
10,9,8,"abundance",0.45,"power",0.07,0.06,0.06,0.09,0.15,0.07,0.09,0.04,0.09,0.04,0.1
10,9,8,"abundance",0.5,"power",0.03,0.06,0.05,0.1,0.17,0.03,0.1,0.05,0.1,0.01,0.11
10,9,8,"abundance",0.55,"power",0.02,0.07,0.06,0.07,0.16,0.03,0.07,0.07,0.08,0.05,0.12
10,9,8,"abundance",0.6,"power",0.02,0.13,0.01,0.12,0.24,0.06,0.14,0.08,0.13,0.01,0.21
10,9,8,"both",0.05,"power",0.04,0.05,0.03,0.02,0.06,0.05,0.03,0.04,0.03,0,0.05
10,9,8,"both",0.1,"power",0.01,0.03,0.09,0.05,0.09,0.05,0.07,0.03,0.06,0.05,0.04
10,9,8,"both",0.15,"power",0.05,0.07,0.04,0.08,0.07,0.05,0.03,0.03,0.03,0.05,0.05
10,9,8,"both",0.2,"power",0.08,0.08,0.08,0.09,0.06,0.07,0.05,0.03,0.04,0.07,0.06
10,9,8,"both",0.25,"power",0.11,0.09,0.08,0.1,0.09,0.1,0.09,0.04,0.07,0.1,0.09
10,9,8,"both",0.3,"power",0.16,0.04,0.09,0.05,0.13,0.13,0.06,0.03,0.06,0.14,0.04
10,9,8,"both",0.35,"power",0.11,0.06,0.07,0.1,0.2,0.18,0.14,0.06,0.14,0.13,0.14
10,9,8,"both",0.4,"power",0.13,0.12,0.06,0.13,0.31,0.18,0.08,0.1,0.06,0.13,0.12
10,9,8,"both",0.45,"power",0.18,0.12,0.09,0.1,0.4,0.26,0.19,0.12,0.18,0.16,0.22
10,9,8,"both",0.5,"power",0.24,0.14,0.12,0.13,0.53,0.3,0.11,0.03,0.12,0.24,0.24
10,9,8,"both",0.55,"power",0.27,0.13,0.09,0.12,0.53,0.32,0.1,0.06,0.1,0.24,0.28
10,9,8,"both",0.6,"power",0.39,0.23,0.15,0.17,0.72,0.45,0.24,0.07,0.25,0.33,0.41
10,9,8,"prevalence",0.05,"power",0.02,0.05,0.05,0.02,0.03,0.05,0.03,0.04,0.03,0.06,0.03
10,9,8,"prevalence",0.1,"power",0.02,0.02,0.03,0.03,0.04,0.05,0.03,0.03,0.03,0.04,0.02
10,9,8,"prevalence",0.15,"power",0.07,0.08,0.03,0.06,0.05,0.07,0.03,0.05,0.03,0.06,0.04
10,9,8,"prevalence",0.2,"power",0.05,0.06,0.05,0.03,0.03,0.05,0.05,0.08,0.04,0.08,0.03
10,9,8,"prevalence",0.25,"power",0.08,0.02,0.06,0.02,0.06,0.06,0.03,0.05,0.03,0.09,0.02
10,9,8,"prevalence",0.3,"power",0.06,0.07,0.03,0.06,0.04,0.06,0.05,0.06,0.06,0.06,0.06
10,9,8,"prevalence",0.35,"power",0.13,0.03,0.05,0.02,0.09,0.13,0.08,0.05,0.08,0.07,0.05
10,9,8,"prevalence",0.4,"power",0.14,0.02,0.13,0.03,0.04,0.06,0.02,0.02,0.03,0.14,0.02
10,9,8,"prevalence",0.45,"power",0.11,0.11,0.11,0.09,0.09,0.06,0.08,0.09,0.08,0.13,0.12
10,9,8,"prevalence",0.5,"power",0.25,0.08,0.06,0.1,0.07,0.15,0.03,0.04,0.02,0.23,0.06
10,9,8,"prevalence",0.55,"power",0.27,0.08,0.09,0.08,0.09,0.21,0.05,0.07,0.05,0.25,0.09
10,9,8,"prevalence",0.6,"power",0.44,0.07,0.14,0.07,0.11,0.18,0.1,0.1,0.11,0.36,0.09
10,10,2,"abundance",0.05,"power",0.07,0.03,0.03,0.05,0.01,0.03,0.03,0.06,0.05,0.04,0.02
10,10,2,"abundance",0.1,"power",0.08,0.11,0.07,0.08,0.04,0.04,0.04,0.03,0.04,0.1,0.08
10,10,2,"abundance",0.15,"power",0.06,0.04,0.04,0.06,0.08,0.1,0.11,0.05,0.11,0.08,0.08
10,10,2,"abundance",0.2,"power",0.04,0.1,0.03,0.07,0.1,0.04,0.11,0.1,0.12,0.03,0.09
10,10,2,"abundance",0.25,"power",0.03,0.12,0.07,0.11,0.05,0.02,0.06,0.07,0.06,0.03,0.09
10,10,2,"abundance",0.3,"power",0.03,0.09,0.05,0.07,0.12,0.03,0.1,0.08,0.08,0.03,0.14
10,10,2,"abundance",0.35,"power",0.03,0.11,0.04,0.12,0.17,0.06,0.12,0.14,0.11,0.07,0.18
10,10,2,"abundance",0.4,"power",0.03,0.21,0.03,0.18,0.21,0.04,0.19,0.18,0.19,0.05,0.2
10,10,2,"abundance",0.45,"power",0.09,0.24,0.08,0.21,0.21,0.1,0.26,0.13,0.27,0.08,0.29
10,10,2,"abundance",0.5,"power",0.06,0.32,0.08,0.24,0.34,0.06,0.25,0.2,0.24,0.04,0.37
10,10,2,"abundance",0.55,"power",0.03,0.37,0.03,0.32,0.44,0.09,0.43,0.27,0.36,0.03,0.38
10,10,2,"abundance",0.6,"power",0.05,0.48,0.05,0.33,0.52,0.08,0.47,0.38,0.39,0.07,0.54
10,10,2,"both",0.05,"power",0.07,0.03,0.06,0.03,0.03,0.06,0.02,0.04,0.02,0.05,0.03
10,10,2,"both",0.1,"power",0.06,0.03,0.04,0.03,0.03,0.02,0.05,0.03,0.04,0.08,0.03
10,10,2,"both",0.15,"power",0.05,0.06,0.03,0.07,0.04,0.08,0.06,0.07,0.05,0.04,0.07
10,10,2,"both",0.2,"power",0.06,0.1,0.03,0.1,0.07,0.09,0.08,0.05,0.08,0.06,0.06
10,10,2,"both",0.25,"power",0.07,0.14,0.07,0.13,0.14,0.1,0.11,0.05,0.12,0.06,0.13
10,10,2,"both",0.3,"power",0.12,0.18,0.1,0.15,0.26,0.13,0.21,0.09,0.17,0.08,0.24
10,10,2,"both",0.35,"power",0.08,0.18,0.06,0.13,0.21,0.08,0.15,0.11,0.15,0.14,0.18
10,10,2,"both",0.4,"power",0.15,0.21,0.13,0.2,0.39,0.23,0.22,0.12,0.19,0.18,0.31
10,10,2,"both",0.45,"power",0.14,0.32,0.05,0.27,0.49,0.3,0.43,0.21,0.39,0.22,0.41
10,10,2,"both",0.5,"power",0.23,0.36,0.12,0.3,0.61,0.34,0.39,0.25,0.4,0.3,0.48
10,10,2,"both",0.55,"power",0.29,0.45,0.15,0.36,0.8,0.5,0.46,0.33,0.45,0.39,0.58
10,10,2,"both",0.6,"power",0.34,0.67,0.1,0.54,0.87,0.57,0.58,0.36,0.58,0.52,0.73
10,10,2,"prevalence",0.05,"power",0.05,0.03,0.06,0.02,0.05,0.05,0.06,0.04,0.06,0.08,0.02
10,10,2,"prevalence",0.1,"power",0.03,0.09,0.05,0.09,0.04,0.05,0.06,0.04,0.03,0.05,0.09
10,10,2,"prevalence",0.15,"power",0.06,0.08,0.08,0.07,0.06,0.03,0.06,0.05,0.07,0.04,0.06
10,10,2,"prevalence",0.2,"power",0.05,0.03,0.1,0.03,0.05,0.04,0.06,0.05,0.05,0.07,0.04
10,10,2,"prevalence",0.25,"power",0.07,0.07,0.05,0.05,0.05,0.07,0.05,0.07,0.03,0.08,0.03
10,10,2,"prevalence",0.3,"power",0.09,0.02,0.09,0.03,0,0.1,0.04,0.05,0.03,0.1,0.01
10,10,2,"prevalence",0.35,"power",0.12,0.04,0.07,0.05,0.01,0.1,0.02,0.03,0.03,0.14,0.02
10,10,2,"prevalence",0.4,"power",0.2,0.05,0.07,0.06,0.02,0.16,0.05,0.07,0.04,0.22,0.02
10,10,2,"prevalence",0.45,"power",0.21,0.05,0.08,0.05,0.14,0.18,0.05,0.06,0.04,0.23,0.07
10,10,2,"prevalence",0.5,"power",0.27,0.06,0.14,0.07,0.09,0.15,0.07,0.04,0.08,0.37,0.05
10,10,2,"prevalence",0.55,"power",0.23,0.07,0.06,0.08,0.12,0.18,0.06,0.06,0.07,0.31,0.06
10,10,2,"prevalence",0.6,"power",0.38,0.09,0.09,0.09,0.12,0.21,0.06,0.02,0.06,0.5,0.07
12,1,4,"abundance",0.05,"power",0.03,0.03,0.05,0.03,0.02,0.03,0.02,0.05,0.02,0.04,0.03
12,1,4,"abundance",0.1,"power",0.07,0.09,0.06,0.06,0.08,0.07,0.08,0.06,0.07,0.07,0.06
12,1,4,"abundance",0.15,"power",0.07,0.05,0.03,0.07,0.07,0.05,0.09,0.06,0.09,0.06,0.07
12,1,4,"abundance",0.2,"power",0.04,0.04,0.03,0.07,0.02,0.02,0.04,0.04,0.03,0.03,0.04
12,1,4,"abundance",0.25,"power",0.04,0.07,0.04,0.08,0.12,0.05,0.1,0.06,0.1,0.05,0.08
12,1,4,"abundance",0.3,"power",0,0.07,0.03,0.08,0.04,0.03,0.04,0.05,0.05,0,0.07
12,1,4,"abundance",0.35,"power",0.05,0.12,0.04,0.1,0.13,0.05,0.08,0.1,0.1,0.03,0.16
12,1,4,"abundance",0.4,"power",0.06,0.15,0.06,0.11,0.17,0.07,0.15,0.07,0.14,0.04,0.18
12,1,4,"abundance",0.45,"power",0.06,0.1,0.08,0.1,0.19,0.07,0.09,0.1,0.08,0.05,0.18
12,1,4,"abundance",0.5,"power",0.03,0.21,0.07,0.17,0.26,0.02,0.13,0.08,0.13,0.07,0.2
12,1,4,"abundance",0.55,"power",0.05,0.16,0.03,0.13,0.23,0.07,0.16,0.14,0.14,0.03,0.23
12,1,4,"abundance",0.6,"power",0.05,0.19,0.05,0.17,0.34,0.06,0.17,0.11,0.15,0.03,0.36
12,1,4,"both",0.05,"power",0.04,0.04,0.03,0.06,0.06,0.05,0.06,0.06,0.05,0.06,0.05
12,1,4,"both",0.1,"power",0.06,0.03,0.06,0.06,0.07,0.08,0.05,0.02,0.05,0.08,0.05
12,1,4,"both",0.15,"power",0.06,0.05,0.06,0.05,0.07,0.06,0.04,0.07,0.04,0.05,0.08
12,1,4,"both",0.2,"power",0.03,0.09,0.06,0.09,0.1,0.01,0.06,0.08,0.04,0.05,0.11
12,1,4,"both",0.25,"power",0.12,0.08,0.1,0.08,0.14,0.13,0.07,0.06,0.07,0.06,0.1
12,1,4,"both",0.3,"power",0.05,0.11,0.06,0.1,0.18,0.09,0.11,0.08,0.11,0.04,0.19
12,1,4,"both",0.35,"power",0.15,0.12,0.09,0.1,0.14,0.13,0.07,0.06,0.08,0.11,0.13
12,1,4,"both",0.4,"power",0.21,0.18,0.04,0.18,0.37,0.21,0.17,0.12,0.18,0.16,0.29
12,1,4,"both",0.45,"power",0.33,0.28,0.08,0.16,0.56,0.34,0.19,0.13,0.15,0.21,0.4
12,1,4,"both",0.5,"power",0.27,0.31,0.08,0.24,0.6,0.32,0.26,0.18,0.21,0.17,0.46
12,1,4,"both",0.55,"power",0.43,0.34,0.11,0.23,0.69,0.54,0.29,0.16,0.29,0.26,0.55
12,1,4,"both",0.6,"power",0.45,0.52,0.12,0.42,0.84,0.66,0.51,0.21,0.48,0.25,0.74
12,1,4,"prevalence",0.05,"power",0.06,0.04,0.02,0.06,0.02,0.03,0.04,0.04,0.04,0.05,0.06
12,1,4,"prevalence",0.1,"power",0.05,0.05,0.04,0.05,0.06,0.04,0.08,0.02,0.08,0.07,0.05
12,1,4,"prevalence",0.15,"power",0.06,0.05,0.05,0.04,0.04,0.05,0.01,0.04,0.01,0.1,0.05
12,1,4,"prevalence",0.2,"power",0.05,0.04,0.05,0.05,0.05,0.07,0.09,0.09,0.1,0.02,0.04
12,1,4,"prevalence",0.25,"power",0.08,0.05,0.07,0.06,0.1,0.07,0.03,0.04,0.05,0.06,0.08
12,1,4,"prevalence",0.3,"power",0.12,0.08,0.04,0.07,0.05,0.08,0.04,0.07,0.04,0.1,0.05
12,1,4,"prevalence",0.35,"power",0.14,0.02,0.09,0.03,0.05,0.07,0.03,0.04,0.02,0.14,0.03
12,1,4,"prevalence",0.4,"power",0.2,0.01,0.05,0.02,0.05,0.15,0.03,0.03,0.04,0.13,0.02
12,1,4,"prevalence",0.45,"power",0.21,0.07,0.06,0.03,0.11,0.13,0.09,0.06,0.07,0.19,0.1
12,1,4,"prevalence",0.5,"power",0.32,0.04,0.05,0.04,0.09,0.16,0.07,0.06,0.06,0.24,0.04
12,1,4,"prevalence",0.55,"power",0.41,0.04,0.15,0.05,0.11,0.26,0.08,0.07,0.07,0.25,0.05
12,1,4,"prevalence",0.6,"power",0.59,0.04,0.18,0.06,0.14,0.29,0.06,0.04,0.07,0.33,0.09
12,2,1,"abundance",0.05,"power",0.06,0.14,0.04,0.11,0.11,0.07,0.1,0.11,0.13,0.05,0.14
12,2,1,"abundance",0.1,"power",0.04,0.03,0.09,0.03,0.05,0.02,0.04,0.02,0.03,0.05,0.05
12,2,1,"abundance",0.15,"power",0.06,0.17,0.06,0.12,0.1,0.06,0.07,0.02,0.08,0.06,0.11
12,2,1,"abundance",0.2,"power",0.05,0.16,0.04,0.15,0.11,0.08,0.11,0.05,0.12,0.06,0.17
12,2,1,"abundance",0.25,"power",0.01,0.14,0.02,0.16,0.13,0.02,0.08,0.08,0.07,0.02,0.15
12,2,1,"abundance",0.3,"power",0.07,0.3,0.05,0.24,0.21,0.08,0.13,0.11,0.13,0.06,0.25
12,2,1,"abundance",0.35,"power",0.05,0.33,0.04,0.32,0.21,0.08,0.16,0.12,0.18,0.05,0.32
12,2,1,"abundance",0.4,"power",0.06,0.37,0.07,0.42,0.33,0.07,0.3,0.18,0.3,0.05,0.37
12,2,1,"abundance",0.45,"power",0.06,0.6,0.04,0.63,0.48,0.07,0.32,0.24,0.33,0.05,0.57
12,2,1,"abundance",0.5,"power",0.06,0.61,0.09,0.61,0.56,0.05,0.45,0.34,0.41,0.08,0.59
12,2,1,"abundance",0.55,"power",0.05,0.75,0.05,0.73,0.61,0.07,0.55,0.48,0.56,0.06,0.73
12,2,1,"abundance",0.6,"power",0.03,0.74,0.05,0.75,0.7,0.07,0.61,0.5,0.58,0.06,0.75
12,2,1,"both",0.05,"power",0.03,0.08,0.03,0.07,0.04,0.05,0.07,0.06,0.07,0.01,0.06
12,2,1,"both",0.1,"power",0.02,0.04,0.06,0.05,0.06,0.03,0.07,0.04,0.05,0.02,0.06
12,2,1,"both",0.15,"power",0.04,0.12,0.04,0.1,0.11,0.01,0.09,0.1,0.11,0.02,0.11
12,2,1,"both",0.2,"power",0.09,0.15,0.04,0.14,0.13,0.07,0.06,0.09,0.06,0.04,0.1
12,2,1,"both",0.25,"power",0.09,0.26,0.07,0.27,0.19,0.16,0.13,0.1,0.13,0.08,0.28
12,2,1,"both",0.3,"power",0.09,0.34,0.07,0.35,0.29,0.11,0.19,0.13,0.19,0.06,0.33
12,2,1,"both",0.35,"power",0.06,0.38,0.04,0.37,0.34,0.21,0.26,0.16,0.23,0.08,0.35
12,2,1,"both",0.4,"power",0.15,0.61,0.07,0.61,0.63,0.25,0.33,0.18,0.32,0.12,0.66
12,2,1,"both",0.45,"power",0.21,0.74,0.11,0.72,0.7,0.35,0.47,0.32,0.47,0.17,0.73
12,2,1,"both",0.5,"power",0.28,0.78,0.1,0.74,0.83,0.45,0.59,0.32,0.56,0.24,0.8
12,2,1,"both",0.55,"power",0.28,0.83,0.13,0.84,0.81,0.53,0.65,0.37,0.64,0.22,0.85
12,2,1,"both",0.6,"power",0.37,0.87,0.11,0.86,0.98,0.7,0.77,0.4,0.78,0.28,0.92
12,2,1,"prevalence",0.05,"power",0.03,0.03,0.06,0.02,0.05,0.05,0.04,0.03,0.04,0.03,0.02
12,2,1,"prevalence",0.1,"power",0.01,0.03,0.03,0.03,0.02,0.01,0.04,0.07,0.06,0.03,0.01
12,2,1,"prevalence",0.15,"power",0.05,0.1,0.07,0.09,0.08,0.04,0.06,0.06,0.06,0.02,0.11
12,2,1,"prevalence",0.2,"power",0.05,0.02,0.04,0.02,0.06,0.05,0.08,0.03,0.07,0.05,0.02
12,2,1,"prevalence",0.25,"power",0.13,0.08,0.08,0.07,0.03,0.07,0.07,0.04,0.07,0.09,0.04
12,2,1,"prevalence",0.3,"power",0.11,0.04,0.04,0.08,0.05,0.1,0.05,0.03,0.05,0.07,0.04
12,2,1,"prevalence",0.35,"power",0.13,0.05,0.1,0.02,0.06,0.08,0.03,0.04,0.02,0.09,0.06
12,2,1,"prevalence",0.4,"power",0.08,0.02,0.08,0.06,0.04,0.1,0.05,0.03,0.04,0.07,0.04
12,2,1,"prevalence",0.45,"power",0.16,0.07,0.11,0.09,0.06,0.15,0.07,0.05,0.08,0.16,0.05
12,2,1,"prevalence",0.5,"power",0.28,0.04,0.08,0.05,0.08,0.24,0.09,0.07,0.08,0.24,0.02
12,2,1,"prevalence",0.55,"power",0.3,0.08,0.12,0.09,0.08,0.28,0.05,0.04,0.05,0.21,0.07
12,2,1,"prevalence",0.6,"power",0.44,0.05,0.14,0.06,0.06,0.31,0.07,0.08,0.07,0.37,0.04
12,3,12,"abundance",0.05,"power",0.02,0.09,0.04,0.07,0.02,0.03,0.05,0.08,0.05,0.05,0.08
12,3,12,"abundance",0.1,"power",0.06,0.06,0.06,0.06,0.08,0.08,0.05,0.09,0.06,0.07,0.06
12,3,12,"abundance",0.15,"power",0.04,0.07,0.03,0.07,0.03,0.02,0.04,0.06,0.05,0.03,0.04
12,3,12,"abundance",0.2,"power",0.03,0.05,0.06,0.03,0.05,0.08,0.05,0.04,0.05,0.05,0.07
12,3,12,"abundance",0.25,"power",0.07,0.02,0.05,0.02,0.03,0.06,0.05,0.05,0.06,0.08,0.03
12,3,12,"abundance",0.3,"power",0.03,0.05,0.05,0.06,0.03,0.06,0.02,0.01,0.01,0.04,0.03
12,3,12,"abundance",0.35,"power",0.07,0.07,0.03,0.09,0.08,0.09,0.07,0.05,0.07,0.08,0.07
12,3,12,"abundance",0.4,"power",0.09,0.04,0.06,0.06,0.06,0.03,0.03,0.04,0.01,0.07,0.05
12,3,12,"abundance",0.45,"power",0.08,0.05,0.02,0.09,0.05,0.08,0.03,0.04,0.03,0.08,0.06
12,3,12,"abundance",0.5,"power",0.04,0.12,0.05,0.09,0.09,0.03,0.06,0.07,0.05,0.04,0.07
12,3,12,"abundance",0.55,"power",0.07,0.09,0.06,0.08,0.09,0.07,0.04,0.06,0.04,0.04,0.1
12,3,12,"abundance",0.6,"power",0.05,0.05,0.06,0.06,0.05,0.05,0.06,0.07,0.06,0.03,0.05
12,3,12,"both",0.05,"power",0.03,0.09,0.05,0.1,0.06,0.07,0.09,0.09,0.12,0.05,0.1
12,3,12,"both",0.1,"power",0.05,0.07,0.05,0.07,0.08,0.08,0.07,0.04,0.06,0.08,0.04
12,3,12,"both",0.15,"power",0.02,0.06,0.05,0.07,0.06,0.03,0.04,0.07,0.05,0.03,0.08
12,3,12,"both",0.2,"power",0.09,0.05,0.07,0.06,0.05,0.06,0.09,0.1,0.06,0.09,0.05
12,3,12,"both",0.25,"power",0.1,0.03,0.04,0.03,0.04,0.08,0.03,0.05,0.03,0.12,0.04
12,3,12,"both",0.3,"power",0.06,0.04,0.03,0.03,0.04,0.06,0.03,0.06,0.04,0.08,0.02
12,3,12,"both",0.35,"power",0.18,0.04,0.07,0.04,0.12,0.13,0.09,0.04,0.07,0.23,0.09
12,3,12,"both",0.4,"power",0.17,0.04,0.05,0.03,0.15,0.17,0.06,0.05,0.07,0.27,0.06
12,3,12,"both",0.45,"power",0.21,0.03,0.1,0.03,0.19,0.2,0.11,0.05,0.12,0.37,0.08
12,3,12,"both",0.5,"power",0.19,0.04,0.11,0.03,0.22,0.13,0.06,0.06,0.04,0.4,0.08
12,3,12,"both",0.55,"power",0.33,0.12,0.08,0.05,0.35,0.23,0.12,0.04,0.12,0.56,0.18
12,3,12,"both",0.6,"power",0.29,0.04,0.13,0.04,0.44,0.27,0.05,0.04,0.05,0.66,0.13
12,3,12,"prevalence",0.05,"power",0.04,0.09,0.05,0.08,0.07,0.03,0.08,0.07,0.07,0.04,0.06
12,3,12,"prevalence",0.1,"power",0.08,0.08,0.03,0.08,0.05,0.03,0.04,0.06,0.03,0.06,0.06
12,3,12,"prevalence",0.15,"power",0.07,0.05,0.05,0.02,0.04,0.07,0.05,0.06,0.04,0.11,0.05
12,3,12,"prevalence",0.2,"power",0.07,0.04,0.06,0.04,0.08,0.06,0.06,0.05,0.04,0.11,0.06
12,3,12,"prevalence",0.25,"power",0.04,0.08,0.07,0.05,0.05,0.02,0.07,0.05,0.08,0.03,0.07
12,3,12,"prevalence",0.3,"power",0.13,0.07,0.06,0.07,0.08,0.1,0.08,0.06,0.09,0.21,0.09
12,3,12,"prevalence",0.35,"power",0.17,0.03,0.08,0.03,0.03,0.06,0.04,0.04,0.04,0.22,0.01
12,3,12,"prevalence",0.4,"power",0.12,0.01,0.12,0,0.04,0.08,0.04,0.04,0.03,0.24,0.03
12,3,12,"prevalence",0.45,"power",0.13,0.08,0.06,0.09,0.07,0.08,0.03,0.01,0.03,0.3,0.05
12,3,12,"prevalence",0.5,"power",0.17,0.05,0.06,0.05,0.06,0.09,0.03,0.04,0.03,0.39,0.08
12,3,12,"prevalence",0.55,"power",0.32,0.01,0.21,0.02,0.1,0.15,0.07,0.01,0.05,0.56,0.01
12,3,12,"prevalence",0.6,"power",0.36,0.05,0.19,0.06,0.12,0.12,0.1,0.08,0.09,0.65,0.07
12,4,3,"abundance",0.05,"power",0.04,0.04,0.06,0.05,0.02,0.01,0,0.04,0.02,0.03,0.03
12,4,3,"abundance",0.1,"power",0.08,0.05,0.06,0.05,0.03,0.07,0.04,0.07,0.04,0.1,0.04
12,4,3,"abundance",0.15,"power",0.08,0.07,0.08,0.04,0.07,0.05,0.09,0.07,0.09,0.08,0.06
12,4,3,"abundance",0.2,"power",0.04,0.03,0.04,0.03,0.08,0.07,0.05,0.04,0.04,0.02,0.09
12,4,3,"abundance",0.25,"power",0,0.06,0.06,0.07,0.09,0.04,0.07,0.06,0.06,0.03,0.08
12,4,3,"abundance",0.3,"power",0.09,0.09,0.08,0.1,0.11,0.04,0.06,0.08,0.06,0.07,0.13
12,4,3,"abundance",0.35,"power",0.04,0.12,0.05,0.09,0.2,0.05,0.07,0.11,0.08,0.02,0.21
12,4,3,"abundance",0.4,"power",0.08,0.12,0.07,0.09,0.15,0.04,0.15,0.1,0.12,0.06,0.18
12,4,3,"abundance",0.45,"power",0.06,0.11,0.06,0.07,0.16,0.05,0.09,0.08,0.09,0.07,0.2
12,4,3,"abundance",0.5,"power",0.07,0.25,0.07,0.13,0.34,0.06,0.16,0.1,0.18,0.08,0.35
12,4,3,"abundance",0.55,"power",0.07,0.27,0.03,0.13,0.46,0.08,0.25,0.22,0.24,0.06,0.46
12,4,3,"abundance",0.6,"power",0.05,0.29,0.07,0.18,0.41,0.06,0.19,0.13,0.18,0.06,0.41
12,4,3,"both",0.05,"power",0.03,0.02,0.02,0.02,0.06,0.08,0.06,0.04,0.04,0.05,0.05
12,4,3,"both",0.1,"power",0.07,0.06,0.07,0.05,0.06,0.02,0.08,0.06,0.08,0.03,0.06
12,4,3,"both",0.15,"power",0.08,0.09,0.05,0.05,0.09,0.05,0.04,0.06,0.04,0.11,0.09
12,4,3,"both",0.2,"power",0.03,0.08,0.06,0.1,0.03,0.02,0.04,0.04,0.02,0.05,0.08
12,4,3,"both",0.25,"power",0.03,0.08,0.07,0.05,0.16,0.07,0.07,0.05,0.06,0.03,0.14
12,4,3,"both",0.3,"power",0.13,0.07,0.07,0.05,0.19,0.17,0.06,0.03,0.06,0.11,0.16
12,4,3,"both",0.35,"power",0.11,0.16,0.07,0.1,0.27,0.2,0.09,0.06,0.11,0.05,0.28
12,4,3,"both",0.4,"power",0.14,0.21,0.1,0.17,0.44,0.19,0.19,0.11,0.21,0.17,0.39
12,4,3,"both",0.45,"power",0.24,0.28,0.08,0.13,0.49,0.17,0.18,0.13,0.14,0.09,0.47
12,4,3,"both",0.5,"power",0.2,0.38,0.12,0.13,0.7,0.28,0.31,0.15,0.27,0.12,0.61
12,4,3,"both",0.55,"power",0.3,0.49,0.14,0.19,0.79,0.35,0.37,0.18,0.31,0.17,0.76
12,4,3,"both",0.6,"power",0.3,0.64,0.11,0.36,0.84,0.44,0.54,0.33,0.5,0.19,0.84
12,4,3,"prevalence",0.05,"power",0.01,0.03,0.03,0.06,0.03,0.04,0.01,0.02,0.02,0.01,0.05
12,4,3,"prevalence",0.1,"power",0.05,0.05,0.03,0.06,0.03,0.05,0.02,0.04,0.03,0.05,0.03
12,4,3,"prevalence",0.15,"power",0.03,0.08,0.06,0.06,0.08,0.07,0.07,0.05,0.07,0.02,0.06
12,4,3,"prevalence",0.2,"power",0.07,0.05,0.08,0.04,0.05,0.03,0.06,0.03,0.07,0.06,0.07
12,4,3,"prevalence",0.25,"power",0.12,0.05,0.04,0.05,0.03,0.05,0.05,0.03,0.06,0.1,0.05
12,4,3,"prevalence",0.3,"power",0.12,0.05,0.06,0.06,0.06,0.09,0.07,0.04,0.09,0.09,0.04
12,4,3,"prevalence",0.35,"power",0.12,0.03,0.05,0.02,0.04,0.1,0.04,0.08,0.04,0.08,0.03
12,4,3,"prevalence",0.4,"power",0.16,0.05,0.08,0.05,0.05,0.08,0.07,0.03,0.05,0.11,0.06
12,4,3,"prevalence",0.45,"power",0.19,0.06,0.1,0.04,0.13,0.1,0.09,0.07,0.1,0.11,0.11
12,4,3,"prevalence",0.5,"power",0.22,0.05,0.08,0.08,0.09,0.12,0.1,0.04,0.09,0.16,0.07
12,4,3,"prevalence",0.55,"power",0.28,0.05,0.05,0.07,0.08,0.15,0.03,0.02,0.05,0.13,0.09
12,4,3,"prevalence",0.6,"power",0.33,0.08,0.07,0.1,0.12,0.16,0.11,0.09,0.09,0.14,0.12
12,5,6,"abundance",0.05,"power",0.03,0.08,0.06,0.05,0.08,0.04,0.06,0.08,0.09,0.03,0.08
12,5,6,"abundance",0.1,"power",0.02,0.07,0.04,0.06,0.09,0.01,0.04,0.05,0.04,0.03,0.06
12,5,6,"abundance",0.15,"power",0.05,0.07,0.03,0.07,0.05,0.05,0.05,0.06,0.05,0.04,0.05
12,5,6,"abundance",0.2,"power",0.05,0.04,0.02,0.05,0.06,0.13,0.05,0.05,0.05,0.06,0.06
12,5,6,"abundance",0.25,"power",0.1,0.04,0.08,0.04,0.07,0.03,0.07,0.08,0.08,0.08,0.07
12,5,6,"abundance",0.3,"power",0.02,0.05,0.03,0.03,0.05,0.03,0.06,0.05,0.05,0,0.04
12,5,6,"abundance",0.35,"power",0.03,0.07,0.09,0.08,0.1,0.03,0.06,0.03,0.06,0.07,0.09
12,5,6,"abundance",0.4,"power",0.07,0.09,0.03,0.07,0.14,0.1,0.14,0.08,0.14,0.05,0.13
12,5,6,"abundance",0.45,"power",0.12,0.09,0.04,0.07,0.14,0.09,0.14,0.1,0.12,0.08,0.13
12,5,6,"abundance",0.5,"power",0.06,0.11,0.02,0.12,0.28,0.08,0.22,0.1,0.19,0.04,0.23
12,5,6,"abundance",0.55,"power",0.08,0.18,0.09,0.15,0.24,0.08,0.2,0.11,0.19,0.08,0.2
12,5,6,"abundance",0.6,"power",0.02,0.09,0.04,0.09,0.26,0.05,0.23,0.14,0.23,0.02,0.22
12,5,6,"both",0.05,"power",0.04,0.04,0.04,0.02,0.11,0.07,0.09,0.05,0.08,0.05,0.05
12,5,6,"both",0.1,"power",0.08,0.08,0.05,0.08,0.09,0.08,0.06,0.02,0.06,0.08,0.08
12,5,6,"both",0.15,"power",0.06,0.06,0.07,0.05,0.05,0.06,0.05,0.07,0.05,0.06,0.03
12,5,6,"both",0.2,"power",0.04,0.06,0.03,0.05,0.07,0,0.09,0.05,0.09,0.07,0.08
12,5,6,"both",0.25,"power",0.04,0.06,0.06,0.06,0.1,0.04,0.08,0.05,0.09,0.04,0.09
12,5,6,"both",0.3,"power",0.06,0.06,0.09,0.06,0.14,0.05,0.1,0.08,0.09,0.05,0.1
12,5,6,"both",0.35,"power",0.09,0.07,0.02,0.09,0.12,0.08,0.07,0.07,0.06,0.08,0.09
12,5,6,"both",0.4,"power",0.11,0.07,0.09,0.05,0.24,0.13,0.13,0.06,0.15,0.13,0.12
12,5,6,"both",0.45,"power",0.16,0.11,0.06,0.08,0.35,0.22,0.21,0.11,0.2,0.17,0.18
12,5,6,"both",0.5,"power",0.25,0.06,0.1,0.06,0.34,0.28,0.18,0.1,0.17,0.22,0.13
12,5,6,"both",0.55,"power",0.32,0.05,0.06,0.05,0.49,0.32,0.22,0.09,0.21,0.22,0.23
12,5,6,"both",0.6,"power",0.35,0.15,0.13,0.11,0.66,0.44,0.39,0.15,0.39,0.32,0.31
12,5,6,"prevalence",0.05,"power",0.06,0.09,0.05,0.08,0.07,0.05,0.06,0.07,0.04,0.08,0.06
12,5,6,"prevalence",0.1,"power",0.05,0.07,0.04,0.05,0.06,0.04,0.03,0.09,0.04,0.03,0.05
12,5,6,"prevalence",0.15,"power",0.07,0.1,0.04,0.09,0.08,0.06,0.05,0.1,0.07,0.05,0.08
12,5,6,"prevalence",0.2,"power",0.12,0.05,0.08,0.07,0.06,0.09,0.05,0.04,0.06,0.09,0.06
12,5,6,"prevalence",0.25,"power",0.1,0.01,0.11,0.01,0.03,0.05,0.06,0.02,0.06,0.04,0.03
12,5,6,"prevalence",0.3,"power",0.11,0.05,0.06,0.08,0.06,0.07,0.05,0.08,0.06,0.11,0.04
12,5,6,"prevalence",0.35,"power",0.08,0.06,0.07,0.03,0.05,0.07,0.04,0.02,0.03,0.07,0.07
12,5,6,"prevalence",0.4,"power",0.12,0.04,0.07,0.05,0.08,0.04,0.09,0.04,0.1,0.09,0.05
12,5,6,"prevalence",0.45,"power",0.15,0.05,0.07,0.05,0.05,0.05,0.04,0.04,0.03,0.15,0.06
12,5,6,"prevalence",0.5,"power",0.27,0.01,0.11,0.03,0.04,0.1,0,0.04,0.02,0.24,0.01
12,5,6,"prevalence",0.55,"power",0.26,0.02,0.06,0.05,0.06,0.1,0.06,0.04,0.06,0.18,0.05
12,5,6,"prevalence",0.6,"power",0.42,0.06,0.11,0.05,0.07,0.18,0.06,0.05,0.06,0.32,0.06
12,6,5,"abundance",0.05,"power",0.07,0.08,0.04,0.06,0.06,0.07,0.07,0.06,0.05,0.08,0.08
12,6,5,"abundance",0.1,"power",0.02,0.05,0.05,0.03,0.04,0.02,0.03,0.05,0.03,0.04,0.06
12,6,5,"abundance",0.15,"power",0.07,0.05,0.05,0.06,0.06,0.05,0.05,0.05,0.06,0.07,0.07
12,6,5,"abundance",0.2,"power",0.07,0.05,0.03,0.04,0.02,0.07,0.06,0.03,0.08,0.05,0.05
12,6,5,"abundance",0.25,"power",0.04,0.01,0.05,0.04,0.03,0.07,0.05,0.06,0.05,0.04,0.05
12,6,5,"abundance",0.3,"power",0.04,0.05,0.05,0.03,0.07,0.05,0.05,0.07,0.05,0.05,0.06
12,6,5,"abundance",0.35,"power",0.06,0.07,0.08,0.07,0.09,0.06,0.07,0.07,0.06,0.05,0.08
12,6,5,"abundance",0.4,"power",0.03,0.11,0.05,0.05,0.07,0.03,0.11,0.11,0.11,0.05,0.06
12,6,5,"abundance",0.45,"power",0.03,0.04,0.01,0.03,0.13,0.06,0.1,0.07,0.12,0.03,0.08
12,6,5,"abundance",0.5,"power",0.08,0.07,0.09,0.04,0.07,0.07,0.15,0.09,0.13,0.07,0.06
12,6,5,"abundance",0.55,"power",0.02,0.05,0.04,0.06,0.14,0.05,0.16,0.13,0.14,0.01,0.12
12,6,5,"abundance",0.6,"power",0.02,0.06,0.02,0.02,0.13,0.04,0.25,0.14,0.24,0.01,0.07
12,6,5,"both",0.05,"power",0.03,0.02,0.02,0.02,0.01,0.02,0.04,0.02,0.02,0.05,0.03
12,6,5,"both",0.1,"power",0.05,0.07,0.04,0.06,0.06,0.07,0.08,0.09,0.06,0.06,0.05
12,6,5,"both",0.15,"power",0.06,0.01,0.05,0.01,0.03,0.04,0.04,0.03,0.05,0.05,0.04
12,6,5,"both",0.2,"power",0.09,0.1,0.04,0.08,0.09,0.09,0.11,0.02,0.11,0.08,0.07
12,6,5,"both",0.25,"power",0.05,0.03,0.04,0.05,0.03,0.14,0.06,0.04,0.05,0.04,0.02
12,6,5,"both",0.3,"power",0.07,0.06,0.03,0.06,0.11,0.1,0.07,0.11,0.08,0.05,0.07
12,6,5,"both",0.35,"power",0.11,0.06,0.04,0.06,0.11,0.17,0.1,0.06,0.08,0.08,0.1
12,6,5,"both",0.4,"power",0.15,0.07,0.11,0.04,0.21,0.24,0.19,0.09,0.17,0.13,0.12
12,6,5,"both",0.45,"power",0.13,0.07,0.08,0.09,0.21,0.31,0.25,0.13,0.25,0.13,0.09
12,6,5,"both",0.5,"power",0.3,0.1,0.1,0.04,0.29,0.53,0.32,0.14,0.34,0.18,0.16
12,6,5,"both",0.55,"power",0.29,0.09,0.11,0.07,0.47,0.61,0.33,0.17,0.32,0.18,0.21
12,6,5,"both",0.6,"power",0.33,0.09,0.08,0.03,0.62,0.73,0.48,0.18,0.49,0.27,0.19
12,6,5,"prevalence",0.05,"power",0.06,0.04,0.07,0.05,0.02,0.03,0.01,0.06,0.02,0.03,0.03
12,6,5,"prevalence",0.1,"power",0.03,0.07,0.03,0.08,0.06,0.04,0.06,0.07,0.06,0.06,0.08
12,6,5,"prevalence",0.15,"power",0.08,0.09,0.08,0.04,0.08,0.07,0.12,0.03,0.11,0.07,0.07
12,6,5,"prevalence",0.2,"power",0.08,0.02,0.06,0.02,0.03,0.07,0.02,0.02,0.02,0.13,0.02
12,6,5,"prevalence",0.25,"power",0.07,0.03,0.03,0.02,0.04,0.06,0.02,0.01,0.02,0.07,0.01
12,6,5,"prevalence",0.3,"power",0.1,0.03,0.07,0.04,0.03,0.1,0.03,0.06,0.02,0.05,0.03
12,6,5,"prevalence",0.35,"power",0.11,0.08,0.1,0.08,0.03,0.08,0.04,0.08,0.05,0.09,0.04
12,6,5,"prevalence",0.4,"power",0.15,0.05,0.11,0.07,0.09,0.15,0.05,0.06,0.03,0.13,0.08
12,6,5,"prevalence",0.45,"power",0.15,0.06,0.09,0.05,0.07,0.15,0.05,0.04,0.05,0.16,0.06
12,6,5,"prevalence",0.5,"power",0.21,0.09,0.09,0.05,0.1,0.18,0.09,0.09,0.1,0.16,0.07
12,6,5,"prevalence",0.55,"power",0.24,0.08,0.12,0.08,0.05,0.12,0.01,0.02,0,0.18,0.06
12,6,5,"prevalence",0.6,"power",0.37,0.05,0.12,0.07,0.08,0.19,0.04,0.03,0.03,0.3,0.04
12,7,7,"abundance",0.05,"power",0.04,0.04,0.06,0.03,0,0.05,0.01,0,0.02,0.05,0.03
12,7,7,"abundance",0.1,"power",0.05,0.02,0.09,0,0.04,0.04,0.04,0.04,0.04,0.06,0.04
12,7,7,"abundance",0.15,"power",0.06,0.04,0.03,0.04,0.05,0.05,0.04,0.05,0.04,0.09,0.03
12,7,7,"abundance",0.2,"power",0.08,0.05,0.07,0.07,0.03,0.03,0.06,0.03,0.06,0.05,0.05
12,7,7,"abundance",0.25,"power",0.05,0.05,0.05,0.06,0.05,0.02,0.09,0.06,0.08,0.04,0.06
12,7,7,"abundance",0.3,"power",0.08,0.08,0.07,0.08,0.06,0.07,0.07,0.04,0.04,0.07,0.05
12,7,7,"abundance",0.35,"power",0.05,0.06,0.04,0.05,0.08,0.05,0.06,0.07,0.07,0.05,0.07
12,7,7,"abundance",0.4,"power",0.07,0.06,0.04,0.05,0.11,0.09,0.04,0.06,0.06,0.05,0.09
12,7,7,"abundance",0.45,"power",0.03,0.09,0.05,0.08,0.18,0.04,0.1,0.05,0.08,0.02,0.11
12,7,7,"abundance",0.5,"power",0.07,0.07,0.04,0.05,0.18,0.09,0.1,0.05,0.09,0.08,0.13
12,7,7,"abundance",0.55,"power",0.02,0.06,0.07,0.05,0.21,0.04,0.1,0.04,0.11,0.05,0.08
12,7,7,"abundance",0.6,"power",0.03,0.04,0.04,0.05,0.25,0.03,0.14,0.05,0.17,0.06,0.08
12,7,7,"both",0.05,"power",0.01,0.04,0.04,0.04,0.02,0.04,0.05,0.02,0.06,0.04,0.03
12,7,7,"both",0.1,"power",0.04,0.03,0.03,0.05,0.04,0.06,0,0.05,0.01,0.06,0.03
12,7,7,"both",0.15,"power",0.09,0.02,0.06,0.02,0.05,0.07,0.02,0.03,0.03,0.07,0.03
12,7,7,"both",0.2,"power",0.04,0.03,0.03,0.03,0.05,0.02,0.03,0.06,0.04,0.05,0.02
12,7,7,"both",0.25,"power",0.11,0.07,0.04,0.07,0.06,0.11,0.06,0.04,0.07,0.11,0.07
12,7,7,"both",0.3,"power",0.11,0.03,0.07,0.07,0.07,0.11,0.04,0.06,0.04,0.16,0.06
12,7,7,"both",0.35,"power",0.08,0.06,0.08,0.03,0.15,0.09,0.09,0.06,0.1,0.06,0.07
12,7,7,"both",0.4,"power",0.17,0.05,0.03,0.04,0.19,0.25,0.16,0.12,0.14,0.2,0.1
12,7,7,"both",0.45,"power",0.12,0.12,0.02,0.09,0.2,0.16,0.08,0.06,0.09,0.07,0.13
12,7,7,"both",0.5,"power",0.22,0.09,0.11,0.08,0.39,0.33,0.2,0.1,0.18,0.16,0.19
12,7,7,"both",0.55,"power",0.31,0.11,0.07,0.08,0.48,0.47,0.21,0.05,0.18,0.16,0.2
12,7,7,"both",0.6,"power",0.33,0.08,0.1,0.05,0.61,0.46,0.31,0.1,0.3,0.25,0.3
12,7,7,"prevalence",0.05,"power",0.09,0.07,0.13,0.04,0.04,0.1,0.03,0.02,0.05,0.08,0.03
12,7,7,"prevalence",0.1,"power",0.09,0.07,0.04,0.07,0.07,0.06,0.06,0.08,0.05,0.09,0.07
12,7,7,"prevalence",0.15,"power",0.07,0.05,0.05,0.05,0.04,0.05,0.03,0.03,0.03,0.07,0.04
12,7,7,"prevalence",0.2,"power",0.07,0.03,0.03,0.02,0.02,0.05,0.04,0.05,0.05,0.05,0.01
12,7,7,"prevalence",0.25,"power",0.04,0.06,0.04,0.04,0.08,0.07,0.05,0.04,0.06,0.04,0.06
12,7,7,"prevalence",0.3,"power",0.1,0.06,0.08,0.07,0.03,0.06,0.03,0.03,0.05,0.09,0.05
12,7,7,"prevalence",0.35,"power",0.1,0.06,0.09,0.08,0.05,0.08,0.06,0.08,0.08,0.1,0.06
12,7,7,"prevalence",0.4,"power",0.23,0.08,0.05,0.09,0.08,0.16,0.06,0.06,0.06,0.16,0.08
12,7,7,"prevalence",0.45,"power",0.15,0.05,0.08,0.05,0.12,0.09,0.08,0.04,0.08,0.08,0.09
12,7,7,"prevalence",0.5,"power",0.22,0.03,0.09,0.07,0.05,0.1,0.03,0.04,0.03,0.19,0.05
12,7,7,"prevalence",0.55,"power",0.21,0.03,0.14,0.04,0.08,0.16,0.04,0.08,0.03,0.19,0.05
12,7,7,"prevalence",0.6,"power",0.39,0.04,0.15,0.03,0.05,0.14,0.03,0.01,0.02,0.21,0.02
12,8,11,"abundance",0.05,"power",0.05,0.06,0.03,0.08,0.06,0.05,0.07,0.06,0.09,0.06,0.04
12,8,11,"abundance",0.1,"power",0.05,0.06,0.04,0.06,0.06,0.09,0.06,0.04,0.04,0.03,0.06
12,8,11,"abundance",0.15,"power",0.04,0.04,0.04,0.02,0.02,0.04,0.02,0.02,0,0.06,0.03
12,8,11,"abundance",0.2,"power",0.02,0.04,0.06,0.03,0.06,0.03,0.05,0.02,0.05,0.02,0.04
12,8,11,"abundance",0.25,"power",0.03,0.07,0.07,0.05,0.06,0.04,0.05,0.06,0.05,0.05,0.09
12,8,11,"abundance",0.3,"power",0.05,0.05,0.05,0.05,0.07,0.04,0.05,0.06,0.05,0.04,0.06
12,8,11,"abundance",0.35,"power",0.09,0.04,0.05,0.04,0.1,0.09,0.09,0.08,0.08,0.04,0.04
12,8,11,"abundance",0.4,"power",0.05,0.08,0.05,0.09,0.05,0.04,0.05,0.04,0.05,0.07,0.05
12,8,11,"abundance",0.45,"power",0.07,0.07,0.07,0.07,0.06,0.04,0.02,0.04,0.03,0.06,0.07
12,8,11,"abundance",0.5,"power",0.08,0.03,0.03,0.03,0.1,0.08,0.05,0.07,0.05,0.06,0.04
12,8,11,"abundance",0.55,"power",0.04,0.05,0.04,0.07,0.07,0.03,0.08,0.05,0.09,0.04,0.07
12,8,11,"abundance",0.6,"power",0.07,0.02,0.03,0.04,0.06,0.06,0.01,0.03,0.03,0.05,0.01
12,8,11,"both",0.05,"power",0.07,0.06,0.04,0.05,0.05,0.03,0.02,0.04,0.03,0.03,0.05
12,8,11,"both",0.1,"power",0.04,0.04,0.04,0.04,0.05,0.05,0.08,0.07,0.07,0.06,0.08
12,8,11,"both",0.15,"power",0.04,0.07,0.03,0.09,0.05,0.06,0.07,0.09,0.07,0.05,0.08
12,8,11,"both",0.2,"power",0.1,0.08,0.02,0.09,0.07,0.06,0.08,0.04,0.06,0.08,0.08
12,8,11,"both",0.25,"power",0.05,0.05,0.12,0.01,0.03,0.06,0.03,0.02,0.02,0.03,0.02
12,8,11,"both",0.3,"power",0.08,0.04,0.04,0.04,0.11,0.08,0.04,0.04,0.05,0.09,0.07
12,8,11,"both",0.35,"power",0.11,0.02,0.04,0.03,0.11,0.12,0.09,0.05,0.08,0.12,0.06
12,8,11,"both",0.4,"power",0.12,0.1,0.06,0.07,0.1,0.15,0.07,0.09,0.09,0.08,0.12
12,8,11,"both",0.45,"power",0.22,0.04,0.09,0.07,0.18,0.21,0.06,0.07,0.06,0.19,0.09
12,8,11,"both",0.5,"power",0.25,0.08,0.1,0.05,0.24,0.24,0.12,0.08,0.11,0.19,0.09
12,8,11,"both",0.55,"power",0.32,0.08,0.07,0.08,0.36,0.37,0.17,0.08,0.17,0.22,0.12
12,8,11,"both",0.6,"power",0.36,0.07,0.13,0.03,0.31,0.37,0.08,0.05,0.06,0.24,0.11
12,8,11,"prevalence",0.05,"power",0.05,0.03,0.08,0.06,0.01,0.05,0.04,0.08,0.05,0.06,0.02
12,8,11,"prevalence",0.1,"power",0.03,0.06,0.03,0.05,0.09,0.05,0.07,0.08,0.06,0.03,0.08
12,8,11,"prevalence",0.15,"power",0.06,0.07,0.07,0.08,0.05,0.02,0.03,0.04,0.04,0.07,0.05
12,8,11,"prevalence",0.2,"power",0.11,0.08,0.07,0.06,0.08,0.08,0.07,0.04,0.07,0.06,0.06
12,8,11,"prevalence",0.25,"power",0.08,0.07,0.06,0.08,0.07,0.09,0.07,0.05,0.06,0.08,0.06
12,8,11,"prevalence",0.3,"power",0.04,0.06,0.08,0.05,0.08,0.04,0.06,0.07,0.07,0.08,0.08
12,8,11,"prevalence",0.35,"power",0.12,0.06,0.05,0.04,0.06,0.03,0.04,0.04,0.03,0.09,0.06
12,8,11,"prevalence",0.4,"power",0.2,0.06,0.13,0.07,0.07,0.13,0.08,0.09,0.07,0.19,0.1
12,8,11,"prevalence",0.45,"power",0.18,0.07,0.09,0.05,0.1,0.11,0.07,0.04,0.07,0.18,0.06
12,8,11,"prevalence",0.5,"power",0.31,0.06,0.06,0.03,0.1,0.16,0.11,0.05,0.11,0.2,0.09
12,8,11,"prevalence",0.55,"power",0.26,0.04,0.06,0.05,0.11,0.17,0.05,0.01,0.05,0.23,0.05
12,8,11,"prevalence",0.6,"power",0.36,0.06,0.09,0.07,0.14,0.17,0.06,0.07,0.07,0.28,0.07
12,9,10,"abundance",0.05,"power",0.04,0.06,0.06,0.05,0.05,0.03,0.06,0.05,0.05,0.03,0.07
12,9,10,"abundance",0.1,"power",0.03,0.03,0.07,0.05,0.01,0.02,0.02,0.01,0.01,0.03,0.03
12,9,10,"abundance",0.15,"power",0.04,0.06,0.04,0.06,0.04,0.08,0.05,0.05,0.02,0.08,0.04
12,9,10,"abundance",0.2,"power",0.06,0.08,0.05,0.09,0.07,0.05,0.08,0.06,0.09,0.06,0.1
12,9,10,"abundance",0.25,"power",0.02,0.04,0.03,0.02,0.05,0.03,0.04,0.03,0.04,0.05,0.03
12,9,10,"abundance",0.3,"power",0.02,0.06,0.08,0.06,0.07,0.04,0.08,0.07,0.05,0.02,0.05
12,9,10,"abundance",0.35,"power",0.06,0.03,0.05,0.05,0.09,0.08,0.06,0.04,0.07,0.03,0.07
12,9,10,"abundance",0.4,"power",0.05,0.03,0.03,0.03,0.05,0.02,0.04,0.06,0.04,0.06,0.04
12,9,10,"abundance",0.45,"power",0.04,0.1,0.07,0.08,0.14,0.03,0.08,0.04,0.09,0.03,0.13
12,9,10,"abundance",0.5,"power",0.06,0.1,0,0.09,0.2,0.1,0.06,0.06,0.08,0.08,0.09
12,9,10,"abundance",0.55,"power",0.06,0.12,0.04,0.11,0.2,0.08,0.1,0.07,0.09,0.05,0.17
12,9,10,"abundance",0.6,"power",0.08,0.07,0.08,0.07,0.19,0.1,0.09,0.09,0.09,0.06,0.1
12,9,10,"both",0.05,"power",0.05,0.07,0.03,0.05,0.05,0.07,0.07,0.07,0.06,0.05,0.06
12,9,10,"both",0.1,"power",0.06,0.1,0.04,0.08,0.05,0.06,0.07,0.09,0.06,0.05,0.09
12,9,10,"both",0.15,"power",0.06,0.06,0.01,0.05,0.03,0.07,0.03,0.08,0.03,0.05,0.05
12,9,10,"both",0.2,"power",0.06,0.1,0.07,0.07,0.09,0.09,0.07,0.05,0.06,0.03,0.1
12,9,10,"both",0.25,"power",0.07,0.1,0.05,0.08,0.13,0.13,0.05,0.11,0.06,0.09,0.1
12,9,10,"both",0.3,"power",0.11,0.05,0.04,0.07,0.12,0.14,0.08,0.06,0.08,0.1,0.05
12,9,10,"both",0.35,"power",0.08,0.06,0.05,0.07,0.13,0.14,0.05,0.06,0.06,0.08,0.06
12,9,10,"both",0.4,"power",0.15,0.07,0.1,0.09,0.19,0.16,0.07,0.07,0.05,0.11,0.12
12,9,10,"both",0.45,"power",0.1,0.04,0.05,0.07,0.28,0.19,0.1,0.05,0.1,0.12,0.12
12,9,10,"both",0.5,"power",0.21,0.07,0.12,0.09,0.28,0.22,0.14,0.06,0.12,0.17,0.14
12,9,10,"both",0.55,"power",0.25,0.08,0.1,0.1,0.54,0.32,0.12,0.09,0.12,0.2,0.18
12,9,10,"both",0.6,"power",0.28,0.15,0.07,0.17,0.66,0.46,0.2,0.06,0.19,0.26,0.31
12,9,10,"prevalence",0.05,"power",0.07,0.02,0.06,0.01,0.05,0.06,0.03,0.04,0.04,0.06,0.05
12,9,10,"prevalence",0.1,"power",0.06,0.05,0.05,0.06,0.04,0.05,0.04,0.04,0.05,0.05,0.05
12,9,10,"prevalence",0.15,"power",0.03,0.05,0.05,0.05,0.02,0.06,0.06,0.04,0.05,0.05,0.04
12,9,10,"prevalence",0.2,"power",0.07,0.06,0.05,0.07,0.04,0.08,0.05,0.03,0.05,0.07,0.04
12,9,10,"prevalence",0.25,"power",0.05,0.07,0.05,0.07,0.05,0.05,0.04,0.07,0.05,0.04,0.07
12,9,10,"prevalence",0.3,"power",0.06,0.03,0.06,0.04,0.02,0.07,0.07,0.02,0.07,0.07,0.04
12,9,10,"prevalence",0.35,"power",0.12,0.02,0.09,0.04,0.05,0.06,0.06,0.05,0.06,0.08,0.06
12,9,10,"prevalence",0.4,"power",0.17,0.05,0.13,0.03,0.09,0.1,0.04,0.06,0.04,0.17,0.02
12,9,10,"prevalence",0.45,"power",0.12,0.03,0.1,0.02,0.07,0.07,0.04,0.02,0.05,0.11,0.05
12,9,10,"prevalence",0.5,"power",0.22,0.05,0.14,0.03,0.07,0.08,0.04,0.03,0.06,0.18,0.04
12,9,10,"prevalence",0.55,"power",0.32,0.07,0.09,0.09,0.1,0.2,0.04,0.05,0.04,0.26,0.06
12,9,10,"prevalence",0.6,"power",0.31,0.07,0.09,0.07,0.06,0.13,0.06,0.07,0.06,0.35,0.05
12,10,8,"abundance",0.05,"power",0.09,0.05,0.08,0.05,0.09,0.07,0.04,0.03,0.05,0.1,0.04
12,10,8,"abundance",0.1,"power",0.02,0.01,0.06,0.02,0.01,0.03,0.01,0.03,0,0.06,0.02
12,10,8,"abundance",0.15,"power",0.1,0.04,0.08,0.03,0.06,0.07,0.07,0.04,0.05,0.04,0.04
12,10,8,"abundance",0.2,"power",0.05,0.08,0.04,0.07,0.03,0.06,0.06,0.04,0.07,0.05,0.06
12,10,8,"abundance",0.25,"power",0.07,0.04,0.08,0.07,0.04,0.08,0.06,0.05,0.06,0.03,0.04
12,10,8,"abundance",0.3,"power",0.08,0.05,0.04,0.05,0.07,0.02,0.08,0.08,0.1,0.07,0.08
12,10,8,"abundance",0.35,"power",0.05,0.06,0.03,0.03,0.05,0.11,0.04,0.01,0.04,0.03,0.06
12,10,8,"abundance",0.4,"power",0.07,0.09,0.05,0.07,0.15,0.08,0.12,0.06,0.13,0.03,0.09
12,10,8,"abundance",0.45,"power",0.03,0.09,0.02,0.08,0.14,0.05,0.08,0.07,0.07,0.03,0.11
12,10,8,"abundance",0.5,"power",0.05,0.02,0.06,0.07,0.14,0.04,0.07,0.03,0.07,0.04,0.04
12,10,8,"abundance",0.55,"power",0.06,0.08,0.05,0.11,0.13,0.11,0.1,0.07,0.09,0.06,0.11
12,10,8,"abundance",0.6,"power",0.05,0.1,0.07,0.1,0.21,0.11,0.19,0.09,0.17,0.07,0.15
12,10,8,"both",0.05,"power",0.04,0.06,0.03,0.04,0.07,0.06,0.03,0.06,0.03,0.03,0.07
12,10,8,"both",0.1,"power",0.04,0.06,0.09,0.07,0.08,0.08,0.07,0.05,0.07,0.07,0.07
12,10,8,"both",0.15,"power",0.05,0.08,0.04,0.05,0.07,0.06,0.05,0.05,0.06,0.06,0.06
12,10,8,"both",0.2,"power",0.07,0.1,0.06,0.08,0.07,0.07,0.08,0.05,0.07,0.08,0.08
12,10,8,"both",0.25,"power",0.07,0.06,0.06,0.06,0.1,0.11,0.1,0.06,0.08,0.04,0.08
12,10,8,"both",0.3,"power",0.11,0.05,0.06,0.06,0.12,0.12,0.07,0.03,0.07,0.12,0.04
12,10,8,"both",0.35,"power",0.15,0.05,0.1,0.04,0.1,0.18,0.07,0.03,0.07,0.16,0.06
12,10,8,"both",0.4,"power",0.12,0.09,0.08,0.09,0.19,0.17,0.17,0.12,0.18,0.1,0.12
12,10,8,"both",0.45,"power",0.1,0.11,0.06,0.1,0.29,0.31,0.16,0.05,0.14,0.18,0.18
12,10,8,"both",0.5,"power",0.17,0.16,0.07,0.14,0.35,0.37,0.2,0.05,0.2,0.15,0.23
12,10,8,"both",0.55,"power",0.29,0.17,0.08,0.18,0.52,0.46,0.3,0.12,0.29,0.27,0.28
12,10,8,"both",0.6,"power",0.33,0.19,0.09,0.16,0.55,0.7,0.35,0.1,0.33,0.35,0.3
12,10,8,"prevalence",0.05,"power",0.05,0.04,0.03,0.04,0.06,0.06,0.07,0.07,0.06,0.04,0.05
12,10,8,"prevalence",0.1,"power",0.05,0.03,0.08,0.05,0.04,0.02,0.02,0.02,0.02,0.05,0.02
12,10,8,"prevalence",0.15,"power",0.07,0.05,0.05,0.04,0.05,0.09,0.04,0.03,0.04,0.05,0.05
12,10,8,"prevalence",0.2,"power",0.06,0.04,0.05,0.04,0.04,0.06,0.03,0.04,0.05,0.07,0.04
12,10,8,"prevalence",0.25,"power",0.07,0.04,0.02,0.07,0.04,0.07,0.03,0.04,0.04,0.04,0.05
12,10,8,"prevalence",0.3,"power",0.07,0.06,0.08,0.08,0.08,0.06,0.06,0.05,0.07,0.08,0.06
12,10,8,"prevalence",0.35,"power",0.11,0.07,0.08,0.06,0.07,0.08,0.02,0.04,0.01,0.06,0.07
12,10,8,"prevalence",0.4,"power",0.11,0.02,0.06,0.05,0.04,0.12,0.02,0.01,0.02,0.1,0.02
12,10,8,"prevalence",0.45,"power",0.12,0.04,0.13,0.05,0.04,0.08,0.03,0.03,0.02,0.13,0.06
12,10,8,"prevalence",0.5,"power",0.16,0.04,0.12,0.05,0.02,0.08,0.02,0.02,0.02,0.17,0.02
12,10,8,"prevalence",0.55,"power",0.34,0.04,0.09,0.04,0.09,0.18,0.05,0.05,0.05,0.38,0.03
12,10,8,"prevalence",0.6,"power",0.38,0.04,0.14,0.04,0.08,0.29,0.07,0.03,0.07,0.41,0.05
12,11,9,"abundance",0.05,"power",0.02,0.04,0.02,0.03,0.03,0.03,0.03,0.03,0.03,0.04,0.03
12,11,9,"abundance",0.1,"power",0.06,0.04,0.04,0.05,0.02,0.06,0.02,0.03,0.02,0.04,0.06
12,11,9,"abundance",0.15,"power",0.02,0.04,0.03,0.03,0,0.04,0.01,0.01,0.03,0.04,0.01
12,11,9,"abundance",0.2,"power",0.04,0.05,0.04,0.05,0.04,0.04,0.06,0.04,0.05,0.05,0.03
12,11,9,"abundance",0.25,"power",0.06,0.03,0.07,0.02,0.03,0.04,0.04,0.05,0.04,0.04,0.03
12,11,9,"abundance",0.3,"power",0.09,0.08,0.09,0.1,0.08,0.08,0.09,0.05,0.09,0.09,0.07
12,11,9,"abundance",0.35,"power",0.05,0.11,0.02,0.09,0.07,0.05,0.11,0.09,0.1,0.02,0.1
12,11,9,"abundance",0.4,"power",0.03,0.05,0.01,0.06,0.02,0.06,0.03,0.02,0.05,0.06,0.04
12,11,9,"abundance",0.45,"power",0.06,0.07,0.04,0.06,0.11,0.04,0.07,0.1,0.08,0.05,0.09
12,11,9,"abundance",0.5,"power",0.08,0.05,0.06,0.04,0.13,0.08,0.13,0.09,0.11,0.06,0.09
12,11,9,"abundance",0.55,"power",0.01,0.06,0.01,0.06,0.08,0.03,0.07,0.05,0.07,0.03,0.07
12,11,9,"abundance",0.6,"power",0.02,0.07,0.04,0.05,0.09,0.05,0.08,0.07,0.08,0.04,0.08
12,11,9,"both",0.05,"power",0.01,0.05,0.03,0.07,0.06,0.02,0.08,0.03,0.08,0.01,0.08
12,11,9,"both",0.1,"power",0.06,0.05,0.04,0.06,0.01,0.05,0.02,0.04,0.03,0.05,0.04
12,11,9,"both",0.15,"power",0.06,0.04,0.04,0.06,0.03,0.02,0.04,0.06,0.06,0.02,0.07
12,11,9,"both",0.2,"power",0.05,0.04,0.04,0.05,0.03,0.03,0.03,0.04,0.04,0.05,0.03
12,11,9,"both",0.25,"power",0.09,0.05,0.05,0.06,0.08,0.08,0.06,0.07,0.06,0.09,0.06
12,11,9,"both",0.3,"power",0.07,0.07,0.08,0.09,0.09,0.06,0.06,0.02,0.05,0.05,0.07
12,11,9,"both",0.35,"power",0.12,0.09,0.04,0.07,0.08,0.09,0.08,0.05,0.07,0.08,0.07
12,11,9,"both",0.4,"power",0.15,0.1,0.04,0.11,0.14,0.1,0.1,0.06,0.11,0.09,0.12
12,11,9,"both",0.45,"power",0.32,0.17,0.13,0.16,0.35,0.42,0.15,0.08,0.14,0.22,0.21
12,11,9,"both",0.5,"power",0.24,0.14,0.04,0.12,0.19,0.35,0.15,0.06,0.14,0.15,0.14
12,11,9,"both",0.55,"power",0.43,0.16,0.09,0.12,0.38,0.6,0.2,0.08,0.2,0.31,0.19
12,11,9,"both",0.6,"power",0.47,0.2,0.14,0.17,0.45,0.61,0.33,0.12,0.29,0.34,0.28
12,11,9,"prevalence",0.05,"power",0.01,0.05,0.03,0.09,0.07,0.02,0.06,0.07,0.07,0.03,0.06
12,11,9,"prevalence",0.1,"power",0.08,0,0.05,0.01,0.1,0.1,0.06,0.03,0.07,0.07,0.04
12,11,9,"prevalence",0.15,"power",0.08,0.07,0.04,0.07,0.06,0.04,0.02,0.01,0.02,0.07,0.09
12,11,9,"prevalence",0.2,"power",0.1,0.04,0.05,0.04,0.04,0.11,0.05,0.06,0.05,0.1,0.06
12,11,9,"prevalence",0.25,"power",0.11,0.06,0.04,0.05,0.04,0.03,0.01,0.03,0.02,0.06,0.05
12,11,9,"prevalence",0.3,"power",0.14,0.04,0.08,0.04,0.04,0.11,0.04,0.04,0.03,0.13,0.03
12,11,9,"prevalence",0.35,"power",0.15,0.06,0.09,0.03,0.09,0.14,0.04,0.07,0.05,0.16,0.05
12,11,9,"prevalence",0.4,"power",0.15,0.02,0.07,0.01,0.04,0.06,0.04,0.05,0.03,0.11,0.04
12,11,9,"prevalence",0.45,"power",0.31,0.03,0.15,0.03,0.07,0.18,0.04,0.05,0.04,0.22,0.03
12,11,9,"prevalence",0.5,"power",0.26,0.05,0.07,0.04,0.09,0.15,0.04,0.02,0.04,0.19,0.05
12,11,9,"prevalence",0.55,"power",0.34,0.05,0.14,0.06,0.04,0.23,0.03,0.03,0.04,0.3,0.04
12,11,9,"prevalence",0.6,"power",0.4,0.02,0.09,0.03,0.09,0.24,0.01,0.05,0.01,0.28,0.06
12,12,2,"abundance",0.05,"power",0.03,0.07,0.04,0.08,0.06,0.06,0.06,0.04,0.06,0.08,0.09
12,12,2,"abundance",0.1,"power",0.06,0.06,0.04,0.04,0.06,0.04,0.08,0.04,0.08,0.05,0.06
12,12,2,"abundance",0.15,"power",0.06,0.06,0.04,0.04,0.08,0.1,0.04,0.06,0.05,0.08,0.08
12,12,2,"abundance",0.2,"power",0.07,0.04,0.03,0.08,0.07,0.04,0.06,0.08,0.06,0.06,0.07
12,12,2,"abundance",0.25,"power",0.12,0.14,0.04,0.15,0.15,0.1,0.13,0.11,0.13,0.1,0.16
12,12,2,"abundance",0.3,"power",0.08,0.1,0.04,0.08,0.12,0.06,0.14,0.11,0.11,0.02,0.11
12,12,2,"abundance",0.35,"power",0.14,0.12,0.08,0.08,0.22,0.1,0.19,0.09,0.21,0.1,0.2
12,12,2,"abundance",0.4,"power",0.06,0.2,0.06,0.12,0.19,0.05,0.18,0.12,0.16,0.07,0.2
12,12,2,"abundance",0.45,"power",0.07,0.19,0.08,0.1,0.28,0.08,0.23,0.21,0.23,0.06,0.2
12,12,2,"abundance",0.5,"power",0.05,0.28,0.03,0.23,0.35,0.04,0.29,0.18,0.27,0.06,0.34
12,12,2,"abundance",0.55,"power",0.03,0.27,0.05,0.24,0.31,0.07,0.34,0.21,0.34,0.02,0.29
12,12,2,"abundance",0.6,"power",0.05,0.41,0.05,0.28,0.47,0.03,0.46,0.29,0.45,0.05,0.45
12,12,2,"both",0.05,"power",0.03,0.05,0.04,0.06,0.06,0.03,0.03,0.05,0.02,0.03,0.04
12,12,2,"both",0.1,"power",0.09,0.09,0.04,0.1,0.05,0.09,0.05,0.06,0.07,0.07,0.06
12,12,2,"both",0.15,"power",0.07,0.02,0.06,0.02,0.08,0.08,0.08,0.03,0.07,0.08,0.08
12,12,2,"both",0.2,"power",0.05,0.08,0.02,0.08,0.08,0.08,0.03,0.03,0.03,0.05,0.08
12,12,2,"both",0.25,"power",0.07,0.1,0.05,0.06,0.13,0.1,0.1,0.11,0.11,0.1,0.12
12,12,2,"both",0.3,"power",0.1,0.11,0.11,0.1,0.15,0.09,0.14,0.05,0.13,0.08,0.15
12,12,2,"both",0.35,"power",0.07,0.19,0.04,0.12,0.23,0.14,0.18,0.09,0.16,0.08,0.19
12,12,2,"both",0.4,"power",0.13,0.27,0.07,0.27,0.38,0.18,0.27,0.18,0.27,0.17,0.3
12,12,2,"both",0.45,"power",0.12,0.2,0.12,0.17,0.42,0.23,0.21,0.19,0.22,0.21,0.25
12,12,2,"both",0.5,"power",0.17,0.43,0.05,0.3,0.56,0.28,0.41,0.28,0.4,0.25,0.55
12,12,2,"both",0.55,"power",0.28,0.55,0.07,0.4,0.77,0.37,0.59,0.32,0.57,0.38,0.61
12,12,2,"both",0.6,"power",0.35,0.52,0.14,0.37,0.79,0.49,0.62,0.35,0.63,0.34,0.63
12,12,2,"prevalence",0.05,"power",0.01,0.04,0.02,0.04,0.05,0.08,0.09,0.05,0.08,0.02,0.04
12,12,2,"prevalence",0.1,"power",0.07,0.07,0.03,0.07,0.06,0.1,0.07,0.04,0.07,0.07,0.07
12,12,2,"prevalence",0.15,"power",0.06,0.07,0.04,0.07,0.05,0.06,0.05,0.05,0.06,0.06,0.07
12,12,2,"prevalence",0.2,"power",0.06,0.01,0.02,0.01,0.07,0.08,0.05,0.01,0.04,0.06,0.02
12,12,2,"prevalence",0.25,"power",0.08,0.05,0.08,0.02,0.02,0.07,0.01,0.05,0.01,0.08,0.02
12,12,2,"prevalence",0.3,"power",0.07,0.07,0.06,0.07,0.03,0.05,0.05,0.02,0.03,0.14,0.05
12,12,2,"prevalence",0.35,"power",0.12,0.03,0.08,0.05,0.08,0.09,0.04,0.05,0.05,0.14,0.04
12,12,2,"prevalence",0.4,"power",0.07,0.05,0.12,0.05,0.04,0.07,0.05,0.04,0.07,0.12,0.03
12,12,2,"prevalence",0.45,"power",0.1,0.11,0.03,0.1,0.12,0.09,0.09,0.07,0.11,0.14,0.09
12,12,2,"prevalence",0.5,"power",0.13,0.06,0.06,0.05,0.09,0.09,0.09,0.05,0.09,0.15,0.07
12,12,2,"prevalence",0.55,"power",0.17,0.06,0.07,0.04,0.12,0.19,0.04,0.04,0.05,0.35,0.07
12,12,2,"prevalence",0.6,"power",0.25,0.08,0.09,0.09,0.14,0.18,0.08,0.05,0.09,0.38,0.07
14,1,4,"abundance",0.05,"power",0.05,0.06,0.04,0.04,0.05,0.05,0.08,0.04,0.08,0.08,0.03
14,1,4,"abundance",0.1,"power",0.04,0.03,0,0.05,0.04,0.05,0.02,0.03,0.02,0.05,0.03
14,1,4,"abundance",0.15,"power",0.08,0.03,0.07,0.04,0.04,0.08,0.06,0.07,0.06,0.05,0.03
14,1,4,"abundance",0.2,"power",0.06,0.07,0.06,0.08,0.03,0.03,0.04,0.06,0.03,0.04,0.04
14,1,4,"abundance",0.25,"power",0.01,0.09,0.03,0.1,0.02,0.06,0.05,0.06,0.06,0.04,0.04
14,1,4,"abundance",0.3,"power",0.04,0.07,0.02,0.1,0.08,0.09,0.09,0.04,0.09,0.04,0.11
14,1,4,"abundance",0.35,"power",0.06,0.1,0.04,0.07,0.07,0.07,0.04,0.08,0.04,0.04,0.09
14,1,4,"abundance",0.4,"power",0.05,0.12,0.05,0.1,0.14,0.06,0.11,0.13,0.11,0.03,0.11
14,1,4,"abundance",0.45,"power",0.09,0.05,0.08,0.04,0.12,0.08,0.07,0.08,0.07,0.08,0.09
14,1,4,"abundance",0.5,"power",0.03,0.15,0.03,0.12,0.16,0.06,0.15,0.12,0.14,0.02,0.13
14,1,4,"abundance",0.55,"power",0.05,0.15,0.05,0.1,0.18,0.08,0.14,0.13,0.13,0.08,0.18
14,1,4,"abundance",0.6,"power",0.06,0.16,0.07,0.15,0.18,0.01,0.12,0.09,0.12,0.08,0.17
14,1,4,"both",0.05,"power",0.04,0.03,0.05,0.05,0.04,0.02,0.04,0.02,0.03,0.06,0.02
14,1,4,"both",0.1,"power",0.1,0.06,0.07,0.05,0.11,0.02,0.07,0.04,0.07,0.09,0.09
14,1,4,"both",0.15,"power",0.03,0.02,0.05,0.03,0.04,0.07,0.06,0.05,0.06,0.04,0.02
14,1,4,"both",0.2,"power",0.06,0.09,0.07,0.09,0.15,0.08,0.09,0.06,0.09,0.08,0.09
14,1,4,"both",0.25,"power",0.05,0.12,0.04,0.06,0.12,0.06,0.08,0.12,0.08,0.04,0.1
14,1,4,"both",0.3,"power",0.15,0.12,0.08,0.07,0.19,0.1,0.1,0.09,0.1,0.1,0.15
14,1,4,"both",0.35,"power",0.14,0.11,0.09,0.1,0.16,0.17,0.08,0.06,0.08,0.09,0.11
14,1,4,"both",0.4,"power",0.2,0.19,0.13,0.11,0.21,0.19,0.12,0.11,0.14,0.17,0.18
14,1,4,"both",0.45,"power",0.12,0.27,0.06,0.21,0.31,0.15,0.17,0.15,0.16,0.11,0.27
14,1,4,"both",0.5,"power",0.32,0.23,0.1,0.21,0.4,0.32,0.16,0.14,0.2,0.22,0.29
14,1,4,"both",0.55,"power",0.33,0.26,0.06,0.16,0.5,0.41,0.25,0.13,0.24,0.23,0.34
14,1,4,"both",0.6,"power",0.43,0.35,0.08,0.26,0.59,0.44,0.25,0.24,0.24,0.28,0.43
14,1,4,"prevalence",0.05,"power",0.01,0.05,0.04,0.04,0.05,0.05,0.02,0.07,0.02,0.03,0.04
14,1,4,"prevalence",0.1,"power",0.03,0.02,0.07,0.04,0.04,0.08,0.04,0.06,0.02,0.04,0.02
14,1,4,"prevalence",0.15,"power",0.05,0.01,0.03,0.02,0.04,0.07,0.03,0.02,0.04,0.04,0.02
14,1,4,"prevalence",0.2,"power",0.05,0.06,0.03,0.04,0.03,0.07,0.05,0.06,0.05,0.07,0.06
14,1,4,"prevalence",0.25,"power",0.06,0.06,0.12,0.05,0.08,0.06,0.03,0.04,0.05,0.08,0.07
14,1,4,"prevalence",0.3,"power",0.07,0.01,0.05,0.02,0.06,0.07,0.05,0.03,0.06,0.06,0.07
14,1,4,"prevalence",0.35,"power",0.08,0.04,0.07,0.04,0.01,0.01,0.01,0.05,0.01,0.04,0.03
14,1,4,"prevalence",0.4,"power",0.11,0.07,0.1,0.07,0.08,0.13,0.08,0.05,0.07,0.11,0.08
14,1,4,"prevalence",0.45,"power",0.22,0.05,0.06,0.05,0.07,0.15,0.06,0.07,0.05,0.13,0.06
14,1,4,"prevalence",0.5,"power",0.18,0.04,0.06,0.05,0.07,0.11,0.07,0.06,0.06,0.13,0.08
14,1,4,"prevalence",0.55,"power",0.26,0.08,0.11,0.1,0.12,0.19,0.09,0.07,0.1,0.15,0.1
14,1,4,"prevalence",0.6,"power",0.49,0.05,0.11,0.06,0.13,0.25,0.05,0.05,0.06,0.35,0.06
14,2,5,"abundance",0.05,"power",0.05,0.01,0.05,0.04,0.01,0.05,0.01,0.03,0,0.02,0
14,2,5,"abundance",0.1,"power",0.04,0.12,0.03,0.11,0.03,0.02,0.06,0.08,0.05,0.02,0.1
14,2,5,"abundance",0.15,"power",0.06,0.05,0.04,0.04,0.06,0.06,0.08,0.06,0.08,0.06,0.05
14,2,5,"abundance",0.2,"power",0.08,0.03,0.07,0.06,0.04,0.04,0.06,0.04,0.05,0.05,0.06
14,2,5,"abundance",0.25,"power",0.04,0.06,0.03,0.07,0.03,0.03,0.06,0.04,0.06,0.03,0.04
14,2,5,"abundance",0.3,"power",0.06,0.09,0.03,0.08,0.07,0.06,0.09,0.09,0.1,0.04,0.09
14,2,5,"abundance",0.35,"power",0.04,0.07,0.06,0.08,0.05,0.02,0.08,0.06,0.08,0.03,0.1
14,2,5,"abundance",0.4,"power",0.03,0.12,0.06,0.08,0.13,0.07,0.18,0.11,0.12,0.02,0.13
14,2,5,"abundance",0.45,"power",0.03,0.17,0,0.2,0.13,0.06,0.14,0.08,0.14,0.06,0.2
14,2,5,"abundance",0.5,"power",0.02,0.1,0.07,0.1,0.11,0.04,0.14,0.12,0.12,0.07,0.09
14,2,5,"abundance",0.55,"power",0.03,0.16,0.07,0.18,0.2,0.02,0.21,0.16,0.22,0.03,0.21
14,2,5,"abundance",0.6,"power",0.07,0.21,0.02,0.2,0.25,0.1,0.24,0.18,0.23,0.07,0.23
14,2,5,"both",0.05,"power",0.09,0.02,0.03,0.05,0.05,0.07,0.04,0.08,0.04,0.01,0.03
14,2,5,"both",0.1,"power",0.07,0.04,0.1,0.05,0.04,0.04,0.03,0.05,0.03,0.08,0.06
14,2,5,"both",0.15,"power",0.05,0.02,0.05,0.05,0.01,0.04,0.01,0.06,0.02,0.08,0.02
14,2,5,"both",0.2,"power",0.07,0.07,0.07,0.05,0.15,0.12,0.09,0.06,0.11,0.08,0.13
14,2,5,"both",0.25,"power",0.07,0.08,0.09,0.09,0.06,0.06,0.07,0.04,0.07,0.03,0.07
14,2,5,"both",0.3,"power",0.14,0.09,0.08,0.1,0.1,0.12,0.13,0.08,0.09,0.14,0.12
14,2,5,"both",0.35,"power",0.15,0.13,0,0.14,0.17,0.16,0.1,0.07,0.1,0.12,0.17
14,2,5,"both",0.4,"power",0.12,0.17,0.09,0.18,0.17,0.16,0.18,0.07,0.16,0.07,0.2
14,2,5,"both",0.45,"power",0.22,0.25,0.07,0.25,0.29,0.3,0.24,0.12,0.27,0.16,0.3
14,2,5,"both",0.5,"power",0.26,0.21,0.1,0.22,0.33,0.39,0.29,0.13,0.27,0.13,0.28
14,2,5,"both",0.55,"power",0.25,0.3,0.11,0.28,0.45,0.46,0.43,0.18,0.45,0.15,0.35
14,2,5,"both",0.6,"power",0.4,0.36,0.1,0.31,0.61,0.59,0.44,0.19,0.44,0.3,0.48
14,2,5,"prevalence",0.05,"power",0.03,0.05,0.01,0.08,0.08,0.03,0.07,0.05,0.06,0.08,0.07
14,2,5,"prevalence",0.1,"power",0.07,0.02,0.05,0.02,0.03,0.03,0.02,0.02,0.02,0.05,0.02
14,2,5,"prevalence",0.15,"power",0.07,0.04,0.06,0.05,0.04,0.1,0.03,0.05,0.04,0.08,0.05
14,2,5,"prevalence",0.2,"power",0.07,0.07,0.02,0.07,0.07,0.04,0.11,0.06,0.11,0.07,0.07
14,2,5,"prevalence",0.25,"power",0.1,0.07,0.07,0.04,0.07,0.06,0.06,0.02,0.05,0.05,0.05
14,2,5,"prevalence",0.3,"power",0.06,0.03,0.09,0.04,0.05,0.08,0.04,0.06,0.04,0.05,0.03
14,2,5,"prevalence",0.35,"power",0.08,0.09,0.05,0.06,0.05,0.08,0.04,0.06,0.04,0.06,0.07
14,2,5,"prevalence",0.4,"power",0.18,0.05,0.08,0.05,0.1,0.21,0.09,0.05,0.09,0.15,0.08
14,2,5,"prevalence",0.45,"power",0.2,0.08,0.1,0.09,0.07,0.07,0.06,0.08,0.07,0.13,0.08
14,2,5,"prevalence",0.5,"power",0.29,0.05,0.06,0.05,0.09,0.18,0.07,0.04,0.05,0.24,0.06
14,2,5,"prevalence",0.55,"power",0.22,0.09,0.11,0.06,0.1,0.15,0.08,0.1,0.07,0.16,0.09
14,2,5,"prevalence",0.6,"power",0.42,0.07,0.09,0.05,0.09,0.33,0.06,0.06,0.06,0.32,0.07
14,3,14,"abundance",0.05,"power",0.03,0.05,0.02,0.05,0.04,0.02,0.02,0.07,0.04,0.04,0.05
14,3,14,"abundance",0.1,"power",0.05,0.05,0.05,0.04,0.06,0.03,0.08,0.06,0.08,0.04,0.07
14,3,14,"abundance",0.15,"power",0.06,0.03,0.06,0.03,0.03,0.08,0.04,0.04,0.04,0.08,0.03
14,3,14,"abundance",0.2,"power",0,0.08,0.01,0.06,0.04,0.03,0.05,0.02,0.04,0.02,0.04
14,3,14,"abundance",0.25,"power",0.08,0.04,0.07,0.04,0.03,0.08,0.07,0.04,0.06,0.07,0.03
14,3,14,"abundance",0.3,"power",0.04,0.01,0.03,0.03,0.06,0.02,0.07,0.04,0.05,0.02,0.06
14,3,14,"abundance",0.35,"power",0.06,0.05,0.05,0.03,0.05,0.05,0.06,0.04,0.05,0.06,0.04
14,3,14,"abundance",0.4,"power",0.07,0.08,0.03,0.09,0.06,0.05,0.03,0.04,0.02,0.07,0.09
14,3,14,"abundance",0.45,"power",0.02,0.02,0.03,0.03,0.04,0.01,0,0.06,0,0.03,0.02
14,3,14,"abundance",0.5,"power",0.08,0.04,0.04,0.03,0.03,0.07,0.03,0.05,0.04,0.07,0.02
14,3,14,"abundance",0.55,"power",0.05,0.09,0.04,0.11,0.07,0.06,0.04,0.06,0.04,0.04,0.08
14,3,14,"abundance",0.6,"power",0.07,0.04,0.08,0.04,0.06,0.06,0.05,0.06,0.03,0.05,0.03
14,3,14,"both",0.05,"power",0.03,0.02,0.07,0.03,0.02,0.05,0.02,0.04,0.03,0.05,0.03
14,3,14,"both",0.1,"power",0.05,0.02,0.07,0.03,0.02,0.04,0.03,0.04,0.03,0.07,0.01
14,3,14,"both",0.15,"power",0.07,0.03,0.04,0.03,0.05,0.05,0.05,0.02,0.06,0.08,0.06
14,3,14,"both",0.2,"power",0.05,0.04,0.1,0.04,0.07,0.06,0.04,0.06,0.03,0.09,0.03
14,3,14,"both",0.25,"power",0.03,0.03,0.04,0.08,0.04,0.02,0.03,0.04,0.02,0.07,0.05
14,3,14,"both",0.3,"power",0.07,0.05,0.06,0.04,0.05,0.08,0.03,0.02,0.04,0.16,0.04
14,3,14,"both",0.35,"power",0.1,0.05,0.04,0.07,0.1,0.05,0.08,0.09,0.07,0.15,0.08
14,3,14,"both",0.4,"power",0.08,0.04,0.05,0.04,0.1,0.04,0.06,0.02,0.06,0.17,0.07
14,3,14,"both",0.45,"power",0.16,0.06,0.06,0.07,0.19,0.11,0.07,0.04,0.07,0.35,0.07
14,3,14,"both",0.5,"power",0.11,0.04,0.06,0.05,0.19,0.11,0.06,0.02,0.05,0.31,0.06
14,3,14,"both",0.55,"power",0.21,0.04,0.07,0.06,0.28,0.21,0.09,0.06,0.08,0.47,0.08
14,3,14,"both",0.6,"power",0.32,0.05,0.1,0.04,0.36,0.31,0.13,0.07,0.14,0.58,0.13
14,3,14,"prevalence",0.05,"power",0.05,0.08,0.03,0.09,0.06,0.05,0.11,0.08,0.11,0.09,0.04
14,3,14,"prevalence",0.1,"power",0.08,0.03,0.02,0.05,0.04,0.09,0.03,0.07,0.04,0.09,0.05
14,3,14,"prevalence",0.15,"power",0.02,0.03,0.04,0.02,0.07,0.05,0.08,0.04,0.07,0.04,0.05
14,3,14,"prevalence",0.2,"power",0.04,0.04,0.05,0.03,0.01,0.01,0.02,0.04,0.02,0.07,0.03
14,3,14,"prevalence",0.25,"power",0.06,0.05,0.05,0.03,0.03,0.08,0.02,0.06,0.03,0.08,0.05
14,3,14,"prevalence",0.3,"power",0.07,0.02,0.03,0.01,0.04,0.04,0.04,0.05,0.05,0.11,0.03
14,3,14,"prevalence",0.35,"power",0.07,0.11,0.06,0.06,0.09,0.05,0.1,0.09,0.11,0.16,0.13
14,3,14,"prevalence",0.4,"power",0.11,0.06,0.06,0.03,0.06,0.07,0.04,0.07,0.04,0.22,0.05
14,3,14,"prevalence",0.45,"power",0.15,0.05,0.1,0.05,0.09,0.04,0.07,0.07,0.08,0.33,0.06
14,3,14,"prevalence",0.5,"power",0.17,0.04,0.08,0.05,0.04,0.09,0.07,0.07,0.07,0.47,0.04
14,3,14,"prevalence",0.55,"power",0.25,0.03,0.05,0.04,0.09,0.09,0,0.02,0,0.49,0.06
14,3,14,"prevalence",0.6,"power",0.34,0.08,0.06,0.07,0.15,0.17,0.05,0.07,0.06,0.66,0.1
14,4,3,"abundance",0.05,"power",0.06,0.03,0.07,0.04,0.05,0.05,0.01,0.02,0.01,0.04,0.04
14,4,3,"abundance",0.1,"power",0.07,0.05,0.02,0.03,0.05,0.05,0.05,0.04,0.03,0.04,0.05
14,4,3,"abundance",0.15,"power",0.04,0.06,0.08,0.06,0.07,0.05,0.06,0.07,0.05,0.05,0.09
14,4,3,"abundance",0.2,"power",0.02,0.01,0.03,0.05,0.04,0.03,0.03,0.07,0.03,0.04,0.04
14,4,3,"abundance",0.25,"power",0.07,0.1,0.03,0.08,0.1,0.07,0.06,0.05,0.05,0.06,0.08
14,4,3,"abundance",0.3,"power",0.05,0.07,0.02,0.08,0.1,0.08,0.06,0.09,0.07,0.06,0.1
14,4,3,"abundance",0.35,"power",0.06,0.1,0.01,0.09,0.12,0.05,0.08,0.06,0.07,0.04,0.16
14,4,3,"abundance",0.4,"power",0.04,0.17,0.04,0.06,0.17,0.06,0.1,0.1,0.13,0.05,0.24
14,4,3,"abundance",0.45,"power",0.06,0.18,0.03,0.09,0.25,0.09,0.19,0.17,0.15,0.05,0.28
14,4,3,"abundance",0.5,"power",0.05,0.24,0.05,0.14,0.31,0.01,0.18,0.14,0.2,0.04,0.37
14,4,3,"abundance",0.55,"power",0.07,0.2,0.04,0.1,0.32,0.07,0.22,0.19,0.21,0.04,0.38
14,4,3,"abundance",0.6,"power",0.04,0.28,0.04,0.12,0.41,0.03,0.23,0.22,0.23,0.05,0.41
14,4,3,"both",0.05,"power",0.06,0.08,0.04,0.08,0.06,0.08,0.06,0.09,0.06,0.04,0.07
14,4,3,"both",0.1,"power",0.03,0.08,0.07,0.08,0.1,0.05,0.09,0.03,0.09,0.04,0.07
14,4,3,"both",0.15,"power",0.05,0.05,0.03,0.05,0.06,0.07,0.06,0.05,0.06,0.04,0.05
14,4,3,"both",0.2,"power",0.04,0.06,0.07,0.06,0.09,0.06,0.06,0.05,0.06,0.02,0.13
14,4,3,"both",0.25,"power",0.09,0.11,0.05,0.09,0.18,0.09,0.15,0.14,0.15,0.06,0.18
14,4,3,"both",0.3,"power",0.17,0.13,0.05,0.09,0.17,0.16,0.11,0.12,0.09,0.11,0.2
14,4,3,"both",0.35,"power",0.11,0.15,0.05,0.13,0.32,0.13,0.18,0.12,0.17,0.1,0.32
14,4,3,"both",0.4,"power",0.08,0.15,0.08,0.09,0.33,0.11,0.18,0.14,0.16,0.08,0.32
14,4,3,"both",0.45,"power",0.17,0.32,0.09,0.2,0.49,0.2,0.23,0.15,0.2,0.11,0.5
14,4,3,"both",0.5,"power",0.21,0.36,0.08,0.15,0.58,0.25,0.29,0.17,0.28,0.1,0.55
14,4,3,"both",0.55,"power",0.25,0.5,0.06,0.31,0.79,0.3,0.42,0.27,0.41,0.18,0.73
14,4,3,"both",0.6,"power",0.31,0.56,0.1,0.28,0.83,0.45,0.52,0.26,0.49,0.19,0.76
14,4,3,"prevalence",0.05,"power",0.06,0.03,0.03,0.02,0.03,0.05,0.06,0.02,0.06,0.04,0.04
14,4,3,"prevalence",0.1,"power",0.06,0.07,0.02,0.06,0.05,0.04,0.05,0.07,0.06,0.06,0.05
14,4,3,"prevalence",0.15,"power",0.06,0.04,0.03,0.05,0.01,0.05,0.04,0.05,0.03,0.07,0.03
14,4,3,"prevalence",0.2,"power",0.05,0.06,0.09,0.04,0.06,0.07,0.05,0.06,0.05,0.07,0.06
14,4,3,"prevalence",0.25,"power",0.07,0.07,0.06,0.05,0.05,0.05,0.03,0.06,0.04,0.08,0.05
14,4,3,"prevalence",0.3,"power",0.15,0.08,0.05,0.08,0.09,0.12,0.09,0.05,0.09,0.11,0.09
14,4,3,"prevalence",0.35,"power",0.11,0.05,0.07,0.07,0.09,0.06,0.05,0.07,0.07,0.08,0.07
14,4,3,"prevalence",0.4,"power",0.11,0.04,0.07,0.04,0.03,0.08,0.08,0.07,0.05,0.08,0.04
14,4,3,"prevalence",0.45,"power",0.16,0.09,0.08,0.07,0.1,0.09,0.11,0.05,0.11,0.05,0.12
14,4,3,"prevalence",0.5,"power",0.2,0.06,0.06,0.04,0.06,0.1,0.03,0.09,0.03,0.1,0.04
14,4,3,"prevalence",0.55,"power",0.23,0.05,0.1,0.05,0.09,0.11,0.05,0.03,0.05,0.13,0.08
14,4,3,"prevalence",0.6,"power",0.32,0.02,0.08,0.02,0.08,0.13,0.05,0.03,0.07,0.17,0.01
14,5,6,"abundance",0.05,"power",0.06,0.06,0.01,0.06,0.05,0.08,0.07,0.06,0.07,0.03,0.04
14,5,6,"abundance",0.1,"power",0.1,0.04,0.07,0.06,0.05,0.11,0.05,0.07,0.05,0.08,0.04
14,5,6,"abundance",0.15,"power",0.03,0.06,0.05,0.06,0.04,0.06,0.06,0.03,0.09,0.02,0.06
14,5,6,"abundance",0.2,"power",0.03,0.06,0.02,0.07,0.06,0.03,0.06,0.03,0.07,0,0.05
14,5,6,"abundance",0.25,"power",0.08,0.07,0.06,0.04,0.04,0.06,0.07,0.04,0.08,0.05,0.05
14,5,6,"abundance",0.3,"power",0.1,0.08,0.08,0.06,0.11,0.08,0.08,0.06,0.08,0.09,0.1
14,5,6,"abundance",0.35,"power",0.03,0.06,0.05,0.08,0.13,0.03,0.1,0.07,0.11,0.03,0.11
14,5,6,"abundance",0.4,"power",0.06,0.14,0.06,0.12,0.13,0.07,0.18,0.11,0.17,0.05,0.16
14,5,6,"abundance",0.45,"power",0.1,0.06,0.05,0.09,0.11,0.09,0.13,0.06,0.13,0.08,0.13
14,5,6,"abundance",0.5,"power",0.05,0.09,0.04,0.1,0.2,0.07,0.21,0.13,0.21,0.07,0.17
14,5,6,"abundance",0.55,"power",0.06,0.13,0.05,0.11,0.18,0.06,0.2,0.12,0.19,0.05,0.15
14,5,6,"abundance",0.6,"power",0.05,0.25,0.05,0.19,0.31,0.11,0.27,0.17,0.29,0.06,0.28
14,5,6,"both",0.05,"power",0.07,0.05,0.04,0.06,0.07,0.09,0.06,0.06,0.07,0.04,0.09
14,5,6,"both",0.1,"power",0.03,0.03,0.04,0.04,0.06,0.02,0.07,0.05,0.08,0.03,0.06
14,5,6,"both",0.15,"power",0.01,0.06,0.04,0.05,0.09,0.06,0.04,0.06,0.04,0.05,0.07
14,5,6,"both",0.2,"power",0.08,0.09,0.04,0.04,0.13,0.08,0.16,0.15,0.13,0.08,0.11
14,5,6,"both",0.25,"power",0.07,0.08,0.09,0.07,0.13,0.06,0.09,0.05,0.08,0.06,0.1
14,5,6,"both",0.3,"power",0.09,0.1,0.05,0.1,0.11,0.1,0.08,0.09,0.09,0.07,0.1
14,5,6,"both",0.35,"power",0.1,0.09,0.08,0.09,0.14,0.06,0.1,0.02,0.1,0.1,0.12
14,5,6,"both",0.4,"power",0.16,0.12,0.08,0.11,0.22,0.12,0.12,0.1,0.1,0.14,0.15
14,5,6,"both",0.45,"power",0.12,0.09,0.08,0.12,0.26,0.13,0.2,0.11,0.2,0.11,0.16
14,5,6,"both",0.5,"power",0.23,0.14,0.06,0.13,0.43,0.22,0.24,0.16,0.24,0.17,0.25
14,5,6,"both",0.55,"power",0.24,0.18,0.06,0.15,0.53,0.21,0.29,0.16,0.25,0.2,0.27
14,5,6,"both",0.6,"power",0.34,0.23,0.11,0.19,0.66,0.39,0.36,0.16,0.36,0.29,0.39
14,5,6,"prevalence",0.05,"power",0.03,0.03,0.04,0.02,0.06,0.08,0.06,0.06,0.04,0.03,0.04
14,5,6,"prevalence",0.1,"power",0.06,0.07,0.07,0.05,0.09,0.08,0.06,0.08,0.06,0.04,0.09
14,5,6,"prevalence",0.15,"power",0.08,0.07,0.08,0.05,0.09,0.06,0.04,0.02,0.03,0.09,0.06
14,5,6,"prevalence",0.2,"power",0.06,0.08,0.07,0.07,0.1,0.06,0.04,0.09,0.05,0.03,0.08
14,5,6,"prevalence",0.25,"power",0.08,0.02,0.05,0.03,0.04,0.07,0.04,0.04,0.04,0.08,0.02
14,5,6,"prevalence",0.3,"power",0.1,0.05,0.05,0.06,0.05,0.05,0.06,0.07,0.05,0.04,0.05
14,5,6,"prevalence",0.35,"power",0.13,0.01,0.07,0.02,0.05,0.11,0.06,0.03,0.07,0.08,0.02
14,5,6,"prevalence",0.4,"power",0.16,0.06,0.06,0.07,0.09,0.13,0.12,0.08,0.09,0.14,0.06
14,5,6,"prevalence",0.45,"power",0.17,0.02,0.09,0.04,0.04,0.1,0.06,0.04,0.06,0.09,0.02
14,5,6,"prevalence",0.5,"power",0.24,0.07,0.07,0.08,0.1,0.13,0.03,0.06,0.03,0.21,0.06
14,5,6,"prevalence",0.55,"power",0.23,0.06,0.1,0.07,0.1,0.12,0.07,0.06,0.07,0.17,0.09
14,5,6,"prevalence",0.6,"power",0.31,0.04,0.11,0.03,0.11,0.18,0.07,0.03,0.06,0.16,0.06
14,6,11,"abundance",0.05,"power",0.06,0.04,0.04,0.04,0.04,0.03,0.02,0.03,0.01,0.07,0.04
14,6,11,"abundance",0.1,"power",0.07,0.06,0.05,0.02,0.07,0.06,0.07,0.05,0.05,0.06,0.07
14,6,11,"abundance",0.15,"power",0.03,0.07,0.05,0.03,0.05,0.03,0.05,0.03,0.04,0.05,0.05
14,6,11,"abundance",0.2,"power",0.05,0.06,0.07,0.08,0.03,0.07,0.04,0.07,0.04,0.06,0.02
14,6,11,"abundance",0.25,"power",0.06,0.02,0.06,0.03,0.07,0.04,0.06,0.03,0.07,0.07,0.05
14,6,11,"abundance",0.3,"power",0.08,0.08,0.08,0.06,0.09,0.05,0.08,0.08,0.08,0.06,0.07
14,6,11,"abundance",0.35,"power",0.03,0.06,0.02,0.07,0.09,0.03,0.03,0.04,0.04,0.03,0.06
14,6,11,"abundance",0.4,"power",0.05,0.02,0.04,0.03,0.09,0.09,0.07,0.02,0.07,0.07,0.04
14,6,11,"abundance",0.45,"power",0.03,0.05,0.09,0.03,0.07,0.04,0.05,0.02,0.05,0.07,0.05
14,6,11,"abundance",0.5,"power",0.03,0.05,0.05,0.03,0.05,0.04,0.09,0.04,0.09,0.04,0.04
14,6,11,"abundance",0.55,"power",0.04,0.06,0.02,0.04,0.14,0.05,0.06,0.04,0.08,0.03,0.09
14,6,11,"abundance",0.6,"power",0.08,0.07,0.05,0.06,0.13,0.09,0.11,0.05,0.1,0.06,0.11
14,6,11,"both",0.05,"power",0.07,0.07,0.07,0.12,0.04,0.06,0.02,0.03,0.02,0.05,0.04
14,6,11,"both",0.1,"power",0.03,0.11,0.07,0.11,0.07,0.05,0.05,0.08,0.06,0.03,0.11
14,6,11,"both",0.15,"power",0.08,0.06,0.06,0.08,0.06,0.07,0.07,0.05,0.09,0.07,0.06
14,6,11,"both",0.2,"power",0.04,0.06,0.07,0.03,0.08,0.06,0.06,0.04,0.06,0.06,0.06
14,6,11,"both",0.25,"power",0.08,0.02,0.07,0.04,0.08,0.12,0.03,0.05,0.02,0.1,0.06
14,6,11,"both",0.3,"power",0.14,0.05,0.05,0.04,0.08,0.15,0.04,0.03,0.03,0.08,0.05
14,6,11,"both",0.35,"power",0.08,0.05,0.03,0.05,0.12,0.17,0.1,0.05,0.09,0.09,0.08
14,6,11,"both",0.4,"power",0.19,0.03,0.06,0.05,0.16,0.25,0.12,0.08,0.13,0.12,0.08
14,6,11,"both",0.45,"power",0.16,0.11,0.14,0.11,0.26,0.21,0.08,0.06,0.1,0.12,0.13
14,6,11,"both",0.5,"power",0.24,0.14,0.08,0.17,0.28,0.35,0.17,0.12,0.16,0.18,0.16
14,6,11,"both",0.55,"power",0.34,0.05,0.07,0.06,0.33,0.45,0.13,0.04,0.09,0.28,0.07
14,6,11,"both",0.6,"power",0.39,0.13,0.09,0.12,0.56,0.66,0.23,0.09,0.2,0.32,0.2
14,6,11,"prevalence",0.05,"power",0.05,0.04,0.01,0.03,0.01,0.06,0.04,0.03,0.04,0.08,0.03
14,6,11,"prevalence",0.1,"power",0.04,0.05,0.05,0.04,0.02,0.04,0.05,0.03,0.05,0.02,0.04
14,6,11,"prevalence",0.15,"power",0.07,0.04,0.04,0.01,0.07,0.05,0.05,0.05,0.04,0.08,0.04
14,6,11,"prevalence",0.2,"power",0.07,0.05,0.03,0.06,0.03,0.07,0.05,0.06,0.06,0.03,0.04
14,6,11,"prevalence",0.25,"power",0.11,0.05,0.05,0.06,0.09,0.08,0.05,0.03,0.04,0.11,0.05
14,6,11,"prevalence",0.3,"power",0.07,0.09,0.04,0.07,0.08,0.07,0.06,0.07,0.08,0.07,0.08
14,6,11,"prevalence",0.35,"power",0.09,0.04,0.04,0.01,0.08,0.07,0.11,0.07,0.1,0.1,0.04
14,6,11,"prevalence",0.4,"power",0.13,0.04,0.09,0.04,0.08,0.07,0.04,0.05,0.06,0.11,0.09
14,6,11,"prevalence",0.45,"power",0.14,0.06,0.07,0.03,0.09,0.12,0.05,0.07,0.07,0.11,0.05
14,6,11,"prevalence",0.5,"power",0.24,0.04,0.05,0.06,0.07,0.23,0.04,0.07,0.04,0.18,0.04
14,6,11,"prevalence",0.55,"power",0.21,0.07,0.04,0.06,0.06,0.16,0.03,0.04,0.05,0.18,0.06
14,6,11,"prevalence",0.6,"power",0.3,0.05,0.08,0.03,0.04,0.13,0.03,0.04,0.04,0.19,0.04
14,7,13,"abundance",0.05,"power",0.02,0.07,0.07,0.08,0.05,0.02,0.06,0.04,0.04,0.02,0.06
14,7,13,"abundance",0.1,"power",0.05,0.02,0.09,0.02,0.03,0.04,0.01,0.05,0.03,0.03,0.03
14,7,13,"abundance",0.15,"power",0.05,0.08,0.12,0.04,0.07,0.09,0.08,0.09,0.09,0.06,0.06
14,7,13,"abundance",0.2,"power",0.07,0.04,0.06,0.04,0.05,0.06,0.05,0.03,0.05,0.05,0.04
14,7,13,"abundance",0.25,"power",0.04,0.04,0.08,0.03,0.07,0.06,0.07,0.03,0.04,0.07,0.04
14,7,13,"abundance",0.3,"power",0.06,0.07,0.05,0.06,0.1,0.1,0.07,0.04,0.05,0.04,0.09
14,7,13,"abundance",0.35,"power",0.04,0.05,0.05,0.04,0.1,0.08,0.04,0.04,0.05,0.04,0.03
14,7,13,"abundance",0.4,"power",0.06,0.09,0.07,0.08,0.09,0.06,0.12,0.11,0.14,0.07,0.1
14,7,13,"abundance",0.45,"power",0.04,0.06,0.04,0.06,0.05,0.02,0.07,0.06,0.07,0.05,0.06
14,7,13,"abundance",0.5,"power",0.03,0.06,0.1,0.06,0.07,0.06,0.07,0.08,0.07,0.09,0.06
14,7,13,"abundance",0.55,"power",0.02,0.06,0.07,0.08,0.08,0.07,0.08,0.03,0.09,0.03,0.06
14,7,13,"abundance",0.6,"power",0.04,0.03,0.08,0.02,0.13,0.1,0.05,0.04,0.05,0.07,0.06
14,7,13,"both",0.05,"power",0.09,0.05,0.06,0.05,0.02,0.06,0.02,0.04,0.02,0.07,0.04
14,7,13,"both",0.1,"power",0.06,0,0.1,0.01,0,0.03,0.01,0.03,0.03,0.06,0
14,7,13,"both",0.15,"power",0.08,0.07,0.06,0.09,0.06,0.03,0.03,0.05,0.03,0.07,0.06
14,7,13,"both",0.2,"power",0.07,0.06,0.06,0.08,0.09,0.07,0.06,0.07,0.08,0.05,0.07
14,7,13,"both",0.25,"power",0.07,0.06,0.04,0.04,0.09,0.09,0.09,0.08,0.07,0.03,0.07
14,7,13,"both",0.3,"power",0.04,0.03,0.05,0.06,0.1,0.09,0.07,0.03,0.06,0.04,0.03
14,7,13,"both",0.35,"power",0.07,0.07,0.03,0.06,0.11,0.15,0.09,0.05,0.1,0.06,0.07
14,7,13,"both",0.4,"power",0.11,0.07,0.06,0.05,0.15,0.19,0.07,0.04,0.05,0.13,0.07
14,7,13,"both",0.45,"power",0.19,0.04,0.09,0.05,0.18,0.25,0.09,0.08,0.1,0.15,0.09
14,7,13,"both",0.5,"power",0.17,0.03,0.08,0.04,0.15,0.32,0.11,0.08,0.11,0.17,0.09
14,7,13,"both",0.55,"power",0.23,0.05,0.05,0.04,0.21,0.39,0.12,0.04,0.11,0.2,0.11
14,7,13,"both",0.6,"power",0.27,0.1,0.15,0.05,0.35,0.53,0.13,0.08,0.11,0.21,0.12
14,7,13,"prevalence",0.05,"power",0.06,0.04,0.07,0.04,0.04,0.02,0.08,0.05,0.08,0.05,0.04
14,7,13,"prevalence",0.1,"power",0.04,0.03,0.04,0.04,0.02,0.07,0.05,0.03,0.07,0.06,0.05
14,7,13,"prevalence",0.15,"power",0.04,0.05,0.04,0.06,0.05,0.07,0.06,0.06,0.06,0.03,0.06
14,7,13,"prevalence",0.2,"power",0.07,0.06,0.06,0.04,0.04,0.05,0.04,0.04,0.04,0.06,0.05
14,7,13,"prevalence",0.25,"power",0.13,0.01,0.09,0.03,0.03,0.08,0.03,0.05,0.03,0.11,0.01
14,7,13,"prevalence",0.3,"power",0.07,0.05,0.08,0.07,0.08,0.05,0.05,0.06,0.05,0.11,0.05
14,7,13,"prevalence",0.35,"power",0.07,0.04,0.02,0.04,0.04,0.06,0.06,0.05,0.07,0.06,0.05
14,7,13,"prevalence",0.4,"power",0.16,0.04,0.05,0.06,0.04,0.07,0.05,0.05,0.05,0.14,0.04
14,7,13,"prevalence",0.45,"power",0.14,0.04,0.06,0.06,0.06,0.09,0.06,0.02,0.06,0.19,0.02
14,7,13,"prevalence",0.5,"power",0.14,0.04,0.06,0.05,0.07,0.15,0.1,0.05,0.11,0.15,0.06
14,7,13,"prevalence",0.55,"power",0.23,0.05,0.03,0.08,0.08,0.17,0.04,0.09,0.06,0.22,0.04
14,7,13,"prevalence",0.6,"power",0.32,0.04,0.12,0.03,0.07,0.19,0.04,0.06,0.06,0.23,0.07
14,8,12,"abundance",0.05,"power",0.03,0.07,0.05,0.07,0.08,0.04,0.04,0.1,0.07,0.05,0.09
14,8,12,"abundance",0.1,"power",0.01,0.03,0.02,0.04,0.02,0.03,0.02,0.04,0.02,0,0.04
14,8,12,"abundance",0.15,"power",0.04,0.07,0.04,0.04,0.04,0.03,0.04,0.04,0.04,0.04,0.06
14,8,12,"abundance",0.2,"power",0.05,0.06,0.02,0.04,0.05,0.06,0.07,0.1,0.08,0.06,0.04
14,8,12,"abundance",0.25,"power",0.09,0.03,0.04,0.03,0.05,0.09,0.09,0.03,0.1,0.09,0.04
14,8,12,"abundance",0.3,"power",0.06,0.04,0.03,0.05,0.06,0.05,0.04,0.05,0.02,0.03,0.02
14,8,12,"abundance",0.35,"power",0.03,0.04,0.04,0.02,0.03,0.01,0.03,0.07,0.03,0.04,0.03
14,8,12,"abundance",0.4,"power",0.05,0.04,0.04,0.08,0.04,0.06,0.05,0.06,0.04,0.08,0.07
14,8,12,"abundance",0.45,"power",0,0.03,0.07,0.04,0.04,0.03,0.06,0.06,0.06,0.06,0.03
14,8,12,"abundance",0.5,"power",0.08,0.07,0.02,0.08,0.12,0.07,0.06,0.02,0.06,0.06,0.11
14,8,12,"abundance",0.55,"power",0.04,0.07,0.04,0.06,0.08,0.05,0.1,0.08,0.06,0.03,0.06
14,8,12,"abundance",0.6,"power",0.03,0.02,0.04,0,0.06,0.04,0.04,0.05,0.04,0.06,0.03
14,8,12,"both",0.05,"power",0.06,0.03,0.06,0.02,0.01,0.04,0.05,0.02,0.05,0.05,0.02
14,8,12,"both",0.1,"power",0.05,0.05,0.03,0.03,0.07,0.06,0.02,0.02,0.02,0.08,0.03
14,8,12,"both",0.15,"power",0.05,0.05,0.04,0.03,0.08,0.03,0.06,0.04,0.05,0.06,0.07
14,8,12,"both",0.2,"power",0.06,0.08,0.05,0.07,0.06,0.03,0.08,0.06,0.07,0.05,0.07
14,8,12,"both",0.25,"power",0.05,0.05,0.03,0.07,0.03,0.05,0.04,0.05,0.05,0.06,0.04
14,8,12,"both",0.3,"power",0.11,0.04,0.03,0.03,0.11,0.12,0.06,0.06,0.06,0.1,0.07
14,8,12,"both",0.35,"power",0.13,0.04,0.06,0.04,0.08,0.12,0.05,0.03,0.05,0.09,0.04
14,8,12,"both",0.4,"power",0.15,0.08,0.06,0.1,0.12,0.2,0.09,0.02,0.07,0.12,0.08
14,8,12,"both",0.45,"power",0.19,0.05,0.07,0.04,0.18,0.2,0.07,0.03,0.07,0.13,0.07
14,8,12,"both",0.5,"power",0.24,0.08,0.12,0.07,0.21,0.23,0.08,0.06,0.07,0.24,0.1
14,8,12,"both",0.55,"power",0.29,0.12,0.08,0.08,0.3,0.31,0.14,0.08,0.14,0.21,0.15
14,8,12,"both",0.6,"power",0.37,0.09,0.12,0.08,0.37,0.41,0.11,0.07,0.11,0.35,0.16
14,8,12,"prevalence",0.05,"power",0.06,0.1,0.06,0.07,0.05,0.04,0.05,0.07,0.06,0.06,0.06
14,8,12,"prevalence",0.1,"power",0.06,0.09,0.01,0.09,0.03,0.05,0.02,0.07,0.02,0.07,0.07
14,8,12,"prevalence",0.15,"power",0.05,0.08,0.05,0.08,0.08,0.04,0.05,0.04,0.06,0.07,0.09
14,8,12,"prevalence",0.2,"power",0.04,0.03,0.05,0.02,0.03,0.05,0.04,0.08,0.05,0.08,0.03
14,8,12,"prevalence",0.25,"power",0.05,0.05,0.06,0.05,0.07,0.03,0.08,0.07,0.08,0.05,0.09
14,8,12,"prevalence",0.3,"power",0.08,0.06,0.06,0.06,0.09,0.11,0.07,0.07,0.09,0.07,0.09
14,8,12,"prevalence",0.35,"power",0.09,0.04,0.07,0.04,0.08,0.06,0.06,0.06,0.08,0.07,0.06
14,8,12,"prevalence",0.4,"power",0.12,0.03,0.07,0.04,0.07,0.07,0.05,0.05,0.05,0.16,0.02
14,8,12,"prevalence",0.45,"power",0.22,0.05,0.07,0.04,0.05,0.15,0.06,0.04,0.05,0.21,0.05
14,8,12,"prevalence",0.5,"power",0.22,0.07,0.09,0.04,0.12,0.1,0.04,0.07,0.05,0.18,0.07
14,8,12,"prevalence",0.55,"power",0.2,0.03,0.09,0.04,0.08,0.11,0.05,0.05,0.05,0.22,0.05
14,8,12,"prevalence",0.6,"power",0.31,0.06,0.07,0.03,0.14,0.22,0.07,0.04,0.08,0.29,0.09
14,9,10,"abundance",0.05,"power",0.06,0.1,0.04,0.05,0.08,0.07,0.12,0.06,0.11,0.04,0.09
14,9,10,"abundance",0.1,"power",0.04,0.05,0.03,0.04,0.07,0.03,0.06,0.04,0.04,0.06,0.04
14,9,10,"abundance",0.15,"power",0.05,0.05,0,0.04,0.06,0.09,0.04,0.06,0.05,0.03,0.05
14,9,10,"abundance",0.2,"power",0.02,0.06,0.02,0.07,0.02,0.01,0.04,0.1,0.03,0.05,0.04
14,9,10,"abundance",0.25,"power",0.02,0.06,0.05,0.07,0.01,0.04,0.05,0.07,0.07,0.02,0.07
14,9,10,"abundance",0.3,"power",0.03,0.07,0.06,0.06,0.08,0.05,0.07,0.02,0.06,0.06,0.05
14,9,10,"abundance",0.35,"power",0.02,0.02,0.06,0.03,0.1,0.04,0.04,0.01,0.05,0.03,0.04
14,9,10,"abundance",0.4,"power",0.03,0.09,0.08,0.06,0.04,0.03,0.05,0.04,0.05,0.04,0.06
14,9,10,"abundance",0.45,"power",0.06,0.1,0.05,0.09,0.12,0.05,0.1,0.07,0.09,0.04,0.14
14,9,10,"abundance",0.5,"power",0.06,0.09,0.04,0.09,0.13,0.06,0.1,0.06,0.11,0.05,0.1
14,9,10,"abundance",0.55,"power",0.03,0.08,0.03,0.07,0.13,0.05,0.13,0.07,0.13,0.04,0.1
14,9,10,"abundance",0.6,"power",0.05,0.11,0.07,0.12,0.21,0.04,0.09,0.08,0.09,0.04,0.17
14,9,10,"both",0.05,"power",0.05,0.07,0.07,0.06,0.06,0.05,0.05,0.04,0.06,0.05,0.06
14,9,10,"both",0.1,"power",0.05,0.02,0.05,0.01,0.05,0.06,0.07,0.04,0.08,0.03,0.04
14,9,10,"both",0.15,"power",0.04,0.07,0.04,0.06,0.06,0.05,0.08,0.03,0.06,0.06,0.07
14,9,10,"both",0.2,"power",0.04,0.05,0.04,0.03,0.05,0.06,0.04,0.05,0.03,0.02,0.02
14,9,10,"both",0.25,"power",0.02,0.06,0.03,0.05,0.08,0.05,0.03,0.05,0.04,0.03,0.05
14,9,10,"both",0.3,"power",0.06,0.07,0.05,0.07,0.09,0.07,0.08,0.05,0.09,0.06,0.07
14,9,10,"both",0.35,"power",0.08,0.06,0.06,0.09,0.13,0.17,0.09,0.06,0.08,0.08,0.09
14,9,10,"both",0.4,"power",0.13,0.06,0.08,0.05,0.18,0.13,0.05,0.06,0.04,0.11,0.09
14,9,10,"both",0.45,"power",0.11,0.09,0.03,0.1,0.18,0.16,0.09,0.04,0.09,0.1,0.1
14,9,10,"both",0.5,"power",0.14,0.07,0.06,0.08,0.32,0.21,0.09,0.05,0.12,0.13,0.15
14,9,10,"both",0.55,"power",0.19,0.13,0.07,0.15,0.37,0.29,0.12,0.05,0.13,0.21,0.18
14,9,10,"both",0.6,"power",0.31,0.13,0.11,0.15,0.61,0.43,0.2,0.06,0.18,0.27,0.33
14,9,10,"prevalence",0.05,"power",0.07,0.07,0.05,0.07,0.07,0.04,0.06,0.08,0.04,0.06,0.09
14,9,10,"prevalence",0.1,"power",0.06,0.07,0.04,0.06,0.06,0.02,0.05,0.05,0.05,0.05,0.06
14,9,10,"prevalence",0.15,"power",0.07,0.04,0.04,0.04,0.05,0.06,0.04,0.02,0.04,0.07,0.04
14,9,10,"prevalence",0.2,"power",0.04,0.06,0.06,0.06,0.07,0.05,0.1,0.08,0.11,0.05,0.07
14,9,10,"prevalence",0.25,"power",0.07,0.05,0.05,0.03,0.05,0.07,0.05,0.06,0.06,0.06,0.03
14,9,10,"prevalence",0.3,"power",0.1,0.06,0.03,0.04,0.05,0.06,0.1,0.06,0.09,0.06,0.04
14,9,10,"prevalence",0.35,"power",0.08,0.06,0.03,0.03,0.06,0.07,0.04,0.05,0.04,0.07,0.07
14,9,10,"prevalence",0.4,"power",0.09,0.02,0.03,0.03,0.06,0.06,0.11,0.05,0.12,0.09,0.04
14,9,10,"prevalence",0.45,"power",0.07,0.07,0.08,0.08,0.06,0.13,0.07,0.1,0.09,0.12,0.06
14,9,10,"prevalence",0.5,"power",0.13,0.05,0.05,0.03,0.05,0.1,0.03,0.08,0.05,0.12,0.03
14,9,10,"prevalence",0.55,"power",0.16,0.04,0.06,0.04,0.08,0.12,0.03,0.03,0.03,0.13,0.06
14,9,10,"prevalence",0.6,"power",0.22,0.06,0.09,0.07,0.07,0.13,0.09,0.05,0.09,0.2,0.05
14,10,8,"abundance",0.05,"power",0.07,0.04,0.06,0.06,0.07,0.07,0.08,0.07,0.09,0.08,0.08
14,10,8,"abundance",0.1,"power",0.1,0.06,0.04,0.04,0.07,0.03,0.08,0.07,0.09,0.09,0.08
14,10,8,"abundance",0.15,"power",0.04,0.06,0.05,0.05,0.04,0.04,0.03,0.06,0.05,0.03,0.06
14,10,8,"abundance",0.2,"power",0.02,0.03,0.07,0,0.03,0.04,0.05,0.06,0.06,0,0.02
14,10,8,"abundance",0.25,"power",0.09,0.05,0.09,0.04,0.05,0.06,0.07,0.07,0.06,0.05,0.03
14,10,8,"abundance",0.3,"power",0.06,0.09,0.05,0.07,0.08,0.08,0.08,0.09,0.08,0.03,0.09
14,10,8,"abundance",0.35,"power",0.03,0.06,0.07,0.07,0.07,0.04,0.07,0.08,0.07,0.01,0.08
14,10,8,"abundance",0.4,"power",0.04,0.03,0.05,0.03,0.07,0.07,0.06,0.08,0.06,0.03,0.06
14,10,8,"abundance",0.45,"power",0.04,0.06,0.03,0.1,0.11,0.07,0.06,0.04,0.05,0.08,0.06
14,10,8,"abundance",0.5,"power",0.05,0.07,0.08,0.08,0.14,0.08,0.12,0.07,0.1,0.06,0.08
14,10,8,"abundance",0.55,"power",0.02,0.09,0.02,0.12,0.1,0.05,0.1,0.04,0.08,0.02,0.1
14,10,8,"abundance",0.6,"power",0.05,0.06,0.04,0.06,0.14,0.04,0.14,0.06,0.14,0.07,0.11
14,10,8,"both",0.05,"power",0.06,0.04,0.05,0.05,0.01,0.01,0.04,0.02,0.04,0.03,0.03
14,10,8,"both",0.1,"power",0.03,0.08,0.06,0.08,0.07,0.07,0.07,0.05,0.04,0.01,0.09
14,10,8,"both",0.15,"power",0.03,0.04,0.04,0.04,0.03,0.04,0.02,0.03,0.05,0.04,0.04
14,10,8,"both",0.2,"power",0.06,0.06,0.04,0.07,0.09,0.07,0.07,0.06,0.05,0.1,0.07
14,10,8,"both",0.25,"power",0.08,0.05,0.13,0.05,0.05,0.02,0.05,0.01,0.05,0.05,0.04
14,10,8,"both",0.3,"power",0.05,0.06,0.07,0.05,0.09,0.09,0.09,0.1,0.09,0.06,0.08
14,10,8,"both",0.35,"power",0.04,0.07,0.03,0.08,0.09,0.08,0.05,0.03,0.08,0.06,0.1
14,10,8,"both",0.4,"power",0.12,0.04,0.09,0.04,0.14,0.13,0.12,0.04,0.13,0.12,0.1
14,10,8,"both",0.45,"power",0.13,0.03,0,0.06,0.17,0.2,0.1,0.05,0.07,0.15,0.05
14,10,8,"both",0.5,"power",0.14,0.1,0.05,0.11,0.31,0.25,0.13,0.06,0.13,0.15,0.17
14,10,8,"both",0.55,"power",0.15,0.09,0.07,0.08,0.21,0.26,0.16,0.07,0.15,0.18,0.13
14,10,8,"both",0.6,"power",0.2,0.12,0.08,0.12,0.36,0.34,0.21,0.07,0.18,0.21,0.21
14,10,8,"prevalence",0.05,"power",0.07,0.05,0.05,0.07,0.04,0.05,0.03,0.01,0.03,0.06,0.04
14,10,8,"prevalence",0.1,"power",0.05,0.05,0.04,0.05,0.04,0.06,0.05,0.07,0.05,0.03,0.05
14,10,8,"prevalence",0.15,"power",0.04,0.02,0.05,0.04,0.04,0.04,0.03,0.07,0.03,0.06,0.04
14,10,8,"prevalence",0.2,"power",0.06,0.09,0.08,0.07,0.06,0.07,0.03,0.09,0.04,0.08,0.04
14,10,8,"prevalence",0.25,"power",0.04,0.02,0.04,0.02,0.07,0.06,0.05,0.05,0.06,0.04,0.03
14,10,8,"prevalence",0.3,"power",0.09,0.07,0.04,0.06,0.07,0.07,0.06,0.08,0.05,0.05,0.08
14,10,8,"prevalence",0.35,"power",0.07,0.07,0.04,0.07,0.1,0.08,0.04,0.03,0.05,0.09,0.08
14,10,8,"prevalence",0.4,"power",0.1,0.05,0.09,0.02,0.03,0.08,0.06,0.04,0.05,0.12,0.06
14,10,8,"prevalence",0.45,"power",0.16,0.07,0.07,0.07,0.11,0.14,0.07,0.09,0.1,0.18,0.08
14,10,8,"prevalence",0.5,"power",0.16,0.03,0.09,0.04,0.06,0.12,0.07,0.03,0.05,0.19,0.03
14,10,8,"prevalence",0.55,"power",0.09,0.04,0.08,0.05,0.05,0.09,0.03,0.05,0.02,0.14,0.03
14,10,8,"prevalence",0.6,"power",0.18,0.04,0.12,0.04,0.07,0.13,0.07,0.05,0.06,0.26,0.03
14,11,9,"abundance",0.05,"power",0.05,0.05,0.04,0.04,0.07,0.02,0.06,0.07,0.07,0.04,0.08
14,11,9,"abundance",0.1,"power",0.07,0.08,0.06,0.07,0.04,0.04,0.06,0.08,0.06,0.08,0.06
14,11,9,"abundance",0.15,"power",0.06,0.02,0.01,0.03,0.04,0.05,0.04,0.03,0.04,0.02,0.02
14,11,9,"abundance",0.2,"power",0.09,0.07,0.06,0.08,0.08,0.08,0.08,0.06,0.08,0.1,0.06
14,11,9,"abundance",0.25,"power",0.03,0.07,0.05,0.06,0.04,0.02,0.08,0.05,0.07,0.03,0.07
14,11,9,"abundance",0.3,"power",0.04,0.08,0.06,0.07,0.06,0.1,0.1,0.12,0.11,0.07,0.09
14,11,9,"abundance",0.35,"power",0.1,0.08,0.11,0.08,0.08,0.09,0.09,0.1,0.1,0.08,0.07
14,11,9,"abundance",0.4,"power",0.03,0.1,0.08,0.08,0.08,0.09,0.09,0.04,0.08,0.06,0.06
14,11,9,"abundance",0.45,"power",0.08,0.03,0.04,0.03,0.07,0.07,0.05,0.03,0.06,0.08,0.04
14,11,9,"abundance",0.5,"power",0.09,0.07,0.09,0.04,0.13,0.07,0.07,0.1,0.08,0.05,0.1
14,11,9,"abundance",0.55,"power",0.06,0.04,0.05,0.07,0.05,0.04,0.05,0.04,0.06,0.03,0.04
14,11,9,"abundance",0.6,"power",0.05,0.04,0.02,0.03,0.11,0.03,0.08,0.04,0.1,0.04,0.1
14,11,9,"both",0.05,"power",0.05,0.02,0.05,0.02,0.03,0.06,0.02,0.03,0.04,0.07,0.03
14,11,9,"both",0.1,"power",0.04,0.07,0.01,0.04,0.07,0.05,0.05,0.08,0.06,0.03,0.07
14,11,9,"both",0.15,"power",0.07,0.02,0.06,0.03,0.04,0.07,0.05,0.02,0.04,0.07,0.04
14,11,9,"both",0.2,"power",0.05,0.05,0.09,0.04,0.06,0.09,0.06,0.04,0.06,0.06,0.05
14,11,9,"both",0.25,"power",0.09,0.1,0.08,0.1,0.08,0.09,0.09,0.04,0.08,0.09,0.1
14,11,9,"both",0.3,"power",0.1,0.06,0.06,0.04,0.1,0.1,0.11,0.07,0.09,0.11,0.07
14,11,9,"both",0.35,"power",0.12,0.07,0.03,0.05,0.13,0.1,0.08,0.05,0.08,0.13,0.09
14,11,9,"both",0.4,"power",0.09,0.12,0.07,0.13,0.08,0.11,0.06,0.05,0.04,0.08,0.08
14,11,9,"both",0.45,"power",0.15,0.08,0.1,0.11,0.11,0.13,0.05,0.07,0.05,0.1,0.05
14,11,9,"both",0.5,"power",0.22,0.08,0.12,0.06,0.21,0.27,0.15,0.11,0.16,0.14,0.12
14,11,9,"both",0.55,"power",0.23,0.09,0.07,0.07,0.3,0.41,0.12,0.06,0.11,0.16,0.14
14,11,9,"both",0.6,"power",0.29,0.11,0.11,0.09,0.35,0.39,0.21,0.1,0.19,0.24,0.19
14,11,9,"prevalence",0.05,"power",0.05,0.08,0.03,0.11,0.04,0.03,0.07,0.04,0.06,0.04,0.06
14,11,9,"prevalence",0.1,"power",0.01,0.04,0.03,0.04,0.02,0.05,0.03,0.04,0.02,0.01,0.02
14,11,9,"prevalence",0.15,"power",0.07,0.1,0.02,0.1,0.09,0.09,0.08,0.07,0.06,0.04,0.11
14,11,9,"prevalence",0.2,"power",0.04,0.03,0.04,0.04,0.03,0.04,0.05,0.05,0.05,0.06,0.04
14,11,9,"prevalence",0.25,"power",0.05,0.07,0.04,0.08,0.06,0.07,0.04,0.07,0.06,0.07,0.08
14,11,9,"prevalence",0.3,"power",0.08,0.04,0.04,0.03,0.05,0.08,0.05,0.05,0.05,0.08,0.04
14,11,9,"prevalence",0.35,"power",0.11,0.06,0.04,0.02,0.07,0.07,0.07,0.06,0.08,0.1,0.03
14,11,9,"prevalence",0.4,"power",0.13,0.05,0.1,0.03,0.15,0.15,0.12,0.11,0.12,0.13,0.09
14,11,9,"prevalence",0.45,"power",0.16,0.06,0.09,0.04,0.06,0.16,0.06,0.07,0.06,0.11,0.05
14,11,9,"prevalence",0.5,"power",0.18,0.02,0.12,0.02,0.07,0.18,0.06,0.03,0.07,0.15,0.02
14,11,9,"prevalence",0.55,"power",0.27,0.06,0.09,0.06,0.08,0.18,0.04,0.02,0.05,0.27,0.04
14,11,9,"prevalence",0.6,"power",0.29,0.05,0.12,0.03,0.04,0.16,0.02,0.03,0.02,0.24,0.04
14,12,2,"abundance",0.05,"power",0.06,0.09,0.01,0.1,0.11,0.07,0.1,0.09,0.1,0.05,0.1
14,12,2,"abundance",0.1,"power",0.02,0.07,0.09,0.07,0.06,0.06,0.06,0.07,0.05,0.02,0.06
14,12,2,"abundance",0.15,"power",0.07,0.02,0.06,0.03,0.03,0.03,0.04,0.06,0.03,0.03,0.02
14,12,2,"abundance",0.2,"power",0.06,0.05,0.05,0.04,0.05,0.06,0.06,0.06,0.07,0.05,0.08
14,12,2,"abundance",0.25,"power",0.03,0.01,0.04,0.05,0.06,0.05,0.01,0.04,0.01,0.05,0.06
14,12,2,"abundance",0.3,"power",0.04,0.07,0.06,0.08,0.08,0.08,0.05,0.06,0.08,0.04,0.09
14,12,2,"abundance",0.35,"power",0.05,0.15,0.04,0.13,0.18,0.05,0.11,0.14,0.1,0.06,0.2
14,12,2,"abundance",0.4,"power",0.09,0.17,0.07,0.14,0.18,0.06,0.19,0.13,0.17,0.06,0.17
14,12,2,"abundance",0.45,"power",0.03,0.23,0.01,0.14,0.23,0.08,0.31,0.24,0.32,0.04,0.26
14,12,2,"abundance",0.5,"power",0.12,0.29,0.08,0.16,0.41,0.13,0.32,0.3,0.35,0.09,0.38
14,12,2,"abundance",0.55,"power",0.03,0.37,0.06,0.24,0.48,0.08,0.39,0.31,0.38,0.07,0.41
14,12,2,"abundance",0.6,"power",0.01,0.41,0.02,0.32,0.51,0.06,0.48,0.31,0.48,0.02,0.5
14,12,2,"both",0.05,"power",0.03,0.06,0.04,0.03,0.05,0.03,0.02,0.04,0.01,0.04,0.05
14,12,2,"both",0.1,"power",0.03,0.1,0.04,0.1,0.05,0.03,0.03,0.05,0.05,0.05,0.07
14,12,2,"both",0.15,"power",0.02,0.04,0.03,0.07,0.05,0.05,0.04,0.06,0.05,0.02,0.06
14,12,2,"both",0.2,"power",0.06,0.12,0.09,0.15,0.1,0.08,0.06,0.08,0.04,0.05,0.13
14,12,2,"both",0.25,"power",0.06,0.11,0.09,0.08,0.12,0.06,0.09,0.1,0.08,0.1,0.11
14,12,2,"both",0.3,"power",0.08,0.13,0.06,0.08,0.18,0.13,0.18,0.15,0.19,0.09,0.17
14,12,2,"both",0.35,"power",0.1,0.12,0.05,0.09,0.18,0.12,0.14,0.09,0.15,0.08,0.14
14,12,2,"both",0.4,"power",0.07,0.21,0.01,0.13,0.32,0.17,0.16,0.11,0.15,0.14,0.27
14,12,2,"both",0.45,"power",0.13,0.3,0.05,0.24,0.4,0.13,0.31,0.15,0.27,0.14,0.34
14,12,2,"both",0.5,"power",0.09,0.39,0.1,0.27,0.57,0.27,0.45,0.24,0.46,0.15,0.5
14,12,2,"both",0.55,"power",0.2,0.41,0.05,0.33,0.71,0.41,0.55,0.29,0.53,0.28,0.56
14,12,2,"both",0.6,"power",0.24,0.53,0.04,0.43,0.84,0.52,0.65,0.35,0.66,0.35,0.7
14,12,2,"prevalence",0.05,"power",0.04,0.03,0.07,0.02,0.06,0.06,0.05,0.08,0.08,0.03,0.04
14,12,2,"prevalence",0.1,"power",0.02,0.03,0.07,0.02,0.01,0.02,0.03,0.03,0.03,0.02,0.04
14,12,2,"prevalence",0.15,"power",0.04,0.06,0.02,0.04,0.08,0.04,0.07,0.03,0.07,0.09,0.09
14,12,2,"prevalence",0.2,"power",0.07,0.06,0.01,0.07,0.05,0.08,0.05,0.04,0.06,0.09,0.03
14,12,2,"prevalence",0.25,"power",0.02,0.03,0.02,0.03,0.02,0.07,0.04,0.05,0.04,0.07,0.04
14,12,2,"prevalence",0.3,"power",0.06,0.02,0.06,0.03,0.02,0.05,0.01,0.01,0.01,0.05,0.02
14,12,2,"prevalence",0.35,"power",0.08,0.03,0.03,0.04,0.05,0.11,0.06,0.01,0.04,0.09,0.05
14,12,2,"prevalence",0.4,"power",0.08,0.05,0.09,0.05,0.09,0.05,0.04,0.05,0.04,0.15,0.06
14,12,2,"prevalence",0.45,"power",0.12,0.07,0.05,0.08,0.1,0.07,0.11,0.11,0.11,0.18,0.07
14,12,2,"prevalence",0.5,"power",0.17,0.01,0.13,0.02,0.08,0.13,0.03,0.05,0.03,0.25,0.01
14,12,2,"prevalence",0.55,"power",0.18,0.03,0.08,0.04,0.07,0.14,0.04,0.06,0.03,0.25,0.06
14,12,2,"prevalence",0.6,"power",0.28,0.06,0.06,0.04,0.12,0.21,0.07,0.09,0.09,0.3,0.08
14,13,1,"abundance",0.05,"power",0.06,0.07,0.06,0.08,0.09,0.03,0.06,0.08,0.1,0.04,0.1
14,13,1,"abundance",0.1,"power",0.06,0.02,0.07,0.04,0.03,0.04,0.04,0.02,0.04,0.08,0.02
14,13,1,"abundance",0.15,"power",0.03,0.1,0.05,0.09,0.05,0.06,0.08,0.05,0.08,0.03,0.06
14,13,1,"abundance",0.2,"power",0.05,0.11,0.05,0.14,0.05,0.05,0.08,0.1,0.08,0.07,0.07
14,13,1,"abundance",0.25,"power",0.04,0.16,0.02,0.16,0.11,0.04,0.09,0.1,0.09,0.06,0.13
14,13,1,"abundance",0.3,"power",0.11,0.28,0.05,0.34,0.17,0.08,0.16,0.19,0.16,0.09,0.22
14,13,1,"abundance",0.35,"power",0.03,0.33,0.03,0.33,0.21,0.04,0.27,0.2,0.26,0.03,0.28
14,13,1,"abundance",0.4,"power",0.08,0.47,0.03,0.43,0.34,0.11,0.28,0.22,0.28,0.05,0.38
14,13,1,"abundance",0.45,"power",0.02,0.43,0.04,0.44,0.39,0.05,0.23,0.2,0.21,0.06,0.42
14,13,1,"abundance",0.5,"power",0.06,0.56,0.06,0.57,0.5,0.07,0.43,0.35,0.46,0.05,0.57
14,13,1,"abundance",0.55,"power",0.04,0.59,0.09,0.61,0.49,0.03,0.41,0.35,0.43,0.06,0.59
14,13,1,"abundance",0.6,"power",0.05,0.71,0.05,0.66,0.68,0.08,0.57,0.42,0.57,0.04,0.69
14,13,1,"both",0.05,"power",0.08,0.08,0.05,0.08,0.05,0.07,0.09,0.11,0.08,0.08,0.06
14,13,1,"both",0.1,"power",0.04,0.05,0.08,0.06,0.02,0.05,0.05,0.03,0.05,0.03,0.04
14,13,1,"both",0.15,"power",0.06,0.08,0.07,0.07,0.11,0.07,0.07,0.08,0.07,0.07,0.1
14,13,1,"both",0.2,"power",0.05,0.16,0.02,0.16,0.13,0.09,0.09,0.08,0.09,0.03,0.16
14,13,1,"both",0.25,"power",0.07,0.32,0.03,0.31,0.23,0.14,0.16,0.13,0.15,0.06,0.29
14,13,1,"both",0.3,"power",0.12,0.24,0.08,0.23,0.24,0.16,0.13,0.12,0.14,0.08,0.25
14,13,1,"both",0.35,"power",0.11,0.43,0.04,0.43,0.39,0.19,0.28,0.16,0.28,0.11,0.47
14,13,1,"both",0.4,"power",0.14,0.58,0.1,0.57,0.51,0.33,0.42,0.26,0.41,0.12,0.55
14,13,1,"both",0.45,"power",0.12,0.55,0.08,0.53,0.52,0.27,0.41,0.28,0.41,0.15,0.56
14,13,1,"both",0.5,"power",0.22,0.68,0.07,0.66,0.76,0.37,0.56,0.34,0.52,0.17,0.72
14,13,1,"both",0.55,"power",0.25,0.84,0.07,0.85,0.87,0.5,0.75,0.43,0.74,0.17,0.88
14,13,1,"both",0.6,"power",0.3,0.79,0.11,0.81,0.94,0.54,0.74,0.47,0.72,0.22,0.88
14,13,1,"prevalence",0.05,"power",0.05,0.07,0.06,0.03,0.08,0.04,0.07,0.1,0.06,0.06,0.04
14,13,1,"prevalence",0.1,"power",0.07,0.04,0.08,0.05,0.02,0.03,0.02,0.02,0.02,0.06,0
14,13,1,"prevalence",0.15,"power",0.06,0.03,0.04,0.03,0.01,0.06,0.02,0.01,0.03,0.04,0.02
14,13,1,"prevalence",0.2,"power",0.06,0.05,0.03,0.09,0.08,0.08,0.06,0.06,0.05,0.05,0.08
14,13,1,"prevalence",0.25,"power",0.07,0.02,0.05,0.02,0.03,0.03,0.02,0.05,0.03,0.05,0.03
14,13,1,"prevalence",0.3,"power",0.05,0.07,0.06,0.06,0.06,0.06,0.06,0.04,0.07,0.03,0.08
14,13,1,"prevalence",0.35,"power",0.07,0.05,0.02,0.05,0.1,0.05,0.04,0.03,0.04,0.06,0.05
14,13,1,"prevalence",0.4,"power",0.08,0.09,0.03,0.07,0.09,0.1,0.06,0.08,0.06,0.08,0.06
14,13,1,"prevalence",0.45,"power",0.12,0.08,0.09,0.09,0.08,0.16,0.03,0.01,0.05,0.14,0.08
14,13,1,"prevalence",0.5,"power",0.21,0.05,0.08,0.05,0.02,0.14,0.04,0.06,0.03,0.2,0.04
14,13,1,"prevalence",0.55,"power",0.2,0.11,0.11,0.09,0.09,0.12,0.08,0.05,0.09,0.15,0.07
14,13,1,"prevalence",0.6,"power",0.32,0.1,0.07,0.11,0.09,0.23,0.09,0.07,0.08,0.23,0.1
14,14,7,"abundance",0.05,"power",0.05,0.09,0.04,0.08,0.07,0.06,0.07,0.06,0.07,0.06,0.09
14,14,7,"abundance",0.1,"power",0.06,0.06,0.04,0.07,0.07,0.07,0.05,0.04,0.05,0.09,0.07
14,14,7,"abundance",0.15,"power",0.04,0.06,0.1,0.08,0.07,0.06,0.06,0.05,0.05,0.05,0.08
14,14,7,"abundance",0.2,"power",0.03,0,0.02,0.01,0.02,0.04,0.01,0.01,0.01,0.05,0.03
14,14,7,"abundance",0.25,"power",0.03,0.09,0.05,0.1,0.07,0.02,0.03,0.05,0.03,0.05,0.09
14,14,7,"abundance",0.3,"power",0.06,0.08,0.06,0.05,0.09,0.08,0.06,0.05,0.05,0.07,0.08
14,14,7,"abundance",0.35,"power",0.02,0.05,0.02,0.05,0.03,0.04,0,0.04,0,0.03,0.06
14,14,7,"abundance",0.4,"power",0.06,0.1,0.08,0.05,0.17,0.07,0.16,0.09,0.13,0.08,0.13
14,14,7,"abundance",0.45,"power",0.06,0.04,0.05,0.02,0.12,0.04,0.14,0.07,0.15,0.07,0.07
14,14,7,"abundance",0.5,"power",0.11,0.11,0.11,0.09,0.22,0.09,0.12,0.11,0.12,0.07,0.13
14,14,7,"abundance",0.55,"power",0.04,0.12,0.06,0.1,0.32,0.03,0.15,0.06,0.16,0.04,0.16
14,14,7,"abundance",0.6,"power",0.04,0.13,0.05,0.11,0.39,0.11,0.27,0.11,0.31,0.05,0.24
14,14,7,"both",0.05,"power",0.04,0.04,0.06,0.04,0.08,0.03,0.05,0.07,0.06,0.02,0.07
14,14,7,"both",0.1,"power",0.04,0.06,0.06,0.06,0.06,0.04,0.04,0.03,0.03,0.04,0.05
14,14,7,"both",0.15,"power",0.07,0.07,0.03,0.08,0.1,0.07,0.1,0.04,0.1,0.06,0.09
14,14,7,"both",0.2,"power",0.04,0.08,0.08,0.09,0.08,0.06,0.08,0.09,0.11,0.05,0.08
14,14,7,"both",0.25,"power",0.05,0.08,0.04,0.05,0.12,0.1,0.1,0.05,0.09,0.05,0.13
14,14,7,"both",0.3,"power",0.06,0.07,0.04,0.04,0.13,0.1,0.13,0.1,0.12,0.07,0.07
14,14,7,"both",0.35,"power",0.09,0.06,0.08,0.03,0.26,0.09,0.14,0.08,0.15,0.08,0.16
14,14,7,"both",0.4,"power",0.14,0.15,0.07,0.11,0.3,0.19,0.19,0.09,0.18,0.12,0.22
14,14,7,"both",0.45,"power",0.14,0.09,0.06,0.08,0.46,0.19,0.11,0.07,0.14,0.12,0.25
14,14,7,"both",0.5,"power",0.19,0.1,0.08,0.04,0.5,0.24,0.15,0.08,0.17,0.12,0.2
14,14,7,"both",0.55,"power",0.26,0.17,0.12,0.09,0.66,0.32,0.33,0.1,0.34,0.22,0.4
14,14,7,"both",0.6,"power",0.28,0.14,0.09,0.07,0.76,0.42,0.32,0.1,0.32,0.17,0.47
14,14,7,"prevalence",0.05,"power",0.05,0.1,0.06,0.06,0.06,0.08,0.07,0.07,0.06,0.04,0.09
14,14,7,"prevalence",0.1,"power",0.07,0.07,0.07,0.04,0.05,0.04,0.06,0.02,0.05,0.08,0.07
14,14,7,"prevalence",0.15,"power",0.04,0.04,0.02,0.03,0.02,0.03,0.03,0.03,0.04,0.02,0.04
14,14,7,"prevalence",0.2,"power",0.02,0.03,0.03,0.03,0.04,0.08,0.05,0.03,0.06,0.06,0.05
14,14,7,"prevalence",0.25,"power",0.06,0.02,0.08,0.03,0.02,0.03,0.01,0,0.01,0.06,0.01
14,14,7,"prevalence",0.3,"power",0.12,0.04,0.07,0.06,0.09,0.08,0.08,0.04,0.08,0.1,0.05
14,14,7,"prevalence",0.35,"power",0.11,0.04,0.04,0.03,0.01,0.09,0.03,0.03,0.05,0.08,0.02
14,14,7,"prevalence",0.4,"power",0.14,0.05,0.08,0.06,0.05,0.11,0.04,0.04,0.04,0.11,0.04
14,14,7,"prevalence",0.45,"power",0.18,0.03,0.06,0.05,0.05,0.12,0.06,0.05,0.03,0.17,0.04
14,14,7,"prevalence",0.5,"power",0.23,0.04,0.13,0.05,0.07,0.1,0.06,0.05,0.07,0.2,0.05
14,14,7,"prevalence",0.55,"power",0.18,0.09,0.04,0.06,0.08,0.1,0.09,0.07,0.09,0.13,0.08
14,14,7,"prevalence",0.6,"power",0.36,0.05,0.05,0.07,0.07,0.15,0.03,0.05,0.04,0.21,0.05
