"k","signal_cluster","cluster_ordered","signal_mode","beta","method","power","n_nonmissing"
2,1,1,"abundance",0.05,"GLaD_0.5_unweighted",0.04,100
2,1,1,"abundance",0.05,"GLaD_0.5_weighted",0.05,100
2,1,1,"abundance",0.05,"GLaD_1_unweighted",0.04,100
2,1,1,"abundance",0.05,"GLaD_1_weighted",0.05,100
2,1,1,"abundance",0.05,"GUniFrac",0.01,100
2,1,1,"abundance",0.05,"aitchison",0.05,100
2,1,1,"abundance",0.05,"bray",0.02,100
2,1,1,"abundance",0.05,"euclidean",0,100
2,1,1,"abundance",0.05,"jaccard",0.02,100
2,1,1,"abundance",0.05,"unifrac_unweighted",0.02,100
2,1,1,"abundance",0.05,"unifrac_weighted_phyloseq",0.04,100
2,1,1,"abundance",0.1,"GLaD_0.5_unweighted",0.08,100
2,1,1,"abundance",0.1,"GLaD_0.5_weighted",0.11,100
2,1,1,"abundance",0.1,"GLaD_1_unweighted",0.03,100
2,1,1,"abundance",0.1,"GLaD_1_weighted",0.11,100
2,1,1,"abundance",0.1,"GUniFrac",0.07,100
2,1,1,"abundance",0.1,"aitchison",0.07,100
2,1,1,"abundance",0.1,"bray",0.06,100
2,1,1,"abundance",0.1,"euclidean",0.1,100
2,1,1,"abundance",0.1,"jaccard",0.06,100
2,1,1,"abundance",0.1,"unifrac_unweighted",0.06,100
2,1,1,"abundance",0.1,"unifrac_weighted_phyloseq",0.09,100
2,1,1,"abundance",0.15,"GLaD_0.5_unweighted",0.04,100
2,1,1,"abundance",0.15,"GLaD_0.5_weighted",0.12,100
2,1,1,"abundance",0.15,"GLaD_1_unweighted",0.03,100
2,1,1,"abundance",0.15,"GLaD_1_weighted",0.14,100
2,1,1,"abundance",0.15,"GUniFrac",0.1,100
2,1,1,"abundance",0.15,"aitchison",0.04,100
2,1,1,"abundance",0.15,"bray",0.06,100
2,1,1,"abundance",0.15,"euclidean",0.04,100
2,1,1,"abundance",0.15,"jaccard",0.07,100
2,1,1,"abundance",0.15,"unifrac_unweighted",0.04,100
2,1,1,"abundance",0.15,"unifrac_weighted_phyloseq",0.09,100
2,1,1,"abundance",0.2,"GLaD_0.5_unweighted",0.02,100
2,1,1,"abundance",0.2,"GLaD_0.5_weighted",0.17,100
2,1,1,"abundance",0.2,"GLaD_1_unweighted",0.03,100
2,1,1,"abundance",0.2,"GLaD_1_weighted",0.19,100
2,1,1,"abundance",0.2,"GUniFrac",0.22,100
2,1,1,"abundance",0.2,"aitchison",0.08,100
2,1,1,"abundance",0.2,"bray",0.13,100
2,1,1,"abundance",0.2,"euclidean",0.09,100
2,1,1,"abundance",0.2,"jaccard",0.12,100
2,1,1,"abundance",0.2,"unifrac_unweighted",0.06,100
2,1,1,"abundance",0.2,"unifrac_weighted_phyloseq",0.18,100
2,1,1,"abundance",0.25,"GLaD_0.5_unweighted",0.04,100
2,1,1,"abundance",0.25,"GLaD_0.5_weighted",0.22,100
2,1,1,"abundance",0.25,"GLaD_1_unweighted",0,100
2,1,1,"abundance",0.25,"GLaD_1_weighted",0.27,100
2,1,1,"abundance",0.25,"GUniFrac",0.25,100
2,1,1,"abundance",0.25,"aitchison",0.06,100
2,1,1,"abundance",0.25,"bray",0.08,100
2,1,1,"abundance",0.25,"euclidean",0.07,100
2,1,1,"abundance",0.25,"jaccard",0.09,100
2,1,1,"abundance",0.25,"unifrac_unweighted",0.06,100
2,1,1,"abundance",0.25,"unifrac_weighted_phyloseq",0.25,100
2,1,1,"abundance",0.3,"GLaD_0.5_unweighted",0.02,100
2,1,1,"abundance",0.3,"GLaD_0.5_weighted",0.41,100
2,1,1,"abundance",0.3,"GLaD_1_unweighted",0.08,100
2,1,1,"abundance",0.3,"GLaD_1_weighted",0.44,100
2,1,1,"abundance",0.3,"GUniFrac",0.39,100
2,1,1,"abundance",0.3,"aitchison",0.08,100
2,1,1,"abundance",0.3,"bray",0.2,100
2,1,1,"abundance",0.3,"euclidean",0.1,100
2,1,1,"abundance",0.3,"jaccard",0.19,100
2,1,1,"abundance",0.3,"unifrac_unweighted",0.04,100
2,1,1,"abundance",0.3,"unifrac_weighted_phyloseq",0.42,100
2,1,1,"abundance",0.35,"GLaD_0.5_unweighted",0.03,100
2,1,1,"abundance",0.35,"GLaD_0.5_weighted",0.44,100
2,1,1,"abundance",0.35,"GLaD_1_unweighted",0.05,100
2,1,1,"abundance",0.35,"GLaD_1_weighted",0.47,100
2,1,1,"abundance",0.35,"GUniFrac",0.43,100
2,1,1,"abundance",0.35,"aitchison",0.03,100
2,1,1,"abundance",0.35,"bray",0.21,100
2,1,1,"abundance",0.35,"euclidean",0.12,100
2,1,1,"abundance",0.35,"jaccard",0.21,100
2,1,1,"abundance",0.35,"unifrac_unweighted",0.03,100
2,1,1,"abundance",0.35,"unifrac_weighted_phyloseq",0.5,100
2,1,1,"abundance",0.4,"GLaD_0.5_unweighted",0.02,100
2,1,1,"abundance",0.4,"GLaD_0.5_weighted",0.6,100
2,1,1,"abundance",0.4,"GLaD_1_unweighted",0.04,100
2,1,1,"abundance",0.4,"GLaD_1_weighted",0.59,100
2,1,1,"abundance",0.4,"GUniFrac",0.63,100
2,1,1,"abundance",0.4,"aitchison",0.11,100
2,1,1,"abundance",0.4,"bray",0.32,100
2,1,1,"abundance",0.4,"euclidean",0.16,100
2,1,1,"abundance",0.4,"jaccard",0.3,100
2,1,1,"abundance",0.4,"unifrac_unweighted",0.06,100
2,1,1,"abundance",0.4,"unifrac_weighted_phyloseq",0.66,100
2,1,1,"abundance",0.45,"GLaD_0.5_unweighted",0.06,100
2,1,1,"abundance",0.45,"GLaD_0.5_weighted",0.65,100
2,1,1,"abundance",0.45,"GLaD_1_unweighted",0.05,100
2,1,1,"abundance",0.45,"GLaD_1_weighted",0.67,100
2,1,1,"abundance",0.45,"GUniFrac",0.78,100
2,1,1,"abundance",0.45,"aitchison",0.12,100
2,1,1,"abundance",0.45,"bray",0.38,100
2,1,1,"abundance",0.45,"euclidean",0.21,100
2,1,1,"abundance",0.45,"jaccard",0.36,100
2,1,1,"abundance",0.45,"unifrac_unweighted",0.05,100
2,1,1,"abundance",0.45,"unifrac_weighted_phyloseq",0.75,100
2,1,1,"abundance",0.5,"GLaD_0.5_unweighted",0.12,100
2,1,1,"abundance",0.5,"GLaD_0.5_weighted",0.78,100
2,1,1,"abundance",0.5,"GLaD_1_unweighted",0.01,100
2,1,1,"abundance",0.5,"GLaD_1_weighted",0.79,100
2,1,1,"abundance",0.5,"GUniFrac",0.85,100
2,1,1,"abundance",0.5,"aitchison",0.21,100
2,1,1,"abundance",0.5,"bray",0.53,100
2,1,1,"abundance",0.5,"euclidean",0.26,100
2,1,1,"abundance",0.5,"jaccard",0.49,100
2,1,1,"abundance",0.5,"unifrac_unweighted",0.09,100
2,1,1,"abundance",0.5,"unifrac_weighted_phyloseq",0.82,100
2,1,1,"abundance",0.55,"GLaD_0.5_unweighted",0.03,100
2,1,1,"abundance",0.55,"GLaD_0.5_weighted",0.83,100
2,1,1,"abundance",0.55,"GLaD_1_unweighted",0.04,100
2,1,1,"abundance",0.55,"GLaD_1_weighted",0.84,100
2,1,1,"abundance",0.55,"GUniFrac",0.91,100
2,1,1,"abundance",0.55,"aitchison",0.12,100
2,1,1,"abundance",0.55,"bray",0.58,100
2,1,1,"abundance",0.55,"euclidean",0.23,100
2,1,1,"abundance",0.55,"jaccard",0.54,100
2,1,1,"abundance",0.55,"unifrac_unweighted",0.02,100
2,1,1,"abundance",0.55,"unifrac_weighted_phyloseq",0.9,100
2,1,1,"abundance",0.6,"GLaD_0.5_unweighted",0.06,100
2,1,1,"abundance",0.6,"GLaD_0.5_weighted",0.98,100
2,1,1,"abundance",0.6,"GLaD_1_unweighted",0.06,100
2,1,1,"abundance",0.6,"GLaD_1_weighted",0.98,100
2,1,1,"abundance",0.6,"GUniFrac",0.98,100
2,1,1,"abundance",0.6,"aitchison",0.18,100
2,1,1,"abundance",0.6,"bray",0.71,100
2,1,1,"abundance",0.6,"euclidean",0.35,100
2,1,1,"abundance",0.6,"jaccard",0.7,100
2,1,1,"abundance",0.6,"unifrac_unweighted",0.06,100
2,1,1,"abundance",0.6,"unifrac_weighted_phyloseq",0.98,100
2,1,1,"abundance",0.65,"GLaD_0.5_unweighted",0.03,100
2,1,1,"abundance",0.65,"GLaD_0.5_weighted",0.94,100
2,1,1,"abundance",0.65,"GLaD_1_unweighted",0.08,100
2,1,1,"abundance",0.65,"GLaD_1_weighted",0.95,100
2,1,1,"abundance",0.65,"GUniFrac",0.95,100
2,1,1,"abundance",0.65,"aitchison",0.19,100
2,1,1,"abundance",0.65,"bray",0.67,100
2,1,1,"abundance",0.65,"euclidean",0.37,100
2,1,1,"abundance",0.65,"jaccard",0.69,100
2,1,1,"abundance",0.65,"unifrac_unweighted",0.03,100
2,1,1,"abundance",0.65,"unifrac_weighted_phyloseq",0.97,100
2,1,1,"abundance",0.7,"GLaD_0.5_unweighted",0.08,100
2,1,1,"abundance",0.7,"GLaD_0.5_weighted",0.94,100
2,1,1,"abundance",0.7,"GLaD_1_unweighted",0.04,100
2,1,1,"abundance",0.7,"GLaD_1_weighted",0.97,100
2,1,1,"abundance",0.7,"GUniFrac",1,100
2,1,1,"abundance",0.7,"aitchison",0.21,100
2,1,1,"abundance",0.7,"bray",0.83,100
2,1,1,"abundance",0.7,"euclidean",0.33,100
2,1,1,"abundance",0.7,"jaccard",0.79,100
2,1,1,"abundance",0.7,"unifrac_unweighted",0.05,100
2,1,1,"abundance",0.7,"unifrac_weighted_phyloseq",0.98,100
2,1,1,"abundance",0.75,"GLaD_0.5_unweighted",0.12,100
2,1,1,"abundance",0.75,"GLaD_0.5_weighted",0.99,100
2,1,1,"abundance",0.75,"GLaD_1_unweighted",0.05,100
2,1,1,"abundance",0.75,"GLaD_1_weighted",0.99,100
2,1,1,"abundance",0.75,"GUniFrac",0.99,100
2,1,1,"abundance",0.75,"aitchison",0.26,100
2,1,1,"abundance",0.75,"bray",0.89,100
2,1,1,"abundance",0.75,"euclidean",0.47,100
2,1,1,"abundance",0.75,"jaccard",0.87,100
2,1,1,"abundance",0.75,"unifrac_unweighted",0.06,100
2,1,1,"abundance",0.75,"unifrac_weighted_phyloseq",0.99,100
2,1,1,"abundance",0.8,"GLaD_0.5_unweighted",0.03,100
2,1,1,"abundance",0.8,"GLaD_0.5_weighted",1,100
2,1,1,"abundance",0.8,"GLaD_1_unweighted",0.06,100
2,1,1,"abundance",0.8,"GLaD_1_weighted",1,100
2,1,1,"abundance",0.8,"GUniFrac",1,100
2,1,1,"abundance",0.8,"aitchison",0.27,100
2,1,1,"abundance",0.8,"bray",0.93,100
2,1,1,"abundance",0.8,"euclidean",0.51,100
2,1,1,"abundance",0.8,"jaccard",0.92,100
2,1,1,"abundance",0.8,"unifrac_unweighted",0.01,100
2,1,1,"abundance",0.8,"unifrac_weighted_phyloseq",1,100
2,1,1,"abundance",0.85,"GLaD_0.5_unweighted",0.02,100
2,1,1,"abundance",0.85,"GLaD_0.5_weighted",1,100
2,1,1,"abundance",0.85,"GLaD_1_unweighted",0.01,100
2,1,1,"abundance",0.85,"GLaD_1_weighted",1,100
2,1,1,"abundance",0.85,"GUniFrac",1,100
2,1,1,"abundance",0.85,"aitchison",0.23,100
2,1,1,"abundance",0.85,"bray",0.96,100
2,1,1,"abundance",0.85,"euclidean",0.58,100
2,1,1,"abundance",0.85,"jaccard",0.96,100
2,1,1,"abundance",0.85,"unifrac_unweighted",0.03,100
2,1,1,"abundance",0.85,"unifrac_weighted_phyloseq",1,100
2,1,1,"abundance",0.9,"GLaD_0.5_unweighted",0.03,100
2,1,1,"abundance",0.9,"GLaD_0.5_weighted",1,100
2,1,1,"abundance",0.9,"GLaD_1_unweighted",0.02,100
2,1,1,"abundance",0.9,"GLaD_1_weighted",1,100
2,1,1,"abundance",0.9,"GUniFrac",1,100
2,1,1,"abundance",0.9,"aitchison",0.32,100
2,1,1,"abundance",0.9,"bray",1,100
2,1,1,"abundance",0.9,"euclidean",0.71,100
2,1,1,"abundance",0.9,"jaccard",1,100
2,1,1,"abundance",0.9,"unifrac_unweighted",0,100
2,1,1,"abundance",0.9,"unifrac_weighted_phyloseq",1,100
2,1,1,"abundance",0.95,"GLaD_0.5_unweighted",0.03,100
2,1,1,"abundance",0.95,"GLaD_0.5_weighted",1,100
2,1,1,"abundance",0.95,"GLaD_1_unweighted",0.03,100
2,1,1,"abundance",0.95,"GLaD_1_weighted",1,100
2,1,1,"abundance",0.95,"GUniFrac",1,100
2,1,1,"abundance",0.95,"aitchison",0.4,100
2,1,1,"abundance",0.95,"bray",1,100
2,1,1,"abundance",0.95,"euclidean",0.75,100
2,1,1,"abundance",0.95,"jaccard",1,100
2,1,1,"abundance",0.95,"unifrac_unweighted",0.05,100
2,1,1,"abundance",0.95,"unifrac_weighted_phyloseq",1,100
2,1,1,"abundance",1,"GLaD_0.5_unweighted",0.04,100
2,1,1,"abundance",1,"GLaD_0.5_weighted",1,100
2,1,1,"abundance",1,"GLaD_1_unweighted",0.05,100
2,1,1,"abundance",1,"GLaD_1_weighted",1,100
2,1,1,"abundance",1,"GUniFrac",1,100
2,1,1,"abundance",1,"aitchison",0.39,100
2,1,1,"abundance",1,"bray",1,100
2,1,1,"abundance",1,"euclidean",0.79,100
2,1,1,"abundance",1,"jaccard",1,100
2,1,1,"abundance",1,"unifrac_unweighted",0.05,100
2,1,1,"abundance",1,"unifrac_weighted_phyloseq",1,100
2,1,1,"both",0.05,"GLaD_0.5_unweighted",0.15,100
2,1,1,"both",0.05,"GLaD_0.5_weighted",0.04,100
2,1,1,"both",0.05,"GLaD_1_unweighted",0.09,100
2,1,1,"both",0.05,"GLaD_1_weighted",0.03,100
2,1,1,"both",0.05,"GUniFrac",0.04,100
2,1,1,"both",0.05,"aitchison",0.07,100
2,1,1,"both",0.05,"bray",0.07,100
2,1,1,"both",0.05,"euclidean",0.06,100
2,1,1,"both",0.05,"jaccard",0.07,100
2,1,1,"both",0.05,"unifrac_unweighted",0.08,100
2,1,1,"both",0.05,"unifrac_weighted_phyloseq",0.02,100
2,1,1,"both",0.1,"GLaD_0.5_unweighted",0.11,100
2,1,1,"both",0.1,"GLaD_0.5_weighted",0.08,100
2,1,1,"both",0.1,"GLaD_1_unweighted",0.16,100
2,1,1,"both",0.1,"GLaD_1_weighted",0.05,100
2,1,1,"both",0.1,"GUniFrac",0.05,100
2,1,1,"both",0.1,"aitchison",0.12,100
2,1,1,"both",0.1,"bray",0.09,100
2,1,1,"both",0.1,"euclidean",0.09,100
2,1,1,"both",0.1,"jaccard",0.08,100
2,1,1,"both",0.1,"unifrac_unweighted",0.11,100
2,1,1,"both",0.1,"unifrac_weighted_phyloseq",0.07,100
2,1,1,"both",0.15,"GLaD_0.5_unweighted",0.11,100
2,1,1,"both",0.15,"GLaD_0.5_weighted",0.11,100
2,1,1,"both",0.15,"GLaD_1_unweighted",0.23,100
2,1,1,"both",0.15,"GLaD_1_weighted",0.14,100
2,1,1,"both",0.15,"GUniFrac",0.2,100
2,1,1,"both",0.15,"aitchison",0.09,100
2,1,1,"both",0.15,"bray",0.11,100
2,1,1,"both",0.15,"euclidean",0.04,100
2,1,1,"both",0.15,"jaccard",0.11,100
2,1,1,"both",0.15,"unifrac_unweighted",0.17,100
2,1,1,"both",0.15,"unifrac_weighted_phyloseq",0.12,100
2,1,1,"both",0.2,"GLaD_0.5_unweighted",0.42,100
2,1,1,"both",0.2,"GLaD_0.5_weighted",0.3,100
2,1,1,"both",0.2,"GLaD_1_unweighted",0.43,100
2,1,1,"both",0.2,"GLaD_1_weighted",0.34,100
2,1,1,"both",0.2,"GUniFrac",0.38,100
2,1,1,"both",0.2,"aitchison",0.29,100
2,1,1,"both",0.2,"bray",0.15,100
2,1,1,"both",0.2,"euclidean",0.09,100
2,1,1,"both",0.2,"jaccard",0.13,100
2,1,1,"both",0.2,"unifrac_unweighted",0.26,100
2,1,1,"both",0.2,"unifrac_weighted_phyloseq",0.35,100
2,1,1,"both",0.25,"GLaD_0.5_unweighted",0.43,100
2,1,1,"both",0.25,"GLaD_0.5_weighted",0.39,100
2,1,1,"both",0.25,"GLaD_1_unweighted",0.61,100
2,1,1,"both",0.25,"GLaD_1_weighted",0.37,100
2,1,1,"both",0.25,"GUniFrac",0.52,100
2,1,1,"both",0.25,"aitchison",0.27,100
2,1,1,"both",0.25,"bray",0.18,100
2,1,1,"both",0.25,"euclidean",0.13,100
2,1,1,"both",0.25,"jaccard",0.17,100
2,1,1,"both",0.25,"unifrac_unweighted",0.31,100
2,1,1,"both",0.25,"unifrac_weighted_phyloseq",0.49,100
2,1,1,"both",0.3,"GLaD_0.5_unweighted",0.65,100
2,1,1,"both",0.3,"GLaD_0.5_weighted",0.51,100
2,1,1,"both",0.3,"GLaD_1_unweighted",0.77,100
2,1,1,"both",0.3,"GLaD_1_weighted",0.54,100
2,1,1,"both",0.3,"GUniFrac",0.62,100
2,1,1,"both",0.3,"aitchison",0.48,100
2,1,1,"both",0.3,"bray",0.32,100
2,1,1,"both",0.3,"euclidean",0.14,100
2,1,1,"both",0.3,"jaccard",0.27,100
2,1,1,"both",0.3,"unifrac_unweighted",0.58,100
2,1,1,"both",0.3,"unifrac_weighted_phyloseq",0.61,100
2,1,1,"both",0.35,"GLaD_0.5_unweighted",0.88,100
2,1,1,"both",0.35,"GLaD_0.5_weighted",0.57,100
2,1,1,"both",0.35,"GLaD_1_unweighted",0.91,100
2,1,1,"both",0.35,"GLaD_1_weighted",0.6,100
2,1,1,"both",0.35,"GUniFrac",0.81,100
2,1,1,"both",0.35,"aitchison",0.71,100
2,1,1,"both",0.35,"bray",0.32,100
2,1,1,"both",0.35,"euclidean",0.08,100
2,1,1,"both",0.35,"jaccard",0.32,100
2,1,1,"both",0.35,"unifrac_unweighted",0.72,100
2,1,1,"both",0.35,"unifrac_weighted_phyloseq",0.67,100
2,1,1,"both",0.4,"GLaD_0.5_unweighted",0.98,100
2,1,1,"both",0.4,"GLaD_0.5_weighted",0.77,100
2,1,1,"both",0.4,"GLaD_1_unweighted",0.96,100
2,1,1,"both",0.4,"GLaD_1_weighted",0.78,100
2,1,1,"both",0.4,"GUniFrac",0.94,100
2,1,1,"both",0.4,"aitchison",0.82,100
2,1,1,"both",0.4,"bray",0.47,100
2,1,1,"both",0.4,"euclidean",0.2,100
2,1,1,"both",0.4,"jaccard",0.45,100
2,1,1,"both",0.4,"unifrac_unweighted",0.87,100
2,1,1,"both",0.4,"unifrac_weighted_phyloseq",0.86,100
2,1,1,"both",0.45,"GLaD_0.5_unweighted",1,100
2,1,1,"both",0.45,"GLaD_0.5_weighted",0.87,100
2,1,1,"both",0.45,"GLaD_1_unweighted",1,100
2,1,1,"both",0.45,"GLaD_1_weighted",0.9,100
2,1,1,"both",0.45,"GUniFrac",0.98,100
2,1,1,"both",0.45,"aitchison",0.99,100
2,1,1,"both",0.45,"bray",0.6,100
2,1,1,"both",0.45,"euclidean",0.19,100
2,1,1,"both",0.45,"jaccard",0.59,100
2,1,1,"both",0.45,"unifrac_unweighted",0.98,100
2,1,1,"both",0.45,"unifrac_weighted_phyloseq",0.93,100
2,1,1,"both",0.5,"GLaD_0.5_unweighted",1,100
2,1,1,"both",0.5,"GLaD_0.5_weighted",0.98,100
2,1,1,"both",0.5,"GLaD_1_unweighted",0.99,100
2,1,1,"both",0.5,"GLaD_1_weighted",0.99,100
2,1,1,"both",0.5,"GUniFrac",1,100
2,1,1,"both",0.5,"aitchison",1,100
2,1,1,"both",0.5,"bray",0.76,100
2,1,1,"both",0.5,"euclidean",0.3,100
2,1,1,"both",0.5,"jaccard",0.75,100
2,1,1,"both",0.5,"unifrac_unweighted",1,100
2,1,1,"both",0.5,"unifrac_weighted_phyloseq",0.99,100
2,1,1,"both",0.55,"GLaD_0.5_unweighted",1,100
2,1,1,"both",0.55,"GLaD_0.5_weighted",0.96,100
2,1,1,"both",0.55,"GLaD_1_unweighted",1,100
2,1,1,"both",0.55,"GLaD_1_weighted",0.96,100
2,1,1,"both",0.55,"GUniFrac",1,100
2,1,1,"both",0.55,"aitchison",1,100
2,1,1,"both",0.55,"bray",0.85,100
2,1,1,"both",0.55,"euclidean",0.33,100
2,1,1,"both",0.55,"jaccard",0.84,100
2,1,1,"both",0.55,"unifrac_unweighted",1,100
2,1,1,"both",0.55,"unifrac_weighted_phyloseq",0.99,100
2,1,1,"both",0.6,"GLaD_0.5_unweighted",1,100
2,1,1,"both",0.6,"GLaD_0.5_weighted",0.98,100
2,1,1,"both",0.6,"GLaD_1_unweighted",1,100
2,1,1,"both",0.6,"GLaD_1_weighted",0.99,100
2,1,1,"both",0.6,"GUniFrac",1,100
2,1,1,"both",0.6,"aitchison",1,100
2,1,1,"both",0.6,"bray",0.93,100
2,1,1,"both",0.6,"euclidean",0.38,100
2,1,1,"both",0.6,"jaccard",0.91,100
2,1,1,"both",0.6,"unifrac_unweighted",1,100
2,1,1,"both",0.6,"unifrac_weighted_phyloseq",1,100
2,1,1,"both",0.65,"GLaD_0.5_unweighted",1,100
2,1,1,"both",0.65,"GLaD_0.5_weighted",0.98,100
2,1,1,"both",0.65,"GLaD_1_unweighted",1,100
2,1,1,"both",0.65,"GLaD_1_weighted",0.98,100
2,1,1,"both",0.65,"GUniFrac",1,100
2,1,1,"both",0.65,"aitchison",1,100
2,1,1,"both",0.65,"bray",0.99,100
2,1,1,"both",0.65,"euclidean",0.48,100
2,1,1,"both",0.65,"jaccard",0.98,100
2,1,1,"both",0.65,"unifrac_unweighted",1,100
2,1,1,"both",0.65,"unifrac_weighted_phyloseq",1,100
2,1,1,"both",0.7,"GLaD_0.5_unweighted",1,100
2,1,1,"both",0.7,"GLaD_0.5_weighted",1,100
2,1,1,"both",0.7,"GLaD_1_unweighted",1,100
2,1,1,"both",0.7,"GLaD_1_weighted",1,100
2,1,1,"both",0.7,"GUniFrac",1,100
2,1,1,"both",0.7,"aitchison",1,100
2,1,1,"both",0.7,"bray",0.98,100
2,1,1,"both",0.7,"euclidean",0.5,100
2,1,1,"both",0.7,"jaccard",0.98,100
2,1,1,"both",0.7,"unifrac_unweighted",1,100
2,1,1,"both",0.7,"unifrac_weighted_phyloseq",1,100
2,1,1,"both",0.75,"GLaD_0.5_unweighted",1,100
2,1,1,"both",0.75,"GLaD_0.5_weighted",0.99,100
2,1,1,"both",0.75,"GLaD_1_unweighted",1,100
2,1,1,"both",0.75,"GLaD_1_weighted",0.99,100
2,1,1,"both",0.75,"GUniFrac",1,100
2,1,1,"both",0.75,"aitchison",1,100
2,1,1,"both",0.75,"bray",0.99,100
2,1,1,"both",0.75,"euclidean",0.71,100
2,1,1,"both",0.75,"jaccard",0.99,100
2,1,1,"both",0.75,"unifrac_unweighted",1,100
2,1,1,"both",0.75,"unifrac_weighted_phyloseq",0.99,100
2,1,1,"both",0.8,"GLaD_0.5_unweighted",1,100
2,1,1,"both",0.8,"GLaD_0.5_weighted",1,100
2,1,1,"both",0.8,"GLaD_1_unweighted",1,100
2,1,1,"both",0.8,"GLaD_1_weighted",1,100
2,1,1,"both",0.8,"GUniFrac",1,100
2,1,1,"both",0.8,"aitchison",1,100
2,1,1,"both",0.8,"bray",1,100
2,1,1,"both",0.8,"euclidean",0.55,100
2,1,1,"both",0.8,"jaccard",1,100
2,1,1,"both",0.8,"unifrac_unweighted",1,100
2,1,1,"both",0.8,"unifrac_weighted_phyloseq",1,100
2,1,1,"both",0.85,"GLaD_0.5_unweighted",1,100
2,1,1,"both",0.85,"GLaD_0.5_weighted",1,100
2,1,1,"both",0.85,"GLaD_1_unweighted",1,100
2,1,1,"both",0.85,"GLaD_1_weighted",1,100
2,1,1,"both",0.85,"GUniFrac",1,100
2,1,1,"both",0.85,"aitchison",1,100
2,1,1,"both",0.85,"bray",1,100
2,1,1,"both",0.85,"euclidean",0.75,100
2,1,1,"both",0.85,"jaccard",1,100
2,1,1,"both",0.85,"unifrac_unweighted",1,100
2,1,1,"both",0.85,"unifrac_weighted_phyloseq",1,100
2,1,1,"both",0.9,"GLaD_0.5_unweighted",1,100
2,1,1,"both",0.9,"GLaD_0.5_weighted",1,100
2,1,1,"both",0.9,"GLaD_1_unweighted",1,100
2,1,1,"both",0.9,"GLaD_1_weighted",1,100
2,1,1,"both",0.9,"GUniFrac",1,100
2,1,1,"both",0.9,"aitchison",1,100
2,1,1,"both",0.9,"bray",1,100
2,1,1,"both",0.9,"euclidean",0.81,100
2,1,1,"both",0.9,"jaccard",1,100
2,1,1,"both",0.9,"unifrac_unweighted",1,100
2,1,1,"both",0.9,"unifrac_weighted_phyloseq",1,100
2,1,1,"both",0.95,"GLaD_0.5_unweighted",1,100
2,1,1,"both",0.95,"GLaD_0.5_weighted",1,100
2,1,1,"both",0.95,"GLaD_1_unweighted",1,100
2,1,1,"both",0.95,"GLaD_1_weighted",1,100
2,1,1,"both",0.95,"GUniFrac",1,100
2,1,1,"both",0.95,"aitchison",1,100
2,1,1,"both",0.95,"bray",1,100
2,1,1,"both",0.95,"euclidean",0.86,100
2,1,1,"both",0.95,"jaccard",0.99,100
2,1,1,"both",0.95,"unifrac_unweighted",1,100
2,1,1,"both",0.95,"unifrac_weighted_phyloseq",1,100
2,1,1,"both",1,"GLaD_0.5_unweighted",1,100
2,1,1,"both",1,"GLaD_0.5_weighted",1,100
2,1,1,"both",1,"GLaD_1_unweighted",1,100
2,1,1,"both",1,"GLaD_1_weighted",1,100
2,1,1,"both",1,"GUniFrac",1,100
2,1,1,"both",1,"aitchison",1,100
2,1,1,"both",1,"bray",1,100
2,1,1,"both",1,"euclidean",0.9,100
2,1,1,"both",1,"jaccard",1,100
2,1,1,"both",1,"unifrac_unweighted",1,100
2,1,1,"both",1,"unifrac_weighted_phyloseq",1,100
2,1,1,"prevalence",0.05,"GLaD_0.5_unweighted",0.05,100
2,1,1,"prevalence",0.05,"GLaD_0.5_weighted",0.06,100
2,1,1,"prevalence",0.05,"GLaD_1_unweighted",0.06,100
2,1,1,"prevalence",0.05,"GLaD_1_weighted",0.1,100
2,1,1,"prevalence",0.05,"GUniFrac",0.02,100
2,1,1,"prevalence",0.05,"aitchison",0.06,100
2,1,1,"prevalence",0.05,"bray",0.06,100
2,1,1,"prevalence",0.05,"euclidean",0.03,100
2,1,1,"prevalence",0.05,"jaccard",0.06,100
2,1,1,"prevalence",0.05,"unifrac_unweighted",0.05,100
2,1,1,"prevalence",0.05,"unifrac_weighted_phyloseq",0.04,100
2,1,1,"prevalence",0.1,"GLaD_0.5_unweighted",0.08,100
2,1,1,"prevalence",0.1,"GLaD_0.5_weighted",0.07,100
2,1,1,"prevalence",0.1,"GLaD_1_unweighted",0.14,100
2,1,1,"prevalence",0.1,"GLaD_1_weighted",0.06,100
2,1,1,"prevalence",0.1,"GUniFrac",0.06,100
2,1,1,"prevalence",0.1,"aitchison",0.08,100
2,1,1,"prevalence",0.1,"bray",0.07,100
2,1,1,"prevalence",0.1,"euclidean",0.06,100
2,1,1,"prevalence",0.1,"jaccard",0.05,100
2,1,1,"prevalence",0.1,"unifrac_unweighted",0.12,100
2,1,1,"prevalence",0.1,"unifrac_weighted_phyloseq",0.07,100
2,1,1,"prevalence",0.15,"GLaD_0.5_unweighted",0.16,100
2,1,1,"prevalence",0.15,"GLaD_0.5_weighted",0.06,100
2,1,1,"prevalence",0.15,"GLaD_1_unweighted",0.26,100
2,1,1,"prevalence",0.15,"GLaD_1_weighted",0.06,100
2,1,1,"prevalence",0.15,"GUniFrac",0.04,100
2,1,1,"prevalence",0.15,"aitchison",0.06,100
2,1,1,"prevalence",0.15,"bray",0.02,100
2,1,1,"prevalence",0.15,"euclidean",0.04,100
2,1,1,"prevalence",0.15,"jaccard",0.03,100
2,1,1,"prevalence",0.15,"unifrac_unweighted",0.13,100
2,1,1,"prevalence",0.15,"unifrac_weighted_phyloseq",0.04,100
2,1,1,"prevalence",0.2,"GLaD_0.5_unweighted",0.26,100
2,1,1,"prevalence",0.2,"GLaD_0.5_weighted",0.04,100
2,1,1,"prevalence",0.2,"GLaD_1_unweighted",0.46,100
2,1,1,"prevalence",0.2,"GLaD_1_weighted",0.01,100
2,1,1,"prevalence",0.2,"GUniFrac",0.09,100
2,1,1,"prevalence",0.2,"aitchison",0.16,100
2,1,1,"prevalence",0.2,"bray",0.1,100
2,1,1,"prevalence",0.2,"euclidean",0.04,100
2,1,1,"prevalence",0.2,"jaccard",0.1,100
2,1,1,"prevalence",0.2,"unifrac_unweighted",0.18,100
2,1,1,"prevalence",0.2,"unifrac_weighted_phyloseq",0.08,100
2,1,1,"prevalence",0.25,"GLaD_0.5_unweighted",0.44,100
2,1,1,"prevalence",0.25,"GLaD_0.5_weighted",0.09,100
2,1,1,"prevalence",0.25,"GLaD_1_unweighted",0.66,100
2,1,1,"prevalence",0.25,"GLaD_1_weighted",0.1,100
2,1,1,"prevalence",0.25,"GUniFrac",0.13,100
2,1,1,"prevalence",0.25,"aitchison",0.19,100
2,1,1,"prevalence",0.25,"bray",0.03,100
2,1,1,"prevalence",0.25,"euclidean",0.06,100
2,1,1,"prevalence",0.25,"jaccard",0.02,100
2,1,1,"prevalence",0.25,"unifrac_unweighted",0.41,100
2,1,1,"prevalence",0.25,"unifrac_weighted_phyloseq",0.06,100
2,1,1,"prevalence",0.3,"GLaD_0.5_unweighted",0.66,100
2,1,1,"prevalence",0.3,"GLaD_0.5_weighted",0.03,100
2,1,1,"prevalence",0.3,"GLaD_1_unweighted",0.82,100
2,1,1,"prevalence",0.3,"GLaD_1_weighted",0.04,100
2,1,1,"prevalence",0.3,"GUniFrac",0.11,100
2,1,1,"prevalence",0.3,"aitchison",0.22,100
2,1,1,"prevalence",0.3,"bray",0.09,100
2,1,1,"prevalence",0.3,"euclidean",0.02,100
2,1,1,"prevalence",0.3,"jaccard",0.09,100
2,1,1,"prevalence",0.3,"unifrac_unweighted",0.44,100
2,1,1,"prevalence",0.3,"unifrac_weighted_phyloseq",0.04,100
2,1,1,"prevalence",0.35,"GLaD_0.5_unweighted",0.86,100
2,1,1,"prevalence",0.35,"GLaD_0.5_weighted",0.07,100
2,1,1,"prevalence",0.35,"GLaD_1_unweighted",0.87,100
2,1,1,"prevalence",0.35,"GLaD_1_weighted",0.07,100
2,1,1,"prevalence",0.35,"GUniFrac",0.14,100
2,1,1,"prevalence",0.35,"aitchison",0.34,100
2,1,1,"prevalence",0.35,"bray",0.03,100
2,1,1,"prevalence",0.35,"euclidean",0.07,100
2,1,1,"prevalence",0.35,"jaccard",0.04,100
2,1,1,"prevalence",0.35,"unifrac_unweighted",0.75,100
2,1,1,"prevalence",0.35,"unifrac_weighted_phyloseq",0.06,100
2,1,1,"prevalence",0.4,"GLaD_0.5_unweighted",0.99,100
2,1,1,"prevalence",0.4,"GLaD_0.5_weighted",0.09,100
2,1,1,"prevalence",0.4,"GLaD_1_unweighted",0.96,100
2,1,1,"prevalence",0.4,"GLaD_1_weighted",0.08,100
2,1,1,"prevalence",0.4,"GUniFrac",0.2,100
2,1,1,"prevalence",0.4,"aitchison",0.47,100
2,1,1,"prevalence",0.4,"bray",0.07,100
2,1,1,"prevalence",0.4,"euclidean",0.07,100
2,1,1,"prevalence",0.4,"jaccard",0.08,100
2,1,1,"prevalence",0.4,"unifrac_unweighted",0.88,100
2,1,1,"prevalence",0.4,"unifrac_weighted_phyloseq",0.08,100
2,1,1,"prevalence",0.45,"GLaD_0.5_unweighted",1,100
2,1,1,"prevalence",0.45,"GLaD_0.5_weighted",0.08,100
2,1,1,"prevalence",0.45,"GLaD_1_unweighted",0.99,100
2,1,1,"prevalence",0.45,"GLaD_1_weighted",0.04,100
2,1,1,"prevalence",0.45,"GUniFrac",0.27,100
2,1,1,"prevalence",0.45,"aitchison",0.65,100
2,1,1,"prevalence",0.45,"bray",0.11,100
2,1,1,"prevalence",0.45,"euclidean",0.05,100
2,1,1,"prevalence",0.45,"jaccard",0.12,100
2,1,1,"prevalence",0.45,"unifrac_unweighted",1,100
2,1,1,"prevalence",0.45,"unifrac_weighted_phyloseq",0.11,100
2,1,1,"prevalence",0.5,"GLaD_0.5_unweighted",1,100
2,1,1,"prevalence",0.5,"GLaD_0.5_weighted",0.11,100
2,1,1,"prevalence",0.5,"GLaD_1_unweighted",1,100
2,1,1,"prevalence",0.5,"GLaD_1_weighted",0.08,100
2,1,1,"prevalence",0.5,"GUniFrac",0.3,100
2,1,1,"prevalence",0.5,"aitchison",0.79,100
2,1,1,"prevalence",0.5,"bray",0.13,100
2,1,1,"prevalence",0.5,"euclidean",0.07,100
2,1,1,"prevalence",0.5,"jaccard",0.11,100
2,1,1,"prevalence",0.5,"unifrac_unweighted",1,100
2,1,1,"prevalence",0.5,"unifrac_weighted_phyloseq",0.14,100
2,1,1,"prevalence",0.55,"GLaD_0.5_unweighted",1,100
2,1,1,"prevalence",0.55,"GLaD_0.5_weighted",0.11,100
2,1,1,"prevalence",0.55,"GLaD_1_unweighted",1,100
2,1,1,"prevalence",0.55,"GLaD_1_weighted",0.13,100
2,1,1,"prevalence",0.55,"GUniFrac",0.5,100
2,1,1,"prevalence",0.55,"aitchison",0.94,100
2,1,1,"prevalence",0.55,"bray",0.08,100
2,1,1,"prevalence",0.55,"euclidean",0.05,100
2,1,1,"prevalence",0.55,"jaccard",0.08,100
2,1,1,"prevalence",0.55,"unifrac_unweighted",1,100
2,1,1,"prevalence",0.55,"unifrac_weighted_phyloseq",0.12,100
2,1,1,"prevalence",0.6,"GLaD_0.5_unweighted",1,100
2,1,1,"prevalence",0.6,"GLaD_0.5_weighted",0.12,100
2,1,1,"prevalence",0.6,"GLaD_1_unweighted",1,100
2,1,1,"prevalence",0.6,"GLaD_1_weighted",0.12,100
2,1,1,"prevalence",0.6,"GUniFrac",0.55,100
2,1,1,"prevalence",0.6,"aitchison",0.96,100
2,1,1,"prevalence",0.6,"bray",0.04,100
2,1,1,"prevalence",0.6,"euclidean",0.08,100
2,1,1,"prevalence",0.6,"jaccard",0.03,100
2,1,1,"prevalence",0.6,"unifrac_unweighted",1,100
2,1,1,"prevalence",0.6,"unifrac_weighted_phyloseq",0.11,100
2,1,1,"prevalence",0.65,"GLaD_0.5_unweighted",1,100
2,1,1,"prevalence",0.65,"GLaD_0.5_weighted",0.11,100
2,1,1,"prevalence",0.65,"GLaD_1_unweighted",1,100
2,1,1,"prevalence",0.65,"GLaD_1_weighted",0.17,100
2,1,1,"prevalence",0.65,"GUniFrac",0.72,100
2,1,1,"prevalence",0.65,"aitchison",0.99,100
2,1,1,"prevalence",0.65,"bray",0.06,100
2,1,1,"prevalence",0.65,"euclidean",0.04,100
2,1,1,"prevalence",0.65,"jaccard",0.07,100
2,1,1,"prevalence",0.65,"unifrac_unweighted",1,100
2,1,1,"prevalence",0.65,"unifrac_weighted_phyloseq",0.15,100
2,1,1,"prevalence",0.7,"GLaD_0.5_unweighted",1,100
2,1,1,"prevalence",0.7,"GLaD_0.5_weighted",0.1,100
2,1,1,"prevalence",0.7,"GLaD_1_unweighted",1,100
2,1,1,"prevalence",0.7,"GLaD_1_weighted",0.11,100
2,1,1,"prevalence",0.7,"GUniFrac",0.81,100
2,1,1,"prevalence",0.7,"aitchison",1,100
2,1,1,"prevalence",0.7,"bray",0.14,100
2,1,1,"prevalence",0.7,"euclidean",0.03,100
2,1,1,"prevalence",0.7,"jaccard",0.14,100
2,1,1,"prevalence",0.7,"unifrac_unweighted",1,100
2,1,1,"prevalence",0.7,"unifrac_weighted_phyloseq",0.2,100
2,1,1,"prevalence",0.75,"GLaD_0.5_unweighted",1,100
2,1,1,"prevalence",0.75,"GLaD_0.5_weighted",0.18,100
2,1,1,"prevalence",0.75,"GLaD_1_unweighted",1,100
2,1,1,"prevalence",0.75,"GLaD_1_weighted",0.17,100
2,1,1,"prevalence",0.75,"GUniFrac",0.94,100
2,1,1,"prevalence",0.75,"aitchison",1,100
2,1,1,"prevalence",0.75,"bray",0.26,100
2,1,1,"prevalence",0.75,"euclidean",0.11,100
2,1,1,"prevalence",0.75,"jaccard",0.25,100
2,1,1,"prevalence",0.75,"unifrac_unweighted",1,100
2,1,1,"prevalence",0.75,"unifrac_weighted_phyloseq",0.31,100
2,1,1,"prevalence",0.8,"GLaD_0.5_unweighted",1,100
2,1,1,"prevalence",0.8,"GLaD_0.5_weighted",0.2,100
2,1,1,"prevalence",0.8,"GLaD_1_unweighted",1,100
2,1,1,"prevalence",0.8,"GLaD_1_weighted",0.2,100
2,1,1,"prevalence",0.8,"GUniFrac",0.96,100
2,1,1,"prevalence",0.8,"aitchison",1,100
2,1,1,"prevalence",0.8,"bray",0.24,100
2,1,1,"prevalence",0.8,"euclidean",0.07,100
2,1,1,"prevalence",0.8,"jaccard",0.23,100
2,1,1,"prevalence",0.8,"unifrac_unweighted",1,100
2,1,1,"prevalence",0.8,"unifrac_weighted_phyloseq",0.27,100
2,1,1,"prevalence",0.85,"GLaD_0.5_unweighted",1,100
2,1,1,"prevalence",0.85,"GLaD_0.5_weighted",0.17,100
2,1,1,"prevalence",0.85,"GLaD_1_unweighted",1,100
2,1,1,"prevalence",0.85,"GLaD_1_weighted",0.19,100
2,1,1,"prevalence",0.85,"GUniFrac",0.98,100
2,1,1,"prevalence",0.85,"aitchison",1,100
2,1,1,"prevalence",0.85,"bray",0.29,100
2,1,1,"prevalence",0.85,"euclidean",0.05,100
2,1,1,"prevalence",0.85,"jaccard",0.25,100
2,1,1,"prevalence",0.85,"unifrac_unweighted",1,100
2,1,1,"prevalence",0.85,"unifrac_weighted_phyloseq",0.3,100
2,1,1,"prevalence",0.9,"GLaD_0.5_unweighted",1,100
2,1,1,"prevalence",0.9,"GLaD_0.5_weighted",0.19,100
2,1,1,"prevalence",0.9,"GLaD_1_unweighted",1,100
2,1,1,"prevalence",0.9,"GLaD_1_weighted",0.22,100
2,1,1,"prevalence",0.9,"GUniFrac",1,100
2,1,1,"prevalence",0.9,"aitchison",1,100
2,1,1,"prevalence",0.9,"bray",0.3,100
2,1,1,"prevalence",0.9,"euclidean",0.09,100
2,1,1,"prevalence",0.9,"jaccard",0.31,100
2,1,1,"prevalence",0.9,"unifrac_unweighted",1,100
2,1,1,"prevalence",0.9,"unifrac_weighted_phyloseq",0.32,100
2,1,1,"prevalence",0.95,"GLaD_0.5_unweighted",1,100
2,1,1,"prevalence",0.95,"GLaD_0.5_weighted",0.22,100
2,1,1,"prevalence",0.95,"GLaD_1_unweighted",1,100
2,1,1,"prevalence",0.95,"GLaD_1_weighted",0.23,100
2,1,1,"prevalence",0.95,"GUniFrac",1,100
2,1,1,"prevalence",0.95,"aitchison",1,100
2,1,1,"prevalence",0.95,"bray",0.37,100
2,1,1,"prevalence",0.95,"euclidean",0.06,100
2,1,1,"prevalence",0.95,"jaccard",0.3,100
2,1,1,"prevalence",0.95,"unifrac_unweighted",1,100
2,1,1,"prevalence",0.95,"unifrac_weighted_phyloseq",0.4,100
2,1,1,"prevalence",1,"GLaD_0.5_unweighted",1,100
2,1,1,"prevalence",1,"GLaD_0.5_weighted",0.26,100
2,1,1,"prevalence",1,"GLaD_1_unweighted",1,100
2,1,1,"prevalence",1,"GLaD_1_weighted",0.24,100
2,1,1,"prevalence",1,"GUniFrac",1,100
2,1,1,"prevalence",1,"aitchison",1,100
2,1,1,"prevalence",1,"bray",0.45,100
2,1,1,"prevalence",1,"euclidean",0.09,100
2,1,1,"prevalence",1,"jaccard",0.41,100
2,1,1,"prevalence",1,"unifrac_unweighted",1,100
2,1,1,"prevalence",1,"unifrac_weighted_phyloseq",0.47,100
2,2,2,"abundance",0.05,"GLaD_0.5_unweighted",0.03,100
2,2,2,"abundance",0.05,"GLaD_0.5_weighted",0.08,100
2,2,2,"abundance",0.05,"GLaD_1_unweighted",0.05,100
2,2,2,"abundance",0.05,"GLaD_1_weighted",0.06,100
2,2,2,"abundance",0.05,"GUniFrac",0.05,100
2,2,2,"abundance",0.05,"aitchison",0.05,100
2,2,2,"abundance",0.05,"bray",0.07,100
2,2,2,"abundance",0.05,"euclidean",0.07,100
2,2,2,"abundance",0.05,"jaccard",0.08,100
2,2,2,"abundance",0.05,"unifrac_unweighted",0.02,100
2,2,2,"abundance",0.05,"unifrac_weighted_phyloseq",0.06,100
2,2,2,"abundance",0.1,"GLaD_0.5_unweighted",0.07,100
2,2,2,"abundance",0.1,"GLaD_0.5_weighted",0.09,100
2,2,2,"abundance",0.1,"GLaD_1_unweighted",0.05,100
2,2,2,"abundance",0.1,"GLaD_1_weighted",0.07,100
2,2,2,"abundance",0.1,"GUniFrac",0.07,100
2,2,2,"abundance",0.1,"aitchison",0.02,100
2,2,2,"abundance",0.1,"bray",0.08,100
2,2,2,"abundance",0.1,"euclidean",0.05,100
2,2,2,"abundance",0.1,"jaccard",0.07,100
2,2,2,"abundance",0.1,"unifrac_unweighted",0.06,100
2,2,2,"abundance",0.1,"unifrac_weighted_phyloseq",0.12,100
2,2,2,"abundance",0.15,"GLaD_0.5_unweighted",0.01,100
2,2,2,"abundance",0.15,"GLaD_0.5_weighted",0.1,100
2,2,2,"abundance",0.15,"GLaD_1_unweighted",0.04,100
2,2,2,"abundance",0.15,"GLaD_1_weighted",0.1,100
2,2,2,"abundance",0.15,"GUniFrac",0.07,100
2,2,2,"abundance",0.15,"aitchison",0.04,100
2,2,2,"abundance",0.15,"bray",0.06,100
2,2,2,"abundance",0.15,"euclidean",0.12,100
2,2,2,"abundance",0.15,"jaccard",0.07,100
2,2,2,"abundance",0.15,"unifrac_unweighted",0.05,100
2,2,2,"abundance",0.15,"unifrac_weighted_phyloseq",0.11,100
2,2,2,"abundance",0.2,"GLaD_0.5_unweighted",0.03,100
2,2,2,"abundance",0.2,"GLaD_0.5_weighted",0.13,100
2,2,2,"abundance",0.2,"GLaD_1_unweighted",0.05,100
2,2,2,"abundance",0.2,"GLaD_1_weighted",0.16,100
2,2,2,"abundance",0.2,"GUniFrac",0.08,100
2,2,2,"abundance",0.2,"aitchison",0.03,100
2,2,2,"abundance",0.2,"bray",0.04,100
2,2,2,"abundance",0.2,"euclidean",0.06,100
2,2,2,"abundance",0.2,"jaccard",0.05,100
2,2,2,"abundance",0.2,"unifrac_unweighted",0.02,100
2,2,2,"abundance",0.2,"unifrac_weighted_phyloseq",0.13,100
2,2,2,"abundance",0.25,"GLaD_0.5_unweighted",0.07,100
2,2,2,"abundance",0.25,"GLaD_0.5_weighted",0.24,100
2,2,2,"abundance",0.25,"GLaD_1_unweighted",0.04,100
2,2,2,"abundance",0.25,"GLaD_1_weighted",0.27,100
2,2,2,"abundance",0.25,"GUniFrac",0.26,100
2,2,2,"abundance",0.25,"aitchison",0.08,100
2,2,2,"abundance",0.25,"bray",0.11,100
2,2,2,"abundance",0.25,"euclidean",0.08,100
2,2,2,"abundance",0.25,"jaccard",0.12,100
2,2,2,"abundance",0.25,"unifrac_unweighted",0.06,100
2,2,2,"abundance",0.25,"unifrac_weighted_phyloseq",0.24,100
2,2,2,"abundance",0.3,"GLaD_0.5_unweighted",0.05,100
2,2,2,"abundance",0.3,"GLaD_0.5_weighted",0.34,100
2,2,2,"abundance",0.3,"GLaD_1_unweighted",0.05,100
2,2,2,"abundance",0.3,"GLaD_1_weighted",0.36,100
2,2,2,"abundance",0.3,"GUniFrac",0.34,100
2,2,2,"abundance",0.3,"aitchison",0.09,100
2,2,2,"abundance",0.3,"bray",0.16,100
2,2,2,"abundance",0.3,"euclidean",0.08,100
2,2,2,"abundance",0.3,"jaccard",0.15,100
2,2,2,"abundance",0.3,"unifrac_unweighted",0.07,100
2,2,2,"abundance",0.3,"unifrac_weighted_phyloseq",0.36,100
2,2,2,"abundance",0.35,"GLaD_0.5_unweighted",0.05,100
2,2,2,"abundance",0.35,"GLaD_0.5_weighted",0.47,100
2,2,2,"abundance",0.35,"GLaD_1_unweighted",0.05,100
2,2,2,"abundance",0.35,"GLaD_1_weighted",0.49,100
2,2,2,"abundance",0.35,"GUniFrac",0.55,100
2,2,2,"abundance",0.35,"aitchison",0.08,100
2,2,2,"abundance",0.35,"bray",0.24,100
2,2,2,"abundance",0.35,"euclidean",0.19,100
2,2,2,"abundance",0.35,"jaccard",0.26,100
2,2,2,"abundance",0.35,"unifrac_unweighted",0.03,100
2,2,2,"abundance",0.35,"unifrac_weighted_phyloseq",0.57,100
2,2,2,"abundance",0.4,"GLaD_0.5_unweighted",0.03,100
2,2,2,"abundance",0.4,"GLaD_0.5_weighted",0.52,100
2,2,2,"abundance",0.4,"GLaD_1_unweighted",0.02,100
2,2,2,"abundance",0.4,"GLaD_1_weighted",0.53,100
2,2,2,"abundance",0.4,"GUniFrac",0.63,100
2,2,2,"abundance",0.4,"aitchison",0.06,100
2,2,2,"abundance",0.4,"bray",0.24,100
2,2,2,"abundance",0.4,"euclidean",0.12,100
2,2,2,"abundance",0.4,"jaccard",0.23,100
2,2,2,"abundance",0.4,"unifrac_unweighted",0.06,100
2,2,2,"abundance",0.4,"unifrac_weighted_phyloseq",0.59,100
2,2,2,"abundance",0.45,"GLaD_0.5_unweighted",0.03,100
2,2,2,"abundance",0.45,"GLaD_0.5_weighted",0.63,100
2,2,2,"abundance",0.45,"GLaD_1_unweighted",0.08,100
2,2,2,"abundance",0.45,"GLaD_1_weighted",0.63,100
2,2,2,"abundance",0.45,"GUniFrac",0.77,100
2,2,2,"abundance",0.45,"aitchison",0.14,100
2,2,2,"abundance",0.45,"bray",0.38,100
2,2,2,"abundance",0.45,"euclidean",0.18,100
2,2,2,"abundance",0.45,"jaccard",0.39,100
2,2,2,"abundance",0.45,"unifrac_unweighted",0.03,100
2,2,2,"abundance",0.45,"unifrac_weighted_phyloseq",0.74,100
2,2,2,"abundance",0.5,"GLaD_0.5_unweighted",0.04,100
2,2,2,"abundance",0.5,"GLaD_0.5_weighted",0.77,100
2,2,2,"abundance",0.5,"GLaD_1_unweighted",0,100
2,2,2,"abundance",0.5,"GLaD_1_weighted",0.81,100
2,2,2,"abundance",0.5,"GUniFrac",0.81,100
2,2,2,"abundance",0.5,"aitchison",0.11,100
2,2,2,"abundance",0.5,"bray",0.4,100
2,2,2,"abundance",0.5,"euclidean",0.17,100
2,2,2,"abundance",0.5,"jaccard",0.4,100
2,2,2,"abundance",0.5,"unifrac_unweighted",0.02,100
2,2,2,"abundance",0.5,"unifrac_weighted_phyloseq",0.84,100
2,2,2,"abundance",0.55,"GLaD_0.5_unweighted",0.06,100
2,2,2,"abundance",0.55,"GLaD_0.5_weighted",0.87,100
2,2,2,"abundance",0.55,"GLaD_1_unweighted",0.04,100
2,2,2,"abundance",0.55,"GLaD_1_weighted",0.9,100
2,2,2,"abundance",0.55,"GUniFrac",0.95,100
2,2,2,"abundance",0.55,"aitchison",0.13,100
2,2,2,"abundance",0.55,"bray",0.62,100
2,2,2,"abundance",0.55,"euclidean",0.22,100
2,2,2,"abundance",0.55,"jaccard",0.59,100
2,2,2,"abundance",0.55,"unifrac_unweighted",0.04,100
2,2,2,"abundance",0.55,"unifrac_weighted_phyloseq",0.93,100
2,2,2,"abundance",0.6,"GLaD_0.5_unweighted",0.08,100
2,2,2,"abundance",0.6,"GLaD_0.5_weighted",0.89,100
2,2,2,"abundance",0.6,"GLaD_1_unweighted",0.05,100
2,2,2,"abundance",0.6,"GLaD_1_weighted",0.94,100
2,2,2,"abundance",0.6,"GUniFrac",0.99,100
2,2,2,"abundance",0.6,"aitchison",0.17,100
2,2,2,"abundance",0.6,"bray",0.67,100
2,2,2,"abundance",0.6,"euclidean",0.28,100
2,2,2,"abundance",0.6,"jaccard",0.66,100
2,2,2,"abundance",0.6,"unifrac_unweighted",0.06,100
2,2,2,"abundance",0.6,"unifrac_weighted_phyloseq",0.95,100
2,2,2,"abundance",0.65,"GLaD_0.5_unweighted",0.06,100
2,2,2,"abundance",0.65,"GLaD_0.5_weighted",0.93,100
2,2,2,"abundance",0.65,"GLaD_1_unweighted",0.06,100
2,2,2,"abundance",0.65,"GLaD_1_weighted",0.93,100
2,2,2,"abundance",0.65,"GUniFrac",0.98,100
2,2,2,"abundance",0.65,"aitchison",0.2,100
2,2,2,"abundance",0.65,"bray",0.79,100
2,2,2,"abundance",0.65,"euclidean",0.43,100
2,2,2,"abundance",0.65,"jaccard",0.77,100
2,2,2,"abundance",0.65,"unifrac_unweighted",0.09,100
2,2,2,"abundance",0.65,"unifrac_weighted_phyloseq",0.97,100
2,2,2,"abundance",0.7,"GLaD_0.5_unweighted",0.09,100
2,2,2,"abundance",0.7,"GLaD_0.5_weighted",1,100
2,2,2,"abundance",0.7,"GLaD_1_unweighted",0.03,100
2,2,2,"abundance",0.7,"GLaD_1_weighted",0.99,100
2,2,2,"abundance",0.7,"GUniFrac",1,100
2,2,2,"abundance",0.7,"aitchison",0.23,100
2,2,2,"abundance",0.7,"bray",0.85,100
2,2,2,"abundance",0.7,"euclidean",0.42,100
2,2,2,"abundance",0.7,"jaccard",0.85,100
2,2,2,"abundance",0.7,"unifrac_unweighted",0.06,100
2,2,2,"abundance",0.7,"unifrac_weighted_phyloseq",1,100
2,2,2,"abundance",0.75,"GLaD_0.5_unweighted",0.06,100
2,2,2,"abundance",0.75,"GLaD_0.5_weighted",0.98,100
2,2,2,"abundance",0.75,"GLaD_1_unweighted",0.02,100
2,2,2,"abundance",0.75,"GLaD_1_weighted",0.98,100
2,2,2,"abundance",0.75,"GUniFrac",1,100
2,2,2,"abundance",0.75,"aitchison",0.23,100
2,2,2,"abundance",0.75,"bray",0.94,100
2,2,2,"abundance",0.75,"euclidean",0.45,100
2,2,2,"abundance",0.75,"jaccard",0.94,100
2,2,2,"abundance",0.75,"unifrac_unweighted",0.03,100
2,2,2,"abundance",0.75,"unifrac_weighted_phyloseq",1,100
2,2,2,"abundance",0.8,"GLaD_0.5_unweighted",0.08,100
2,2,2,"abundance",0.8,"GLaD_0.5_weighted",1,100
2,2,2,"abundance",0.8,"GLaD_1_unweighted",0.03,100
2,2,2,"abundance",0.8,"GLaD_1_weighted",0.99,100
2,2,2,"abundance",0.8,"GUniFrac",1,100
2,2,2,"abundance",0.8,"aitchison",0.32,100
2,2,2,"abundance",0.8,"bray",0.98,100
2,2,2,"abundance",0.8,"euclidean",0.63,100
2,2,2,"abundance",0.8,"jaccard",0.96,100
2,2,2,"abundance",0.8,"unifrac_unweighted",0.12,100
2,2,2,"abundance",0.8,"unifrac_weighted_phyloseq",1,100
2,2,2,"abundance",0.85,"GLaD_0.5_unweighted",0.07,100
2,2,2,"abundance",0.85,"GLaD_0.5_weighted",1,100
2,2,2,"abundance",0.85,"GLaD_1_unweighted",0.08,100
2,2,2,"abundance",0.85,"GLaD_1_weighted",1,100
2,2,2,"abundance",0.85,"GUniFrac",1,100
2,2,2,"abundance",0.85,"aitchison",0.43,100
2,2,2,"abundance",0.85,"bray",0.98,100
2,2,2,"abundance",0.85,"euclidean",0.69,100
2,2,2,"abundance",0.85,"jaccard",0.98,100
2,2,2,"abundance",0.85,"unifrac_unweighted",0.06,100
2,2,2,"abundance",0.85,"unifrac_weighted_phyloseq",1,100
2,2,2,"abundance",0.9,"GLaD_0.5_unweighted",0.03,100
2,2,2,"abundance",0.9,"GLaD_0.5_weighted",1,100
2,2,2,"abundance",0.9,"GLaD_1_unweighted",0.03,100
2,2,2,"abundance",0.9,"GLaD_1_weighted",0.99,100
2,2,2,"abundance",0.9,"GUniFrac",1,100
2,2,2,"abundance",0.9,"aitchison",0.38,100
2,2,2,"abundance",0.9,"bray",0.99,100
2,2,2,"abundance",0.9,"euclidean",0.67,100
2,2,2,"abundance",0.9,"jaccard",0.99,100
2,2,2,"abundance",0.9,"unifrac_unweighted",0,100
2,2,2,"abundance",0.9,"unifrac_weighted_phyloseq",1,100
2,2,2,"abundance",0.95,"GLaD_0.5_unweighted",0.02,100
2,2,2,"abundance",0.95,"GLaD_0.5_weighted",1,100
2,2,2,"abundance",0.95,"GLaD_1_unweighted",0.04,100
2,2,2,"abundance",0.95,"GLaD_1_weighted",1,100
2,2,2,"abundance",0.95,"GUniFrac",1,100
2,2,2,"abundance",0.95,"aitchison",0.42,100
2,2,2,"abundance",0.95,"bray",1,100
2,2,2,"abundance",0.95,"euclidean",0.75,100
2,2,2,"abundance",0.95,"jaccard",1,100
2,2,2,"abundance",0.95,"unifrac_unweighted",0.04,100
2,2,2,"abundance",0.95,"unifrac_weighted_phyloseq",1,100
2,2,2,"abundance",1,"GLaD_0.5_unweighted",0.07,100
2,2,2,"abundance",1,"GLaD_0.5_weighted",1,100
2,2,2,"abundance",1,"GLaD_1_unweighted",0.06,100
2,2,2,"abundance",1,"GLaD_1_weighted",1,100
2,2,2,"abundance",1,"GUniFrac",1,100
2,2,2,"abundance",1,"aitchison",0.5,100
2,2,2,"abundance",1,"bray",1,100
2,2,2,"abundance",1,"euclidean",0.77,100
2,2,2,"abundance",1,"jaccard",1,100
2,2,2,"abundance",1,"unifrac_unweighted",0.08,100
2,2,2,"abundance",1,"unifrac_weighted_phyloseq",1,100
2,2,2,"both",0.05,"GLaD_0.5_unweighted",0.03,100
2,2,2,"both",0.05,"GLaD_0.5_weighted",0.05,100
2,2,2,"both",0.05,"GLaD_1_unweighted",0.09,100
2,2,2,"both",0.05,"GLaD_1_weighted",0.06,100
2,2,2,"both",0.05,"GUniFrac",0.04,100
2,2,2,"both",0.05,"aitchison",0.03,100
2,2,2,"both",0.05,"bray",0.05,100
2,2,2,"both",0.05,"euclidean",0.06,100
2,2,2,"both",0.05,"jaccard",0.05,100
2,2,2,"both",0.05,"unifrac_unweighted",0.03,100
2,2,2,"both",0.05,"unifrac_weighted_phyloseq",0.04,100
2,2,2,"both",0.1,"GLaD_0.5_unweighted",0.05,100
2,2,2,"both",0.1,"GLaD_0.5_weighted",0.13,100
2,2,2,"both",0.1,"GLaD_1_unweighted",0.17,100
2,2,2,"both",0.1,"GLaD_1_weighted",0.1,100
2,2,2,"both",0.1,"GUniFrac",0.13,100
2,2,2,"both",0.1,"aitchison",0.1,100
2,2,2,"both",0.1,"bray",0.07,100
2,2,2,"both",0.1,"euclidean",0.1,100
2,2,2,"both",0.1,"jaccard",0.06,100
2,2,2,"both",0.1,"unifrac_unweighted",0.1,100
2,2,2,"both",0.1,"unifrac_weighted_phyloseq",0.14,100
2,2,2,"both",0.15,"GLaD_0.5_unweighted",0.15,100
2,2,2,"both",0.15,"GLaD_0.5_weighted",0.19,100
2,2,2,"both",0.15,"GLaD_1_unweighted",0.31,100
2,2,2,"both",0.15,"GLaD_1_weighted",0.15,100
2,2,2,"both",0.15,"GUniFrac",0.21,100
2,2,2,"both",0.15,"aitchison",0.11,100
2,2,2,"both",0.15,"bray",0.08,100
2,2,2,"both",0.15,"euclidean",0.08,100
2,2,2,"both",0.15,"jaccard",0.09,100
2,2,2,"both",0.15,"unifrac_unweighted",0.14,100
2,2,2,"both",0.15,"unifrac_weighted_phyloseq",0.15,100
2,2,2,"both",0.2,"GLaD_0.5_unweighted",0.3,100
2,2,2,"both",0.2,"GLaD_0.5_weighted",0.26,100
2,2,2,"both",0.2,"GLaD_1_unweighted",0.56,100
2,2,2,"both",0.2,"GLaD_1_weighted",0.27,100
2,2,2,"both",0.2,"GUniFrac",0.31,100
2,2,2,"both",0.2,"aitchison",0.25,100
2,2,2,"both",0.2,"bray",0.11,100
2,2,2,"both",0.2,"euclidean",0.09,100
2,2,2,"both",0.2,"jaccard",0.11,100
2,2,2,"both",0.2,"unifrac_unweighted",0.24,100
2,2,2,"both",0.2,"unifrac_weighted_phyloseq",0.28,100
2,2,2,"both",0.25,"GLaD_0.5_unweighted",0.46,100
2,2,2,"both",0.25,"GLaD_0.5_weighted",0.43,100
2,2,2,"both",0.25,"GLaD_1_unweighted",0.77,100
2,2,2,"both",0.25,"GLaD_1_weighted",0.43,100
2,2,2,"both",0.25,"GUniFrac",0.57,100
2,2,2,"both",0.25,"aitchison",0.31,100
2,2,2,"both",0.25,"bray",0.16,100
2,2,2,"both",0.25,"euclidean",0.08,100
2,2,2,"both",0.25,"jaccard",0.18,100
2,2,2,"both",0.25,"unifrac_unweighted",0.38,100
2,2,2,"both",0.25,"unifrac_weighted_phyloseq",0.44,100
2,2,2,"both",0.3,"GLaD_0.5_unweighted",0.76,100
2,2,2,"both",0.3,"GLaD_0.5_weighted",0.54,100
2,2,2,"both",0.3,"GLaD_1_unweighted",0.94,100
2,2,2,"both",0.3,"GLaD_1_weighted",0.52,100
2,2,2,"both",0.3,"GUniFrac",0.81,100
2,2,2,"both",0.3,"aitchison",0.5,100
2,2,2,"both",0.3,"bray",0.32,100
2,2,2,"both",0.3,"euclidean",0.11,100
2,2,2,"both",0.3,"jaccard",0.27,100
2,2,2,"both",0.3,"unifrac_unweighted",0.65,100
2,2,2,"both",0.3,"unifrac_weighted_phyloseq",0.63,100
2,2,2,"both",0.35,"GLaD_0.5_unweighted",0.95,100
2,2,2,"both",0.35,"GLaD_0.5_weighted",0.63,100
2,2,2,"both",0.35,"GLaD_1_unweighted",0.98,100
2,2,2,"both",0.35,"GLaD_1_weighted",0.66,100
2,2,2,"both",0.35,"GUniFrac",0.9,100
2,2,2,"both",0.35,"aitchison",0.74,100
2,2,2,"both",0.35,"bray",0.36,100
2,2,2,"both",0.35,"euclidean",0.14,100
2,2,2,"both",0.35,"jaccard",0.36,100
2,2,2,"both",0.35,"unifrac_unweighted",0.82,100
2,2,2,"both",0.35,"unifrac_weighted_phyloseq",0.72,100
2,2,2,"both",0.4,"GLaD_0.5_unweighted",0.99,100
2,2,2,"both",0.4,"GLaD_0.5_weighted",0.79,100
2,2,2,"both",0.4,"GLaD_1_unweighted",0.99,100
2,2,2,"both",0.4,"GLaD_1_weighted",0.78,100
2,2,2,"both",0.4,"GUniFrac",0.99,100
2,2,2,"both",0.4,"aitchison",0.89,100
2,2,2,"both",0.4,"bray",0.58,100
2,2,2,"both",0.4,"euclidean",0.19,100
2,2,2,"both",0.4,"jaccard",0.51,100
2,2,2,"both",0.4,"unifrac_unweighted",0.98,100
2,2,2,"both",0.4,"unifrac_weighted_phyloseq",0.89,100
2,2,2,"both",0.45,"GLaD_0.5_unweighted",0.99,100
2,2,2,"both",0.45,"GLaD_0.5_weighted",0.87,100
2,2,2,"both",0.45,"GLaD_1_unweighted",1,100
2,2,2,"both",0.45,"GLaD_1_weighted",0.88,100
2,2,2,"both",0.45,"GUniFrac",1,100
2,2,2,"both",0.45,"aitchison",0.96,100
2,2,2,"both",0.45,"bray",0.67,100
2,2,2,"both",0.45,"euclidean",0.25,100
2,2,2,"both",0.45,"jaccard",0.67,100
2,2,2,"both",0.45,"unifrac_unweighted",0.99,100
2,2,2,"both",0.45,"unifrac_weighted_phyloseq",0.96,100
2,2,2,"both",0.5,"GLaD_0.5_unweighted",1,100
2,2,2,"both",0.5,"GLaD_0.5_weighted",0.97,100
2,2,2,"both",0.5,"GLaD_1_unweighted",1,100
2,2,2,"both",0.5,"GLaD_1_weighted",0.94,100
2,2,2,"both",0.5,"GUniFrac",1,100
2,2,2,"both",0.5,"aitchison",0.99,100
2,2,2,"both",0.5,"bray",0.86,100
2,2,2,"both",0.5,"euclidean",0.3,100
2,2,2,"both",0.5,"jaccard",0.81,100
2,2,2,"both",0.5,"unifrac_unweighted",1,100
2,2,2,"both",0.5,"unifrac_weighted_phyloseq",0.99,100
2,2,2,"both",0.55,"GLaD_0.5_unweighted",1,100
2,2,2,"both",0.55,"GLaD_0.5_weighted",0.98,100
2,2,2,"both",0.55,"GLaD_1_unweighted",1,100
2,2,2,"both",0.55,"GLaD_1_weighted",0.98,100
2,2,2,"both",0.55,"GUniFrac",1,100
2,2,2,"both",0.55,"aitchison",1,100
2,2,2,"both",0.55,"bray",0.97,100
2,2,2,"both",0.55,"euclidean",0.38,100
2,2,2,"both",0.55,"jaccard",0.96,100
2,2,2,"both",0.55,"unifrac_unweighted",1,100
2,2,2,"both",0.55,"unifrac_weighted_phyloseq",1,100
2,2,2,"both",0.6,"GLaD_0.5_unweighted",1,100
2,2,2,"both",0.6,"GLaD_0.5_weighted",1,100
2,2,2,"both",0.6,"GLaD_1_unweighted",1,100
2,2,2,"both",0.6,"GLaD_1_weighted",0.99,100
2,2,2,"both",0.6,"GUniFrac",1,100
2,2,2,"both",0.6,"aitchison",1,100
2,2,2,"both",0.6,"bray",0.98,100
2,2,2,"both",0.6,"euclidean",0.44,100
2,2,2,"both",0.6,"jaccard",0.98,100
2,2,2,"both",0.6,"unifrac_unweighted",1,100
2,2,2,"both",0.6,"unifrac_weighted_phyloseq",1,100
2,2,2,"both",0.65,"GLaD_0.5_unweighted",1,100
2,2,2,"both",0.65,"GLaD_0.5_weighted",1,100
2,2,2,"both",0.65,"GLaD_1_unweighted",1,100
2,2,2,"both",0.65,"GLaD_1_weighted",1,100
2,2,2,"both",0.65,"GUniFrac",1,100
2,2,2,"both",0.65,"aitchison",1,100
2,2,2,"both",0.65,"bray",1,100
2,2,2,"both",0.65,"euclidean",0.44,100
2,2,2,"both",0.65,"jaccard",1,100
2,2,2,"both",0.65,"unifrac_unweighted",1,100
2,2,2,"both",0.65,"unifrac_weighted_phyloseq",1,100
2,2,2,"both",0.7,"GLaD_0.5_unweighted",1,100
2,2,2,"both",0.7,"GLaD_0.5_weighted",1,100
2,2,2,"both",0.7,"GLaD_1_unweighted",1,100
2,2,2,"both",0.7,"GLaD_1_weighted",1,100
2,2,2,"both",0.7,"GUniFrac",1,100
2,2,2,"both",0.7,"aitchison",1,100
2,2,2,"both",0.7,"bray",1,100
2,2,2,"both",0.7,"euclidean",0.57,100
2,2,2,"both",0.7,"jaccard",1,100
2,2,2,"both",0.7,"unifrac_unweighted",1,100
2,2,2,"both",0.7,"unifrac_weighted_phyloseq",1,100
2,2,2,"both",0.75,"GLaD_0.5_unweighted",1,100
2,2,2,"both",0.75,"GLaD_0.5_weighted",1,100
2,2,2,"both",0.75,"GLaD_1_unweighted",1,100
2,2,2,"both",0.75,"GLaD_1_weighted",1,100
2,2,2,"both",0.75,"GUniFrac",1,100
2,2,2,"both",0.75,"aitchison",1,100
2,2,2,"both",0.75,"bray",1,100
2,2,2,"both",0.75,"euclidean",0.52,100
2,2,2,"both",0.75,"jaccard",1,100
2,2,2,"both",0.75,"unifrac_unweighted",1,100
2,2,2,"both",0.75,"unifrac_weighted_phyloseq",1,100
2,2,2,"both",0.8,"GLaD_0.5_unweighted",1,100
2,2,2,"both",0.8,"GLaD_0.5_weighted",1,100
2,2,2,"both",0.8,"GLaD_1_unweighted",1,100
2,2,2,"both",0.8,"GLaD_1_weighted",1,100
2,2,2,"both",0.8,"GUniFrac",1,100
2,2,2,"both",0.8,"aitchison",1,100
2,2,2,"both",0.8,"bray",1,100
2,2,2,"both",0.8,"euclidean",0.62,100
2,2,2,"both",0.8,"jaccard",1,100
2,2,2,"both",0.8,"unifrac_unweighted",1,100
2,2,2,"both",0.8,"unifrac_weighted_phyloseq",1,100
2,2,2,"both",0.85,"GLaD_0.5_unweighted",1,100
2,2,2,"both",0.85,"GLaD_0.5_weighted",1,100
2,2,2,"both",0.85,"GLaD_1_unweighted",1,100
2,2,2,"both",0.85,"GLaD_1_weighted",1,100
2,2,2,"both",0.85,"GUniFrac",1,100
2,2,2,"both",0.85,"aitchison",1,100
2,2,2,"both",0.85,"bray",1,100
2,2,2,"both",0.85,"euclidean",0.71,100
2,2,2,"both",0.85,"jaccard",1,100
2,2,2,"both",0.85,"unifrac_unweighted",1,100
2,2,2,"both",0.85,"unifrac_weighted_phyloseq",1,100
2,2,2,"both",0.9,"GLaD_0.5_unweighted",1,100
2,2,2,"both",0.9,"GLaD_0.5_weighted",1,100
2,2,2,"both",0.9,"GLaD_1_unweighted",1,100
2,2,2,"both",0.9,"GLaD_1_weighted",1,100
2,2,2,"both",0.9,"GUniFrac",1,100
2,2,2,"both",0.9,"aitchison",1,100
2,2,2,"both",0.9,"bray",1,100
2,2,2,"both",0.9,"euclidean",0.86,100
2,2,2,"both",0.9,"jaccard",1,100
2,2,2,"both",0.9,"unifrac_unweighted",1,100
2,2,2,"both",0.9,"unifrac_weighted_phyloseq",1,100
2,2,2,"both",0.95,"GLaD_0.5_unweighted",1,100
2,2,2,"both",0.95,"GLaD_0.5_weighted",1,100
2,2,2,"both",0.95,"GLaD_1_unweighted",1,100
2,2,2,"both",0.95,"GLaD_1_weighted",1,100
2,2,2,"both",0.95,"GUniFrac",1,100
2,2,2,"both",0.95,"aitchison",1,100
2,2,2,"both",0.95,"bray",1,100
2,2,2,"both",0.95,"euclidean",0.81,100
2,2,2,"both",0.95,"jaccard",1,100
2,2,2,"both",0.95,"unifrac_unweighted",1,100
2,2,2,"both",0.95,"unifrac_weighted_phyloseq",1,100
2,2,2,"both",1,"GLaD_0.5_unweighted",1,100
2,2,2,"both",1,"GLaD_0.5_weighted",1,100
2,2,2,"both",1,"GLaD_1_unweighted",1,100
2,2,2,"both",1,"GLaD_1_weighted",1,100
2,2,2,"both",1,"GUniFrac",1,100
2,2,2,"both",1,"aitchison",1,100
2,2,2,"both",1,"bray",1,100
2,2,2,"both",1,"euclidean",0.93,100
2,2,2,"both",1,"jaccard",1,100
2,2,2,"both",1,"unifrac_unweighted",1,100
2,2,2,"both",1,"unifrac_weighted_phyloseq",1,100
2,2,2,"prevalence",0.05,"GLaD_0.5_unweighted",0.03,100
2,2,2,"prevalence",0.05,"GLaD_0.5_weighted",0.05,100
2,2,2,"prevalence",0.05,"GLaD_1_unweighted",0.01,100
2,2,2,"prevalence",0.05,"GLaD_1_weighted",0.06,100
2,2,2,"prevalence",0.05,"GUniFrac",0.05,100
2,2,2,"prevalence",0.05,"aitchison",0.04,100
2,2,2,"prevalence",0.05,"bray",0.04,100
2,2,2,"prevalence",0.05,"euclidean",0.03,100
2,2,2,"prevalence",0.05,"jaccard",0.03,100
2,2,2,"prevalence",0.05,"unifrac_unweighted",0.01,100
2,2,2,"prevalence",0.05,"unifrac_weighted_phyloseq",0.05,100
2,2,2,"prevalence",0.1,"GLaD_0.5_unweighted",0.06,100
2,2,2,"prevalence",0.1,"GLaD_0.5_weighted",0.03,100
2,2,2,"prevalence",0.1,"GLaD_1_unweighted",0.19,100
2,2,2,"prevalence",0.1,"GLaD_1_weighted",0.05,100
2,2,2,"prevalence",0.1,"GUniFrac",0.06,100
2,2,2,"prevalence",0.1,"aitchison",0.02,100
2,2,2,"prevalence",0.1,"bray",0.07,100
2,2,2,"prevalence",0.1,"euclidean",0.02,100
2,2,2,"prevalence",0.1,"jaccard",0.06,100
2,2,2,"prevalence",0.1,"unifrac_unweighted",0.06,100
2,2,2,"prevalence",0.1,"unifrac_weighted_phyloseq",0.05,100
2,2,2,"prevalence",0.15,"GLaD_0.5_unweighted",0.19,100
2,2,2,"prevalence",0.15,"GLaD_0.5_weighted",0.08,100
2,2,2,"prevalence",0.15,"GLaD_1_unweighted",0.36,100
2,2,2,"prevalence",0.15,"GLaD_1_weighted",0.07,100
2,2,2,"prevalence",0.15,"GUniFrac",0.09,100
2,2,2,"prevalence",0.15,"aitchison",0.16,100
2,2,2,"prevalence",0.15,"bray",0.06,100
2,2,2,"prevalence",0.15,"euclidean",0.05,100
2,2,2,"prevalence",0.15,"jaccard",0.06,100
2,2,2,"prevalence",0.15,"unifrac_unweighted",0.19,100
2,2,2,"prevalence",0.15,"unifrac_weighted_phyloseq",0.08,100
2,2,2,"prevalence",0.2,"GLaD_0.5_unweighted",0.27,100
2,2,2,"prevalence",0.2,"GLaD_0.5_weighted",0.06,100
2,2,2,"prevalence",0.2,"GLaD_1_unweighted",0.67,100
2,2,2,"prevalence",0.2,"GLaD_1_weighted",0.03,100
2,2,2,"prevalence",0.2,"GUniFrac",0.04,100
2,2,2,"prevalence",0.2,"aitchison",0.08,100
2,2,2,"prevalence",0.2,"bray",0.04,100
2,2,2,"prevalence",0.2,"euclidean",0.01,100
2,2,2,"prevalence",0.2,"jaccard",0.05,100
2,2,2,"prevalence",0.2,"unifrac_unweighted",0.22,100
2,2,2,"prevalence",0.2,"unifrac_weighted_phyloseq",0.05,100
2,2,2,"prevalence",0.25,"GLaD_0.5_unweighted",0.54,100
2,2,2,"prevalence",0.25,"GLaD_0.5_weighted",0.06,100
2,2,2,"prevalence",0.25,"GLaD_1_unweighted",0.82,100
2,2,2,"prevalence",0.25,"GLaD_1_weighted",0.09,100
2,2,2,"prevalence",0.25,"GUniFrac",0.06,100
2,2,2,"prevalence",0.25,"aitchison",0.18,100
2,2,2,"prevalence",0.25,"bray",0.03,100
2,2,2,"prevalence",0.25,"euclidean",0.07,100
2,2,2,"prevalence",0.25,"jaccard",0.03,100
2,2,2,"prevalence",0.25,"unifrac_unweighted",0.4,100
2,2,2,"prevalence",0.25,"unifrac_weighted_phyloseq",0.07,100
2,2,2,"prevalence",0.3,"GLaD_0.5_unweighted",0.75,100
2,2,2,"prevalence",0.3,"GLaD_0.5_weighted",0.03,100
2,2,2,"prevalence",0.3,"GLaD_1_unweighted",0.91,100
2,2,2,"prevalence",0.3,"GLaD_1_weighted",0.02,100
2,2,2,"prevalence",0.3,"GUniFrac",0.13,100
2,2,2,"prevalence",0.3,"aitchison",0.26,100
2,2,2,"prevalence",0.3,"bray",0.05,100
2,2,2,"prevalence",0.3,"euclidean",0.08,100
2,2,2,"prevalence",0.3,"jaccard",0.06,100
2,2,2,"prevalence",0.3,"unifrac_unweighted",0.61,100
2,2,2,"prevalence",0.3,"unifrac_weighted_phyloseq",0.03,100
2,2,2,"prevalence",0.35,"GLaD_0.5_unweighted",0.94,100
2,2,2,"prevalence",0.35,"GLaD_0.5_weighted",0.08,100
2,2,2,"prevalence",0.35,"GLaD_1_unweighted",0.99,100
2,2,2,"prevalence",0.35,"GLaD_1_weighted",0.09,100
2,2,2,"prevalence",0.35,"GUniFrac",0.18,100
2,2,2,"prevalence",0.35,"aitchison",0.37,100
2,2,2,"prevalence",0.35,"bray",0.12,100
2,2,2,"prevalence",0.35,"euclidean",0.05,100
2,2,2,"prevalence",0.35,"jaccard",0.11,100
2,2,2,"prevalence",0.35,"unifrac_unweighted",0.82,100
2,2,2,"prevalence",0.35,"unifrac_weighted_phyloseq",0.06,100
2,2,2,"prevalence",0.4,"GLaD_0.5_unweighted",1,100
2,2,2,"prevalence",0.4,"GLaD_0.5_weighted",0.06,100
2,2,2,"prevalence",0.4,"GLaD_1_unweighted",0.99,100
2,2,2,"prevalence",0.4,"GLaD_1_weighted",0.06,100
2,2,2,"prevalence",0.4,"GUniFrac",0.38,100
2,2,2,"prevalence",0.4,"aitchison",0.52,100
2,2,2,"prevalence",0.4,"bray",0.13,100
2,2,2,"prevalence",0.4,"euclidean",0.07,100
2,2,2,"prevalence",0.4,"jaccard",0.11,100
2,2,2,"prevalence",0.4,"unifrac_unweighted",0.96,100
2,2,2,"prevalence",0.4,"unifrac_weighted_phyloseq",0.1,100
2,2,2,"prevalence",0.45,"GLaD_0.5_unweighted",1,100
2,2,2,"prevalence",0.45,"GLaD_0.5_weighted",0.09,100
2,2,2,"prevalence",0.45,"GLaD_1_unweighted",1,100
2,2,2,"prevalence",0.45,"GLaD_1_weighted",0.09,100
2,2,2,"prevalence",0.45,"GUniFrac",0.37,100
2,2,2,"prevalence",0.45,"aitchison",0.72,100
2,2,2,"prevalence",0.45,"bray",0.14,100
2,2,2,"prevalence",0.45,"euclidean",0.03,100
2,2,2,"prevalence",0.45,"jaccard",0.13,100
2,2,2,"prevalence",0.45,"unifrac_unweighted",0.98,100
2,2,2,"prevalence",0.45,"unifrac_weighted_phyloseq",0.17,100
2,2,2,"prevalence",0.5,"GLaD_0.5_unweighted",1,100
2,2,2,"prevalence",0.5,"GLaD_0.5_weighted",0.11,100
2,2,2,"prevalence",0.5,"GLaD_1_unweighted",1,100
2,2,2,"prevalence",0.5,"GLaD_1_weighted",0.13,100
2,2,2,"prevalence",0.5,"GUniFrac",0.46,100
2,2,2,"prevalence",0.5,"aitchison",0.87,100
2,2,2,"prevalence",0.5,"bray",0.19,100
2,2,2,"prevalence",0.5,"euclidean",0.08,100
2,2,2,"prevalence",0.5,"jaccard",0.18,100
2,2,2,"prevalence",0.5,"unifrac_unweighted",1,100
2,2,2,"prevalence",0.5,"unifrac_weighted_phyloseq",0.19,100
2,2,2,"prevalence",0.55,"GLaD_0.5_unweighted",1,100
2,2,2,"prevalence",0.55,"GLaD_0.5_weighted",0.13,100
2,2,2,"prevalence",0.55,"GLaD_1_unweighted",1,100
2,2,2,"prevalence",0.55,"GLaD_1_weighted",0.12,100
2,2,2,"prevalence",0.55,"GUniFrac",0.73,100
2,2,2,"prevalence",0.55,"aitchison",0.95,100
2,2,2,"prevalence",0.55,"bray",0.18,100
2,2,2,"prevalence",0.55,"euclidean",0.13,100
2,2,2,"prevalence",0.55,"jaccard",0.2,100
2,2,2,"prevalence",0.55,"unifrac_unweighted",1,100
2,2,2,"prevalence",0.55,"unifrac_weighted_phyloseq",0.22,100
2,2,2,"prevalence",0.6,"GLaD_0.5_unweighted",1,100
2,2,2,"prevalence",0.6,"GLaD_0.5_weighted",0.14,100
2,2,2,"prevalence",0.6,"GLaD_1_unweighted",1,100
2,2,2,"prevalence",0.6,"GLaD_1_weighted",0.16,100
2,2,2,"prevalence",0.6,"GUniFrac",0.69,100
2,2,2,"prevalence",0.6,"aitchison",0.97,100
2,2,2,"prevalence",0.6,"bray",0.16,100
2,2,2,"prevalence",0.6,"euclidean",0.06,100
2,2,2,"prevalence",0.6,"jaccard",0.15,100
2,2,2,"prevalence",0.6,"unifrac_unweighted",1,100
2,2,2,"prevalence",0.6,"unifrac_weighted_phyloseq",0.23,100
2,2,2,"prevalence",0.65,"GLaD_0.5_unweighted",1,100
2,2,2,"prevalence",0.65,"GLaD_0.5_weighted",0.14,100
2,2,2,"prevalence",0.65,"GLaD_1_unweighted",1,100
2,2,2,"prevalence",0.65,"GLaD_1_weighted",0.15,100
2,2,2,"prevalence",0.65,"GUniFrac",0.91,100
2,2,2,"prevalence",0.65,"aitchison",0.99,100
2,2,2,"prevalence",0.65,"bray",0.23,100
2,2,2,"prevalence",0.65,"euclidean",0.09,100
2,2,2,"prevalence",0.65,"jaccard",0.22,100
2,2,2,"prevalence",0.65,"unifrac_unweighted",1,100
2,2,2,"prevalence",0.65,"unifrac_weighted_phyloseq",0.27,100
2,2,2,"prevalence",0.7,"GLaD_0.5_unweighted",1,100
2,2,2,"prevalence",0.7,"GLaD_0.5_weighted",0.18,100
2,2,2,"prevalence",0.7,"GLaD_1_unweighted",1,100
2,2,2,"prevalence",0.7,"GLaD_1_weighted",0.19,100
2,2,2,"prevalence",0.7,"GUniFrac",0.96,100
2,2,2,"prevalence",0.7,"aitchison",1,100
2,2,2,"prevalence",0.7,"bray",0.24,100
2,2,2,"prevalence",0.7,"euclidean",0.07,100
2,2,2,"prevalence",0.7,"jaccard",0.24,100
2,2,2,"prevalence",0.7,"unifrac_unweighted",1,100
2,2,2,"prevalence",0.7,"unifrac_weighted_phyloseq",0.33,100
2,2,2,"prevalence",0.75,"GLaD_0.5_unweighted",1,100
2,2,2,"prevalence",0.75,"GLaD_0.5_weighted",0.17,100
2,2,2,"prevalence",0.75,"GLaD_1_unweighted",1,100
2,2,2,"prevalence",0.75,"GLaD_1_weighted",0.22,100
2,2,2,"prevalence",0.75,"GUniFrac",1,100
2,2,2,"prevalence",0.75,"aitchison",1,100
2,2,2,"prevalence",0.75,"bray",0.32,100
2,2,2,"prevalence",0.75,"euclidean",0.1,100
2,2,2,"prevalence",0.75,"jaccard",0.29,100
2,2,2,"prevalence",0.75,"unifrac_unweighted",1,100
2,2,2,"prevalence",0.75,"unifrac_weighted_phyloseq",0.39,100
2,2,2,"prevalence",0.8,"GLaD_0.5_unweighted",1,100
2,2,2,"prevalence",0.8,"GLaD_0.5_weighted",0.22,100
2,2,2,"prevalence",0.8,"GLaD_1_unweighted",1,100
2,2,2,"prevalence",0.8,"GLaD_1_weighted",0.2,100
2,2,2,"prevalence",0.8,"GUniFrac",1,100
2,2,2,"prevalence",0.8,"aitchison",1,100
2,2,2,"prevalence",0.8,"bray",0.41,100
2,2,2,"prevalence",0.8,"euclidean",0.11,100
2,2,2,"prevalence",0.8,"jaccard",0.41,100
2,2,2,"prevalence",0.8,"unifrac_unweighted",1,100
2,2,2,"prevalence",0.8,"unifrac_weighted_phyloseq",0.36,100
2,2,2,"prevalence",0.85,"GLaD_0.5_unweighted",1,100
2,2,2,"prevalence",0.85,"GLaD_0.5_weighted",0.29,100
2,2,2,"prevalence",0.85,"GLaD_1_unweighted",1,100
2,2,2,"prevalence",0.85,"GLaD_1_weighted",0.28,100
2,2,2,"prevalence",0.85,"GUniFrac",1,100
2,2,2,"prevalence",0.85,"aitchison",1,100
2,2,2,"prevalence",0.85,"bray",0.44,100
2,2,2,"prevalence",0.85,"euclidean",0.1,100
2,2,2,"prevalence",0.85,"jaccard",0.41,100
2,2,2,"prevalence",0.85,"unifrac_unweighted",1,100
2,2,2,"prevalence",0.85,"unifrac_weighted_phyloseq",0.53,100
2,2,2,"prevalence",0.9,"GLaD_0.5_unweighted",1,100
2,2,2,"prevalence",0.9,"GLaD_0.5_weighted",0.24,100
2,2,2,"prevalence",0.9,"GLaD_1_unweighted",1,100
2,2,2,"prevalence",0.9,"GLaD_1_weighted",0.18,100
2,2,2,"prevalence",0.9,"GUniFrac",1,100
2,2,2,"prevalence",0.9,"aitchison",1,100
2,2,2,"prevalence",0.9,"bray",0.47,100
2,2,2,"prevalence",0.9,"euclidean",0.11,100
2,2,2,"prevalence",0.9,"jaccard",0.44,100
2,2,2,"prevalence",0.9,"unifrac_unweighted",1,100
2,2,2,"prevalence",0.9,"unifrac_weighted_phyloseq",0.5,100
2,2,2,"prevalence",0.95,"GLaD_0.5_unweighted",1,100
2,2,2,"prevalence",0.95,"GLaD_0.5_weighted",0.3,100
2,2,2,"prevalence",0.95,"GLaD_1_unweighted",1,100
2,2,2,"prevalence",0.95,"GLaD_1_weighted",0.23,100
2,2,2,"prevalence",0.95,"GUniFrac",1,100
2,2,2,"prevalence",0.95,"aitchison",1,100
2,2,2,"prevalence",0.95,"bray",0.55,100
2,2,2,"prevalence",0.95,"euclidean",0.1,100
2,2,2,"prevalence",0.95,"jaccard",0.51,100
2,2,2,"prevalence",0.95,"unifrac_unweighted",1,100
2,2,2,"prevalence",0.95,"unifrac_weighted_phyloseq",0.56,100
2,2,2,"prevalence",1,"GLaD_0.5_unweighted",1,100
2,2,2,"prevalence",1,"GLaD_0.5_weighted",0.35,100
2,2,2,"prevalence",1,"GLaD_1_unweighted",1,100
2,2,2,"prevalence",1,"GLaD_1_weighted",0.29,100
2,2,2,"prevalence",1,"GUniFrac",1,100
2,2,2,"prevalence",1,"aitchison",1,100
2,2,2,"prevalence",1,"bray",0.69,100
2,2,2,"prevalence",1,"euclidean",0.13,100
2,2,2,"prevalence",1,"jaccard",0.66,100
2,2,2,"prevalence",1,"unifrac_unweighted",1,100
2,2,2,"prevalence",1,"unifrac_weighted_phyloseq",0.62,100
4,1,2,"abundance",0.05,"GLaD_0.5_unweighted",0.06,100
4,1,2,"abundance",0.05,"GLaD_0.5_weighted",0.01,100
4,1,2,"abundance",0.05,"GLaD_1_unweighted",0.06,100
4,1,2,"abundance",0.05,"GLaD_1_weighted",0.03,100
4,1,2,"abundance",0.05,"GUniFrac",0.03,100
4,1,2,"abundance",0.05,"aitchison",0.05,100
4,1,2,"abundance",0.05,"bray",0.04,100
4,1,2,"abundance",0.05,"euclidean",0.02,100
4,1,2,"abundance",0.05,"jaccard",0.04,100
4,1,2,"abundance",0.05,"unifrac_unweighted",0.02,100
4,1,2,"abundance",0.05,"unifrac_weighted_phyloseq",0.01,100
4,1,2,"abundance",0.1,"GLaD_0.5_unweighted",0.04,100
4,1,2,"abundance",0.1,"GLaD_0.5_weighted",0.07,100
4,1,2,"abundance",0.1,"GLaD_1_unweighted",0.09,100
4,1,2,"abundance",0.1,"GLaD_1_weighted",0.07,100
4,1,2,"abundance",0.1,"GUniFrac",0.05,100
4,1,2,"abundance",0.1,"aitchison",0.06,100
4,1,2,"abundance",0.1,"bray",0.06,100
4,1,2,"abundance",0.1,"euclidean",0.04,100
4,1,2,"abundance",0.1,"jaccard",0.05,100
4,1,2,"abundance",0.1,"unifrac_unweighted",0.03,100
4,1,2,"abundance",0.1,"unifrac_weighted_phyloseq",0.06,100
4,1,2,"abundance",0.15,"GLaD_0.5_unweighted",0.01,100
4,1,2,"abundance",0.15,"GLaD_0.5_weighted",0.15,100
4,1,2,"abundance",0.15,"GLaD_1_unweighted",0.04,100
4,1,2,"abundance",0.15,"GLaD_1_weighted",0.14,100
4,1,2,"abundance",0.15,"GUniFrac",0.08,100
4,1,2,"abundance",0.15,"aitchison",0.08,100
4,1,2,"abundance",0.15,"bray",0.1,100
4,1,2,"abundance",0.15,"euclidean",0.09,100
4,1,2,"abundance",0.15,"jaccard",0.1,100
4,1,2,"abundance",0.15,"unifrac_unweighted",0.03,100
4,1,2,"abundance",0.15,"unifrac_weighted_phyloseq",0.14,100
4,1,2,"abundance",0.2,"GLaD_0.5_unweighted",0.05,100
4,1,2,"abundance",0.2,"GLaD_0.5_weighted",0.11,100
4,1,2,"abundance",0.2,"GLaD_1_unweighted",0.05,100
4,1,2,"abundance",0.2,"GLaD_1_weighted",0.11,100
4,1,2,"abundance",0.2,"GUniFrac",0.14,100
4,1,2,"abundance",0.2,"aitchison",0.05,100
4,1,2,"abundance",0.2,"bray",0.11,100
4,1,2,"abundance",0.2,"euclidean",0.09,100
4,1,2,"abundance",0.2,"jaccard",0.12,100
4,1,2,"abundance",0.2,"unifrac_unweighted",0.05,100
4,1,2,"abundance",0.2,"unifrac_weighted_phyloseq",0.13,100
4,1,2,"abundance",0.25,"GLaD_0.5_unweighted",0.04,100
4,1,2,"abundance",0.25,"GLaD_0.5_weighted",0.18,100
4,1,2,"abundance",0.25,"GLaD_1_unweighted",0.01,100
4,1,2,"abundance",0.25,"GLaD_1_weighted",0.19,100
4,1,2,"abundance",0.25,"GUniFrac",0.23,100
4,1,2,"abundance",0.25,"aitchison",0.07,100
4,1,2,"abundance",0.25,"bray",0.13,100
4,1,2,"abundance",0.25,"euclidean",0.06,100
4,1,2,"abundance",0.25,"jaccard",0.12,100
4,1,2,"abundance",0.25,"unifrac_unweighted",0.05,100
4,1,2,"abundance",0.25,"unifrac_weighted_phyloseq",0.22,100
4,1,2,"abundance",0.3,"GLaD_0.5_unweighted",0.06,100
4,1,2,"abundance",0.3,"GLaD_0.5_weighted",0.21,100
4,1,2,"abundance",0.3,"GLaD_1_unweighted",0.03,100
4,1,2,"abundance",0.3,"GLaD_1_weighted",0.21,100
4,1,2,"abundance",0.3,"GUniFrac",0.26,100
4,1,2,"abundance",0.3,"aitchison",0.07,100
4,1,2,"abundance",0.3,"bray",0.14,100
4,1,2,"abundance",0.3,"euclidean",0.08,100
4,1,2,"abundance",0.3,"jaccard",0.13,100
4,1,2,"abundance",0.3,"unifrac_unweighted",0.05,100
4,1,2,"abundance",0.3,"unifrac_weighted_phyloseq",0.23,100
4,1,2,"abundance",0.35,"GLaD_0.5_unweighted",0.03,100
4,1,2,"abundance",0.35,"GLaD_0.5_weighted",0.21,100
4,1,2,"abundance",0.35,"GLaD_1_unweighted",0.04,100
4,1,2,"abundance",0.35,"GLaD_1_weighted",0.23,100
4,1,2,"abundance",0.35,"GUniFrac",0.25,100
4,1,2,"abundance",0.35,"aitchison",0.01,100
4,1,2,"abundance",0.35,"bray",0.16,100
4,1,2,"abundance",0.35,"euclidean",0.13,100
4,1,2,"abundance",0.35,"jaccard",0.16,100
4,1,2,"abundance",0.35,"unifrac_unweighted",0.04,100
4,1,2,"abundance",0.35,"unifrac_weighted_phyloseq",0.23,100
4,1,2,"abundance",0.4,"GLaD_0.5_unweighted",0.05,100
4,1,2,"abundance",0.4,"GLaD_0.5_weighted",0.29,100
4,1,2,"abundance",0.4,"GLaD_1_unweighted",0.06,100
4,1,2,"abundance",0.4,"GLaD_1_weighted",0.27,100
4,1,2,"abundance",0.4,"GUniFrac",0.47,100
4,1,2,"abundance",0.4,"aitchison",0.04,100
4,1,2,"abundance",0.4,"bray",0.26,100
4,1,2,"abundance",0.4,"euclidean",0.13,100
4,1,2,"abundance",0.4,"jaccard",0.23,100
4,1,2,"abundance",0.4,"unifrac_unweighted",0.04,100
4,1,2,"abundance",0.4,"unifrac_weighted_phyloseq",0.39,100
4,1,2,"abundance",0.45,"GLaD_0.5_unweighted",0.02,100
4,1,2,"abundance",0.45,"GLaD_0.5_weighted",0.4,100
4,1,2,"abundance",0.45,"GLaD_1_unweighted",0.06,100
4,1,2,"abundance",0.45,"GLaD_1_weighted",0.37,100
4,1,2,"abundance",0.45,"GUniFrac",0.55,100
4,1,2,"abundance",0.45,"aitchison",0.08,100
4,1,2,"abundance",0.45,"bray",0.4,100
4,1,2,"abundance",0.45,"euclidean",0.3,100
4,1,2,"abundance",0.45,"jaccard",0.39,100
4,1,2,"abundance",0.45,"unifrac_unweighted",0.04,100
4,1,2,"abundance",0.45,"unifrac_weighted_phyloseq",0.5,100
4,1,2,"abundance",0.5,"GLaD_0.5_unweighted",0.07,100
4,1,2,"abundance",0.5,"GLaD_0.5_weighted",0.44,100
4,1,2,"abundance",0.5,"GLaD_1_unweighted",0.06,100
4,1,2,"abundance",0.5,"GLaD_1_weighted",0.42,100
4,1,2,"abundance",0.5,"GUniFrac",0.64,100
4,1,2,"abundance",0.5,"aitchison",0.09,100
4,1,2,"abundance",0.5,"bray",0.44,100
4,1,2,"abundance",0.5,"euclidean",0.23,100
4,1,2,"abundance",0.5,"jaccard",0.39,100
4,1,2,"abundance",0.5,"unifrac_unweighted",0.04,100
4,1,2,"abundance",0.5,"unifrac_weighted_phyloseq",0.55,100
4,1,2,"abundance",0.55,"GLaD_0.5_unweighted",0.05,100
4,1,2,"abundance",0.55,"GLaD_0.5_weighted",0.52,100
4,1,2,"abundance",0.55,"GLaD_1_unweighted",0.06,100
4,1,2,"abundance",0.55,"GLaD_1_weighted",0.49,100
4,1,2,"abundance",0.55,"GUniFrac",0.87,100
4,1,2,"abundance",0.55,"aitchison",0.12,100
4,1,2,"abundance",0.55,"bray",0.61,100
4,1,2,"abundance",0.55,"euclidean",0.32,100
4,1,2,"abundance",0.55,"jaccard",0.65,100
4,1,2,"abundance",0.55,"unifrac_unweighted",0.08,100
4,1,2,"abundance",0.55,"unifrac_weighted_phyloseq",0.78,100
4,1,2,"abundance",0.6,"GLaD_0.5_unweighted",0.07,100
4,1,2,"abundance",0.6,"GLaD_0.5_weighted",0.63,100
4,1,2,"abundance",0.6,"GLaD_1_unweighted",0.03,100
4,1,2,"abundance",0.6,"GLaD_1_weighted",0.54,100
4,1,2,"abundance",0.6,"GUniFrac",0.91,100
4,1,2,"abundance",0.6,"aitchison",0.13,100
4,1,2,"abundance",0.6,"bray",0.66,100
4,1,2,"abundance",0.6,"euclidean",0.33,100
4,1,2,"abundance",0.6,"jaccard",0.66,100
4,1,2,"abundance",0.6,"unifrac_unweighted",0.07,100
4,1,2,"abundance",0.6,"unifrac_weighted_phyloseq",0.79,100
4,1,2,"abundance",0.65,"GLaD_0.5_unweighted",0.09,100
4,1,2,"abundance",0.65,"GLaD_0.5_weighted",0.72,100
4,1,2,"abundance",0.65,"GLaD_1_unweighted",0.06,100
4,1,2,"abundance",0.65,"GLaD_1_weighted",0.69,100
4,1,2,"abundance",0.65,"GUniFrac",0.92,100
4,1,2,"abundance",0.65,"aitchison",0.19,100
4,1,2,"abundance",0.65,"bray",0.69,100
4,1,2,"abundance",0.65,"euclidean",0.33,100
4,1,2,"abundance",0.65,"jaccard",0.67,100
4,1,2,"abundance",0.65,"unifrac_unweighted",0.09,100
4,1,2,"abundance",0.65,"unifrac_weighted_phyloseq",0.9,100
4,1,2,"abundance",0.7,"GLaD_0.5_unweighted",0.06,100
4,1,2,"abundance",0.7,"GLaD_0.5_weighted",0.75,100
4,1,2,"abundance",0.7,"GLaD_1_unweighted",0.03,100
4,1,2,"abundance",0.7,"GLaD_1_weighted",0.69,100
4,1,2,"abundance",0.7,"GUniFrac",0.97,100
4,1,2,"abundance",0.7,"aitchison",0.15,100
4,1,2,"abundance",0.7,"bray",0.78,100
4,1,2,"abundance",0.7,"euclidean",0.44,100
4,1,2,"abundance",0.7,"jaccard",0.73,100
4,1,2,"abundance",0.7,"unifrac_unweighted",0.03,100
4,1,2,"abundance",0.7,"unifrac_weighted_phyloseq",0.89,100
4,1,2,"abundance",0.75,"GLaD_0.5_unweighted",0.04,100
4,1,2,"abundance",0.75,"GLaD_0.5_weighted",0.83,100
4,1,2,"abundance",0.75,"GLaD_1_unweighted",0.04,100
4,1,2,"abundance",0.75,"GLaD_1_weighted",0.77,100
4,1,2,"abundance",0.75,"GUniFrac",0.98,100
4,1,2,"abundance",0.75,"aitchison",0.24,100
4,1,2,"abundance",0.75,"bray",0.89,100
4,1,2,"abundance",0.75,"euclidean",0.52,100
4,1,2,"abundance",0.75,"jaccard",0.87,100
4,1,2,"abundance",0.75,"unifrac_unweighted",0.06,100
4,1,2,"abundance",0.75,"unifrac_weighted_phyloseq",0.94,100
4,1,2,"abundance",0.8,"GLaD_0.5_unweighted",0.08,100
4,1,2,"abundance",0.8,"GLaD_0.5_weighted",0.89,100
4,1,2,"abundance",0.8,"GLaD_1_unweighted",0.07,100
4,1,2,"abundance",0.8,"GLaD_1_weighted",0.87,100
4,1,2,"abundance",0.8,"GUniFrac",0.99,100
4,1,2,"abundance",0.8,"aitchison",0.18,100
4,1,2,"abundance",0.8,"bray",0.93,100
4,1,2,"abundance",0.8,"euclidean",0.62,100
4,1,2,"abundance",0.8,"jaccard",0.94,100
4,1,2,"abundance",0.8,"unifrac_unweighted",0.08,100
4,1,2,"abundance",0.8,"unifrac_weighted_phyloseq",0.97,100
4,1,2,"abundance",0.85,"GLaD_0.5_unweighted",0.05,100
4,1,2,"abundance",0.85,"GLaD_0.5_weighted",0.88,100
4,1,2,"abundance",0.85,"GLaD_1_unweighted",0.04,100
4,1,2,"abundance",0.85,"GLaD_1_weighted",0.86,100
4,1,2,"abundance",0.85,"GUniFrac",1,100
4,1,2,"abundance",0.85,"aitchison",0.28,100
4,1,2,"abundance",0.85,"bray",1,100
4,1,2,"abundance",0.85,"euclidean",0.68,100
4,1,2,"abundance",0.85,"jaccard",0.99,100
4,1,2,"abundance",0.85,"unifrac_unweighted",0.06,100
4,1,2,"abundance",0.85,"unifrac_weighted_phyloseq",1,100
4,1,2,"abundance",0.9,"GLaD_0.5_unweighted",0.05,100
4,1,2,"abundance",0.9,"GLaD_0.5_weighted",0.93,100
4,1,2,"abundance",0.9,"GLaD_1_unweighted",0.06,100
4,1,2,"abundance",0.9,"GLaD_1_weighted",0.89,100
4,1,2,"abundance",0.9,"GUniFrac",1,100
4,1,2,"abundance",0.9,"aitchison",0.3,100
4,1,2,"abundance",0.9,"bray",0.97,100
4,1,2,"abundance",0.9,"euclidean",0.67,100
4,1,2,"abundance",0.9,"jaccard",0.98,100
4,1,2,"abundance",0.9,"unifrac_unweighted",0.07,100
4,1,2,"abundance",0.9,"unifrac_weighted_phyloseq",0.99,100
4,1,2,"abundance",0.95,"GLaD_0.5_unweighted",0.06,100
4,1,2,"abundance",0.95,"GLaD_0.5_weighted",0.96,100
4,1,2,"abundance",0.95,"GLaD_1_unweighted",0.04,100
4,1,2,"abundance",0.95,"GLaD_1_weighted",0.95,100
4,1,2,"abundance",0.95,"GUniFrac",1,100
4,1,2,"abundance",0.95,"aitchison",0.23,100
4,1,2,"abundance",0.95,"bray",0.99,100
4,1,2,"abundance",0.95,"euclidean",0.81,100
4,1,2,"abundance",0.95,"jaccard",0.99,100
4,1,2,"abundance",0.95,"unifrac_unweighted",0.05,100
4,1,2,"abundance",0.95,"unifrac_weighted_phyloseq",0.99,100
4,1,2,"abundance",1,"GLaD_0.5_unweighted",0.02,100
4,1,2,"abundance",1,"GLaD_0.5_weighted",0.98,100
4,1,2,"abundance",1,"GLaD_1_unweighted",0.05,100
4,1,2,"abundance",1,"GLaD_1_weighted",0.95,100
4,1,2,"abundance",1,"GUniFrac",1,100
4,1,2,"abundance",1,"aitchison",0.33,100
4,1,2,"abundance",1,"bray",0.99,100
4,1,2,"abundance",1,"euclidean",0.88,100
4,1,2,"abundance",1,"jaccard",0.99,100
4,1,2,"abundance",1,"unifrac_unweighted",0.03,100
4,1,2,"abundance",1,"unifrac_weighted_phyloseq",1,100
4,1,2,"both",0.05,"GLaD_0.5_unweighted",0.04,100
4,1,2,"both",0.05,"GLaD_0.5_weighted",0.04,100
4,1,2,"both",0.05,"GLaD_1_unweighted",0.08,100
4,1,2,"both",0.05,"GLaD_1_weighted",0.06,100
4,1,2,"both",0.05,"GUniFrac",0.02,100
4,1,2,"both",0.05,"aitchison",0.08,100
4,1,2,"both",0.05,"bray",0.06,100
4,1,2,"both",0.05,"euclidean",0.03,100
4,1,2,"both",0.05,"jaccard",0.05,100
4,1,2,"both",0.05,"unifrac_unweighted",0.04,100
4,1,2,"both",0.05,"unifrac_weighted_phyloseq",0.02,100
4,1,2,"both",0.1,"GLaD_0.5_unweighted",0.05,100
4,1,2,"both",0.1,"GLaD_0.5_weighted",0.07,100
4,1,2,"both",0.1,"GLaD_1_unweighted",0.04,100
4,1,2,"both",0.1,"GLaD_1_weighted",0.07,100
4,1,2,"both",0.1,"GUniFrac",0.07,100
4,1,2,"both",0.1,"aitchison",0.04,100
4,1,2,"both",0.1,"bray",0.06,100
4,1,2,"both",0.1,"euclidean",0.06,100
4,1,2,"both",0.1,"jaccard",0.05,100
4,1,2,"both",0.1,"unifrac_unweighted",0.03,100
4,1,2,"both",0.1,"unifrac_weighted_phyloseq",0.06,100
4,1,2,"both",0.15,"GLaD_0.5_unweighted",0.08,100
4,1,2,"both",0.15,"GLaD_0.5_weighted",0.07,100
4,1,2,"both",0.15,"GLaD_1_unweighted",0.08,100
4,1,2,"both",0.15,"GLaD_1_weighted",0.05,100
4,1,2,"both",0.15,"GUniFrac",0.07,100
4,1,2,"both",0.15,"aitchison",0.11,100
4,1,2,"both",0.15,"bray",0.06,100
4,1,2,"both",0.15,"euclidean",0.04,100
4,1,2,"both",0.15,"jaccard",0.06,100
4,1,2,"both",0.15,"unifrac_unweighted",0.06,100
4,1,2,"both",0.15,"unifrac_weighted_phyloseq",0.09,100
4,1,2,"both",0.2,"GLaD_0.5_unweighted",0.14,100
4,1,2,"both",0.2,"GLaD_0.5_weighted",0.15,100
4,1,2,"both",0.2,"GLaD_1_unweighted",0.11,100
4,1,2,"both",0.2,"GLaD_1_weighted",0.16,100
4,1,2,"both",0.2,"GUniFrac",0.16,100
4,1,2,"both",0.2,"aitchison",0.12,100
4,1,2,"both",0.2,"bray",0.09,100
4,1,2,"both",0.2,"euclidean",0.06,100
4,1,2,"both",0.2,"jaccard",0.09,100
4,1,2,"both",0.2,"unifrac_unweighted",0.12,100
4,1,2,"both",0.2,"unifrac_weighted_phyloseq",0.18,100
4,1,2,"both",0.25,"GLaD_0.5_unweighted",0.26,100
4,1,2,"both",0.25,"GLaD_0.5_weighted",0.2,100
4,1,2,"both",0.25,"GLaD_1_unweighted",0.19,100
4,1,2,"both",0.25,"GLaD_1_weighted",0.17,100
4,1,2,"both",0.25,"GUniFrac",0.32,100
4,1,2,"both",0.25,"aitchison",0.2,100
4,1,2,"both",0.25,"bray",0.22,100
4,1,2,"both",0.25,"euclidean",0.18,100
4,1,2,"both",0.25,"jaccard",0.2,100
4,1,2,"both",0.25,"unifrac_unweighted",0.15,100
4,1,2,"both",0.25,"unifrac_weighted_phyloseq",0.28,100
4,1,2,"both",0.3,"GLaD_0.5_unweighted",0.28,100
4,1,2,"both",0.3,"GLaD_0.5_weighted",0.25,100
4,1,2,"both",0.3,"GLaD_1_unweighted",0.2,100
4,1,2,"both",0.3,"GLaD_1_weighted",0.23,100
4,1,2,"both",0.3,"GUniFrac",0.46,100
4,1,2,"both",0.3,"aitchison",0.27,100
4,1,2,"both",0.3,"bray",0.23,100
4,1,2,"both",0.3,"euclidean",0.13,100
4,1,2,"both",0.3,"jaccard",0.23,100
4,1,2,"both",0.3,"unifrac_unweighted",0.27,100
4,1,2,"both",0.3,"unifrac_weighted_phyloseq",0.37,100
4,1,2,"both",0.35,"GLaD_0.5_unweighted",0.53,100
4,1,2,"both",0.35,"GLaD_0.5_weighted",0.39,100
4,1,2,"both",0.35,"GLaD_1_unweighted",0.4,100
4,1,2,"both",0.35,"GLaD_1_weighted",0.38,100
4,1,2,"both",0.35,"GUniFrac",0.69,100
4,1,2,"both",0.35,"aitchison",0.51,100
4,1,2,"both",0.35,"bray",0.3,100
4,1,2,"both",0.35,"euclidean",0.19,100
4,1,2,"both",0.35,"jaccard",0.28,100
4,1,2,"both",0.35,"unifrac_unweighted",0.41,100
4,1,2,"both",0.35,"unifrac_weighted_phyloseq",0.53,100
4,1,2,"both",0.4,"GLaD_0.5_unweighted",0.6,100
4,1,2,"both",0.4,"GLaD_0.5_weighted",0.42,100
4,1,2,"both",0.4,"GLaD_1_unweighted",0.33,100
4,1,2,"both",0.4,"GLaD_1_weighted",0.42,100
4,1,2,"both",0.4,"GUniFrac",0.88,100
4,1,2,"both",0.4,"aitchison",0.63,100
4,1,2,"both",0.4,"bray",0.42,100
4,1,2,"both",0.4,"euclidean",0.16,100
4,1,2,"both",0.4,"jaccard",0.43,100
4,1,2,"both",0.4,"unifrac_unweighted",0.48,100
4,1,2,"both",0.4,"unifrac_weighted_phyloseq",0.66,100
4,1,2,"both",0.45,"GLaD_0.5_unweighted",0.77,100
4,1,2,"both",0.45,"GLaD_0.5_weighted",0.58,100
4,1,2,"both",0.45,"GLaD_1_unweighted",0.37,100
4,1,2,"both",0.45,"GLaD_1_weighted",0.58,100
4,1,2,"both",0.45,"GUniFrac",0.89,100
4,1,2,"both",0.45,"aitchison",0.8,100
4,1,2,"both",0.45,"bray",0.62,100
4,1,2,"both",0.45,"euclidean",0.18,100
4,1,2,"both",0.45,"jaccard",0.59,100
4,1,2,"both",0.45,"unifrac_unweighted",0.64,100
4,1,2,"both",0.45,"unifrac_weighted_phyloseq",0.81,100
4,1,2,"both",0.5,"GLaD_0.5_unweighted",0.94,100
4,1,2,"both",0.5,"GLaD_0.5_weighted",0.66,100
4,1,2,"both",0.5,"GLaD_1_unweighted",0.57,100
4,1,2,"both",0.5,"GLaD_1_weighted",0.62,100
4,1,2,"both",0.5,"GUniFrac",0.98,100
4,1,2,"both",0.5,"aitchison",0.9,100
4,1,2,"both",0.5,"bray",0.66,100
4,1,2,"both",0.5,"euclidean",0.22,100
4,1,2,"both",0.5,"jaccard",0.61,100
4,1,2,"both",0.5,"unifrac_unweighted",0.8,100
4,1,2,"both",0.5,"unifrac_weighted_phyloseq",0.86,100
4,1,2,"both",0.55,"GLaD_0.5_unweighted",0.96,100
4,1,2,"both",0.55,"GLaD_0.5_weighted",0.78,100
4,1,2,"both",0.55,"GLaD_1_unweighted",0.57,100
4,1,2,"both",0.55,"GLaD_1_weighted",0.7,100
4,1,2,"both",0.55,"GUniFrac",1,100
4,1,2,"both",0.55,"aitchison",0.98,100
4,1,2,"both",0.55,"bray",0.83,100
4,1,2,"both",0.55,"euclidean",0.35,100
4,1,2,"both",0.55,"jaccard",0.78,100
4,1,2,"both",0.55,"unifrac_unweighted",0.94,100
4,1,2,"both",0.55,"unifrac_weighted_phyloseq",0.94,100
4,1,2,"both",0.6,"GLaD_0.5_unweighted",0.98,100
4,1,2,"both",0.6,"GLaD_0.5_weighted",0.88,100
4,1,2,"both",0.6,"GLaD_1_unweighted",0.67,100
4,1,2,"both",0.6,"GLaD_1_weighted",0.81,100
4,1,2,"both",0.6,"GUniFrac",1,100
4,1,2,"both",0.6,"aitchison",1,100
4,1,2,"both",0.6,"bray",0.86,100
4,1,2,"both",0.6,"euclidean",0.35,100
4,1,2,"both",0.6,"jaccard",0.83,100
4,1,2,"both",0.6,"unifrac_unweighted",0.97,100
4,1,2,"both",0.6,"unifrac_weighted_phyloseq",0.96,100
4,1,2,"both",0.65,"GLaD_0.5_unweighted",1,100
4,1,2,"both",0.65,"GLaD_0.5_weighted",0.92,100
4,1,2,"both",0.65,"GLaD_1_unweighted",0.73,100
4,1,2,"both",0.65,"GLaD_1_weighted",0.89,100
4,1,2,"both",0.65,"GUniFrac",1,100
4,1,2,"both",0.65,"aitchison",1,100
4,1,2,"both",0.65,"bray",0.96,100
4,1,2,"both",0.65,"euclidean",0.48,100
4,1,2,"both",0.65,"jaccard",0.95,100
4,1,2,"both",0.65,"unifrac_unweighted",1,100
4,1,2,"both",0.65,"unifrac_weighted_phyloseq",0.99,100
4,1,2,"both",0.7,"GLaD_0.5_unweighted",1,100
4,1,2,"both",0.7,"GLaD_0.5_weighted",0.95,100
4,1,2,"both",0.7,"GLaD_1_unweighted",0.88,100
4,1,2,"both",0.7,"GLaD_1_weighted",0.93,100
4,1,2,"both",0.7,"GUniFrac",1,100
4,1,2,"both",0.7,"aitchison",1,100
4,1,2,"both",0.7,"bray",0.97,100
4,1,2,"both",0.7,"euclidean",0.56,100
4,1,2,"both",0.7,"jaccard",0.98,100
4,1,2,"both",0.7,"unifrac_unweighted",1,100
4,1,2,"both",0.7,"unifrac_weighted_phyloseq",1,100
4,1,2,"both",0.75,"GLaD_0.5_unweighted",1,100
4,1,2,"both",0.75,"GLaD_0.5_weighted",0.94,100
4,1,2,"both",0.75,"GLaD_1_unweighted",0.8,100
4,1,2,"both",0.75,"GLaD_1_weighted",0.9,100
4,1,2,"both",0.75,"GUniFrac",1,100
4,1,2,"both",0.75,"aitchison",1,100
4,1,2,"both",0.75,"bray",0.99,100
4,1,2,"both",0.75,"euclidean",0.47,100
4,1,2,"both",0.75,"jaccard",0.99,100
4,1,2,"both",0.75,"unifrac_unweighted",1,100
4,1,2,"both",0.75,"unifrac_weighted_phyloseq",0.99,100
4,1,2,"both",0.8,"GLaD_0.5_unweighted",1,100
4,1,2,"both",0.8,"GLaD_0.5_weighted",1,100
4,1,2,"both",0.8,"GLaD_1_unweighted",0.86,100
4,1,2,"both",0.8,"GLaD_1_weighted",0.99,100
4,1,2,"both",0.8,"GUniFrac",1,100
4,1,2,"both",0.8,"aitchison",1,100
4,1,2,"both",0.8,"bray",1,100
4,1,2,"both",0.8,"euclidean",0.69,100
4,1,2,"both",0.8,"jaccard",1,100
4,1,2,"both",0.8,"unifrac_unweighted",1,100
4,1,2,"both",0.8,"unifrac_weighted_phyloseq",1,100
4,1,2,"both",0.85,"GLaD_0.5_unweighted",1,100
4,1,2,"both",0.85,"GLaD_0.5_weighted",0.99,100
4,1,2,"both",0.85,"GLaD_1_unweighted",0.96,100
4,1,2,"both",0.85,"GLaD_1_weighted",0.99,100
4,1,2,"both",0.85,"GUniFrac",1,100
4,1,2,"both",0.85,"aitchison",1,100
4,1,2,"both",0.85,"bray",1,100
4,1,2,"both",0.85,"euclidean",0.73,100
4,1,2,"both",0.85,"jaccard",1,100
4,1,2,"both",0.85,"unifrac_unweighted",1,100
4,1,2,"both",0.85,"unifrac_weighted_phyloseq",1,100
4,1,2,"both",0.9,"GLaD_0.5_unweighted",1,100
4,1,2,"both",0.9,"GLaD_0.5_weighted",1,100
4,1,2,"both",0.9,"GLaD_1_unweighted",1,100
4,1,2,"both",0.9,"GLaD_1_weighted",1,100
4,1,2,"both",0.9,"GUniFrac",1,100
4,1,2,"both",0.9,"aitchison",1,100
4,1,2,"both",0.9,"bray",1,100
4,1,2,"both",0.9,"euclidean",0.89,100
4,1,2,"both",0.9,"jaccard",1,100
4,1,2,"both",0.9,"unifrac_unweighted",1,100
4,1,2,"both",0.9,"unifrac_weighted_phyloseq",1,100
4,1,2,"both",0.95,"GLaD_0.5_unweighted",1,100
4,1,2,"both",0.95,"GLaD_0.5_weighted",1,100
4,1,2,"both",0.95,"GLaD_1_unweighted",0.98,100
4,1,2,"both",0.95,"GLaD_1_weighted",0.99,100
4,1,2,"both",0.95,"GUniFrac",1,100
4,1,2,"both",0.95,"aitchison",1,100
4,1,2,"both",0.95,"bray",1,100
4,1,2,"both",0.95,"euclidean",0.84,100
4,1,2,"both",0.95,"jaccard",1,100
4,1,2,"both",0.95,"unifrac_unweighted",1,100
4,1,2,"both",0.95,"unifrac_weighted_phyloseq",1,100
4,1,2,"both",1,"GLaD_0.5_unweighted",1,100
4,1,2,"both",1,"GLaD_0.5_weighted",1,100
4,1,2,"both",1,"GLaD_1_unweighted",1,100
4,1,2,"both",1,"GLaD_1_weighted",1,100
4,1,2,"both",1,"GUniFrac",1,100
4,1,2,"both",1,"aitchison",1,100
4,1,2,"both",1,"bray",1,100
4,1,2,"both",1,"euclidean",0.88,100
4,1,2,"both",1,"jaccard",1,100
4,1,2,"both",1,"unifrac_unweighted",1,100
4,1,2,"both",1,"unifrac_weighted_phyloseq",1,100
4,1,2,"prevalence",0.05,"GLaD_0.5_unweighted",0.08,100
4,1,2,"prevalence",0.05,"GLaD_0.5_weighted",0.04,100
4,1,2,"prevalence",0.05,"GLaD_1_unweighted",0.06,100
4,1,2,"prevalence",0.05,"GLaD_1_weighted",0.03,100
4,1,2,"prevalence",0.05,"GUniFrac",0.05,100
4,1,2,"prevalence",0.05,"aitchison",0.07,100
4,1,2,"prevalence",0.05,"bray",0.05,100
4,1,2,"prevalence",0.05,"euclidean",0.05,100
4,1,2,"prevalence",0.05,"jaccard",0.04,100
4,1,2,"prevalence",0.05,"unifrac_unweighted",0.06,100
4,1,2,"prevalence",0.05,"unifrac_weighted_phyloseq",0.04,100
4,1,2,"prevalence",0.1,"GLaD_0.5_unweighted",0.06,100
4,1,2,"prevalence",0.1,"GLaD_0.5_weighted",0.07,100
4,1,2,"prevalence",0.1,"GLaD_1_unweighted",0.08,100
4,1,2,"prevalence",0.1,"GLaD_1_weighted",0.04,100
4,1,2,"prevalence",0.1,"GUniFrac",0.04,100
4,1,2,"prevalence",0.1,"aitchison",0.03,100
4,1,2,"prevalence",0.1,"bray",0.05,100
4,1,2,"prevalence",0.1,"euclidean",0.07,100
4,1,2,"prevalence",0.1,"jaccard",0.04,100
4,1,2,"prevalence",0.1,"unifrac_unweighted",0.08,100
4,1,2,"prevalence",0.1,"unifrac_weighted_phyloseq",0.06,100
4,1,2,"prevalence",0.15,"GLaD_0.5_unweighted",0.14,100
4,1,2,"prevalence",0.15,"GLaD_0.5_weighted",0.05,100
4,1,2,"prevalence",0.15,"GLaD_1_unweighted",0.03,100
4,1,2,"prevalence",0.15,"GLaD_1_weighted",0.05,100
4,1,2,"prevalence",0.15,"GUniFrac",0.1,100
4,1,2,"prevalence",0.15,"aitchison",0.12,100
4,1,2,"prevalence",0.15,"bray",0.1,100
4,1,2,"prevalence",0.15,"euclidean",0.04,100
4,1,2,"prevalence",0.15,"jaccard",0.12,100
4,1,2,"prevalence",0.15,"unifrac_unweighted",0.07,100
4,1,2,"prevalence",0.15,"unifrac_weighted_phyloseq",0.07,100
4,1,2,"prevalence",0.2,"GLaD_0.5_unweighted",0.14,100
4,1,2,"prevalence",0.2,"GLaD_0.5_weighted",0.09,100
4,1,2,"prevalence",0.2,"GLaD_1_unweighted",0.17,100
4,1,2,"prevalence",0.2,"GLaD_1_weighted",0.08,100
4,1,2,"prevalence",0.2,"GUniFrac",0.13,100
4,1,2,"prevalence",0.2,"aitchison",0.12,100
4,1,2,"prevalence",0.2,"bray",0.08,100
4,1,2,"prevalence",0.2,"euclidean",0.04,100
4,1,2,"prevalence",0.2,"jaccard",0.07,100
4,1,2,"prevalence",0.2,"unifrac_unweighted",0.14,100
4,1,2,"prevalence",0.2,"unifrac_weighted_phyloseq",0.09,100
4,1,2,"prevalence",0.25,"GLaD_0.5_unweighted",0.19,100
4,1,2,"prevalence",0.25,"GLaD_0.5_weighted",0.05,100
4,1,2,"prevalence",0.25,"GLaD_1_unweighted",0.2,100
4,1,2,"prevalence",0.25,"GLaD_1_weighted",0.05,100
4,1,2,"prevalence",0.25,"GUniFrac",0.03,100
4,1,2,"prevalence",0.25,"aitchison",0.1,100
4,1,2,"prevalence",0.25,"bray",0.02,100
4,1,2,"prevalence",0.25,"euclidean",0.02,100
4,1,2,"prevalence",0.25,"jaccard",0.02,100
4,1,2,"prevalence",0.25,"unifrac_unweighted",0.18,100
4,1,2,"prevalence",0.25,"unifrac_weighted_phyloseq",0.04,100
4,1,2,"prevalence",0.3,"GLaD_0.5_unweighted",0.33,100
4,1,2,"prevalence",0.3,"GLaD_0.5_weighted",0.06,100
4,1,2,"prevalence",0.3,"GLaD_1_unweighted",0.23,100
4,1,2,"prevalence",0.3,"GLaD_1_weighted",0.07,100
4,1,2,"prevalence",0.3,"GUniFrac",0.11,100
4,1,2,"prevalence",0.3,"aitchison",0.08,100
4,1,2,"prevalence",0.3,"bray",0.08,100
4,1,2,"prevalence",0.3,"euclidean",0.03,100
4,1,2,"prevalence",0.3,"jaccard",0.09,100
4,1,2,"prevalence",0.3,"unifrac_unweighted",0.28,100
4,1,2,"prevalence",0.3,"unifrac_weighted_phyloseq",0.08,100
4,1,2,"prevalence",0.35,"GLaD_0.5_unweighted",0.41,100
4,1,2,"prevalence",0.35,"GLaD_0.5_weighted",0.02,100
4,1,2,"prevalence",0.35,"GLaD_1_unweighted",0.32,100
4,1,2,"prevalence",0.35,"GLaD_1_weighted",0.04,100
4,1,2,"prevalence",0.35,"GUniFrac",0.08,100
4,1,2,"prevalence",0.35,"aitchison",0.13,100
4,1,2,"prevalence",0.35,"bray",0.04,100
4,1,2,"prevalence",0.35,"euclidean",0.02,100
4,1,2,"prevalence",0.35,"jaccard",0.03,100
4,1,2,"prevalence",0.35,"unifrac_unweighted",0.28,100
4,1,2,"prevalence",0.35,"unifrac_weighted_phyloseq",0.03,100
4,1,2,"prevalence",0.4,"GLaD_0.5_unweighted",0.6,100
4,1,2,"prevalence",0.4,"GLaD_0.5_weighted",0.03,100
4,1,2,"prevalence",0.4,"GLaD_1_unweighted",0.37,100
4,1,2,"prevalence",0.4,"GLaD_1_weighted",0.03,100
4,1,2,"prevalence",0.4,"GUniFrac",0.1,100
4,1,2,"prevalence",0.4,"aitchison",0.26,100
4,1,2,"prevalence",0.4,"bray",0.09,100
4,1,2,"prevalence",0.4,"euclidean",0.05,100
4,1,2,"prevalence",0.4,"jaccard",0.11,100
4,1,2,"prevalence",0.4,"unifrac_unweighted",0.48,100
4,1,2,"prevalence",0.4,"unifrac_weighted_phyloseq",0.06,100
4,1,2,"prevalence",0.45,"GLaD_0.5_unweighted",0.81,100
4,1,2,"prevalence",0.45,"GLaD_0.5_weighted",0.1,100
4,1,2,"prevalence",0.45,"GLaD_1_unweighted",0.54,100
4,1,2,"prevalence",0.45,"GLaD_1_weighted",0.08,100
4,1,2,"prevalence",0.45,"GUniFrac",0.24,100
4,1,2,"prevalence",0.45,"aitchison",0.41,100
4,1,2,"prevalence",0.45,"bray",0.15,100
4,1,2,"prevalence",0.45,"euclidean",0.11,100
4,1,2,"prevalence",0.45,"jaccard",0.14,100
4,1,2,"prevalence",0.45,"unifrac_unweighted",0.73,100
4,1,2,"prevalence",0.45,"unifrac_weighted_phyloseq",0.09,100
4,1,2,"prevalence",0.5,"GLaD_0.5_unweighted",0.94,100
4,1,2,"prevalence",0.5,"GLaD_0.5_weighted",0.07,100
4,1,2,"prevalence",0.5,"GLaD_1_unweighted",0.6,100
4,1,2,"prevalence",0.5,"GLaD_1_weighted",0.06,100
4,1,2,"prevalence",0.5,"GUniFrac",0.14,100
4,1,2,"prevalence",0.5,"aitchison",0.48,100
4,1,2,"prevalence",0.5,"bray",0.07,100
4,1,2,"prevalence",0.5,"euclidean",0.05,100
4,1,2,"prevalence",0.5,"jaccard",0.06,100
4,1,2,"prevalence",0.5,"unifrac_unweighted",0.79,100
4,1,2,"prevalence",0.5,"unifrac_weighted_phyloseq",0.08,100
4,1,2,"prevalence",0.55,"GLaD_0.5_unweighted",0.97,100
4,1,2,"prevalence",0.55,"GLaD_0.5_weighted",0.05,100
4,1,2,"prevalence",0.55,"GLaD_1_unweighted",0.67,100
4,1,2,"prevalence",0.55,"GLaD_1_weighted",0.06,100
4,1,2,"prevalence",0.55,"GUniFrac",0.23,100
4,1,2,"prevalence",0.55,"aitchison",0.62,100
4,1,2,"prevalence",0.55,"bray",0.05,100
4,1,2,"prevalence",0.55,"euclidean",0.03,100
4,1,2,"prevalence",0.55,"jaccard",0.05,100
4,1,2,"prevalence",0.55,"unifrac_unweighted",0.88,100
4,1,2,"prevalence",0.55,"unifrac_weighted_phyloseq",0.11,100
4,1,2,"prevalence",0.6,"GLaD_0.5_unweighted",1,100
4,1,2,"prevalence",0.6,"GLaD_0.5_weighted",0.07,100
4,1,2,"prevalence",0.6,"GLaD_1_unweighted",0.75,100
4,1,2,"prevalence",0.6,"GLaD_1_weighted",0.04,100
4,1,2,"prevalence",0.6,"GUniFrac",0.3,100
4,1,2,"prevalence",0.6,"aitchison",0.72,100
4,1,2,"prevalence",0.6,"bray",0.08,100
4,1,2,"prevalence",0.6,"euclidean",0.07,100
4,1,2,"prevalence",0.6,"jaccard",0.08,100
4,1,2,"prevalence",0.6,"unifrac_unweighted",0.96,100
4,1,2,"prevalence",0.6,"unifrac_weighted_phyloseq",0.06,100
4,1,2,"prevalence",0.65,"GLaD_0.5_unweighted",1,100
4,1,2,"prevalence",0.65,"GLaD_0.5_weighted",0.07,100
4,1,2,"prevalence",0.65,"GLaD_1_unweighted",0.86,100
4,1,2,"prevalence",0.65,"GLaD_1_weighted",0.05,100
4,1,2,"prevalence",0.65,"GUniFrac",0.42,100
4,1,2,"prevalence",0.65,"aitchison",0.92,100
4,1,2,"prevalence",0.65,"bray",0.1,100
4,1,2,"prevalence",0.65,"euclidean",0.08,100
4,1,2,"prevalence",0.65,"jaccard",0.11,100
4,1,2,"prevalence",0.65,"unifrac_unweighted",1,100
4,1,2,"prevalence",0.65,"unifrac_weighted_phyloseq",0.09,100
4,1,2,"prevalence",0.7,"GLaD_0.5_unweighted",1,100
4,1,2,"prevalence",0.7,"GLaD_0.5_weighted",0.08,100
4,1,2,"prevalence",0.7,"GLaD_1_unweighted",0.81,100
4,1,2,"prevalence",0.7,"GLaD_1_weighted",0.05,100
4,1,2,"prevalence",0.7,"GUniFrac",0.48,100
4,1,2,"prevalence",0.7,"aitchison",0.95,100
4,1,2,"prevalence",0.7,"bray",0.15,100
4,1,2,"prevalence",0.7,"euclidean",0.06,100
4,1,2,"prevalence",0.7,"jaccard",0.14,100
4,1,2,"prevalence",0.7,"unifrac_unweighted",1,100
4,1,2,"prevalence",0.7,"unifrac_weighted_phyloseq",0.14,100
4,1,2,"prevalence",0.75,"GLaD_0.5_unweighted",1,100
4,1,2,"prevalence",0.75,"GLaD_0.5_weighted",0.1,100
4,1,2,"prevalence",0.75,"GLaD_1_unweighted",0.85,100
4,1,2,"prevalence",0.75,"GLaD_1_weighted",0.09,100
4,1,2,"prevalence",0.75,"GUniFrac",0.5,100
4,1,2,"prevalence",0.75,"aitchison",0.97,100
4,1,2,"prevalence",0.75,"bray",0.12,100
4,1,2,"prevalence",0.75,"euclidean",0.06,100
4,1,2,"prevalence",0.75,"jaccard",0.12,100
4,1,2,"prevalence",0.75,"unifrac_unweighted",1,100
4,1,2,"prevalence",0.75,"unifrac_weighted_phyloseq",0.14,100
4,1,2,"prevalence",0.8,"GLaD_0.5_unweighted",1,100
4,1,2,"prevalence",0.8,"GLaD_0.5_weighted",0.13,100
4,1,2,"prevalence",0.8,"GLaD_1_unweighted",0.93,100
4,1,2,"prevalence",0.8,"GLaD_1_weighted",0.12,100
4,1,2,"prevalence",0.8,"GUniFrac",0.74,100
4,1,2,"prevalence",0.8,"aitchison",1,100
4,1,2,"prevalence",0.8,"bray",0.18,100
4,1,2,"prevalence",0.8,"euclidean",0.06,100
4,1,2,"prevalence",0.8,"jaccard",0.16,100
4,1,2,"prevalence",0.8,"unifrac_unweighted",1,100
4,1,2,"prevalence",0.8,"unifrac_weighted_phyloseq",0.27,100
4,1,2,"prevalence",0.85,"GLaD_0.5_unweighted",1,100
4,1,2,"prevalence",0.85,"GLaD_0.5_weighted",0.12,100
4,1,2,"prevalence",0.85,"GLaD_1_unweighted",0.96,100
4,1,2,"prevalence",0.85,"GLaD_1_weighted",0.13,100
4,1,2,"prevalence",0.85,"GUniFrac",0.76,100
4,1,2,"prevalence",0.85,"aitchison",1,100
4,1,2,"prevalence",0.85,"bray",0.15,100
4,1,2,"prevalence",0.85,"euclidean",0.09,100
4,1,2,"prevalence",0.85,"jaccard",0.13,100
4,1,2,"prevalence",0.85,"unifrac_unweighted",1,100
4,1,2,"prevalence",0.85,"unifrac_weighted_phyloseq",0.25,100
4,1,2,"prevalence",0.9,"GLaD_0.5_unweighted",1,100
4,1,2,"prevalence",0.9,"GLaD_0.5_weighted",0.15,100
4,1,2,"prevalence",0.9,"GLaD_1_unweighted",0.98,100
4,1,2,"prevalence",0.9,"GLaD_1_weighted",0.14,100
4,1,2,"prevalence",0.9,"GUniFrac",0.78,100
4,1,2,"prevalence",0.9,"aitchison",1,100
4,1,2,"prevalence",0.9,"bray",0.17,100
4,1,2,"prevalence",0.9,"euclidean",0.07,100
4,1,2,"prevalence",0.9,"jaccard",0.16,100
4,1,2,"prevalence",0.9,"unifrac_unweighted",1,100
4,1,2,"prevalence",0.9,"unifrac_weighted_phyloseq",0.2,100
4,1,2,"prevalence",0.95,"GLaD_0.5_unweighted",1,100
4,1,2,"prevalence",0.95,"GLaD_0.5_weighted",0.19,100
4,1,2,"prevalence",0.95,"GLaD_1_unweighted",0.98,100
4,1,2,"prevalence",0.95,"GLaD_1_weighted",0.19,100
4,1,2,"prevalence",0.95,"GUniFrac",0.9,100
4,1,2,"prevalence",0.95,"aitchison",1,100
4,1,2,"prevalence",0.95,"bray",0.21,100
4,1,2,"prevalence",0.95,"euclidean",0.11,100
4,1,2,"prevalence",0.95,"jaccard",0.22,100
4,1,2,"prevalence",0.95,"unifrac_unweighted",1,100
4,1,2,"prevalence",0.95,"unifrac_weighted_phyloseq",0.26,100
4,1,2,"prevalence",1,"GLaD_0.5_unweighted",1,100
4,1,2,"prevalence",1,"GLaD_0.5_weighted",0.14,100
4,1,2,"prevalence",1,"GLaD_1_unweighted",0.99,100
4,1,2,"prevalence",1,"GLaD_1_weighted",0.08,100
4,1,2,"prevalence",1,"GUniFrac",0.92,100
4,1,2,"prevalence",1,"aitchison",1,100
4,1,2,"prevalence",1,"bray",0.22,100
4,1,2,"prevalence",1,"euclidean",0.09,100
4,1,2,"prevalence",1,"jaccard",0.2,100
4,1,2,"prevalence",1,"unifrac_unweighted",1,100
4,1,2,"prevalence",1,"unifrac_weighted_phyloseq",0.25,100
4,2,1,"abundance",0.05,"GLaD_0.5_unweighted",0.05,100
4,2,1,"abundance",0.05,"GLaD_0.5_weighted",0.02,100
4,2,1,"abundance",0.05,"GLaD_1_unweighted",0.08,100
4,2,1,"abundance",0.05,"GLaD_1_weighted",0.04,100
4,2,1,"abundance",0.05,"GUniFrac",0.05,100
4,2,1,"abundance",0.05,"aitchison",0.01,100
4,2,1,"abundance",0.05,"bray",0.01,100
4,2,1,"abundance",0.05,"euclidean",0.03,100
4,2,1,"abundance",0.05,"jaccard",0.01,100
4,2,1,"abundance",0.05,"unifrac_unweighted",0.08,100
4,2,1,"abundance",0.05,"unifrac_weighted_phyloseq",0.03,100
4,2,1,"abundance",0.1,"GLaD_0.5_unweighted",0.06,100
4,2,1,"abundance",0.1,"GLaD_0.5_weighted",0.07,100
4,2,1,"abundance",0.1,"GLaD_1_unweighted",0.03,100
4,2,1,"abundance",0.1,"GLaD_1_weighted",0.1,100
4,2,1,"abundance",0.1,"GUniFrac",0.06,100
4,2,1,"abundance",0.1,"aitchison",0.02,100
4,2,1,"abundance",0.1,"bray",0.06,100
4,2,1,"abundance",0.1,"euclidean",0.07,100
4,2,1,"abundance",0.1,"jaccard",0.08,100
4,2,1,"abundance",0.1,"unifrac_unweighted",0.07,100
4,2,1,"abundance",0.1,"unifrac_weighted_phyloseq",0.07,100
4,2,1,"abundance",0.15,"GLaD_0.5_unweighted",0.03,100
4,2,1,"abundance",0.15,"GLaD_0.5_weighted",0.16,100
4,2,1,"abundance",0.15,"GLaD_1_unweighted",0.04,100
4,2,1,"abundance",0.15,"GLaD_1_weighted",0.13,100
4,2,1,"abundance",0.15,"GUniFrac",0.12,100
4,2,1,"abundance",0.15,"aitchison",0.06,100
4,2,1,"abundance",0.15,"bray",0.08,100
4,2,1,"abundance",0.15,"euclidean",0.08,100
4,2,1,"abundance",0.15,"jaccard",0.09,100
4,2,1,"abundance",0.15,"unifrac_unweighted",0.01,100
4,2,1,"abundance",0.15,"unifrac_weighted_phyloseq",0.17,100
4,2,1,"abundance",0.2,"GLaD_0.5_unweighted",0.05,100
4,2,1,"abundance",0.2,"GLaD_0.5_weighted",0.21,100
4,2,1,"abundance",0.2,"GLaD_1_unweighted",0.06,100
4,2,1,"abundance",0.2,"GLaD_1_weighted",0.19,100
4,2,1,"abundance",0.2,"GUniFrac",0.13,100
4,2,1,"abundance",0.2,"aitchison",0.03,100
4,2,1,"abundance",0.2,"bray",0.09,100
4,2,1,"abundance",0.2,"euclidean",0.1,100
4,2,1,"abundance",0.2,"jaccard",0.08,100
4,2,1,"abundance",0.2,"unifrac_unweighted",0.04,100
4,2,1,"abundance",0.2,"unifrac_weighted_phyloseq",0.13,100
4,2,1,"abundance",0.25,"GLaD_0.5_unweighted",0.05,100
4,2,1,"abundance",0.25,"GLaD_0.5_weighted",0.24,100
4,2,1,"abundance",0.25,"GLaD_1_unweighted",0.05,100
4,2,1,"abundance",0.25,"GLaD_1_weighted",0.28,100
4,2,1,"abundance",0.25,"GUniFrac",0.22,100
4,2,1,"abundance",0.25,"aitchison",0.09,100
4,2,1,"abundance",0.25,"bray",0.06,100
4,2,1,"abundance",0.25,"euclidean",0.06,100
4,2,1,"abundance",0.25,"jaccard",0.05,100
4,2,1,"abundance",0.25,"unifrac_unweighted",0.08,100
4,2,1,"abundance",0.25,"unifrac_weighted_phyloseq",0.27,100
4,2,1,"abundance",0.3,"GLaD_0.5_unweighted",0.07,100
4,2,1,"abundance",0.3,"GLaD_0.5_weighted",0.41,100
4,2,1,"abundance",0.3,"GLaD_1_unweighted",0.05,100
4,2,1,"abundance",0.3,"GLaD_1_weighted",0.44,100
4,2,1,"abundance",0.3,"GUniFrac",0.3,100
4,2,1,"abundance",0.3,"aitchison",0.07,100
4,2,1,"abundance",0.3,"bray",0.09,100
4,2,1,"abundance",0.3,"euclidean",0.11,100
4,2,1,"abundance",0.3,"jaccard",0.11,100
4,2,1,"abundance",0.3,"unifrac_unweighted",0.07,100
4,2,1,"abundance",0.3,"unifrac_weighted_phyloseq",0.4,100
4,2,1,"abundance",0.35,"GLaD_0.5_unweighted",0.06,100
4,2,1,"abundance",0.35,"GLaD_0.5_weighted",0.52,100
4,2,1,"abundance",0.35,"GLaD_1_unweighted",0.08,100
4,2,1,"abundance",0.35,"GLaD_1_weighted",0.53,100
4,2,1,"abundance",0.35,"GUniFrac",0.52,100
4,2,1,"abundance",0.35,"aitchison",0.07,100
4,2,1,"abundance",0.35,"bray",0.22,100
4,2,1,"abundance",0.35,"euclidean",0.2,100
4,2,1,"abundance",0.35,"jaccard",0.23,100
4,2,1,"abundance",0.35,"unifrac_unweighted",0.02,100
4,2,1,"abundance",0.35,"unifrac_weighted_phyloseq",0.53,100
4,2,1,"abundance",0.4,"GLaD_0.5_unweighted",0.06,100
4,2,1,"abundance",0.4,"GLaD_0.5_weighted",0.63,100
4,2,1,"abundance",0.4,"GLaD_1_unweighted",0.02,100
4,2,1,"abundance",0.4,"GLaD_1_weighted",0.65,100
4,2,1,"abundance",0.4,"GUniFrac",0.52,100
4,2,1,"abundance",0.4,"aitchison",0.07,100
4,2,1,"abundance",0.4,"bray",0.28,100
4,2,1,"abundance",0.4,"euclidean",0.19,100
4,2,1,"abundance",0.4,"jaccard",0.26,100
4,2,1,"abundance",0.4,"unifrac_unweighted",0.07,100
4,2,1,"abundance",0.4,"unifrac_weighted_phyloseq",0.64,100
4,2,1,"abundance",0.45,"GLaD_0.5_unweighted",0.04,100
4,2,1,"abundance",0.45,"GLaD_0.5_weighted",0.65,100
4,2,1,"abundance",0.45,"GLaD_1_unweighted",0.04,100
4,2,1,"abundance",0.45,"GLaD_1_weighted",0.65,100
4,2,1,"abundance",0.45,"GUniFrac",0.56,100
4,2,1,"abundance",0.45,"aitchison",0.09,100
4,2,1,"abundance",0.45,"bray",0.32,100
4,2,1,"abundance",0.45,"euclidean",0.2,100
4,2,1,"abundance",0.45,"jaccard",0.32,100
4,2,1,"abundance",0.45,"unifrac_unweighted",0.05,100
4,2,1,"abundance",0.45,"unifrac_weighted_phyloseq",0.67,100
4,2,1,"abundance",0.5,"GLaD_0.5_unweighted",0.05,100
4,2,1,"abundance",0.5,"GLaD_0.5_weighted",0.78,100
4,2,1,"abundance",0.5,"GLaD_1_unweighted",0.05,100
4,2,1,"abundance",0.5,"GLaD_1_weighted",0.8,100
4,2,1,"abundance",0.5,"GUniFrac",0.78,100
4,2,1,"abundance",0.5,"aitchison",0.1,100
4,2,1,"abundance",0.5,"bray",0.36,100
4,2,1,"abundance",0.5,"euclidean",0.21,100
4,2,1,"abundance",0.5,"jaccard",0.35,100
4,2,1,"abundance",0.5,"unifrac_unweighted",0.08,100
4,2,1,"abundance",0.5,"unifrac_weighted_phyloseq",0.82,100
4,2,1,"abundance",0.55,"GLaD_0.5_unweighted",0.06,100
4,2,1,"abundance",0.55,"GLaD_0.5_weighted",0.9,100
4,2,1,"abundance",0.55,"GLaD_1_unweighted",0.03,100
4,2,1,"abundance",0.55,"GLaD_1_weighted",0.89,100
4,2,1,"abundance",0.55,"GUniFrac",0.84,100
4,2,1,"abundance",0.55,"aitchison",0.09,100
4,2,1,"abundance",0.55,"bray",0.45,100
4,2,1,"abundance",0.55,"euclidean",0.29,100
4,2,1,"abundance",0.55,"jaccard",0.41,100
4,2,1,"abundance",0.55,"unifrac_unweighted",0.06,100
4,2,1,"abundance",0.55,"unifrac_weighted_phyloseq",0.9,100
4,2,1,"abundance",0.6,"GLaD_0.5_unweighted",0.01,100
4,2,1,"abundance",0.6,"GLaD_0.5_weighted",0.95,100
4,2,1,"abundance",0.6,"GLaD_1_unweighted",0.05,100
4,2,1,"abundance",0.6,"GLaD_1_weighted",0.95,100
4,2,1,"abundance",0.6,"GUniFrac",0.94,100
4,2,1,"abundance",0.6,"aitchison",0.08,100
4,2,1,"abundance",0.6,"bray",0.66,100
4,2,1,"abundance",0.6,"euclidean",0.4,100
4,2,1,"abundance",0.6,"jaccard",0.65,100
4,2,1,"abundance",0.6,"unifrac_unweighted",0.03,100
4,2,1,"abundance",0.6,"unifrac_weighted_phyloseq",0.99,100
4,2,1,"abundance",0.65,"GLaD_0.5_unweighted",0.06,100
4,2,1,"abundance",0.65,"GLaD_0.5_weighted",0.94,100
4,2,1,"abundance",0.65,"GLaD_1_unweighted",0.06,100
4,2,1,"abundance",0.65,"GLaD_1_weighted",0.96,100
4,2,1,"abundance",0.65,"GUniFrac",0.97,100
4,2,1,"abundance",0.65,"aitchison",0.15,100
4,2,1,"abundance",0.65,"bray",0.78,100
4,2,1,"abundance",0.65,"euclidean",0.47,100
4,2,1,"abundance",0.65,"jaccard",0.77,100
4,2,1,"abundance",0.65,"unifrac_unweighted",0.04,100
4,2,1,"abundance",0.65,"unifrac_weighted_phyloseq",0.96,100
4,2,1,"abundance",0.7,"GLaD_0.5_unweighted",0.05,100
4,2,1,"abundance",0.7,"GLaD_0.5_weighted",0.97,100
4,2,1,"abundance",0.7,"GLaD_1_unweighted",0.04,100
4,2,1,"abundance",0.7,"GLaD_1_weighted",0.97,100
4,2,1,"abundance",0.7,"GUniFrac",0.99,100
4,2,1,"abundance",0.7,"aitchison",0.14,100
4,2,1,"abundance",0.7,"bray",0.78,100
4,2,1,"abundance",0.7,"euclidean",0.48,100
4,2,1,"abundance",0.7,"jaccard",0.76,100
4,2,1,"abundance",0.7,"unifrac_unweighted",0.04,100
4,2,1,"abundance",0.7,"unifrac_weighted_phyloseq",0.99,100
4,2,1,"abundance",0.75,"GLaD_0.5_unweighted",0.06,100
4,2,1,"abundance",0.75,"GLaD_0.5_weighted",1,100
4,2,1,"abundance",0.75,"GLaD_1_unweighted",0.08,100
4,2,1,"abundance",0.75,"GLaD_1_weighted",1,100
4,2,1,"abundance",0.75,"GUniFrac",1,100
4,2,1,"abundance",0.75,"aitchison",0.21,100
4,2,1,"abundance",0.75,"bray",0.9,100
4,2,1,"abundance",0.75,"euclidean",0.6,100
4,2,1,"abundance",0.75,"jaccard",0.87,100
4,2,1,"abundance",0.75,"unifrac_unweighted",0.05,100
4,2,1,"abundance",0.75,"unifrac_weighted_phyloseq",1,100
4,2,1,"abundance",0.8,"GLaD_0.5_unweighted",0.07,100
4,2,1,"abundance",0.8,"GLaD_0.5_weighted",1,100
4,2,1,"abundance",0.8,"GLaD_1_unweighted",0.03,100
4,2,1,"abundance",0.8,"GLaD_1_weighted",1,100
4,2,1,"abundance",0.8,"GUniFrac",1,100
4,2,1,"abundance",0.8,"aitchison",0.2,100
4,2,1,"abundance",0.8,"bray",0.93,100
4,2,1,"abundance",0.8,"euclidean",0.64,100
4,2,1,"abundance",0.8,"jaccard",0.92,100
4,2,1,"abundance",0.8,"unifrac_unweighted",0.05,100
4,2,1,"abundance",0.8,"unifrac_weighted_phyloseq",1,100
4,2,1,"abundance",0.85,"GLaD_0.5_unweighted",0.05,100
4,2,1,"abundance",0.85,"GLaD_0.5_weighted",1,100
4,2,1,"abundance",0.85,"GLaD_1_unweighted",0.06,100
4,2,1,"abundance",0.85,"GLaD_1_weighted",1,100
4,2,1,"abundance",0.85,"GUniFrac",1,100
4,2,1,"abundance",0.85,"aitchison",0.18,100
4,2,1,"abundance",0.85,"bray",1,100
4,2,1,"abundance",0.85,"euclidean",0.72,100
4,2,1,"abundance",0.85,"jaccard",0.98,100
4,2,1,"abundance",0.85,"unifrac_unweighted",0.04,100
4,2,1,"abundance",0.85,"unifrac_weighted_phyloseq",1,100
4,2,1,"abundance",0.9,"GLaD_0.5_unweighted",0.03,100
4,2,1,"abundance",0.9,"GLaD_0.5_weighted",1,100
4,2,1,"abundance",0.9,"GLaD_1_unweighted",0.03,100
4,2,1,"abundance",0.9,"GLaD_1_weighted",1,100
4,2,1,"abundance",0.9,"GUniFrac",1,100
4,2,1,"abundance",0.9,"aitchison",0.33,100
4,2,1,"abundance",0.9,"bray",0.98,100
4,2,1,"abundance",0.9,"euclidean",0.82,100
4,2,1,"abundance",0.9,"jaccard",0.98,100
4,2,1,"abundance",0.9,"unifrac_unweighted",0.01,100
4,2,1,"abundance",0.9,"unifrac_weighted_phyloseq",1,100
4,2,1,"abundance",0.95,"GLaD_0.5_unweighted",0.06,100
4,2,1,"abundance",0.95,"GLaD_0.5_weighted",1,100
4,2,1,"abundance",0.95,"GLaD_1_unweighted",0.06,100
4,2,1,"abundance",0.95,"GLaD_1_weighted",1,100
4,2,1,"abundance",0.95,"GUniFrac",1,100
4,2,1,"abundance",0.95,"aitchison",0.25,100
4,2,1,"abundance",0.95,"bray",0.97,100
4,2,1,"abundance",0.95,"euclidean",0.82,100
4,2,1,"abundance",0.95,"jaccard",0.96,100
4,2,1,"abundance",0.95,"unifrac_unweighted",0.03,100
4,2,1,"abundance",0.95,"unifrac_weighted_phyloseq",1,100
4,2,1,"abundance",1,"GLaD_0.5_unweighted",0.05,100
4,2,1,"abundance",1,"GLaD_0.5_weighted",1,100
4,2,1,"abundance",1,"GLaD_1_unweighted",0.06,100
4,2,1,"abundance",1,"GLaD_1_weighted",1,100
4,2,1,"abundance",1,"GUniFrac",1,100
4,2,1,"abundance",1,"aitchison",0.44,100
4,2,1,"abundance",1,"bray",1,100
4,2,1,"abundance",1,"euclidean",0.85,100
4,2,1,"abundance",1,"jaccard",1,100
4,2,1,"abundance",1,"unifrac_unweighted",0.05,100
4,2,1,"abundance",1,"unifrac_weighted_phyloseq",1,100
4,2,1,"both",0.05,"GLaD_0.5_unweighted",0.02,100
4,2,1,"both",0.05,"GLaD_0.5_weighted",0.05,100
4,2,1,"both",0.05,"GLaD_1_unweighted",0.04,100
4,2,1,"both",0.05,"GLaD_1_weighted",0.05,100
4,2,1,"both",0.05,"GUniFrac",0.07,100
4,2,1,"both",0.05,"aitchison",0.04,100
4,2,1,"both",0.05,"bray",0.02,100
4,2,1,"both",0.05,"euclidean",0.03,100
4,2,1,"both",0.05,"jaccard",0.02,100
4,2,1,"both",0.05,"unifrac_unweighted",0.03,100
4,2,1,"both",0.05,"unifrac_weighted_phyloseq",0.05,100
4,2,1,"both",0.1,"GLaD_0.5_unweighted",0.02,100
4,2,1,"both",0.1,"GLaD_0.5_weighted",0.09,100
4,2,1,"both",0.1,"GLaD_1_unweighted",0.08,100
4,2,1,"both",0.1,"GLaD_1_weighted",0.12,100
4,2,1,"both",0.1,"GUniFrac",0.1,100
4,2,1,"both",0.1,"aitchison",0.04,100
4,2,1,"both",0.1,"bray",0.06,100
4,2,1,"both",0.1,"euclidean",0.1,100
4,2,1,"both",0.1,"jaccard",0.06,100
4,2,1,"both",0.1,"unifrac_unweighted",0.02,100
4,2,1,"both",0.1,"unifrac_weighted_phyloseq",0.1,100
4,2,1,"both",0.15,"GLaD_0.5_unweighted",0.09,100
4,2,1,"both",0.15,"GLaD_0.5_weighted",0.16,100
4,2,1,"both",0.15,"GLaD_1_unweighted",0.09,100
4,2,1,"both",0.15,"GLaD_1_weighted",0.2,100
4,2,1,"both",0.15,"GUniFrac",0.14,100
4,2,1,"both",0.15,"aitchison",0.11,100
4,2,1,"both",0.15,"bray",0.07,100
4,2,1,"both",0.15,"euclidean",0.05,100
4,2,1,"both",0.15,"jaccard",0.08,100
4,2,1,"both",0.15,"unifrac_unweighted",0.07,100
4,2,1,"both",0.15,"unifrac_weighted_phyloseq",0.18,100
4,2,1,"both",0.2,"GLaD_0.5_unweighted",0.17,100
4,2,1,"both",0.2,"GLaD_0.5_weighted",0.22,100
4,2,1,"both",0.2,"GLaD_1_unweighted",0.13,100
4,2,1,"both",0.2,"GLaD_1_weighted",0.28,100
4,2,1,"both",0.2,"GUniFrac",0.28,100
4,2,1,"both",0.2,"aitchison",0.16,100
4,2,1,"both",0.2,"bray",0.09,100
4,2,1,"both",0.2,"euclidean",0.08,100
4,2,1,"both",0.2,"jaccard",0.07,100
4,2,1,"both",0.2,"unifrac_unweighted",0.08,100
4,2,1,"both",0.2,"unifrac_weighted_phyloseq",0.27,100
4,2,1,"both",0.25,"GLaD_0.5_unweighted",0.14,100
4,2,1,"both",0.25,"GLaD_0.5_weighted",0.37,100
4,2,1,"both",0.25,"GLaD_1_unweighted",0.22,100
4,2,1,"both",0.25,"GLaD_1_weighted",0.41,100
4,2,1,"both",0.25,"GUniFrac",0.39,100
4,2,1,"both",0.25,"aitchison",0.18,100
4,2,1,"both",0.25,"bray",0.17,100
4,2,1,"both",0.25,"euclidean",0.17,100
4,2,1,"both",0.25,"jaccard",0.14,100
4,2,1,"both",0.25,"unifrac_unweighted",0.11,100
4,2,1,"both",0.25,"unifrac_weighted_phyloseq",0.43,100
4,2,1,"both",0.3,"GLaD_0.5_unweighted",0.34,100
4,2,1,"both",0.3,"GLaD_0.5_weighted",0.6,100
4,2,1,"both",0.3,"GLaD_1_unweighted",0.31,100
4,2,1,"both",0.3,"GLaD_1_weighted",0.61,100
4,2,1,"both",0.3,"GUniFrac",0.65,100
4,2,1,"both",0.3,"aitchison",0.31,100
4,2,1,"both",0.3,"bray",0.23,100
4,2,1,"both",0.3,"euclidean",0.11,100
4,2,1,"both",0.3,"jaccard",0.24,100
4,2,1,"both",0.3,"unifrac_unweighted",0.16,100
4,2,1,"both",0.3,"unifrac_weighted_phyloseq",0.67,100
4,2,1,"both",0.35,"GLaD_0.5_unweighted",0.5,100
4,2,1,"both",0.35,"GLaD_0.5_weighted",0.74,100
4,2,1,"both",0.35,"GLaD_1_unweighted",0.31,100
4,2,1,"both",0.35,"GLaD_1_weighted",0.75,100
4,2,1,"both",0.35,"GUniFrac",0.78,100
4,2,1,"both",0.35,"aitchison",0.49,100
4,2,1,"both",0.35,"bray",0.29,100
4,2,1,"both",0.35,"euclidean",0.13,100
4,2,1,"both",0.35,"jaccard",0.28,100
4,2,1,"both",0.35,"unifrac_unweighted",0.32,100
4,2,1,"both",0.35,"unifrac_weighted_phyloseq",0.81,100
4,2,1,"both",0.4,"GLaD_0.5_unweighted",0.74,100
4,2,1,"both",0.4,"GLaD_0.5_weighted",0.85,100
4,2,1,"both",0.4,"GLaD_1_unweighted",0.49,100
4,2,1,"both",0.4,"GLaD_1_weighted",0.84,100
4,2,1,"both",0.4,"GUniFrac",0.9,100
4,2,1,"both",0.4,"aitchison",0.74,100
4,2,1,"both",0.4,"bray",0.5,100
4,2,1,"both",0.4,"euclidean",0.23,100
4,2,1,"both",0.4,"jaccard",0.51,100
4,2,1,"both",0.4,"unifrac_unweighted",0.47,100
4,2,1,"both",0.4,"unifrac_weighted_phyloseq",0.86,100
4,2,1,"both",0.45,"GLaD_0.5_unweighted",0.82,100
4,2,1,"both",0.45,"GLaD_0.5_weighted",0.9,100
4,2,1,"both",0.45,"GLaD_1_unweighted",0.53,100
4,2,1,"both",0.45,"GLaD_1_weighted",0.89,100
4,2,1,"both",0.45,"GUniFrac",0.97,100
4,2,1,"both",0.45,"aitchison",0.87,100
4,2,1,"both",0.45,"bray",0.72,100
4,2,1,"both",0.45,"euclidean",0.25,100
4,2,1,"both",0.45,"jaccard",0.69,100
4,2,1,"both",0.45,"unifrac_unweighted",0.57,100
4,2,1,"both",0.45,"unifrac_weighted_phyloseq",0.96,100
4,2,1,"both",0.5,"GLaD_0.5_unweighted",0.97,100
4,2,1,"both",0.5,"GLaD_0.5_weighted",0.98,100
4,2,1,"both",0.5,"GLaD_1_unweighted",0.62,100
4,2,1,"both",0.5,"GLaD_1_weighted",0.96,100
4,2,1,"both",0.5,"GUniFrac",0.99,100
4,2,1,"both",0.5,"aitchison",0.97,100
4,2,1,"both",0.5,"bray",0.78,100
4,2,1,"both",0.5,"euclidean",0.3,100
4,2,1,"both",0.5,"jaccard",0.74,100
4,2,1,"both",0.5,"unifrac_unweighted",0.74,100
4,2,1,"both",0.5,"unifrac_weighted_phyloseq",0.99,100
4,2,1,"both",0.55,"GLaD_0.5_unweighted",0.98,100
4,2,1,"both",0.55,"GLaD_0.5_weighted",1,100
4,2,1,"both",0.55,"GLaD_1_unweighted",0.66,100
4,2,1,"both",0.55,"GLaD_1_weighted",1,100
4,2,1,"both",0.55,"GUniFrac",1,100
4,2,1,"both",0.55,"aitchison",0.99,100
4,2,1,"both",0.55,"bray",0.87,100
4,2,1,"both",0.55,"euclidean",0.36,100
4,2,1,"both",0.55,"jaccard",0.84,100
4,2,1,"both",0.55,"unifrac_unweighted",0.86,100
4,2,1,"both",0.55,"unifrac_weighted_phyloseq",1,100
4,2,1,"both",0.6,"GLaD_0.5_unweighted",0.99,100
4,2,1,"both",0.6,"GLaD_0.5_weighted",1,100
4,2,1,"both",0.6,"GLaD_1_unweighted",0.77,100
4,2,1,"both",0.6,"GLaD_1_weighted",1,100
4,2,1,"both",0.6,"GUniFrac",1,100
4,2,1,"both",0.6,"aitchison",1,100
4,2,1,"both",0.6,"bray",0.93,100
4,2,1,"both",0.6,"euclidean",0.51,100
4,2,1,"both",0.6,"jaccard",0.92,100
4,2,1,"both",0.6,"unifrac_unweighted",0.97,100
4,2,1,"both",0.6,"unifrac_weighted_phyloseq",1,100
4,2,1,"both",0.65,"GLaD_0.5_unweighted",1,100
4,2,1,"both",0.65,"GLaD_0.5_weighted",1,100
4,2,1,"both",0.65,"GLaD_1_unweighted",0.9,100
4,2,1,"both",0.65,"GLaD_1_weighted",1,100
4,2,1,"both",0.65,"GUniFrac",1,100
4,2,1,"both",0.65,"aitchison",1,100
4,2,1,"both",0.65,"bray",0.99,100
4,2,1,"both",0.65,"euclidean",0.46,100
4,2,1,"both",0.65,"jaccard",0.99,100
4,2,1,"both",0.65,"unifrac_unweighted",0.98,100
4,2,1,"both",0.65,"unifrac_weighted_phyloseq",1,100
4,2,1,"both",0.7,"GLaD_0.5_unweighted",1,100
4,2,1,"both",0.7,"GLaD_0.5_weighted",1,100
4,2,1,"both",0.7,"GLaD_1_unweighted",0.91,100
4,2,1,"both",0.7,"GLaD_1_weighted",1,100
4,2,1,"both",0.7,"GUniFrac",1,100
4,2,1,"both",0.7,"aitchison",1,100
4,2,1,"both",0.7,"bray",0.99,100
4,2,1,"both",0.7,"euclidean",0.6,100
4,2,1,"both",0.7,"jaccard",0.99,100
4,2,1,"both",0.7,"unifrac_unweighted",1,100
4,2,1,"both",0.7,"unifrac_weighted_phyloseq",1,100
4,2,1,"both",0.75,"GLaD_0.5_unweighted",1,100
4,2,1,"both",0.75,"GLaD_0.5_weighted",1,100
4,2,1,"both",0.75,"GLaD_1_unweighted",0.88,100
4,2,1,"both",0.75,"GLaD_1_weighted",1,100
4,2,1,"both",0.75,"GUniFrac",1,100
4,2,1,"both",0.75,"aitchison",1,100
4,2,1,"both",0.75,"bray",0.99,100
4,2,1,"both",0.75,"euclidean",0.58,100
4,2,1,"both",0.75,"jaccard",0.99,100
4,2,1,"both",0.75,"unifrac_unweighted",1,100
4,2,1,"both",0.75,"unifrac_weighted_phyloseq",1,100
4,2,1,"both",0.8,"GLaD_0.5_unweighted",1,100
4,2,1,"both",0.8,"GLaD_0.5_weighted",1,100
4,2,1,"both",0.8,"GLaD_1_unweighted",0.94,100
4,2,1,"both",0.8,"GLaD_1_weighted",1,100
4,2,1,"both",0.8,"GUniFrac",1,100
4,2,1,"both",0.8,"aitchison",1,100
4,2,1,"both",0.8,"bray",1,100
4,2,1,"both",0.8,"euclidean",0.74,100
4,2,1,"both",0.8,"jaccard",1,100
4,2,1,"both",0.8,"unifrac_unweighted",1,100
4,2,1,"both",0.8,"unifrac_weighted_phyloseq",1,100
4,2,1,"both",0.85,"GLaD_0.5_unweighted",1,100
4,2,1,"both",0.85,"GLaD_0.5_weighted",1,100
4,2,1,"both",0.85,"GLaD_1_unweighted",0.97,100
4,2,1,"both",0.85,"GLaD_1_weighted",1,100
4,2,1,"both",0.85,"GUniFrac",1,100
4,2,1,"both",0.85,"aitchison",1,100
4,2,1,"both",0.85,"bray",1,100
4,2,1,"both",0.85,"euclidean",0.77,100
4,2,1,"both",0.85,"jaccard",1,100
4,2,1,"both",0.85,"unifrac_unweighted",1,100
4,2,1,"both",0.85,"unifrac_weighted_phyloseq",1,100
4,2,1,"both",0.9,"GLaD_0.5_unweighted",1,100
4,2,1,"both",0.9,"GLaD_0.5_weighted",1,100
4,2,1,"both",0.9,"GLaD_1_unweighted",0.99,100
4,2,1,"both",0.9,"GLaD_1_weighted",1,100
4,2,1,"both",0.9,"GUniFrac",1,100
4,2,1,"both",0.9,"aitchison",1,100
4,2,1,"both",0.9,"bray",1,100
4,2,1,"both",0.9,"euclidean",0.86,100
4,2,1,"both",0.9,"jaccard",1,100
4,2,1,"both",0.9,"unifrac_unweighted",1,100
4,2,1,"both",0.9,"unifrac_weighted_phyloseq",1,100
4,2,1,"both",0.95,"GLaD_0.5_unweighted",1,100
4,2,1,"both",0.95,"GLaD_0.5_weighted",1,100
4,2,1,"both",0.95,"GLaD_1_unweighted",1,100
4,2,1,"both",0.95,"GLaD_1_weighted",1,100
4,2,1,"both",0.95,"GUniFrac",1,100
4,2,1,"both",0.95,"aitchison",1,100
4,2,1,"both",0.95,"bray",1,100
4,2,1,"both",0.95,"euclidean",0.89,100
4,2,1,"both",0.95,"jaccard",1,100
4,2,1,"both",0.95,"unifrac_unweighted",1,100
4,2,1,"both",0.95,"unifrac_weighted_phyloseq",1,100
4,2,1,"both",1,"GLaD_0.5_unweighted",1,100
4,2,1,"both",1,"GLaD_0.5_weighted",1,100
4,2,1,"both",1,"GLaD_1_unweighted",0.99,100
4,2,1,"both",1,"GLaD_1_weighted",1,100
4,2,1,"both",1,"GUniFrac",1,100
4,2,1,"both",1,"aitchison",1,100
4,2,1,"both",1,"bray",1,100
4,2,1,"both",1,"euclidean",0.92,100
4,2,1,"both",1,"jaccard",1,100
4,2,1,"both",1,"unifrac_unweighted",1,100
4,2,1,"both",1,"unifrac_weighted_phyloseq",1,100
4,2,1,"prevalence",0.05,"GLaD_0.5_unweighted",0.06,100
4,2,1,"prevalence",0.05,"GLaD_0.5_weighted",0,100
4,2,1,"prevalence",0.05,"GLaD_1_unweighted",0.05,100
4,2,1,"prevalence",0.05,"GLaD_1_weighted",0,100
4,2,1,"prevalence",0.05,"GUniFrac",0.03,100
4,2,1,"prevalence",0.05,"aitchison",0.03,100
4,2,1,"prevalence",0.05,"bray",0.02,100
4,2,1,"prevalence",0.05,"euclidean",0,100
4,2,1,"prevalence",0.05,"jaccard",0.02,100
4,2,1,"prevalence",0.05,"unifrac_unweighted",0.06,100
4,2,1,"prevalence",0.05,"unifrac_weighted_phyloseq",0.01,100
4,2,1,"prevalence",0.1,"GLaD_0.5_unweighted",0.08,100
4,2,1,"prevalence",0.1,"GLaD_0.5_weighted",0.04,100
4,2,1,"prevalence",0.1,"GLaD_1_unweighted",0.08,100
4,2,1,"prevalence",0.1,"GLaD_1_weighted",0.05,100
4,2,1,"prevalence",0.1,"GUniFrac",0.04,100
4,2,1,"prevalence",0.1,"aitchison",0.07,100
4,2,1,"prevalence",0.1,"bray",0.03,100
4,2,1,"prevalence",0.1,"euclidean",0.02,100
4,2,1,"prevalence",0.1,"jaccard",0.03,100
4,2,1,"prevalence",0.1,"unifrac_unweighted",0.09,100
4,2,1,"prevalence",0.1,"unifrac_weighted_phyloseq",0.03,100
4,2,1,"prevalence",0.15,"GLaD_0.5_unweighted",0.11,100
4,2,1,"prevalence",0.15,"GLaD_0.5_weighted",0.03,100
4,2,1,"prevalence",0.15,"GLaD_1_unweighted",0.15,100
4,2,1,"prevalence",0.15,"GLaD_1_weighted",0.03,100
4,2,1,"prevalence",0.15,"GUniFrac",0.05,100
4,2,1,"prevalence",0.15,"aitchison",0.06,100
4,2,1,"prevalence",0.15,"bray",0.06,100
4,2,1,"prevalence",0.15,"euclidean",0.04,100
4,2,1,"prevalence",0.15,"jaccard",0.05,100
4,2,1,"prevalence",0.15,"unifrac_unweighted",0.09,100
4,2,1,"prevalence",0.15,"unifrac_weighted_phyloseq",0.03,100
4,2,1,"prevalence",0.2,"GLaD_0.5_unweighted",0.16,100
4,2,1,"prevalence",0.2,"GLaD_0.5_weighted",0.06,100
4,2,1,"prevalence",0.2,"GLaD_1_unweighted",0.12,100
4,2,1,"prevalence",0.2,"GLaD_1_weighted",0.06,100
4,2,1,"prevalence",0.2,"GUniFrac",0.09,100
4,2,1,"prevalence",0.2,"aitchison",0.12,100
4,2,1,"prevalence",0.2,"bray",0.08,100
4,2,1,"prevalence",0.2,"euclidean",0.06,100
4,2,1,"prevalence",0.2,"jaccard",0.08,100
4,2,1,"prevalence",0.2,"unifrac_unweighted",0.07,100
4,2,1,"prevalence",0.2,"unifrac_weighted_phyloseq",0.06,100
4,2,1,"prevalence",0.25,"GLaD_0.5_unweighted",0.2,100
4,2,1,"prevalence",0.25,"GLaD_0.5_weighted",0.07,100
4,2,1,"prevalence",0.25,"GLaD_1_unweighted",0.2,100
4,2,1,"prevalence",0.25,"GLaD_1_weighted",0.09,100
4,2,1,"prevalence",0.25,"GUniFrac",0.1,100
4,2,1,"prevalence",0.25,"aitchison",0.07,100
4,2,1,"prevalence",0.25,"bray",0.05,100
4,2,1,"prevalence",0.25,"euclidean",0.05,100
4,2,1,"prevalence",0.25,"jaccard",0.06,100
4,2,1,"prevalence",0.25,"unifrac_unweighted",0.13,100
4,2,1,"prevalence",0.25,"unifrac_weighted_phyloseq",0.08,100
4,2,1,"prevalence",0.3,"GLaD_0.5_unweighted",0.34,100
4,2,1,"prevalence",0.3,"GLaD_0.5_weighted",0.07,100
4,2,1,"prevalence",0.3,"GLaD_1_unweighted",0.22,100
4,2,1,"prevalence",0.3,"GLaD_1_weighted",0.04,100
4,2,1,"prevalence",0.3,"GUniFrac",0.1,100
4,2,1,"prevalence",0.3,"aitchison",0.18,100
4,2,1,"prevalence",0.3,"bray",0.08,100
4,2,1,"prevalence",0.3,"euclidean",0.03,100
4,2,1,"prevalence",0.3,"jaccard",0.06,100
4,2,1,"prevalence",0.3,"unifrac_unweighted",0.21,100
4,2,1,"prevalence",0.3,"unifrac_weighted_phyloseq",0.09,100
4,2,1,"prevalence",0.35,"GLaD_0.5_unweighted",0.57,100
4,2,1,"prevalence",0.35,"GLaD_0.5_weighted",0.07,100
4,2,1,"prevalence",0.35,"GLaD_1_unweighted",0.35,100
4,2,1,"prevalence",0.35,"GLaD_1_weighted",0.07,100
4,2,1,"prevalence",0.35,"GUniFrac",0.16,100
4,2,1,"prevalence",0.35,"aitchison",0.29,100
4,2,1,"prevalence",0.35,"bray",0.05,100
4,2,1,"prevalence",0.35,"euclidean",0.06,100
4,2,1,"prevalence",0.35,"jaccard",0.05,100
4,2,1,"prevalence",0.35,"unifrac_unweighted",0.33,100
4,2,1,"prevalence",0.35,"unifrac_weighted_phyloseq",0.1,100
4,2,1,"prevalence",0.4,"GLaD_0.5_unweighted",0.78,100
4,2,1,"prevalence",0.4,"GLaD_0.5_weighted",0.06,100
4,2,1,"prevalence",0.4,"GLaD_1_unweighted",0.38,100
4,2,1,"prevalence",0.4,"GLaD_1_weighted",0.08,100
4,2,1,"prevalence",0.4,"GUniFrac",0.12,100
4,2,1,"prevalence",0.4,"aitchison",0.39,100
4,2,1,"prevalence",0.4,"bray",0.06,100
4,2,1,"prevalence",0.4,"euclidean",0.04,100
4,2,1,"prevalence",0.4,"jaccard",0.07,100
4,2,1,"prevalence",0.4,"unifrac_unweighted",0.5,100
4,2,1,"prevalence",0.4,"unifrac_weighted_phyloseq",0.07,100
4,2,1,"prevalence",0.45,"GLaD_0.5_unweighted",0.82,100
4,2,1,"prevalence",0.45,"GLaD_0.5_weighted",0.06,100
4,2,1,"prevalence",0.45,"GLaD_1_unweighted",0.49,100
4,2,1,"prevalence",0.45,"GLaD_1_weighted",0.07,100
4,2,1,"prevalence",0.45,"GUniFrac",0.17,100
4,2,1,"prevalence",0.45,"aitchison",0.56,100
4,2,1,"prevalence",0.45,"bray",0.08,100
4,2,1,"prevalence",0.45,"euclidean",0.05,100
4,2,1,"prevalence",0.45,"jaccard",0.11,100
4,2,1,"prevalence",0.45,"unifrac_unweighted",0.56,100
4,2,1,"prevalence",0.45,"unifrac_weighted_phyloseq",0.07,100
4,2,1,"prevalence",0.5,"GLaD_0.5_unweighted",0.97,100
4,2,1,"prevalence",0.5,"GLaD_0.5_weighted",0.15,100
4,2,1,"prevalence",0.5,"GLaD_1_unweighted",0.65,100
4,2,1,"prevalence",0.5,"GLaD_1_weighted",0.17,100
4,2,1,"prevalence",0.5,"GUniFrac",0.2,100
4,2,1,"prevalence",0.5,"aitchison",0.58,100
4,2,1,"prevalence",0.5,"bray",0.07,100
4,2,1,"prevalence",0.5,"euclidean",0.04,100
4,2,1,"prevalence",0.5,"jaccard",0.05,100
4,2,1,"prevalence",0.5,"unifrac_unweighted",0.73,100
4,2,1,"prevalence",0.5,"unifrac_weighted_phyloseq",0.12,100
4,2,1,"prevalence",0.55,"GLaD_0.5_unweighted",1,100
4,2,1,"prevalence",0.55,"GLaD_0.5_weighted",0.12,100
4,2,1,"prevalence",0.55,"GLaD_1_unweighted",0.67,100
4,2,1,"prevalence",0.55,"GLaD_1_weighted",0.12,100
4,2,1,"prevalence",0.55,"GUniFrac",0.26,100
4,2,1,"prevalence",0.55,"aitchison",0.83,100
4,2,1,"prevalence",0.55,"bray",0.12,100
4,2,1,"prevalence",0.55,"euclidean",0.04,100
4,2,1,"prevalence",0.55,"jaccard",0.11,100
4,2,1,"prevalence",0.55,"unifrac_unweighted",0.89,100
4,2,1,"prevalence",0.55,"unifrac_weighted_phyloseq",0.16,100
4,2,1,"prevalence",0.6,"GLaD_0.5_unweighted",0.99,100
4,2,1,"prevalence",0.6,"GLaD_0.5_weighted",0.14,100
4,2,1,"prevalence",0.6,"GLaD_1_unweighted",0.77,100
4,2,1,"prevalence",0.6,"GLaD_1_weighted",0.1,100
4,2,1,"prevalence",0.6,"GUniFrac",0.32,100
4,2,1,"prevalence",0.6,"aitchison",0.92,100
4,2,1,"prevalence",0.6,"bray",0.12,100
4,2,1,"prevalence",0.6,"euclidean",0.07,100
4,2,1,"prevalence",0.6,"jaccard",0.14,100
4,2,1,"prevalence",0.6,"unifrac_unweighted",0.96,100
4,2,1,"prevalence",0.6,"unifrac_weighted_phyloseq",0.16,100
4,2,1,"prevalence",0.65,"GLaD_0.5_unweighted",1,100
4,2,1,"prevalence",0.65,"GLaD_0.5_weighted",0.2,100
4,2,1,"prevalence",0.65,"GLaD_1_unweighted",0.85,100
4,2,1,"prevalence",0.65,"GLaD_1_weighted",0.17,100
4,2,1,"prevalence",0.65,"GUniFrac",0.55,100
4,2,1,"prevalence",0.65,"aitchison",0.94,100
4,2,1,"prevalence",0.65,"bray",0.17,100
4,2,1,"prevalence",0.65,"euclidean",0.08,100
4,2,1,"prevalence",0.65,"jaccard",0.18,100
4,2,1,"prevalence",0.65,"unifrac_unweighted",0.98,100
4,2,1,"prevalence",0.65,"unifrac_weighted_phyloseq",0.21,100
4,2,1,"prevalence",0.7,"GLaD_0.5_unweighted",1,100
4,2,1,"prevalence",0.7,"GLaD_0.5_weighted",0.15,100
4,2,1,"prevalence",0.7,"GLaD_1_unweighted",0.91,100
4,2,1,"prevalence",0.7,"GLaD_1_weighted",0.1,100
4,2,1,"prevalence",0.7,"GUniFrac",0.52,100
4,2,1,"prevalence",0.7,"aitchison",0.99,100
4,2,1,"prevalence",0.7,"bray",0.16,100
4,2,1,"prevalence",0.7,"euclidean",0.05,100
4,2,1,"prevalence",0.7,"jaccard",0.16,100
4,2,1,"prevalence",0.7,"unifrac_unweighted",0.99,100
4,2,1,"prevalence",0.7,"unifrac_weighted_phyloseq",0.18,100
4,2,1,"prevalence",0.75,"GLaD_0.5_unweighted",1,100
4,2,1,"prevalence",0.75,"GLaD_0.5_weighted",0.2,100
4,2,1,"prevalence",0.75,"GLaD_1_unweighted",0.91,100
4,2,1,"prevalence",0.75,"GLaD_1_weighted",0.19,100
4,2,1,"prevalence",0.75,"GUniFrac",0.65,100
4,2,1,"prevalence",0.75,"aitchison",0.98,100
4,2,1,"prevalence",0.75,"bray",0.15,100
4,2,1,"prevalence",0.75,"euclidean",0.02,100
4,2,1,"prevalence",0.75,"jaccard",0.16,100
4,2,1,"prevalence",0.75,"unifrac_unweighted",1,100
4,2,1,"prevalence",0.75,"unifrac_weighted_phyloseq",0.22,100
4,2,1,"prevalence",0.8,"GLaD_0.5_unweighted",1,100
4,2,1,"prevalence",0.8,"GLaD_0.5_weighted",0.28,100
4,2,1,"prevalence",0.8,"GLaD_1_unweighted",0.94,100
4,2,1,"prevalence",0.8,"GLaD_1_weighted",0.26,100
4,2,1,"prevalence",0.8,"GUniFrac",0.77,100
4,2,1,"prevalence",0.8,"aitchison",1,100
4,2,1,"prevalence",0.8,"bray",0.28,100
4,2,1,"prevalence",0.8,"euclidean",0.09,100
4,2,1,"prevalence",0.8,"jaccard",0.28,100
4,2,1,"prevalence",0.8,"unifrac_unweighted",1,100
4,2,1,"prevalence",0.8,"unifrac_weighted_phyloseq",0.39,100
4,2,1,"prevalence",0.85,"GLaD_0.5_unweighted",1,100
4,2,1,"prevalence",0.85,"GLaD_0.5_weighted",0.26,100
4,2,1,"prevalence",0.85,"GLaD_1_unweighted",0.98,100
4,2,1,"prevalence",0.85,"GLaD_1_weighted",0.17,100
4,2,1,"prevalence",0.85,"GUniFrac",0.86,100
4,2,1,"prevalence",0.85,"aitchison",1,100
4,2,1,"prevalence",0.85,"bray",0.34,100
4,2,1,"prevalence",0.85,"euclidean",0.11,100
4,2,1,"prevalence",0.85,"jaccard",0.34,100
4,2,1,"prevalence",0.85,"unifrac_unweighted",1,100
4,2,1,"prevalence",0.85,"unifrac_weighted_phyloseq",0.37,100
4,2,1,"prevalence",0.9,"GLaD_0.5_unweighted",1,100
4,2,1,"prevalence",0.9,"GLaD_0.5_weighted",0.3,100
4,2,1,"prevalence",0.9,"GLaD_1_unweighted",0.98,100
4,2,1,"prevalence",0.9,"GLaD_1_weighted",0.27,100
4,2,1,"prevalence",0.9,"GUniFrac",0.93,100
4,2,1,"prevalence",0.9,"aitchison",1,100
4,2,1,"prevalence",0.9,"bray",0.3,100
4,2,1,"prevalence",0.9,"euclidean",0.07,100
4,2,1,"prevalence",0.9,"jaccard",0.27,100
4,2,1,"prevalence",0.9,"unifrac_unweighted",1,100
4,2,1,"prevalence",0.9,"unifrac_weighted_phyloseq",0.38,100
4,2,1,"prevalence",0.95,"GLaD_0.5_unweighted",1,100
4,2,1,"prevalence",0.95,"GLaD_0.5_weighted",0.28,100
4,2,1,"prevalence",0.95,"GLaD_1_unweighted",0.99,100
4,2,1,"prevalence",0.95,"GLaD_1_weighted",0.23,100
4,2,1,"prevalence",0.95,"GUniFrac",0.97,100
4,2,1,"prevalence",0.95,"aitchison",1,100
4,2,1,"prevalence",0.95,"bray",0.3,100
4,2,1,"prevalence",0.95,"euclidean",0.07,100
4,2,1,"prevalence",0.95,"jaccard",0.31,100
4,2,1,"prevalence",0.95,"unifrac_unweighted",1,100
4,2,1,"prevalence",0.95,"unifrac_weighted_phyloseq",0.4,100
4,2,1,"prevalence",1,"GLaD_0.5_unweighted",1,100
4,2,1,"prevalence",1,"GLaD_0.5_weighted",0.39,100
4,2,1,"prevalence",1,"GLaD_1_unweighted",0.99,100
4,2,1,"prevalence",1,"GLaD_1_weighted",0.32,100
4,2,1,"prevalence",1,"GUniFrac",0.98,100
4,2,1,"prevalence",1,"aitchison",1,100
4,2,1,"prevalence",1,"bray",0.35,100
4,2,1,"prevalence",1,"euclidean",0.04,100
4,2,1,"prevalence",1,"jaccard",0.37,100
4,2,1,"prevalence",1,"unifrac_unweighted",1,100
4,2,1,"prevalence",1,"unifrac_weighted_phyloseq",0.57,100
4,3,4,"abundance",0.05,"GLaD_0.5_unweighted",0.06,100
4,3,4,"abundance",0.05,"GLaD_0.5_weighted",0.08,100
4,3,4,"abundance",0.05,"GLaD_1_unweighted",0.05,100
4,3,4,"abundance",0.05,"GLaD_1_weighted",0.05,100
4,3,4,"abundance",0.05,"GUniFrac",0.07,100
4,3,4,"abundance",0.05,"aitchison",0.05,100
4,3,4,"abundance",0.05,"bray",0.09,100
4,3,4,"abundance",0.05,"euclidean",0.06,100
4,3,4,"abundance",0.05,"jaccard",0.09,100
4,3,4,"abundance",0.05,"unifrac_unweighted",0.05,100
4,3,4,"abundance",0.05,"unifrac_weighted_phyloseq",0.07,100
4,3,4,"abundance",0.1,"GLaD_0.5_unweighted",0.04,100
4,3,4,"abundance",0.1,"GLaD_0.5_weighted",0.06,100
4,3,4,"abundance",0.1,"GLaD_1_unweighted",0.06,100
4,3,4,"abundance",0.1,"GLaD_1_weighted",0.05,100
4,3,4,"abundance",0.1,"GUniFrac",0.01,100
4,3,4,"abundance",0.1,"aitchison",0.05,100
4,3,4,"abundance",0.1,"bray",0.03,100
4,3,4,"abundance",0.1,"euclidean",0.02,100
4,3,4,"abundance",0.1,"jaccard",0.03,100
4,3,4,"abundance",0.1,"unifrac_unweighted",0.07,100
4,3,4,"abundance",0.1,"unifrac_weighted_phyloseq",0.01,100
4,3,4,"abundance",0.15,"GLaD_0.5_unweighted",0.03,100
4,3,4,"abundance",0.15,"GLaD_0.5_weighted",0.1,100
4,3,4,"abundance",0.15,"GLaD_1_unweighted",0.05,100
4,3,4,"abundance",0.15,"GLaD_1_weighted",0.08,100
4,3,4,"abundance",0.15,"GUniFrac",0.06,100
4,3,4,"abundance",0.15,"aitchison",0.02,100
4,3,4,"abundance",0.15,"bray",0.04,100
4,3,4,"abundance",0.15,"euclidean",0.05,100
4,3,4,"abundance",0.15,"jaccard",0.04,100
4,3,4,"abundance",0.15,"unifrac_unweighted",0.04,100
4,3,4,"abundance",0.15,"unifrac_weighted_phyloseq",0.07,100
4,3,4,"abundance",0.2,"GLaD_0.5_unweighted",0.02,100
4,3,4,"abundance",0.2,"GLaD_0.5_weighted",0.03,100
4,3,4,"abundance",0.2,"GLaD_1_unweighted",0.05,100
4,3,4,"abundance",0.2,"GLaD_1_weighted",0.02,100
4,3,4,"abundance",0.2,"GUniFrac",0.02,100
4,3,4,"abundance",0.2,"aitchison",0.04,100
4,3,4,"abundance",0.2,"bray",0,100
4,3,4,"abundance",0.2,"euclidean",0.03,100
4,3,4,"abundance",0.2,"jaccard",0.01,100
4,3,4,"abundance",0.2,"unifrac_unweighted",0.01,100
4,3,4,"abundance",0.2,"unifrac_weighted_phyloseq",0.02,100
4,3,4,"abundance",0.25,"GLaD_0.5_unweighted",0.02,100
4,3,4,"abundance",0.25,"GLaD_0.5_weighted",0.06,100
4,3,4,"abundance",0.25,"GLaD_1_unweighted",0.02,100
4,3,4,"abundance",0.25,"GLaD_1_weighted",0.05,100
4,3,4,"abundance",0.25,"GUniFrac",0.09,100
4,3,4,"abundance",0.25,"aitchison",0.06,100
4,3,4,"abundance",0.25,"bray",0.06,100
4,3,4,"abundance",0.25,"euclidean",0.08,100
4,3,4,"abundance",0.25,"jaccard",0.06,100
4,3,4,"abundance",0.25,"unifrac_unweighted",0.03,100
4,3,4,"abundance",0.25,"unifrac_weighted_phyloseq",0.09,100
4,3,4,"abundance",0.3,"GLaD_0.5_unweighted",0.06,100
4,3,4,"abundance",0.3,"GLaD_0.5_weighted",0.08,100
4,3,4,"abundance",0.3,"GLaD_1_unweighted",0.05,100
4,3,4,"abundance",0.3,"GLaD_1_weighted",0.06,100
4,3,4,"abundance",0.3,"GUniFrac",0.1,100
4,3,4,"abundance",0.3,"aitchison",0.06,100
4,3,4,"abundance",0.3,"bray",0.08,100
4,3,4,"abundance",0.3,"euclidean",0.01,100
4,3,4,"abundance",0.3,"jaccard",0.1,100
4,3,4,"abundance",0.3,"unifrac_unweighted",0.07,100
4,3,4,"abundance",0.3,"unifrac_weighted_phyloseq",0.09,100
4,3,4,"abundance",0.35,"GLaD_0.5_unweighted",0.04,100
4,3,4,"abundance",0.35,"GLaD_0.5_weighted",0.1,100
4,3,4,"abundance",0.35,"GLaD_1_unweighted",0.1,100
4,3,4,"abundance",0.35,"GLaD_1_weighted",0.09,100
4,3,4,"abundance",0.35,"GUniFrac",0.12,100
4,3,4,"abundance",0.35,"aitchison",0.02,100
4,3,4,"abundance",0.35,"bray",0.05,100
4,3,4,"abundance",0.35,"euclidean",0,100
4,3,4,"abundance",0.35,"jaccard",0.06,100
4,3,4,"abundance",0.35,"unifrac_unweighted",0.05,100
4,3,4,"abundance",0.35,"unifrac_weighted_phyloseq",0.1,100
4,3,4,"abundance",0.4,"GLaD_0.5_unweighted",0.07,100
4,3,4,"abundance",0.4,"GLaD_0.5_weighted",0.08,100
4,3,4,"abundance",0.4,"GLaD_1_unweighted",0.09,100
4,3,4,"abundance",0.4,"GLaD_1_weighted",0.09,100
4,3,4,"abundance",0.4,"GUniFrac",0.25,100
4,3,4,"abundance",0.4,"aitchison",0.1,100
4,3,4,"abundance",0.4,"bray",0.17,100
4,3,4,"abundance",0.4,"euclidean",0.06,100
4,3,4,"abundance",0.4,"jaccard",0.18,100
4,3,4,"abundance",0.4,"unifrac_unweighted",0.06,100
4,3,4,"abundance",0.4,"unifrac_weighted_phyloseq",0.14,100
4,3,4,"abundance",0.45,"GLaD_0.5_unweighted",0.06,100
4,3,4,"abundance",0.45,"GLaD_0.5_weighted",0.14,100
4,3,4,"abundance",0.45,"GLaD_1_unweighted",0.03,100
4,3,4,"abundance",0.45,"GLaD_1_weighted",0.19,100
4,3,4,"abundance",0.45,"GUniFrac",0.29,100
4,3,4,"abundance",0.45,"aitchison",0.11,100
4,3,4,"abundance",0.45,"bray",0.24,100
4,3,4,"abundance",0.45,"euclidean",0.12,100
4,3,4,"abundance",0.45,"jaccard",0.19,100
4,3,4,"abundance",0.45,"unifrac_unweighted",0.01,100
4,3,4,"abundance",0.45,"unifrac_weighted_phyloseq",0.22,100
4,3,4,"abundance",0.5,"GLaD_0.5_unweighted",0.08,100
4,3,4,"abundance",0.5,"GLaD_0.5_weighted",0.24,100
4,3,4,"abundance",0.5,"GLaD_1_unweighted",0.02,100
4,3,4,"abundance",0.5,"GLaD_1_weighted",0.26,100
4,3,4,"abundance",0.5,"GUniFrac",0.45,100
4,3,4,"abundance",0.5,"aitchison",0.1,100
4,3,4,"abundance",0.5,"bray",0.31,100
4,3,4,"abundance",0.5,"euclidean",0.14,100
4,3,4,"abundance",0.5,"jaccard",0.29,100
4,3,4,"abundance",0.5,"unifrac_unweighted",0.05,100
4,3,4,"abundance",0.5,"unifrac_weighted_phyloseq",0.37,100
4,3,4,"abundance",0.55,"GLaD_0.5_unweighted",0.09,100
4,3,4,"abundance",0.55,"GLaD_0.5_weighted",0.19,100
4,3,4,"abundance",0.55,"GLaD_1_unweighted",0.06,100
4,3,4,"abundance",0.55,"GLaD_1_weighted",0.26,100
4,3,4,"abundance",0.55,"GUniFrac",0.51,100
4,3,4,"abundance",0.55,"aitchison",0.09,100
4,3,4,"abundance",0.55,"bray",0.3,100
4,3,4,"abundance",0.55,"euclidean",0.14,100
4,3,4,"abundance",0.55,"jaccard",0.29,100
4,3,4,"abundance",0.55,"unifrac_unweighted",0.12,100
4,3,4,"abundance",0.55,"unifrac_weighted_phyloseq",0.34,100
4,3,4,"abundance",0.6,"GLaD_0.5_unweighted",0.05,100
4,3,4,"abundance",0.6,"GLaD_0.5_weighted",0.3,100
4,3,4,"abundance",0.6,"GLaD_1_unweighted",0.06,100
4,3,4,"abundance",0.6,"GLaD_1_weighted",0.29,100
4,3,4,"abundance",0.6,"GUniFrac",0.67,100
4,3,4,"abundance",0.6,"aitchison",0.07,100
4,3,4,"abundance",0.6,"bray",0.48,100
4,3,4,"abundance",0.6,"euclidean",0.17,100
4,3,4,"abundance",0.6,"jaccard",0.45,100
4,3,4,"abundance",0.6,"unifrac_unweighted",0.02,100
4,3,4,"abundance",0.6,"unifrac_weighted_phyloseq",0.45,100
4,3,4,"abundance",0.65,"GLaD_0.5_unweighted",0.04,100
4,3,4,"abundance",0.65,"GLaD_0.5_weighted",0.3,100
4,3,4,"abundance",0.65,"GLaD_1_unweighted",0.08,100
4,3,4,"abundance",0.65,"GLaD_1_weighted",0.33,100
4,3,4,"abundance",0.65,"GUniFrac",0.67,100
4,3,4,"abundance",0.65,"aitchison",0.09,100
4,3,4,"abundance",0.65,"bray",0.44,100
4,3,4,"abundance",0.65,"euclidean",0.25,100
4,3,4,"abundance",0.65,"jaccard",0.44,100
4,3,4,"abundance",0.65,"unifrac_unweighted",0.1,100
4,3,4,"abundance",0.65,"unifrac_weighted_phyloseq",0.52,100
4,3,4,"abundance",0.7,"GLaD_0.5_unweighted",0.03,100
4,3,4,"abundance",0.7,"GLaD_0.5_weighted",0.3,100
4,3,4,"abundance",0.7,"GLaD_1_unweighted",0.07,100
4,3,4,"abundance",0.7,"GLaD_1_weighted",0.3,100
4,3,4,"abundance",0.7,"GUniFrac",0.83,100
4,3,4,"abundance",0.7,"aitchison",0.12,100
4,3,4,"abundance",0.7,"bray",0.63,100
4,3,4,"abundance",0.7,"euclidean",0.24,100
4,3,4,"abundance",0.7,"jaccard",0.64,100
4,3,4,"abundance",0.7,"unifrac_unweighted",0.05,100
4,3,4,"abundance",0.7,"unifrac_weighted_phyloseq",0.57,100
4,3,4,"abundance",0.75,"GLaD_0.5_unweighted",0.03,100
4,3,4,"abundance",0.75,"GLaD_0.5_weighted",0.45,100
4,3,4,"abundance",0.75,"GLaD_1_unweighted",0.04,100
4,3,4,"abundance",0.75,"GLaD_1_weighted",0.46,100
4,3,4,"abundance",0.75,"GUniFrac",0.88,100
4,3,4,"abundance",0.75,"aitchison",0.11,100
4,3,4,"abundance",0.75,"bray",0.65,100
4,3,4,"abundance",0.75,"euclidean",0.31,100
4,3,4,"abundance",0.75,"jaccard",0.61,100
4,3,4,"abundance",0.75,"unifrac_unweighted",0.04,100
4,3,4,"abundance",0.75,"unifrac_weighted_phyloseq",0.72,100
4,3,4,"abundance",0.8,"GLaD_0.5_unweighted",0.02,100
4,3,4,"abundance",0.8,"GLaD_0.5_weighted",0.58,100
4,3,4,"abundance",0.8,"GLaD_1_unweighted",0.05,100
4,3,4,"abundance",0.8,"GLaD_1_weighted",0.59,100
4,3,4,"abundance",0.8,"GUniFrac",0.95,100
4,3,4,"abundance",0.8,"aitchison",0.15,100
4,3,4,"abundance",0.8,"bray",0.84,100
4,3,4,"abundance",0.8,"euclidean",0.43,100
4,3,4,"abundance",0.8,"jaccard",0.83,100
4,3,4,"abundance",0.8,"unifrac_unweighted",0.01,100
4,3,4,"abundance",0.8,"unifrac_weighted_phyloseq",0.83,100
4,3,4,"abundance",0.85,"GLaD_0.5_unweighted",0.04,100
4,3,4,"abundance",0.85,"GLaD_0.5_weighted",0.61,100
4,3,4,"abundance",0.85,"GLaD_1_unweighted",0.07,100
4,3,4,"abundance",0.85,"GLaD_1_weighted",0.57,100
4,3,4,"abundance",0.85,"GUniFrac",0.98,100
4,3,4,"abundance",0.85,"aitchison",0.19,100
4,3,4,"abundance",0.85,"bray",0.89,100
4,3,4,"abundance",0.85,"euclidean",0.49,100
4,3,4,"abundance",0.85,"jaccard",0.9,100
4,3,4,"abundance",0.85,"unifrac_unweighted",0.03,100
4,3,4,"abundance",0.85,"unifrac_weighted_phyloseq",0.95,100
4,3,4,"abundance",0.9,"GLaD_0.5_unweighted",0.04,100
4,3,4,"abundance",0.9,"GLaD_0.5_weighted",0.67,100
4,3,4,"abundance",0.9,"GLaD_1_unweighted",0.06,100
4,3,4,"abundance",0.9,"GLaD_1_weighted",0.66,100
4,3,4,"abundance",0.9,"GUniFrac",0.99,100
4,3,4,"abundance",0.9,"aitchison",0.17,100
4,3,4,"abundance",0.9,"bray",0.93,100
4,3,4,"abundance",0.9,"euclidean",0.55,100
4,3,4,"abundance",0.9,"jaccard",0.92,100
4,3,4,"abundance",0.9,"unifrac_unweighted",0.06,100
4,3,4,"abundance",0.9,"unifrac_weighted_phyloseq",0.95,100
4,3,4,"abundance",0.95,"GLaD_0.5_unweighted",0.09,100
4,3,4,"abundance",0.95,"GLaD_0.5_weighted",0.74,100
4,3,4,"abundance",0.95,"GLaD_1_unweighted",0.05,100
4,3,4,"abundance",0.95,"GLaD_1_weighted",0.67,100
4,3,4,"abundance",0.95,"GUniFrac",1,100
4,3,4,"abundance",0.95,"aitchison",0.26,100
4,3,4,"abundance",0.95,"bray",0.92,100
4,3,4,"abundance",0.95,"euclidean",0.7,100
4,3,4,"abundance",0.95,"jaccard",0.9,100
4,3,4,"abundance",0.95,"unifrac_unweighted",0.09,100
4,3,4,"abundance",0.95,"unifrac_weighted_phyloseq",0.94,100
4,3,4,"abundance",1,"GLaD_0.5_unweighted",0.05,100
4,3,4,"abundance",1,"GLaD_0.5_weighted",0.79,100
4,3,4,"abundance",1,"GLaD_1_unweighted",0.03,100
4,3,4,"abundance",1,"GLaD_1_weighted",0.76,100
4,3,4,"abundance",1,"GUniFrac",1,100
4,3,4,"abundance",1,"aitchison",0.27,100
4,3,4,"abundance",1,"bray",0.98,100
4,3,4,"abundance",1,"euclidean",0.65,100
4,3,4,"abundance",1,"jaccard",0.96,100
4,3,4,"abundance",1,"unifrac_unweighted",0.05,100
4,3,4,"abundance",1,"unifrac_weighted_phyloseq",0.97,100
4,3,4,"both",0.05,"GLaD_0.5_unweighted",0.04,100
4,3,4,"both",0.05,"GLaD_0.5_weighted",0.02,100
4,3,4,"both",0.05,"GLaD_1_unweighted",0.06,100
4,3,4,"both",0.05,"GLaD_1_weighted",0.04,100
4,3,4,"both",0.05,"GUniFrac",0.03,100
4,3,4,"both",0.05,"aitchison",0.05,100
4,3,4,"both",0.05,"bray",0.03,100
4,3,4,"both",0.05,"euclidean",0.03,100
4,3,4,"both",0.05,"jaccard",0.03,100
4,3,4,"both",0.05,"unifrac_unweighted",0.03,100
4,3,4,"both",0.05,"unifrac_weighted_phyloseq",0.03,100
4,3,4,"both",0.1,"GLaD_0.5_unweighted",0.05,100
4,3,4,"both",0.1,"GLaD_0.5_weighted",0.02,100
4,3,4,"both",0.1,"GLaD_1_unweighted",0.11,100
4,3,4,"both",0.1,"GLaD_1_weighted",0.06,100
4,3,4,"both",0.1,"GUniFrac",0.06,100
4,3,4,"both",0.1,"aitchison",0.07,100
4,3,4,"both",0.1,"bray",0.04,100
4,3,4,"both",0.1,"euclidean",0.03,100
4,3,4,"both",0.1,"jaccard",0.04,100
4,3,4,"both",0.1,"unifrac_unweighted",0.03,100
4,3,4,"both",0.1,"unifrac_weighted_phyloseq",0.04,100
4,3,4,"both",0.15,"GLaD_0.5_unweighted",0.09,100
4,3,4,"both",0.15,"GLaD_0.5_weighted",0.1,100
4,3,4,"both",0.15,"GLaD_1_unweighted",0.09,100
4,3,4,"both",0.15,"GLaD_1_weighted",0.1,100
4,3,4,"both",0.15,"GUniFrac",0.14,100
4,3,4,"both",0.15,"aitchison",0.11,100
4,3,4,"both",0.15,"bray",0.11,100
4,3,4,"both",0.15,"euclidean",0.03,100
4,3,4,"both",0.15,"jaccard",0.11,100
4,3,4,"both",0.15,"unifrac_unweighted",0.08,100
4,3,4,"both",0.15,"unifrac_weighted_phyloseq",0.13,100
4,3,4,"both",0.2,"GLaD_0.5_unweighted",0.1,100
4,3,4,"both",0.2,"GLaD_0.5_weighted",0.1,100
4,3,4,"both",0.2,"GLaD_1_unweighted",0.09,100
4,3,4,"both",0.2,"GLaD_1_weighted",0.1,100
4,3,4,"both",0.2,"GUniFrac",0.16,100
4,3,4,"both",0.2,"aitchison",0.16,100
4,3,4,"both",0.2,"bray",0.11,100
4,3,4,"both",0.2,"euclidean",0.07,100
4,3,4,"both",0.2,"jaccard",0.11,100
4,3,4,"both",0.2,"unifrac_unweighted",0.13,100
4,3,4,"both",0.2,"unifrac_weighted_phyloseq",0.1,100
4,3,4,"both",0.25,"GLaD_0.5_unweighted",0.21,100
4,3,4,"both",0.25,"GLaD_0.5_weighted",0.05,100
4,3,4,"both",0.25,"GLaD_1_unweighted",0.22,100
4,3,4,"both",0.25,"GLaD_1_weighted",0.07,100
4,3,4,"both",0.25,"GUniFrac",0.22,100
4,3,4,"both",0.25,"aitchison",0.23,100
4,3,4,"both",0.25,"bray",0.08,100
4,3,4,"both",0.25,"euclidean",0.04,100
4,3,4,"both",0.25,"jaccard",0.09,100
4,3,4,"both",0.25,"unifrac_unweighted",0.23,100
4,3,4,"both",0.25,"unifrac_weighted_phyloseq",0.14,100
4,3,4,"both",0.3,"GLaD_0.5_unweighted",0.21,100
4,3,4,"both",0.3,"GLaD_0.5_weighted",0.08,100
4,3,4,"both",0.3,"GLaD_1_unweighted",0.21,100
4,3,4,"both",0.3,"GLaD_1_weighted",0.08,100
4,3,4,"both",0.3,"GUniFrac",0.3,100
4,3,4,"both",0.3,"aitchison",0.18,100
4,3,4,"both",0.3,"bray",0.14,100
4,3,4,"both",0.3,"euclidean",0.06,100
4,3,4,"both",0.3,"jaccard",0.13,100
4,3,4,"both",0.3,"unifrac_unweighted",0.33,100
4,3,4,"both",0.3,"unifrac_weighted_phyloseq",0.19,100
4,3,4,"both",0.35,"GLaD_0.5_unweighted",0.39,100
4,3,4,"both",0.35,"GLaD_0.5_weighted",0.1,100
4,3,4,"both",0.35,"GLaD_1_unweighted",0.34,100
4,3,4,"both",0.35,"GLaD_1_weighted",0.16,100
4,3,4,"both",0.35,"GUniFrac",0.53,100
4,3,4,"both",0.35,"aitchison",0.33,100
4,3,4,"both",0.35,"bray",0.21,100
4,3,4,"both",0.35,"euclidean",0.08,100
4,3,4,"both",0.35,"jaccard",0.19,100
4,3,4,"both",0.35,"unifrac_unweighted",0.46,100
4,3,4,"both",0.35,"unifrac_weighted_phyloseq",0.19,100
4,3,4,"both",0.4,"GLaD_0.5_unweighted",0.58,100
4,3,4,"both",0.4,"GLaD_0.5_weighted",0.15,100
4,3,4,"both",0.4,"GLaD_1_unweighted",0.41,100
4,3,4,"both",0.4,"GLaD_1_weighted",0.17,100
4,3,4,"both",0.4,"GUniFrac",0.6,100
4,3,4,"both",0.4,"aitchison",0.5,100
4,3,4,"both",0.4,"bray",0.2,100
4,3,4,"both",0.4,"euclidean",0.08,100
4,3,4,"both",0.4,"jaccard",0.19,100
4,3,4,"both",0.4,"unifrac_unweighted",0.62,100
4,3,4,"both",0.4,"unifrac_weighted_phyloseq",0.3,100
4,3,4,"both",0.45,"GLaD_0.5_unweighted",0.76,100
4,3,4,"both",0.45,"GLaD_0.5_weighted",0.24,100
4,3,4,"both",0.45,"GLaD_1_unweighted",0.51,100
4,3,4,"both",0.45,"GLaD_1_weighted",0.28,100
4,3,4,"both",0.45,"GUniFrac",0.89,100
4,3,4,"both",0.45,"aitchison",0.73,100
4,3,4,"both",0.45,"bray",0.3,100
4,3,4,"both",0.45,"euclidean",0.11,100
4,3,4,"both",0.45,"jaccard",0.3,100
4,3,4,"both",0.45,"unifrac_unweighted",0.82,100
4,3,4,"both",0.45,"unifrac_weighted_phyloseq",0.48,100
4,3,4,"both",0.5,"GLaD_0.5_unweighted",0.91,100
4,3,4,"both",0.5,"GLaD_0.5_weighted",0.27,100
4,3,4,"both",0.5,"GLaD_1_unweighted",0.54,100
4,3,4,"both",0.5,"GLaD_1_weighted",0.3,100
4,3,4,"both",0.5,"GUniFrac",0.97,100
4,3,4,"both",0.5,"aitchison",0.88,100
4,3,4,"both",0.5,"bray",0.46,100
4,3,4,"both",0.5,"euclidean",0.17,100
4,3,4,"both",0.5,"jaccard",0.45,100
4,3,4,"both",0.5,"unifrac_unweighted",0.99,100
4,3,4,"both",0.5,"unifrac_weighted_phyloseq",0.59,100
4,3,4,"both",0.55,"GLaD_0.5_unweighted",0.96,100
4,3,4,"both",0.55,"GLaD_0.5_weighted",0.35,100
4,3,4,"both",0.55,"GLaD_1_unweighted",0.56,100
4,3,4,"both",0.55,"GLaD_1_weighted",0.43,100
4,3,4,"both",0.55,"GUniFrac",1,100
4,3,4,"both",0.55,"aitchison",0.95,100
4,3,4,"both",0.55,"bray",0.66,100
4,3,4,"both",0.55,"euclidean",0.16,100
4,3,4,"both",0.55,"jaccard",0.63,100
4,3,4,"both",0.55,"unifrac_unweighted",0.95,100
4,3,4,"both",0.55,"unifrac_weighted_phyloseq",0.78,100
4,3,4,"both",0.6,"GLaD_0.5_unweighted",0.99,100
4,3,4,"both",0.6,"GLaD_0.5_weighted",0.37,100
4,3,4,"both",0.6,"GLaD_1_unweighted",0.72,100
4,3,4,"both",0.6,"GLaD_1_weighted",0.39,100
4,3,4,"both",0.6,"GUniFrac",1,100
4,3,4,"both",0.6,"aitchison",0.98,100
4,3,4,"both",0.6,"bray",0.72,100
4,3,4,"both",0.6,"euclidean",0.16,100
4,3,4,"both",0.6,"jaccard",0.69,100
4,3,4,"both",0.6,"unifrac_unweighted",0.98,100
4,3,4,"both",0.6,"unifrac_weighted_phyloseq",0.82,100
4,3,4,"both",0.65,"GLaD_0.5_unweighted",0.99,100
4,3,4,"both",0.65,"GLaD_0.5_weighted",0.48,100
4,3,4,"both",0.65,"GLaD_1_unweighted",0.89,100
4,3,4,"both",0.65,"GLaD_1_weighted",0.53,100
4,3,4,"both",0.65,"GUniFrac",1,100
4,3,4,"both",0.65,"aitchison",0.99,100
4,3,4,"both",0.65,"bray",0.84,100
4,3,4,"both",0.65,"euclidean",0.3,100
4,3,4,"both",0.65,"jaccard",0.8,100
4,3,4,"both",0.65,"unifrac_unweighted",1,100
4,3,4,"both",0.65,"unifrac_weighted_phyloseq",0.92,100
4,3,4,"both",0.7,"GLaD_0.5_unweighted",1,100
4,3,4,"both",0.7,"GLaD_0.5_weighted",0.57,100
4,3,4,"both",0.7,"GLaD_1_unweighted",0.85,100
4,3,4,"both",0.7,"GLaD_1_weighted",0.56,100
4,3,4,"both",0.7,"GUniFrac",1,100
4,3,4,"both",0.7,"aitchison",1,100
4,3,4,"both",0.7,"bray",0.93,100
4,3,4,"both",0.7,"euclidean",0.39,100
4,3,4,"both",0.7,"jaccard",0.92,100
4,3,4,"both",0.7,"unifrac_unweighted",1,100
4,3,4,"both",0.7,"unifrac_weighted_phyloseq",0.97,100
4,3,4,"both",0.75,"GLaD_0.5_unweighted",1,100
4,3,4,"both",0.75,"GLaD_0.5_weighted",0.74,100
4,3,4,"both",0.75,"GLaD_1_unweighted",0.92,100
4,3,4,"both",0.75,"GLaD_1_weighted",0.69,100
4,3,4,"both",0.75,"GUniFrac",1,100
4,3,4,"both",0.75,"aitchison",1,100
4,3,4,"both",0.75,"bray",0.96,100
4,3,4,"both",0.75,"euclidean",0.49,100
4,3,4,"both",0.75,"jaccard",0.94,100
4,3,4,"both",0.75,"unifrac_unweighted",1,100
4,3,4,"both",0.75,"unifrac_weighted_phyloseq",0.99,100
4,3,4,"both",0.8,"GLaD_0.5_unweighted",1,100
4,3,4,"both",0.8,"GLaD_0.5_weighted",0.81,100
4,3,4,"both",0.8,"GLaD_1_unweighted",0.94,100
4,3,4,"both",0.8,"GLaD_1_weighted",0.76,100
4,3,4,"both",0.8,"GUniFrac",1,100
4,3,4,"both",0.8,"aitchison",1,100
4,3,4,"both",0.8,"bray",1,100
4,3,4,"both",0.8,"euclidean",0.51,100
4,3,4,"both",0.8,"jaccard",1,100
4,3,4,"both",0.8,"unifrac_unweighted",1,100
4,3,4,"both",0.8,"unifrac_weighted_phyloseq",1,100
4,3,4,"both",0.85,"GLaD_0.5_unweighted",1,100
4,3,4,"both",0.85,"GLaD_0.5_weighted",0.87,100
4,3,4,"both",0.85,"GLaD_1_unweighted",0.97,100
4,3,4,"both",0.85,"GLaD_1_weighted",0.84,100
4,3,4,"both",0.85,"GUniFrac",1,100
4,3,4,"both",0.85,"aitchison",1,100
4,3,4,"both",0.85,"bray",1,100
4,3,4,"both",0.85,"euclidean",0.65,100
4,3,4,"both",0.85,"jaccard",1,100
4,3,4,"both",0.85,"unifrac_unweighted",1,100
4,3,4,"both",0.85,"unifrac_weighted_phyloseq",1,100
4,3,4,"both",0.9,"GLaD_0.5_unweighted",1,100
4,3,4,"both",0.9,"GLaD_0.5_weighted",0.91,100
4,3,4,"both",0.9,"GLaD_1_unweighted",0.98,100
4,3,4,"both",0.9,"GLaD_1_weighted",0.86,100
4,3,4,"both",0.9,"GUniFrac",1,100
4,3,4,"both",0.9,"aitchison",1,100
4,3,4,"both",0.9,"bray",1,100
4,3,4,"both",0.9,"euclidean",0.74,100
4,3,4,"both",0.9,"jaccard",1,100
4,3,4,"both",0.9,"unifrac_unweighted",1,100
4,3,4,"both",0.9,"unifrac_weighted_phyloseq",1,100
4,3,4,"both",0.95,"GLaD_0.5_unweighted",1,100
4,3,4,"both",0.95,"GLaD_0.5_weighted",0.97,100
4,3,4,"both",0.95,"GLaD_1_unweighted",0.98,100
4,3,4,"both",0.95,"GLaD_1_weighted",0.91,100
4,3,4,"both",0.95,"GUniFrac",1,100
4,3,4,"both",0.95,"aitchison",1,100
4,3,4,"both",0.95,"bray",1,100
4,3,4,"both",0.95,"euclidean",0.8,100
4,3,4,"both",0.95,"jaccard",1,100
4,3,4,"both",0.95,"unifrac_unweighted",1,100
4,3,4,"both",0.95,"unifrac_weighted_phyloseq",1,100
4,3,4,"both",1,"GLaD_0.5_unweighted",1,100
4,3,4,"both",1,"GLaD_0.5_weighted",1,100
4,3,4,"both",1,"GLaD_1_unweighted",1,100
4,3,4,"both",1,"GLaD_1_weighted",0.98,100
4,3,4,"both",1,"GUniFrac",1,100
4,3,4,"both",1,"aitchison",1,100
4,3,4,"both",1,"bray",1,100
4,3,4,"both",1,"euclidean",0.84,100
4,3,4,"both",1,"jaccard",1,100
4,3,4,"both",1,"unifrac_unweighted",1,100
4,3,4,"both",1,"unifrac_weighted_phyloseq",1,100
4,3,4,"prevalence",0.05,"GLaD_0.5_unweighted",0.07,100
4,3,4,"prevalence",0.05,"GLaD_0.5_weighted",0.07,100
4,3,4,"prevalence",0.05,"GLaD_1_unweighted",0.04,100
4,3,4,"prevalence",0.05,"GLaD_1_weighted",0.06,100
4,3,4,"prevalence",0.05,"GUniFrac",0.07,100
4,3,4,"prevalence",0.05,"aitchison",0.05,100
4,3,4,"prevalence",0.05,"bray",0.04,100
4,3,4,"prevalence",0.05,"euclidean",0.04,100
4,3,4,"prevalence",0.05,"jaccard",0.05,100
4,3,4,"prevalence",0.05,"unifrac_unweighted",0.07,100
4,3,4,"prevalence",0.05,"unifrac_weighted_phyloseq",0.06,100
4,3,4,"prevalence",0.1,"GLaD_0.5_unweighted",0.06,100
4,3,4,"prevalence",0.1,"GLaD_0.5_weighted",0.07,100
4,3,4,"prevalence",0.1,"GLaD_1_unweighted",0.1,100
4,3,4,"prevalence",0.1,"GLaD_1_weighted",0.08,100
4,3,4,"prevalence",0.1,"GUniFrac",0.06,100
4,3,4,"prevalence",0.1,"aitchison",0.07,100
4,3,4,"prevalence",0.1,"bray",0.04,100
4,3,4,"prevalence",0.1,"euclidean",0.03,100
4,3,4,"prevalence",0.1,"jaccard",0.05,100
4,3,4,"prevalence",0.1,"unifrac_unweighted",0.08,100
4,3,4,"prevalence",0.1,"unifrac_weighted_phyloseq",0.09,100
4,3,4,"prevalence",0.15,"GLaD_0.5_unweighted",0.05,100
4,3,4,"prevalence",0.15,"GLaD_0.5_weighted",0.08,100
4,3,4,"prevalence",0.15,"GLaD_1_unweighted",0.1,100
4,3,4,"prevalence",0.15,"GLaD_1_weighted",0.05,100
4,3,4,"prevalence",0.15,"GUniFrac",0.07,100
4,3,4,"prevalence",0.15,"aitchison",0.05,100
4,3,4,"prevalence",0.15,"bray",0.06,100
4,3,4,"prevalence",0.15,"euclidean",0.1,100
4,3,4,"prevalence",0.15,"jaccard",0.05,100
4,3,4,"prevalence",0.15,"unifrac_unweighted",0.11,100
4,3,4,"prevalence",0.15,"unifrac_weighted_phyloseq",0.04,100
4,3,4,"prevalence",0.2,"GLaD_0.5_unweighted",0.1,100
4,3,4,"prevalence",0.2,"GLaD_0.5_weighted",0.03,100
4,3,4,"prevalence",0.2,"GLaD_1_unweighted",0.14,100
4,3,4,"prevalence",0.2,"GLaD_1_weighted",0.01,100
4,3,4,"prevalence",0.2,"GUniFrac",0.01,100
4,3,4,"prevalence",0.2,"aitchison",0.05,100
4,3,4,"prevalence",0.2,"bray",0.05,100
4,3,4,"prevalence",0.2,"euclidean",0.04,100
4,3,4,"prevalence",0.2,"jaccard",0.03,100
4,3,4,"prevalence",0.2,"unifrac_unweighted",0.12,100
4,3,4,"prevalence",0.2,"unifrac_weighted_phyloseq",0.01,100
4,3,4,"prevalence",0.25,"GLaD_0.5_unweighted",0.14,100
4,3,4,"prevalence",0.25,"GLaD_0.5_weighted",0.03,100
4,3,4,"prevalence",0.25,"GLaD_1_unweighted",0.19,100
4,3,4,"prevalence",0.25,"GLaD_1_weighted",0.03,100
4,3,4,"prevalence",0.25,"GUniFrac",0.02,100
4,3,4,"prevalence",0.25,"aitchison",0.07,100
4,3,4,"prevalence",0.25,"bray",0.02,100
4,3,4,"prevalence",0.25,"euclidean",0.03,100
4,3,4,"prevalence",0.25,"jaccard",0.01,100
4,3,4,"prevalence",0.25,"unifrac_unweighted",0.17,100
4,3,4,"prevalence",0.25,"unifrac_weighted_phyloseq",0.02,100
4,3,4,"prevalence",0.3,"GLaD_0.5_unweighted",0.26,100
4,3,4,"prevalence",0.3,"GLaD_0.5_weighted",0.08,100
4,3,4,"prevalence",0.3,"GLaD_1_unweighted",0.22,100
4,3,4,"prevalence",0.3,"GLaD_1_weighted",0.06,100
4,3,4,"prevalence",0.3,"GUniFrac",0.06,100
4,3,4,"prevalence",0.3,"aitchison",0.15,100
4,3,4,"prevalence",0.3,"bray",0.05,100
4,3,4,"prevalence",0.3,"euclidean",0.06,100
4,3,4,"prevalence",0.3,"jaccard",0.04,100
4,3,4,"prevalence",0.3,"unifrac_unweighted",0.37,100
4,3,4,"prevalence",0.3,"unifrac_weighted_phyloseq",0.07,100
4,3,4,"prevalence",0.35,"GLaD_0.5_unweighted",0.41,100
4,3,4,"prevalence",0.35,"GLaD_0.5_weighted",0.04,100
4,3,4,"prevalence",0.35,"GLaD_1_unweighted",0.26,100
4,3,4,"prevalence",0.35,"GLaD_1_weighted",0.08,100
4,3,4,"prevalence",0.35,"GUniFrac",0.15,100
4,3,4,"prevalence",0.35,"aitchison",0.17,100
4,3,4,"prevalence",0.35,"bray",0.09,100
4,3,4,"prevalence",0.35,"euclidean",0.05,100
4,3,4,"prevalence",0.35,"jaccard",0.09,100
4,3,4,"prevalence",0.35,"unifrac_unweighted",0.5,100
4,3,4,"prevalence",0.35,"unifrac_weighted_phyloseq",0.09,100
4,3,4,"prevalence",0.4,"GLaD_0.5_unweighted",0.58,100
4,3,4,"prevalence",0.4,"GLaD_0.5_weighted",0.05,100
4,3,4,"prevalence",0.4,"GLaD_1_unweighted",0.35,100
4,3,4,"prevalence",0.4,"GLaD_1_weighted",0.03,100
4,3,4,"prevalence",0.4,"GUniFrac",0.15,100
4,3,4,"prevalence",0.4,"aitchison",0.32,100
4,3,4,"prevalence",0.4,"bray",0.08,100
4,3,4,"prevalence",0.4,"euclidean",0.06,100
4,3,4,"prevalence",0.4,"jaccard",0.08,100
4,3,4,"prevalence",0.4,"unifrac_unweighted",0.62,100
4,3,4,"prevalence",0.4,"unifrac_weighted_phyloseq",0.05,100
4,3,4,"prevalence",0.45,"GLaD_0.5_unweighted",0.78,100
4,3,4,"prevalence",0.45,"GLaD_0.5_weighted",0,100
4,3,4,"prevalence",0.45,"GLaD_1_unweighted",0.46,100
4,3,4,"prevalence",0.45,"GLaD_1_weighted",0.03,100
4,3,4,"prevalence",0.45,"GUniFrac",0.12,100
4,3,4,"prevalence",0.45,"aitchison",0.37,100
4,3,4,"prevalence",0.45,"bray",0,100
4,3,4,"prevalence",0.45,"euclidean",0.02,100
4,3,4,"prevalence",0.45,"jaccard",0,100
4,3,4,"prevalence",0.45,"unifrac_unweighted",0.84,100
4,3,4,"prevalence",0.45,"unifrac_weighted_phyloseq",0.02,100
4,3,4,"prevalence",0.5,"GLaD_0.5_unweighted",0.88,100
4,3,4,"prevalence",0.5,"GLaD_0.5_weighted",0.06,100
4,3,4,"prevalence",0.5,"GLaD_1_unweighted",0.65,100
4,3,4,"prevalence",0.5,"GLaD_1_weighted",0.07,100
4,3,4,"prevalence",0.5,"GUniFrac",0.19,100
4,3,4,"prevalence",0.5,"aitchison",0.36,100
4,3,4,"prevalence",0.5,"bray",0.06,100
4,3,4,"prevalence",0.5,"euclidean",0.03,100
4,3,4,"prevalence",0.5,"jaccard",0.07,100
4,3,4,"prevalence",0.5,"unifrac_unweighted",0.9,100
4,3,4,"prevalence",0.5,"unifrac_weighted_phyloseq",0.09,100
4,3,4,"prevalence",0.55,"GLaD_0.5_unweighted",0.92,100
4,3,4,"prevalence",0.55,"GLaD_0.5_weighted",0.05,100
4,3,4,"prevalence",0.55,"GLaD_1_unweighted",0.63,100
4,3,4,"prevalence",0.55,"GLaD_1_weighted",0.03,100
4,3,4,"prevalence",0.55,"GUniFrac",0.25,100
4,3,4,"prevalence",0.55,"aitchison",0.42,100
4,3,4,"prevalence",0.55,"bray",0.06,100
4,3,4,"prevalence",0.55,"euclidean",0.06,100
4,3,4,"prevalence",0.55,"jaccard",0.05,100
4,3,4,"prevalence",0.55,"unifrac_unweighted",0.95,100
4,3,4,"prevalence",0.55,"unifrac_weighted_phyloseq",0.06,100
4,3,4,"prevalence",0.6,"GLaD_0.5_unweighted",1,100
4,3,4,"prevalence",0.6,"GLaD_0.5_weighted",0.03,100
4,3,4,"prevalence",0.6,"GLaD_1_unweighted",0.73,100
4,3,4,"prevalence",0.6,"GLaD_1_weighted",0.03,100
4,3,4,"prevalence",0.6,"GUniFrac",0.27,100
4,3,4,"prevalence",0.6,"aitchison",0.7,100
4,3,4,"prevalence",0.6,"bray",0.06,100
4,3,4,"prevalence",0.6,"euclidean",0.05,100
4,3,4,"prevalence",0.6,"jaccard",0.06,100
4,3,4,"prevalence",0.6,"unifrac_unweighted",0.99,100
4,3,4,"prevalence",0.6,"unifrac_weighted_phyloseq",0.03,100
4,3,4,"prevalence",0.65,"GLaD_0.5_unweighted",1,100
4,3,4,"prevalence",0.65,"GLaD_0.5_weighted",0.06,100
4,3,4,"prevalence",0.65,"GLaD_1_unweighted",0.8,100
4,3,4,"prevalence",0.65,"GLaD_1_weighted",0.06,100
4,3,4,"prevalence",0.65,"GUniFrac",0.39,100
4,3,4,"prevalence",0.65,"aitchison",0.77,100
4,3,4,"prevalence",0.65,"bray",0.06,100
4,3,4,"prevalence",0.65,"euclidean",0.06,100
4,3,4,"prevalence",0.65,"jaccard",0.05,100
4,3,4,"prevalence",0.65,"unifrac_unweighted",1,100
4,3,4,"prevalence",0.65,"unifrac_weighted_phyloseq",0.06,100
4,3,4,"prevalence",0.7,"GLaD_0.5_unweighted",1,100
4,3,4,"prevalence",0.7,"GLaD_0.5_weighted",0.04,100
4,3,4,"prevalence",0.7,"GLaD_1_unweighted",0.8,100
4,3,4,"prevalence",0.7,"GLaD_1_weighted",0.03,100
4,3,4,"prevalence",0.7,"GUniFrac",0.39,100
4,3,4,"prevalence",0.7,"aitchison",0.83,100
4,3,4,"prevalence",0.7,"bray",0.1,100
4,3,4,"prevalence",0.7,"euclidean",0.03,100
4,3,4,"prevalence",0.7,"jaccard",0.08,100
4,3,4,"prevalence",0.7,"unifrac_unweighted",1,100
4,3,4,"prevalence",0.7,"unifrac_weighted_phyloseq",0.04,100
4,3,4,"prevalence",0.75,"GLaD_0.5_unweighted",1,100
4,3,4,"prevalence",0.75,"GLaD_0.5_weighted",0.11,100
4,3,4,"prevalence",0.75,"GLaD_1_unweighted",0.93,100
4,3,4,"prevalence",0.75,"GLaD_1_weighted",0.08,100
4,3,4,"prevalence",0.75,"GUniFrac",0.6,100
4,3,4,"prevalence",0.75,"aitchison",0.93,100
4,3,4,"prevalence",0.75,"bray",0.1,100
4,3,4,"prevalence",0.75,"euclidean",0.1,100
4,3,4,"prevalence",0.75,"jaccard",0.08,100
4,3,4,"prevalence",0.75,"unifrac_unweighted",1,100
4,3,4,"prevalence",0.75,"unifrac_weighted_phyloseq",0.12,100
4,3,4,"prevalence",0.8,"GLaD_0.5_unweighted",1,100
4,3,4,"prevalence",0.8,"GLaD_0.5_weighted",0.06,100
4,3,4,"prevalence",0.8,"GLaD_1_unweighted",0.94,100
4,3,4,"prevalence",0.8,"GLaD_1_weighted",0.08,100
4,3,4,"prevalence",0.8,"GUniFrac",0.81,100
4,3,4,"prevalence",0.8,"aitchison",0.98,100
4,3,4,"prevalence",0.8,"bray",0.12,100
4,3,4,"prevalence",0.8,"euclidean",0.05,100
4,3,4,"prevalence",0.8,"jaccard",0.13,100
4,3,4,"prevalence",0.8,"unifrac_unweighted",1,100
4,3,4,"prevalence",0.8,"unifrac_weighted_phyloseq",0.14,100
4,3,4,"prevalence",0.85,"GLaD_0.5_unweighted",1,100
4,3,4,"prevalence",0.85,"GLaD_0.5_weighted",0.03,100
4,3,4,"prevalence",0.85,"GLaD_1_unweighted",0.97,100
4,3,4,"prevalence",0.85,"GLaD_1_weighted",0.03,100
4,3,4,"prevalence",0.85,"GUniFrac",0.79,100
4,3,4,"prevalence",0.85,"aitchison",0.99,100
4,3,4,"prevalence",0.85,"bray",0.1,100
4,3,4,"prevalence",0.85,"euclidean",0.05,100
4,3,4,"prevalence",0.85,"jaccard",0.09,100
4,3,4,"prevalence",0.85,"unifrac_unweighted",1,100
4,3,4,"prevalence",0.85,"unifrac_weighted_phyloseq",0.07,100
4,3,4,"prevalence",0.9,"GLaD_0.5_unweighted",1,100
4,3,4,"prevalence",0.9,"GLaD_0.5_weighted",0.05,100
4,3,4,"prevalence",0.9,"GLaD_1_unweighted",0.98,100
4,3,4,"prevalence",0.9,"GLaD_1_weighted",0.05,100
4,3,4,"prevalence",0.9,"GUniFrac",0.9,100
4,3,4,"prevalence",0.9,"aitchison",1,100
4,3,4,"prevalence",0.9,"bray",0.1,100
4,3,4,"prevalence",0.9,"euclidean",0.03,100
4,3,4,"prevalence",0.9,"jaccard",0.11,100
4,3,4,"prevalence",0.9,"unifrac_unweighted",1,100
4,3,4,"prevalence",0.9,"unifrac_weighted_phyloseq",0.11,100
4,3,4,"prevalence",0.95,"GLaD_0.5_unweighted",1,100
4,3,4,"prevalence",0.95,"GLaD_0.5_weighted",0.08,100
4,3,4,"prevalence",0.95,"GLaD_1_unweighted",1,100
4,3,4,"prevalence",0.95,"GLaD_1_weighted",0.08,100
4,3,4,"prevalence",0.95,"GUniFrac",0.94,100
4,3,4,"prevalence",0.95,"aitchison",1,100
4,3,4,"prevalence",0.95,"bray",0.13,100
4,3,4,"prevalence",0.95,"euclidean",0.06,100
4,3,4,"prevalence",0.95,"jaccard",0.13,100
4,3,4,"prevalence",0.95,"unifrac_unweighted",1,100
4,3,4,"prevalence",0.95,"unifrac_weighted_phyloseq",0.12,100
4,3,4,"prevalence",1,"GLaD_0.5_unweighted",1,100
4,3,4,"prevalence",1,"GLaD_0.5_weighted",0.05,100
4,3,4,"prevalence",1,"GLaD_1_unweighted",1,100
4,3,4,"prevalence",1,"GLaD_1_weighted",0.06,100
4,3,4,"prevalence",1,"GUniFrac",0.95,100
4,3,4,"prevalence",1,"aitchison",1,100
4,3,4,"prevalence",1,"bray",0.17,100
4,3,4,"prevalence",1,"euclidean",0.07,100
4,3,4,"prevalence",1,"jaccard",0.14,100
4,3,4,"prevalence",1,"unifrac_unweighted",1,100
4,3,4,"prevalence",1,"unifrac_weighted_phyloseq",0.18,100
4,4,3,"abundance",0.05,"GLaD_0.5_unweighted",0.04,100
4,4,3,"abundance",0.05,"GLaD_0.5_weighted",0.04,100
4,4,3,"abundance",0.05,"GLaD_1_unweighted",0.03,100
4,4,3,"abundance",0.05,"GLaD_1_weighted",0.06,100
4,4,3,"abundance",0.05,"GUniFrac",0.04,100
4,4,3,"abundance",0.05,"aitchison",0.04,100
4,4,3,"abundance",0.05,"bray",0.03,100
4,4,3,"abundance",0.05,"euclidean",0.03,100
4,4,3,"abundance",0.05,"jaccard",0.03,100
4,4,3,"abundance",0.05,"unifrac_unweighted",0.03,100
4,4,3,"abundance",0.05,"unifrac_weighted_phyloseq",0.08,100
4,4,3,"abundance",0.1,"GLaD_0.5_unweighted",0.04,100
4,4,3,"abundance",0.1,"GLaD_0.5_weighted",0.07,100
4,4,3,"abundance",0.1,"GLaD_1_unweighted",0.09,100
4,4,3,"abundance",0.1,"GLaD_1_weighted",0.06,100
4,4,3,"abundance",0.1,"GUniFrac",0.04,100
4,4,3,"abundance",0.1,"aitchison",0.04,100
4,4,3,"abundance",0.1,"bray",0.05,100
4,4,3,"abundance",0.1,"euclidean",0.05,100
4,4,3,"abundance",0.1,"jaccard",0.04,100
4,4,3,"abundance",0.1,"unifrac_unweighted",0.05,100
4,4,3,"abundance",0.1,"unifrac_weighted_phyloseq",0.04,100
4,4,3,"abundance",0.15,"GLaD_0.5_unweighted",0.06,100
4,4,3,"abundance",0.15,"GLaD_0.5_weighted",0.06,100
4,4,3,"abundance",0.15,"GLaD_1_unweighted",0.04,100
4,4,3,"abundance",0.15,"GLaD_1_weighted",0.05,100
4,4,3,"abundance",0.15,"GUniFrac",0.05,100
4,4,3,"abundance",0.15,"aitchison",0.07,100
4,4,3,"abundance",0.15,"bray",0.05,100
4,4,3,"abundance",0.15,"euclidean",0.02,100
4,4,3,"abundance",0.15,"jaccard",0.04,100
4,4,3,"abundance",0.15,"unifrac_unweighted",0.02,100
4,4,3,"abundance",0.15,"unifrac_weighted_phyloseq",0.06,100
4,4,3,"abundance",0.2,"GLaD_0.5_unweighted",0.06,100
4,4,3,"abundance",0.2,"GLaD_0.5_weighted",0.06,100
4,4,3,"abundance",0.2,"GLaD_1_unweighted",0.04,100
4,4,3,"abundance",0.2,"GLaD_1_weighted",0.01,100
4,4,3,"abundance",0.2,"GUniFrac",0.11,100
4,4,3,"abundance",0.2,"aitchison",0.04,100
4,4,3,"abundance",0.2,"bray",0.08,100
4,4,3,"abundance",0.2,"euclidean",0.07,100
4,4,3,"abundance",0.2,"jaccard",0.09,100
4,4,3,"abundance",0.2,"unifrac_unweighted",0.07,100
4,4,3,"abundance",0.2,"unifrac_weighted_phyloseq",0.12,100
4,4,3,"abundance",0.25,"GLaD_0.5_unweighted",0.02,100
4,4,3,"abundance",0.25,"GLaD_0.5_weighted",0.09,100
4,4,3,"abundance",0.25,"GLaD_1_unweighted",0.03,100
4,4,3,"abundance",0.25,"GLaD_1_weighted",0.08,100
4,4,3,"abundance",0.25,"GUniFrac",0.1,100
4,4,3,"abundance",0.25,"aitchison",0.04,100
4,4,3,"abundance",0.25,"bray",0.07,100
4,4,3,"abundance",0.25,"euclidean",0.06,100
4,4,3,"abundance",0.25,"jaccard",0.07,100
4,4,3,"abundance",0.25,"unifrac_unweighted",0.01,100
4,4,3,"abundance",0.25,"unifrac_weighted_phyloseq",0.1,100
4,4,3,"abundance",0.3,"GLaD_0.5_unweighted",0.02,100
4,4,3,"abundance",0.3,"GLaD_0.5_weighted",0.09,100
4,4,3,"abundance",0.3,"GLaD_1_unweighted",0.03,100
4,4,3,"abundance",0.3,"GLaD_1_weighted",0.08,100
4,4,3,"abundance",0.3,"GUniFrac",0.16,100
4,4,3,"abundance",0.3,"aitchison",0.03,100
4,4,3,"abundance",0.3,"bray",0.11,100
4,4,3,"abundance",0.3,"euclidean",0.09,100
4,4,3,"abundance",0.3,"jaccard",0.12,100
4,4,3,"abundance",0.3,"unifrac_unweighted",0.05,100
4,4,3,"abundance",0.3,"unifrac_weighted_phyloseq",0.13,100
4,4,3,"abundance",0.35,"GLaD_0.5_unweighted",0.04,100
4,4,3,"abundance",0.35,"GLaD_0.5_weighted",0.16,100
4,4,3,"abundance",0.35,"GLaD_1_unweighted",0.06,100
4,4,3,"abundance",0.35,"GLaD_1_weighted",0.14,100
4,4,3,"abundance",0.35,"GUniFrac",0.27,100
4,4,3,"abundance",0.35,"aitchison",0.03,100
4,4,3,"abundance",0.35,"bray",0.11,100
4,4,3,"abundance",0.35,"euclidean",0.08,100
4,4,3,"abundance",0.35,"jaccard",0.1,100
4,4,3,"abundance",0.35,"unifrac_unweighted",0.04,100
4,4,3,"abundance",0.35,"unifrac_weighted_phyloseq",0.23,100
4,4,3,"abundance",0.4,"GLaD_0.5_unweighted",0.04,100
4,4,3,"abundance",0.4,"GLaD_0.5_weighted",0.1,100
4,4,3,"abundance",0.4,"GLaD_1_unweighted",0.06,100
4,4,3,"abundance",0.4,"GLaD_1_weighted",0.09,100
4,4,3,"abundance",0.4,"GUniFrac",0.34,100
4,4,3,"abundance",0.4,"aitchison",0.06,100
4,4,3,"abundance",0.4,"bray",0.18,100
4,4,3,"abundance",0.4,"euclidean",0.07,100
4,4,3,"abundance",0.4,"jaccard",0.18,100
4,4,3,"abundance",0.4,"unifrac_unweighted",0.02,100
4,4,3,"abundance",0.4,"unifrac_weighted_phyloseq",0.28,100
4,4,3,"abundance",0.45,"GLaD_0.5_unweighted",0.02,100
4,4,3,"abundance",0.45,"GLaD_0.5_weighted",0.14,100
4,4,3,"abundance",0.45,"GLaD_1_unweighted",0.04,100
4,4,3,"abundance",0.45,"GLaD_1_weighted",0.09,100
4,4,3,"abundance",0.45,"GUniFrac",0.34,100
4,4,3,"abundance",0.45,"aitchison",0.03,100
4,4,3,"abundance",0.45,"bray",0.15,100
4,4,3,"abundance",0.45,"euclidean",0.11,100
4,4,3,"abundance",0.45,"jaccard",0.15,100
4,4,3,"abundance",0.45,"unifrac_unweighted",0.04,100
4,4,3,"abundance",0.45,"unifrac_weighted_phyloseq",0.27,100
4,4,3,"abundance",0.5,"GLaD_0.5_unweighted",0.03,100
4,4,3,"abundance",0.5,"GLaD_0.5_weighted",0.17,100
4,4,3,"abundance",0.5,"GLaD_1_unweighted",0.06,100
4,4,3,"abundance",0.5,"GLaD_1_weighted",0.13,100
4,4,3,"abundance",0.5,"GUniFrac",0.49,100
4,4,3,"abundance",0.5,"aitchison",0.08,100
4,4,3,"abundance",0.5,"bray",0.26,100
4,4,3,"abundance",0.5,"euclidean",0.14,100
4,4,3,"abundance",0.5,"jaccard",0.24,100
4,4,3,"abundance",0.5,"unifrac_unweighted",0.04,100
4,4,3,"abundance",0.5,"unifrac_weighted_phyloseq",0.34,100
4,4,3,"abundance",0.55,"GLaD_0.5_unweighted",0.08,100
4,4,3,"abundance",0.55,"GLaD_0.5_weighted",0.34,100
4,4,3,"abundance",0.55,"GLaD_1_unweighted",0.08,100
4,4,3,"abundance",0.55,"GLaD_1_weighted",0.22,100
4,4,3,"abundance",0.55,"GUniFrac",0.61,100
4,4,3,"abundance",0.55,"aitchison",0.1,100
4,4,3,"abundance",0.55,"bray",0.42,100
4,4,3,"abundance",0.55,"euclidean",0.22,100
4,4,3,"abundance",0.55,"jaccard",0.41,100
4,4,3,"abundance",0.55,"unifrac_unweighted",0.08,100
4,4,3,"abundance",0.55,"unifrac_weighted_phyloseq",0.53,100
4,4,3,"abundance",0.6,"GLaD_0.5_unweighted",0.03,100
4,4,3,"abundance",0.6,"GLaD_0.5_weighted",0.43,100
4,4,3,"abundance",0.6,"GLaD_1_unweighted",0.06,100
4,4,3,"abundance",0.6,"GLaD_1_weighted",0.27,100
4,4,3,"abundance",0.6,"GUniFrac",0.72,100
4,4,3,"abundance",0.6,"aitchison",0.13,100
4,4,3,"abundance",0.6,"bray",0.48,100
4,4,3,"abundance",0.6,"euclidean",0.17,100
4,4,3,"abundance",0.6,"jaccard",0.44,100
4,4,3,"abundance",0.6,"unifrac_unweighted",0.05,100
4,4,3,"abundance",0.6,"unifrac_weighted_phyloseq",0.62,100
4,4,3,"abundance",0.65,"GLaD_0.5_unweighted",0.05,100
4,4,3,"abundance",0.65,"GLaD_0.5_weighted",0.45,100
4,4,3,"abundance",0.65,"GLaD_1_unweighted",0.04,100
4,4,3,"abundance",0.65,"GLaD_1_weighted",0.34,100
4,4,3,"abundance",0.65,"GUniFrac",0.78,100
4,4,3,"abundance",0.65,"aitchison",0.11,100
4,4,3,"abundance",0.65,"bray",0.63,100
4,4,3,"abundance",0.65,"euclidean",0.33,100
4,4,3,"abundance",0.65,"jaccard",0.61,100
4,4,3,"abundance",0.65,"unifrac_unweighted",0.06,100
4,4,3,"abundance",0.65,"unifrac_weighted_phyloseq",0.74,100
4,4,3,"abundance",0.7,"GLaD_0.5_unweighted",0.07,100
4,4,3,"abundance",0.7,"GLaD_0.5_weighted",0.49,100
4,4,3,"abundance",0.7,"GLaD_1_unweighted",0.06,100
4,4,3,"abundance",0.7,"GLaD_1_weighted",0.32,100
4,4,3,"abundance",0.7,"GUniFrac",0.87,100
4,4,3,"abundance",0.7,"aitchison",0.1,100
4,4,3,"abundance",0.7,"bray",0.61,100
4,4,3,"abundance",0.7,"euclidean",0.31,100
4,4,3,"abundance",0.7,"jaccard",0.57,100
4,4,3,"abundance",0.7,"unifrac_unweighted",0.04,100
4,4,3,"abundance",0.7,"unifrac_weighted_phyloseq",0.79,100
4,4,3,"abundance",0.75,"GLaD_0.5_unweighted",0.06,100
4,4,3,"abundance",0.75,"GLaD_0.5_weighted",0.62,100
4,4,3,"abundance",0.75,"GLaD_1_unweighted",0.03,100
4,4,3,"abundance",0.75,"GLaD_1_weighted",0.46,100
4,4,3,"abundance",0.75,"GUniFrac",0.95,100
4,4,3,"abundance",0.75,"aitchison",0.19,100
4,4,3,"abundance",0.75,"bray",0.74,100
4,4,3,"abundance",0.75,"euclidean",0.38,100
4,4,3,"abundance",0.75,"jaccard",0.74,100
4,4,3,"abundance",0.75,"unifrac_unweighted",0.07,100
4,4,3,"abundance",0.75,"unifrac_weighted_phyloseq",0.89,100
4,4,3,"abundance",0.8,"GLaD_0.5_unweighted",0.05,100
4,4,3,"abundance",0.8,"GLaD_0.5_weighted",0.67,100
4,4,3,"abundance",0.8,"GLaD_1_unweighted",0.04,100
4,4,3,"abundance",0.8,"GLaD_1_weighted",0.51,100
4,4,3,"abundance",0.8,"GUniFrac",0.97,100
4,4,3,"abundance",0.8,"aitchison",0.13,100
4,4,3,"abundance",0.8,"bray",0.84,100
4,4,3,"abundance",0.8,"euclidean",0.47,100
4,4,3,"abundance",0.8,"jaccard",0.83,100
4,4,3,"abundance",0.8,"unifrac_unweighted",0.06,100
4,4,3,"abundance",0.8,"unifrac_weighted_phyloseq",0.91,100
4,4,3,"abundance",0.85,"GLaD_0.5_unweighted",0.03,100
4,4,3,"abundance",0.85,"GLaD_0.5_weighted",0.78,100
4,4,3,"abundance",0.85,"GLaD_1_unweighted",0.03,100
4,4,3,"abundance",0.85,"GLaD_1_weighted",0.61,100
4,4,3,"abundance",0.85,"GUniFrac",1,100
4,4,3,"abundance",0.85,"aitchison",0.15,100
4,4,3,"abundance",0.85,"bray",0.89,100
4,4,3,"abundance",0.85,"euclidean",0.58,100
4,4,3,"abundance",0.85,"jaccard",0.86,100
4,4,3,"abundance",0.85,"unifrac_unweighted",0.04,100
4,4,3,"abundance",0.85,"unifrac_weighted_phyloseq",0.99,100
4,4,3,"abundance",0.9,"GLaD_0.5_unweighted",0.07,100
4,4,3,"abundance",0.9,"GLaD_0.5_weighted",0.81,100
4,4,3,"abundance",0.9,"GLaD_1_unweighted",0.02,100
4,4,3,"abundance",0.9,"GLaD_1_weighted",0.65,100
4,4,3,"abundance",0.9,"GUniFrac",0.99,100
4,4,3,"abundance",0.9,"aitchison",0.24,100
4,4,3,"abundance",0.9,"bray",0.95,100
4,4,3,"abundance",0.9,"euclidean",0.62,100
4,4,3,"abundance",0.9,"jaccard",0.93,100
4,4,3,"abundance",0.9,"unifrac_unweighted",0.07,100
4,4,3,"abundance",0.9,"unifrac_weighted_phyloseq",0.96,100
4,4,3,"abundance",0.95,"GLaD_0.5_unweighted",0.06,100
4,4,3,"abundance",0.95,"GLaD_0.5_weighted",0.88,100
4,4,3,"abundance",0.95,"GLaD_1_unweighted",0.06,100
4,4,3,"abundance",0.95,"GLaD_1_weighted",0.69,100
4,4,3,"abundance",0.95,"GUniFrac",1,100
4,4,3,"abundance",0.95,"aitchison",0.27,100
4,4,3,"abundance",0.95,"bray",0.99,100
4,4,3,"abundance",0.95,"euclidean",0.7,100
4,4,3,"abundance",0.95,"jaccard",0.98,100
4,4,3,"abundance",0.95,"unifrac_unweighted",0.07,100
4,4,3,"abundance",0.95,"unifrac_weighted_phyloseq",1,100
4,4,3,"abundance",1,"GLaD_0.5_unweighted",0.05,100
4,4,3,"abundance",1,"GLaD_0.5_weighted",0.92,100
4,4,3,"abundance",1,"GLaD_1_unweighted",0.04,100
4,4,3,"abundance",1,"GLaD_1_weighted",0.79,100
4,4,3,"abundance",1,"GUniFrac",0.99,100
4,4,3,"abundance",1,"aitchison",0.25,100
4,4,3,"abundance",1,"bray",0.97,100
4,4,3,"abundance",1,"euclidean",0.76,100
4,4,3,"abundance",1,"jaccard",0.96,100
4,4,3,"abundance",1,"unifrac_unweighted",0.08,100
4,4,3,"abundance",1,"unifrac_weighted_phyloseq",0.98,100
4,4,3,"both",0.05,"GLaD_0.5_unweighted",0.03,100
4,4,3,"both",0.05,"GLaD_0.5_weighted",0.07,100
4,4,3,"both",0.05,"GLaD_1_unweighted",0.08,100
4,4,3,"both",0.05,"GLaD_1_weighted",0.04,100
4,4,3,"both",0.05,"GUniFrac",0.07,100
4,4,3,"both",0.05,"aitchison",0.05,100
4,4,3,"both",0.05,"bray",0.04,100
4,4,3,"both",0.05,"euclidean",0.09,100
4,4,3,"both",0.05,"jaccard",0.04,100
4,4,3,"both",0.05,"unifrac_unweighted",0.05,100
4,4,3,"both",0.05,"unifrac_weighted_phyloseq",0.07,100
4,4,3,"both",0.1,"GLaD_0.5_unweighted",0.06,100
4,4,3,"both",0.1,"GLaD_0.5_weighted",0.06,100
4,4,3,"both",0.1,"GLaD_1_unweighted",0.06,100
4,4,3,"both",0.1,"GLaD_1_weighted",0.05,100
4,4,3,"both",0.1,"GUniFrac",0.07,100
4,4,3,"both",0.1,"aitchison",0.04,100
4,4,3,"both",0.1,"bray",0.06,100
4,4,3,"both",0.1,"euclidean",0.07,100
4,4,3,"both",0.1,"jaccard",0.09,100
4,4,3,"both",0.1,"unifrac_unweighted",0.08,100
4,4,3,"both",0.1,"unifrac_weighted_phyloseq",0.07,100
4,4,3,"both",0.15,"GLaD_0.5_unweighted",0.08,100
4,4,3,"both",0.15,"GLaD_0.5_weighted",0.1,100
4,4,3,"both",0.15,"GLaD_1_unweighted",0.1,100
4,4,3,"both",0.15,"GLaD_1_weighted",0.08,100
4,4,3,"both",0.15,"GUniFrac",0.07,100
4,4,3,"both",0.15,"aitchison",0.07,100
4,4,3,"both",0.15,"bray",0.08,100
4,4,3,"both",0.15,"euclidean",0.1,100
4,4,3,"both",0.15,"jaccard",0.08,100
4,4,3,"both",0.15,"unifrac_unweighted",0.1,100
4,4,3,"both",0.15,"unifrac_weighted_phyloseq",0.09,100
4,4,3,"both",0.2,"GLaD_0.5_unweighted",0.1,100
4,4,3,"both",0.2,"GLaD_0.5_weighted",0.08,100
4,4,3,"both",0.2,"GLaD_1_unweighted",0.06,100
4,4,3,"both",0.2,"GLaD_1_weighted",0.04,100
4,4,3,"both",0.2,"GUniFrac",0.15,100
4,4,3,"both",0.2,"aitchison",0.17,100
4,4,3,"both",0.2,"bray",0.11,100
4,4,3,"both",0.2,"euclidean",0.05,100
4,4,3,"both",0.2,"jaccard",0.1,100
4,4,3,"both",0.2,"unifrac_unweighted",0.09,100
4,4,3,"both",0.2,"unifrac_weighted_phyloseq",0.09,100
4,4,3,"both",0.25,"GLaD_0.5_unweighted",0.18,100
4,4,3,"both",0.25,"GLaD_0.5_weighted",0.07,100
4,4,3,"both",0.25,"GLaD_1_unweighted",0.2,100
4,4,3,"both",0.25,"GLaD_1_weighted",0.08,100
4,4,3,"both",0.25,"GUniFrac",0.26,100
4,4,3,"both",0.25,"aitchison",0.18,100
4,4,3,"both",0.25,"bray",0.11,100
4,4,3,"both",0.25,"euclidean",0.05,100
4,4,3,"both",0.25,"jaccard",0.11,100
4,4,3,"both",0.25,"unifrac_unweighted",0.13,100
4,4,3,"both",0.25,"unifrac_weighted_phyloseq",0.14,100
4,4,3,"both",0.3,"GLaD_0.5_unweighted",0.23,100
4,4,3,"both",0.3,"GLaD_0.5_weighted",0.14,100
4,4,3,"both",0.3,"GLaD_1_unweighted",0.16,100
4,4,3,"both",0.3,"GLaD_1_weighted",0.11,100
4,4,3,"both",0.3,"GUniFrac",0.38,100
4,4,3,"both",0.3,"aitchison",0.26,100
4,4,3,"both",0.3,"bray",0.17,100
4,4,3,"both",0.3,"euclidean",0.12,100
4,4,3,"both",0.3,"jaccard",0.13,100
4,4,3,"both",0.3,"unifrac_unweighted",0.15,100
4,4,3,"both",0.3,"unifrac_weighted_phyloseq",0.23,100
4,4,3,"both",0.35,"GLaD_0.5_unweighted",0.33,100
4,4,3,"both",0.35,"GLaD_0.5_weighted",0.14,100
4,4,3,"both",0.35,"GLaD_1_unweighted",0.17,100
4,4,3,"both",0.35,"GLaD_1_weighted",0.09,100
4,4,3,"both",0.35,"GUniFrac",0.5,100
4,4,3,"both",0.35,"aitchison",0.39,100
4,4,3,"both",0.35,"bray",0.25,100
4,4,3,"both",0.35,"euclidean",0.06,100
4,4,3,"both",0.35,"jaccard",0.24,100
4,4,3,"both",0.35,"unifrac_unweighted",0.22,100
4,4,3,"both",0.35,"unifrac_weighted_phyloseq",0.26,100
4,4,3,"both",0.4,"GLaD_0.5_unweighted",0.48,100
4,4,3,"both",0.4,"GLaD_0.5_weighted",0.22,100
4,4,3,"both",0.4,"GLaD_1_unweighted",0.29,100
4,4,3,"both",0.4,"GLaD_1_weighted",0.15,100
4,4,3,"both",0.4,"GUniFrac",0.74,100
4,4,3,"both",0.4,"aitchison",0.57,100
4,4,3,"both",0.4,"bray",0.33,100
4,4,3,"both",0.4,"euclidean",0.12,100
4,4,3,"both",0.4,"jaccard",0.34,100
4,4,3,"both",0.4,"unifrac_unweighted",0.36,100
4,4,3,"both",0.4,"unifrac_weighted_phyloseq",0.54,100
4,4,3,"both",0.45,"GLaD_0.5_unweighted",0.66,100
4,4,3,"both",0.45,"GLaD_0.5_weighted",0.34,100
4,4,3,"both",0.45,"GLaD_1_unweighted",0.39,100
4,4,3,"both",0.45,"GLaD_1_weighted",0.21,100
4,4,3,"both",0.45,"GUniFrac",0.83,100
4,4,3,"both",0.45,"aitchison",0.75,100
4,4,3,"both",0.45,"bray",0.4,100
4,4,3,"both",0.45,"euclidean",0.15,100
4,4,3,"both",0.45,"jaccard",0.38,100
4,4,3,"both",0.45,"unifrac_unweighted",0.46,100
4,4,3,"both",0.45,"unifrac_weighted_phyloseq",0.64,100
4,4,3,"both",0.5,"GLaD_0.5_unweighted",0.74,100
4,4,3,"both",0.5,"GLaD_0.5_weighted",0.51,100
4,4,3,"both",0.5,"GLaD_1_unweighted",0.33,100
4,4,3,"both",0.5,"GLaD_1_weighted",0.33,100
4,4,3,"both",0.5,"GUniFrac",0.94,100
4,4,3,"both",0.5,"aitchison",0.81,100
4,4,3,"both",0.5,"bray",0.58,100
4,4,3,"both",0.5,"euclidean",0.23,100
4,4,3,"both",0.5,"jaccard",0.58,100
4,4,3,"both",0.5,"unifrac_unweighted",0.56,100
4,4,3,"both",0.5,"unifrac_weighted_phyloseq",0.76,100
4,4,3,"both",0.55,"GLaD_0.5_unweighted",0.9,100
4,4,3,"both",0.55,"GLaD_0.5_weighted",0.45,100
4,4,3,"both",0.55,"GLaD_1_unweighted",0.52,100
4,4,3,"both",0.55,"GLaD_1_weighted",0.29,100
4,4,3,"both",0.55,"GUniFrac",0.96,100
4,4,3,"both",0.55,"aitchison",0.97,100
4,4,3,"both",0.55,"bray",0.62,100
4,4,3,"both",0.55,"euclidean",0.21,100
4,4,3,"both",0.55,"jaccard",0.61,100
4,4,3,"both",0.55,"unifrac_unweighted",0.77,100
4,4,3,"both",0.55,"unifrac_weighted_phyloseq",0.85,100
4,4,3,"both",0.6,"GLaD_0.5_unweighted",0.97,100
4,4,3,"both",0.6,"GLaD_0.5_weighted",0.65,100
4,4,3,"both",0.6,"GLaD_1_unweighted",0.54,100
4,4,3,"both",0.6,"GLaD_1_weighted",0.42,100
4,4,3,"both",0.6,"GUniFrac",1,100
4,4,3,"both",0.6,"aitchison",0.98,100
4,4,3,"both",0.6,"bray",0.82,100
4,4,3,"both",0.6,"euclidean",0.34,100
4,4,3,"both",0.6,"jaccard",0.82,100
4,4,3,"both",0.6,"unifrac_unweighted",0.89,100
4,4,3,"both",0.6,"unifrac_weighted_phyloseq",0.92,100
4,4,3,"both",0.65,"GLaD_0.5_unweighted",0.99,100
4,4,3,"both",0.65,"GLaD_0.5_weighted",0.67,100
4,4,3,"both",0.65,"GLaD_1_unweighted",0.67,100
4,4,3,"both",0.65,"GLaD_1_weighted",0.53,100
4,4,3,"both",0.65,"GUniFrac",1,100
4,4,3,"both",0.65,"aitchison",0.99,100
4,4,3,"both",0.65,"bray",0.89,100
4,4,3,"both",0.65,"euclidean",0.37,100
4,4,3,"both",0.65,"jaccard",0.87,100
4,4,3,"both",0.65,"unifrac_unweighted",0.94,100
4,4,3,"both",0.65,"unifrac_weighted_phyloseq",0.91,100
4,4,3,"both",0.7,"GLaD_0.5_unweighted",1,100
4,4,3,"both",0.7,"GLaD_0.5_weighted",0.76,100
4,4,3,"both",0.7,"GLaD_1_unweighted",0.73,100
4,4,3,"both",0.7,"GLaD_1_weighted",0.54,100
4,4,3,"both",0.7,"GUniFrac",1,100
4,4,3,"both",0.7,"aitchison",1,100
4,4,3,"both",0.7,"bray",0.9,100
4,4,3,"both",0.7,"euclidean",0.43,100
4,4,3,"both",0.7,"jaccard",0.89,100
4,4,3,"both",0.7,"unifrac_unweighted",1,100
4,4,3,"both",0.7,"unifrac_weighted_phyloseq",0.96,100
4,4,3,"both",0.75,"GLaD_0.5_unweighted",1,100
4,4,3,"both",0.75,"GLaD_0.5_weighted",0.87,100
4,4,3,"both",0.75,"GLaD_1_unweighted",0.77,100
4,4,3,"both",0.75,"GLaD_1_weighted",0.69,100
4,4,3,"both",0.75,"GUniFrac",1,100
4,4,3,"both",0.75,"aitchison",1,100
4,4,3,"both",0.75,"bray",1,100
4,4,3,"both",0.75,"euclidean",0.49,100
4,4,3,"both",0.75,"jaccard",1,100
4,4,3,"both",0.75,"unifrac_unweighted",0.98,100
4,4,3,"both",0.75,"unifrac_weighted_phyloseq",0.99,100
4,4,3,"both",0.8,"GLaD_0.5_unweighted",1,100
4,4,3,"both",0.8,"GLaD_0.5_weighted",0.94,100
4,4,3,"both",0.8,"GLaD_1_unweighted",0.84,100
4,4,3,"both",0.8,"GLaD_1_weighted",0.87,100
4,4,3,"both",0.8,"GUniFrac",1,100
4,4,3,"both",0.8,"aitchison",1,100
4,4,3,"both",0.8,"bray",0.99,100
4,4,3,"both",0.8,"euclidean",0.58,100
4,4,3,"both",0.8,"jaccard",0.99,100
4,4,3,"both",0.8,"unifrac_unweighted",1,100
4,4,3,"both",0.8,"unifrac_weighted_phyloseq",1,100
4,4,3,"both",0.85,"GLaD_0.5_unweighted",1,100
4,4,3,"both",0.85,"GLaD_0.5_weighted",0.97,100
4,4,3,"both",0.85,"GLaD_1_unweighted",0.92,100
4,4,3,"both",0.85,"GLaD_1_weighted",0.93,100
4,4,3,"both",0.85,"GUniFrac",1,100
4,4,3,"both",0.85,"aitchison",1,100
4,4,3,"both",0.85,"bray",1,100
4,4,3,"both",0.85,"euclidean",0.83,100
4,4,3,"both",0.85,"jaccard",1,100
4,4,3,"both",0.85,"unifrac_unweighted",1,100
4,4,3,"both",0.85,"unifrac_weighted_phyloseq",1,100
4,4,3,"both",0.9,"GLaD_0.5_unweighted",1,100
4,4,3,"both",0.9,"GLaD_0.5_weighted",1,100
4,4,3,"both",0.9,"GLaD_1_unweighted",0.93,100
4,4,3,"both",0.9,"GLaD_1_weighted",0.88,100
4,4,3,"both",0.9,"GUniFrac",1,100
4,4,3,"both",0.9,"aitchison",1,100
4,4,3,"both",0.9,"bray",1,100
4,4,3,"both",0.9,"euclidean",0.79,100
4,4,3,"both",0.9,"jaccard",1,100
4,4,3,"both",0.9,"unifrac_unweighted",1,100
4,4,3,"both",0.9,"unifrac_weighted_phyloseq",1,100
4,4,3,"both",0.95,"GLaD_0.5_unweighted",1,100
4,4,3,"both",0.95,"GLaD_0.5_weighted",0.99,100
4,4,3,"both",0.95,"GLaD_1_unweighted",0.96,100
4,4,3,"both",0.95,"GLaD_1_weighted",0.97,100
4,4,3,"both",0.95,"GUniFrac",1,100
4,4,3,"both",0.95,"aitchison",1,100
4,4,3,"both",0.95,"bray",1,100
4,4,3,"both",0.95,"euclidean",0.84,100
4,4,3,"both",0.95,"jaccard",1,100
4,4,3,"both",0.95,"unifrac_unweighted",1,100
4,4,3,"both",0.95,"unifrac_weighted_phyloseq",1,100
4,4,3,"both",1,"GLaD_0.5_unweighted",1,100
4,4,3,"both",1,"GLaD_0.5_weighted",0.99,100
4,4,3,"both",1,"GLaD_1_unweighted",0.93,100
4,4,3,"both",1,"GLaD_1_weighted",0.98,100
4,4,3,"both",1,"GUniFrac",1,100
4,4,3,"both",1,"aitchison",1,100
4,4,3,"both",1,"bray",1,100
4,4,3,"both",1,"euclidean",0.89,100
4,4,3,"both",1,"jaccard",1,100
4,4,3,"both",1,"unifrac_unweighted",1,100
4,4,3,"both",1,"unifrac_weighted_phyloseq",1,100
4,4,3,"prevalence",0.05,"GLaD_0.5_unweighted",0.06,100
4,4,3,"prevalence",0.05,"GLaD_0.5_weighted",0.05,100
4,4,3,"prevalence",0.05,"GLaD_1_unweighted",0.04,100
4,4,3,"prevalence",0.05,"GLaD_1_weighted",0.03,100
4,4,3,"prevalence",0.05,"GUniFrac",0.05,100
4,4,3,"prevalence",0.05,"aitchison",0.08,100
4,4,3,"prevalence",0.05,"bray",0.04,100
4,4,3,"prevalence",0.05,"euclidean",0.04,100
4,4,3,"prevalence",0.05,"jaccard",0.04,100
4,4,3,"prevalence",0.05,"unifrac_unweighted",0.07,100
4,4,3,"prevalence",0.05,"unifrac_weighted_phyloseq",0.02,100
4,4,3,"prevalence",0.1,"GLaD_0.5_unweighted",0.04,100
4,4,3,"prevalence",0.1,"GLaD_0.5_weighted",0.06,100
4,4,3,"prevalence",0.1,"GLaD_1_unweighted",0.02,100
4,4,3,"prevalence",0.1,"GLaD_1_weighted",0.04,100
4,4,3,"prevalence",0.1,"GUniFrac",0.02,100
4,4,3,"prevalence",0.1,"aitchison",0.06,100
4,4,3,"prevalence",0.1,"bray",0.04,100
4,4,3,"prevalence",0.1,"euclidean",0.08,100
4,4,3,"prevalence",0.1,"jaccard",0.05,100
4,4,3,"prevalence",0.1,"unifrac_unweighted",0.05,100
4,4,3,"prevalence",0.1,"unifrac_weighted_phyloseq",0.05,100
4,4,3,"prevalence",0.15,"GLaD_0.5_unweighted",0.08,100
4,4,3,"prevalence",0.15,"GLaD_0.5_weighted",0.04,100
4,4,3,"prevalence",0.15,"GLaD_1_unweighted",0.1,100
4,4,3,"prevalence",0.15,"GLaD_1_weighted",0.03,100
4,4,3,"prevalence",0.15,"GUniFrac",0.02,100
4,4,3,"prevalence",0.15,"aitchison",0.08,100
4,4,3,"prevalence",0.15,"bray",0.05,100
4,4,3,"prevalence",0.15,"euclidean",0.04,100
4,4,3,"prevalence",0.15,"jaccard",0.02,100
4,4,3,"prevalence",0.15,"unifrac_unweighted",0.07,100
4,4,3,"prevalence",0.15,"unifrac_weighted_phyloseq",0.02,100
4,4,3,"prevalence",0.2,"GLaD_0.5_unweighted",0.05,100
4,4,3,"prevalence",0.2,"GLaD_0.5_weighted",0.04,100
4,4,3,"prevalence",0.2,"GLaD_1_unweighted",0.11,100
4,4,3,"prevalence",0.2,"GLaD_1_weighted",0.06,100
4,4,3,"prevalence",0.2,"GUniFrac",0.08,100
4,4,3,"prevalence",0.2,"aitchison",0.13,100
4,4,3,"prevalence",0.2,"bray",0.09,100
4,4,3,"prevalence",0.2,"euclidean",0.02,100
4,4,3,"prevalence",0.2,"jaccard",0.08,100
4,4,3,"prevalence",0.2,"unifrac_unweighted",0.09,100
4,4,3,"prevalence",0.2,"unifrac_weighted_phyloseq",0.06,100
4,4,3,"prevalence",0.25,"GLaD_0.5_unweighted",0.19,100
4,4,3,"prevalence",0.25,"GLaD_0.5_weighted",0.07,100
4,4,3,"prevalence",0.25,"GLaD_1_unweighted",0.16,100
4,4,3,"prevalence",0.25,"GLaD_1_weighted",0.03,100
4,4,3,"prevalence",0.25,"GUniFrac",0.08,100
4,4,3,"prevalence",0.25,"aitchison",0.14,100
4,4,3,"prevalence",0.25,"bray",0.06,100
4,4,3,"prevalence",0.25,"euclidean",0.06,100
4,4,3,"prevalence",0.25,"jaccard",0.06,100
4,4,3,"prevalence",0.25,"unifrac_unweighted",0.12,100
4,4,3,"prevalence",0.25,"unifrac_weighted_phyloseq",0.08,100
4,4,3,"prevalence",0.3,"GLaD_0.5_unweighted",0.21,100
4,4,3,"prevalence",0.3,"GLaD_0.5_weighted",0.06,100
4,4,3,"prevalence",0.3,"GLaD_1_unweighted",0.2,100
4,4,3,"prevalence",0.3,"GLaD_1_weighted",0.05,100
4,4,3,"prevalence",0.3,"GUniFrac",0.12,100
4,4,3,"prevalence",0.3,"aitchison",0.14,100
4,4,3,"prevalence",0.3,"bray",0.07,100
4,4,3,"prevalence",0.3,"euclidean",0.07,100
4,4,3,"prevalence",0.3,"jaccard",0.08,100
4,4,3,"prevalence",0.3,"unifrac_unweighted",0.14,100
4,4,3,"prevalence",0.3,"unifrac_weighted_phyloseq",0.06,100
4,4,3,"prevalence",0.35,"GLaD_0.5_unweighted",0.37,100
4,4,3,"prevalence",0.35,"GLaD_0.5_weighted",0.02,100
4,4,3,"prevalence",0.35,"GLaD_1_unweighted",0.22,100
4,4,3,"prevalence",0.35,"GLaD_1_weighted",0.02,100
4,4,3,"prevalence",0.35,"GUniFrac",0.08,100
4,4,3,"prevalence",0.35,"aitchison",0.17,100
4,4,3,"prevalence",0.35,"bray",0.04,100
4,4,3,"prevalence",0.35,"euclidean",0.04,100
4,4,3,"prevalence",0.35,"jaccard",0.04,100
4,4,3,"prevalence",0.35,"unifrac_unweighted",0.28,100
4,4,3,"prevalence",0.35,"unifrac_weighted_phyloseq",0.04,100
4,4,3,"prevalence",0.4,"GLaD_0.5_unweighted",0.41,100
4,4,3,"prevalence",0.4,"GLaD_0.5_weighted",0.06,100
4,4,3,"prevalence",0.4,"GLaD_1_unweighted",0.23,100
4,4,3,"prevalence",0.4,"GLaD_1_weighted",0.05,100
4,4,3,"prevalence",0.4,"GUniFrac",0.08,100
4,4,3,"prevalence",0.4,"aitchison",0.24,100
4,4,3,"prevalence",0.4,"bray",0.1,100
4,4,3,"prevalence",0.4,"euclidean",0.07,100
4,4,3,"prevalence",0.4,"jaccard",0.1,100
4,4,3,"prevalence",0.4,"unifrac_unweighted",0.34,100
4,4,3,"prevalence",0.4,"unifrac_weighted_phyloseq",0.07,100
4,4,3,"prevalence",0.45,"GLaD_0.5_unweighted",0.67,100
4,4,3,"prevalence",0.45,"GLaD_0.5_weighted",0.08,100
4,4,3,"prevalence",0.45,"GLaD_1_unweighted",0.34,100
4,4,3,"prevalence",0.45,"GLaD_1_weighted",0.07,100
4,4,3,"prevalence",0.45,"GUniFrac",0.17,100
4,4,3,"prevalence",0.45,"aitchison",0.33,100
4,4,3,"prevalence",0.45,"bray",0.1,100
4,4,3,"prevalence",0.45,"euclidean",0.06,100
4,4,3,"prevalence",0.45,"jaccard",0.09,100
4,4,3,"prevalence",0.45,"unifrac_unweighted",0.48,100
4,4,3,"prevalence",0.45,"unifrac_weighted_phyloseq",0.11,100
4,4,3,"prevalence",0.5,"GLaD_0.5_unweighted",0.87,100
4,4,3,"prevalence",0.5,"GLaD_0.5_weighted",0.12,100
4,4,3,"prevalence",0.5,"GLaD_1_unweighted",0.41,100
4,4,3,"prevalence",0.5,"GLaD_1_weighted",0.1,100
4,4,3,"prevalence",0.5,"GUniFrac",0.19,100
4,4,3,"prevalence",0.5,"aitchison",0.42,100
4,4,3,"prevalence",0.5,"bray",0.12,100
4,4,3,"prevalence",0.5,"euclidean",0.06,100
4,4,3,"prevalence",0.5,"jaccard",0.11,100
4,4,3,"prevalence",0.5,"unifrac_unweighted",0.66,100
4,4,3,"prevalence",0.5,"unifrac_weighted_phyloseq",0.15,100
4,4,3,"prevalence",0.55,"GLaD_0.5_unweighted",0.86,100
4,4,3,"prevalence",0.55,"GLaD_0.5_weighted",0.06,100
4,4,3,"prevalence",0.55,"GLaD_1_unweighted",0.47,100
4,4,3,"prevalence",0.55,"GLaD_1_weighted",0.05,100
4,4,3,"prevalence",0.55,"GUniFrac",0.18,100
4,4,3,"prevalence",0.55,"aitchison",0.51,100
4,4,3,"prevalence",0.55,"bray",0.11,100
4,4,3,"prevalence",0.55,"euclidean",0.04,100
4,4,3,"prevalence",0.55,"jaccard",0.08,100
4,4,3,"prevalence",0.55,"unifrac_unweighted",0.71,100
4,4,3,"prevalence",0.55,"unifrac_weighted_phyloseq",0.09,100
4,4,3,"prevalence",0.6,"GLaD_0.5_unweighted",0.96,100
4,4,3,"prevalence",0.6,"GLaD_0.5_weighted",0.07,100
4,4,3,"prevalence",0.6,"GLaD_1_unweighted",0.62,100
4,4,3,"prevalence",0.6,"GLaD_1_weighted",0.06,100
4,4,3,"prevalence",0.6,"GUniFrac",0.21,100
4,4,3,"prevalence",0.6,"aitchison",0.68,100
4,4,3,"prevalence",0.6,"bray",0.08,100
4,4,3,"prevalence",0.6,"euclidean",0.04,100
4,4,3,"prevalence",0.6,"jaccard",0.09,100
4,4,3,"prevalence",0.6,"unifrac_unweighted",0.88,100
4,4,3,"prevalence",0.6,"unifrac_weighted_phyloseq",0.1,100
4,4,3,"prevalence",0.65,"GLaD_0.5_unweighted",0.99,100
4,4,3,"prevalence",0.65,"GLaD_0.5_weighted",0.09,100
4,4,3,"prevalence",0.65,"GLaD_1_unweighted",0.68,100
4,4,3,"prevalence",0.65,"GLaD_1_weighted",0.1,100
4,4,3,"prevalence",0.65,"GUniFrac",0.31,100
4,4,3,"prevalence",0.65,"aitchison",0.68,100
4,4,3,"prevalence",0.65,"bray",0.08,100
4,4,3,"prevalence",0.65,"euclidean",0.06,100
4,4,3,"prevalence",0.65,"jaccard",0.07,100
4,4,3,"prevalence",0.65,"unifrac_unweighted",0.97,100
4,4,3,"prevalence",0.65,"unifrac_weighted_phyloseq",0.14,100
4,4,3,"prevalence",0.7,"GLaD_0.5_unweighted",1,100
4,4,3,"prevalence",0.7,"GLaD_0.5_weighted",0.06,100
4,4,3,"prevalence",0.7,"GLaD_1_unweighted",0.73,100
4,4,3,"prevalence",0.7,"GLaD_1_weighted",0.07,100
4,4,3,"prevalence",0.7,"GUniFrac",0.27,100
4,4,3,"prevalence",0.7,"aitchison",0.93,100
4,4,3,"prevalence",0.7,"bray",0.1,100
4,4,3,"prevalence",0.7,"euclidean",0.05,100
4,4,3,"prevalence",0.7,"jaccard",0.1,100
4,4,3,"prevalence",0.7,"unifrac_unweighted",0.97,100
4,4,3,"prevalence",0.7,"unifrac_weighted_phyloseq",0.14,100
4,4,3,"prevalence",0.75,"GLaD_0.5_unweighted",1,100
4,4,3,"prevalence",0.75,"GLaD_0.5_weighted",0.02,100
4,4,3,"prevalence",0.75,"GLaD_1_unweighted",0.82,100
4,4,3,"prevalence",0.75,"GLaD_1_weighted",0.02,100
4,4,3,"prevalence",0.75,"GUniFrac",0.27,100
4,4,3,"prevalence",0.75,"aitchison",0.9,100
4,4,3,"prevalence",0.75,"bray",0.07,100
4,4,3,"prevalence",0.75,"euclidean",0.06,100
4,4,3,"prevalence",0.75,"jaccard",0.07,100
4,4,3,"prevalence",0.75,"unifrac_unweighted",1,100
4,4,3,"prevalence",0.75,"unifrac_weighted_phyloseq",0.05,100
4,4,3,"prevalence",0.8,"GLaD_0.5_unweighted",1,100
4,4,3,"prevalence",0.8,"GLaD_0.5_weighted",0.06,100
4,4,3,"prevalence",0.8,"GLaD_1_unweighted",0.89,100
4,4,3,"prevalence",0.8,"GLaD_1_weighted",0.04,100
4,4,3,"prevalence",0.8,"GUniFrac",0.39,100
4,4,3,"prevalence",0.8,"aitchison",0.98,100
4,4,3,"prevalence",0.8,"bray",0.05,100
4,4,3,"prevalence",0.8,"euclidean",0.02,100
4,4,3,"prevalence",0.8,"jaccard",0.04,100
4,4,3,"prevalence",0.8,"unifrac_unweighted",1,100
4,4,3,"prevalence",0.8,"unifrac_weighted_phyloseq",0.06,100
4,4,3,"prevalence",0.85,"GLaD_0.5_unweighted",1,100
4,4,3,"prevalence",0.85,"GLaD_0.5_weighted",0.07,100
4,4,3,"prevalence",0.85,"GLaD_1_unweighted",0.85,100
4,4,3,"prevalence",0.85,"GLaD_1_weighted",0.07,100
4,4,3,"prevalence",0.85,"GUniFrac",0.59,100
4,4,3,"prevalence",0.85,"aitchison",0.98,100
4,4,3,"prevalence",0.85,"bray",0.07,100
4,4,3,"prevalence",0.85,"euclidean",0.03,100
4,4,3,"prevalence",0.85,"jaccard",0.07,100
4,4,3,"prevalence",0.85,"unifrac_unweighted",1,100
4,4,3,"prevalence",0.85,"unifrac_weighted_phyloseq",0.16,100
4,4,3,"prevalence",0.9,"GLaD_0.5_unweighted",1,100
4,4,3,"prevalence",0.9,"GLaD_0.5_weighted",0.05,100
4,4,3,"prevalence",0.9,"GLaD_1_unweighted",0.91,100
4,4,3,"prevalence",0.9,"GLaD_1_weighted",0.04,100
4,4,3,"prevalence",0.9,"GUniFrac",0.63,100
4,4,3,"prevalence",0.9,"aitchison",0.99,100
4,4,3,"prevalence",0.9,"bray",0.15,100
4,4,3,"prevalence",0.9,"euclidean",0.09,100
4,4,3,"prevalence",0.9,"jaccard",0.18,100
4,4,3,"prevalence",0.9,"unifrac_unweighted",1,100
4,4,3,"prevalence",0.9,"unifrac_weighted_phyloseq",0.12,100
4,4,3,"prevalence",0.95,"GLaD_0.5_unweighted",1,100
4,4,3,"prevalence",0.95,"GLaD_0.5_weighted",0.13,100
4,4,3,"prevalence",0.95,"GLaD_1_unweighted",0.98,100
4,4,3,"prevalence",0.95,"GLaD_1_weighted",0.1,100
4,4,3,"prevalence",0.95,"GUniFrac",0.7,100
4,4,3,"prevalence",0.95,"aitchison",1,100
4,4,3,"prevalence",0.95,"bray",0.17,100
4,4,3,"prevalence",0.95,"euclidean",0.07,100
4,4,3,"prevalence",0.95,"jaccard",0.19,100
4,4,3,"prevalence",0.95,"unifrac_unweighted",1,100
4,4,3,"prevalence",0.95,"unifrac_weighted_phyloseq",0.23,100
4,4,3,"prevalence",1,"GLaD_0.5_unweighted",1,100
4,4,3,"prevalence",1,"GLaD_0.5_weighted",0.07,100
4,4,3,"prevalence",1,"GLaD_1_unweighted",0.98,100
4,4,3,"prevalence",1,"GLaD_1_weighted",0.06,100
4,4,3,"prevalence",1,"GUniFrac",0.77,100
4,4,3,"prevalence",1,"aitchison",1,100
4,4,3,"prevalence",1,"bray",0.21,100
4,4,3,"prevalence",1,"euclidean",0.07,100
4,4,3,"prevalence",1,"jaccard",0.2,100
4,4,3,"prevalence",1,"unifrac_unweighted",1,100
4,4,3,"prevalence",1,"unifrac_weighted_phyloseq",0.22,100
6,1,2,"abundance",0.05,"GLaD_0.5_unweighted",0.05,100
6,1,2,"abundance",0.05,"GLaD_0.5_weighted",0.05,100
6,1,2,"abundance",0.05,"GLaD_1_unweighted",0.06,100
6,1,2,"abundance",0.05,"GLaD_1_weighted",0.05,100
6,1,2,"abundance",0.05,"GUniFrac",0.09,100
6,1,2,"abundance",0.05,"aitchison",0.05,100
6,1,2,"abundance",0.05,"bray",0.09,100
6,1,2,"abundance",0.05,"euclidean",0.05,100
6,1,2,"abundance",0.05,"jaccard",0.07,100
6,1,2,"abundance",0.05,"unifrac_unweighted",0.01,100
6,1,2,"abundance",0.05,"unifrac_weighted_phyloseq",0.04,100
6,1,2,"abundance",0.1,"GLaD_0.5_unweighted",0.05,100
6,1,2,"abundance",0.1,"GLaD_0.5_weighted",0.04,100
6,1,2,"abundance",0.1,"GLaD_1_unweighted",0.03,100
6,1,2,"abundance",0.1,"GLaD_1_weighted",0.03,100
6,1,2,"abundance",0.1,"GUniFrac",0.01,100
6,1,2,"abundance",0.1,"aitchison",0.06,100
6,1,2,"abundance",0.1,"bray",0.03,100
6,1,2,"abundance",0.1,"euclidean",0.04,100
6,1,2,"abundance",0.1,"jaccard",0.02,100
6,1,2,"abundance",0.1,"unifrac_unweighted",0.05,100
6,1,2,"abundance",0.1,"unifrac_weighted_phyloseq",0.03,100
6,1,2,"abundance",0.15,"GLaD_0.5_unweighted",0.06,100
6,1,2,"abundance",0.15,"GLaD_0.5_weighted",0.14,100
6,1,2,"abundance",0.15,"GLaD_1_unweighted",0.07,100
6,1,2,"abundance",0.15,"GLaD_1_weighted",0.13,100
6,1,2,"abundance",0.15,"GUniFrac",0.1,100
6,1,2,"abundance",0.15,"aitchison",0.01,100
6,1,2,"abundance",0.15,"bray",0.05,100
6,1,2,"abundance",0.15,"euclidean",0.09,100
6,1,2,"abundance",0.15,"jaccard",0.05,100
6,1,2,"abundance",0.15,"unifrac_unweighted",0.02,100
6,1,2,"abundance",0.15,"unifrac_weighted_phyloseq",0.12,100
6,1,2,"abundance",0.2,"GLaD_0.5_unweighted",0.05,100
6,1,2,"abundance",0.2,"GLaD_0.5_weighted",0.08,100
6,1,2,"abundance",0.2,"GLaD_1_unweighted",0.07,100
6,1,2,"abundance",0.2,"GLaD_1_weighted",0.1,100
6,1,2,"abundance",0.2,"GUniFrac",0.12,100
6,1,2,"abundance",0.2,"aitchison",0.06,100
6,1,2,"abundance",0.2,"bray",0.08,100
6,1,2,"abundance",0.2,"euclidean",0.06,100
6,1,2,"abundance",0.2,"jaccard",0.1,100
6,1,2,"abundance",0.2,"unifrac_unweighted",0.05,100
6,1,2,"abundance",0.2,"unifrac_weighted_phyloseq",0.09,100
6,1,2,"abundance",0.25,"GLaD_0.5_unweighted",0.07,100
6,1,2,"abundance",0.25,"GLaD_0.5_weighted",0.1,100
6,1,2,"abundance",0.25,"GLaD_1_unweighted",0.02,100
6,1,2,"abundance",0.25,"GLaD_1_weighted",0.09,100
6,1,2,"abundance",0.25,"GUniFrac",0.12,100
6,1,2,"abundance",0.25,"aitchison",0.04,100
6,1,2,"abundance",0.25,"bray",0.13,100
6,1,2,"abundance",0.25,"euclidean",0.09,100
6,1,2,"abundance",0.25,"jaccard",0.12,100
6,1,2,"abundance",0.25,"unifrac_unweighted",0.06,100
6,1,2,"abundance",0.25,"unifrac_weighted_phyloseq",0.1,100
6,1,2,"abundance",0.3,"GLaD_0.5_unweighted",0.09,100
6,1,2,"abundance",0.3,"GLaD_0.5_weighted",0.09,100
6,1,2,"abundance",0.3,"GLaD_1_unweighted",0.05,100
6,1,2,"abundance",0.3,"GLaD_1_weighted",0.12,100
6,1,2,"abundance",0.3,"GUniFrac",0.16,100
6,1,2,"abundance",0.3,"aitchison",0.08,100
6,1,2,"abundance",0.3,"bray",0.06,100
6,1,2,"abundance",0.3,"euclidean",0.07,100
6,1,2,"abundance",0.3,"jaccard",0.06,100
6,1,2,"abundance",0.3,"unifrac_unweighted",0.07,100
6,1,2,"abundance",0.3,"unifrac_weighted_phyloseq",0.12,100
6,1,2,"abundance",0.35,"GLaD_0.5_unweighted",0.05,100
6,1,2,"abundance",0.35,"GLaD_0.5_weighted",0.17,100
6,1,2,"abundance",0.35,"GLaD_1_unweighted",0.04,100
6,1,2,"abundance",0.35,"GLaD_1_weighted",0.18,100
6,1,2,"abundance",0.35,"GUniFrac",0.29,100
6,1,2,"abundance",0.35,"aitchison",0.04,100
6,1,2,"abundance",0.35,"bray",0.22,100
6,1,2,"abundance",0.35,"euclidean",0.07,100
6,1,2,"abundance",0.35,"jaccard",0.21,100
6,1,2,"abundance",0.35,"unifrac_unweighted",0.04,100
6,1,2,"abundance",0.35,"unifrac_weighted_phyloseq",0.29,100
6,1,2,"abundance",0.4,"GLaD_0.5_unweighted",0.05,100
6,1,2,"abundance",0.4,"GLaD_0.5_weighted",0.23,100
6,1,2,"abundance",0.4,"GLaD_1_unweighted",0.05,100
6,1,2,"abundance",0.4,"GLaD_1_weighted",0.18,100
6,1,2,"abundance",0.4,"GUniFrac",0.46,100
6,1,2,"abundance",0.4,"aitchison",0.05,100
6,1,2,"abundance",0.4,"bray",0.21,100
6,1,2,"abundance",0.4,"euclidean",0.14,100
6,1,2,"abundance",0.4,"jaccard",0.22,100
6,1,2,"abundance",0.4,"unifrac_unweighted",0.03,100
6,1,2,"abundance",0.4,"unifrac_weighted_phyloseq",0.36,100
6,1,2,"abundance",0.45,"GLaD_0.5_unweighted",0.07,100
6,1,2,"abundance",0.45,"GLaD_0.5_weighted",0.3,100
6,1,2,"abundance",0.45,"GLaD_1_unweighted",0.08,100
6,1,2,"abundance",0.45,"GLaD_1_weighted",0.25,100
6,1,2,"abundance",0.45,"GUniFrac",0.47,100
6,1,2,"abundance",0.45,"aitchison",0.09,100
6,1,2,"abundance",0.45,"bray",0.27,100
6,1,2,"abundance",0.45,"euclidean",0.22,100
6,1,2,"abundance",0.45,"jaccard",0.27,100
6,1,2,"abundance",0.45,"unifrac_unweighted",0.06,100
6,1,2,"abundance",0.45,"unifrac_weighted_phyloseq",0.44,100
6,1,2,"abundance",0.5,"GLaD_0.5_unweighted",0.05,100
6,1,2,"abundance",0.5,"GLaD_0.5_weighted",0.32,100
6,1,2,"abundance",0.5,"GLaD_1_unweighted",0.03,100
6,1,2,"abundance",0.5,"GLaD_1_weighted",0.26,100
6,1,2,"abundance",0.5,"GUniFrac",0.63,100
6,1,2,"abundance",0.5,"aitchison",0.08,100
6,1,2,"abundance",0.5,"bray",0.48,100
6,1,2,"abundance",0.5,"euclidean",0.22,100
6,1,2,"abundance",0.5,"jaccard",0.47,100
6,1,2,"abundance",0.5,"unifrac_unweighted",0.03,100
6,1,2,"abundance",0.5,"unifrac_weighted_phyloseq",0.46,100
6,1,2,"abundance",0.55,"GLaD_0.5_unweighted",0.07,100
6,1,2,"abundance",0.55,"GLaD_0.5_weighted",0.34,100
6,1,2,"abundance",0.55,"GLaD_1_unweighted",0.07,100
6,1,2,"abundance",0.55,"GLaD_1_weighted",0.29,100
6,1,2,"abundance",0.55,"GUniFrac",0.65,100
6,1,2,"abundance",0.55,"aitchison",0.09,100
6,1,2,"abundance",0.55,"bray",0.51,100
6,1,2,"abundance",0.55,"euclidean",0.23,100
6,1,2,"abundance",0.55,"jaccard",0.5,100
6,1,2,"abundance",0.55,"unifrac_unweighted",0.04,100
6,1,2,"abundance",0.55,"unifrac_weighted_phyloseq",0.52,100
6,1,2,"abundance",0.6,"GLaD_0.5_unweighted",0.1,100
6,1,2,"abundance",0.6,"GLaD_0.5_weighted",0.49,100
6,1,2,"abundance",0.6,"GLaD_1_unweighted",0.05,100
6,1,2,"abundance",0.6,"GLaD_1_weighted",0.39,100
6,1,2,"abundance",0.6,"GUniFrac",0.86,100
6,1,2,"abundance",0.6,"aitchison",0.1,100
6,1,2,"abundance",0.6,"bray",0.65,100
6,1,2,"abundance",0.6,"euclidean",0.36,100
6,1,2,"abundance",0.6,"jaccard",0.64,100
6,1,2,"abundance",0.6,"unifrac_unweighted",0.06,100
6,1,2,"abundance",0.6,"unifrac_weighted_phyloseq",0.72,100
6,1,2,"abundance",0.65,"GLaD_0.5_unweighted",0.02,100
6,1,2,"abundance",0.65,"GLaD_0.5_weighted",0.58,100
6,1,2,"abundance",0.65,"GLaD_1_unweighted",0.04,100
6,1,2,"abundance",0.65,"GLaD_1_weighted",0.54,100
6,1,2,"abundance",0.65,"GUniFrac",0.92,100
6,1,2,"abundance",0.65,"aitchison",0.12,100
6,1,2,"abundance",0.65,"bray",0.64,100
6,1,2,"abundance",0.65,"euclidean",0.4,100
6,1,2,"abundance",0.65,"jaccard",0.64,100
6,1,2,"abundance",0.65,"unifrac_unweighted",0.03,100
6,1,2,"abundance",0.65,"unifrac_weighted_phyloseq",0.83,100
6,1,2,"abundance",0.7,"GLaD_0.5_unweighted",0.04,100
6,1,2,"abundance",0.7,"GLaD_0.5_weighted",0.69,100
6,1,2,"abundance",0.7,"GLaD_1_unweighted",0.05,100
6,1,2,"abundance",0.7,"GLaD_1_weighted",0.6,100
6,1,2,"abundance",0.7,"GUniFrac",0.97,100
6,1,2,"abundance",0.7,"aitchison",0.09,100
6,1,2,"abundance",0.7,"bray",0.79,100
6,1,2,"abundance",0.7,"euclidean",0.48,100
6,1,2,"abundance",0.7,"jaccard",0.77,100
6,1,2,"abundance",0.7,"unifrac_unweighted",0.05,100
6,1,2,"abundance",0.7,"unifrac_weighted_phyloseq",0.91,100
6,1,2,"abundance",0.75,"GLaD_0.5_unweighted",0.05,100
6,1,2,"abundance",0.75,"GLaD_0.5_weighted",0.7,100
6,1,2,"abundance",0.75,"GLaD_1_unweighted",0.05,100
6,1,2,"abundance",0.75,"GLaD_1_weighted",0.6,100
6,1,2,"abundance",0.75,"GUniFrac",0.97,100
6,1,2,"abundance",0.75,"aitchison",0.14,100
6,1,2,"abundance",0.75,"bray",0.87,100
6,1,2,"abundance",0.75,"euclidean",0.5,100
6,1,2,"abundance",0.75,"jaccard",0.85,100
6,1,2,"abundance",0.75,"unifrac_unweighted",0.09,100
6,1,2,"abundance",0.75,"unifrac_weighted_phyloseq",0.93,100
6,1,2,"abundance",0.8,"GLaD_0.5_unweighted",0.04,100
6,1,2,"abundance",0.8,"GLaD_0.5_weighted",0.86,100
6,1,2,"abundance",0.8,"GLaD_1_unweighted",0.06,100
6,1,2,"abundance",0.8,"GLaD_1_weighted",0.71,100
6,1,2,"abundance",0.8,"GUniFrac",0.98,100
6,1,2,"abundance",0.8,"aitchison",0.13,100
6,1,2,"abundance",0.8,"bray",0.91,100
6,1,2,"abundance",0.8,"euclidean",0.63,100
6,1,2,"abundance",0.8,"jaccard",0.91,100
6,1,2,"abundance",0.8,"unifrac_unweighted",0.05,100
6,1,2,"abundance",0.8,"unifrac_weighted_phyloseq",0.96,100
6,1,2,"abundance",0.85,"GLaD_0.5_unweighted",0.02,100
6,1,2,"abundance",0.85,"GLaD_0.5_weighted",0.86,100
6,1,2,"abundance",0.85,"GLaD_1_unweighted",0.07,100
6,1,2,"abundance",0.85,"GLaD_1_weighted",0.77,100
6,1,2,"abundance",0.85,"GUniFrac",1,100
6,1,2,"abundance",0.85,"aitchison",0.17,100
6,1,2,"abundance",0.85,"bray",0.97,100
6,1,2,"abundance",0.85,"euclidean",0.7,100
6,1,2,"abundance",0.85,"jaccard",0.97,100
6,1,2,"abundance",0.85,"unifrac_unweighted",0.06,100
6,1,2,"abundance",0.85,"unifrac_weighted_phyloseq",0.99,100
6,1,2,"abundance",0.9,"GLaD_0.5_unweighted",0.06,100
6,1,2,"abundance",0.9,"GLaD_0.5_weighted",0.96,100
6,1,2,"abundance",0.9,"GLaD_1_unweighted",0.09,100
6,1,2,"abundance",0.9,"GLaD_1_weighted",0.89,100
6,1,2,"abundance",0.9,"GUniFrac",1,100
6,1,2,"abundance",0.9,"aitchison",0.19,100
6,1,2,"abundance",0.9,"bray",0.98,100
6,1,2,"abundance",0.9,"euclidean",0.85,100
6,1,2,"abundance",0.9,"jaccard",0.98,100
6,1,2,"abundance",0.9,"unifrac_unweighted",0.1,100
6,1,2,"abundance",0.9,"unifrac_weighted_phyloseq",1,100
6,1,2,"abundance",0.95,"GLaD_0.5_unweighted",0.05,100
6,1,2,"abundance",0.95,"GLaD_0.5_weighted",0.93,100
6,1,2,"abundance",0.95,"GLaD_1_unweighted",0.05,100
6,1,2,"abundance",0.95,"GLaD_1_weighted",0.82,100
6,1,2,"abundance",0.95,"GUniFrac",1,100
6,1,2,"abundance",0.95,"aitchison",0.12,100
6,1,2,"abundance",0.95,"bray",0.99,100
6,1,2,"abundance",0.95,"euclidean",0.79,100
6,1,2,"abundance",0.95,"jaccard",0.99,100
6,1,2,"abundance",0.95,"unifrac_unweighted",0.07,100
6,1,2,"abundance",0.95,"unifrac_weighted_phyloseq",1,100
6,1,2,"abundance",1,"GLaD_0.5_unweighted",0.1,100
6,1,2,"abundance",1,"GLaD_0.5_weighted",0.98,100
6,1,2,"abundance",1,"GLaD_1_unweighted",0.07,100
6,1,2,"abundance",1,"GLaD_1_weighted",0.92,100
6,1,2,"abundance",1,"GUniFrac",1,100
6,1,2,"abundance",1,"aitchison",0.2,100
6,1,2,"abundance",1,"bray",0.99,100
6,1,2,"abundance",1,"euclidean",0.86,100
6,1,2,"abundance",1,"jaccard",0.99,100
6,1,2,"abundance",1,"unifrac_unweighted",0.08,100
6,1,2,"abundance",1,"unifrac_weighted_phyloseq",1,100
6,1,2,"both",0.05,"GLaD_0.5_unweighted",0.04,100
6,1,2,"both",0.05,"GLaD_0.5_weighted",0.02,100
6,1,2,"both",0.05,"GLaD_1_unweighted",0.04,100
6,1,2,"both",0.05,"GLaD_1_weighted",0.01,100
6,1,2,"both",0.05,"GUniFrac",0.07,100
6,1,2,"both",0.05,"aitchison",0.05,100
6,1,2,"both",0.05,"bray",0.07,100
6,1,2,"both",0.05,"euclidean",0.05,100
6,1,2,"both",0.05,"jaccard",0.07,100
6,1,2,"both",0.05,"unifrac_unweighted",0.04,100
6,1,2,"both",0.05,"unifrac_weighted_phyloseq",0.06,100
6,1,2,"both",0.1,"GLaD_0.5_unweighted",0.07,100
6,1,2,"both",0.1,"GLaD_0.5_weighted",0.07,100
6,1,2,"both",0.1,"GLaD_1_unweighted",0.03,100
6,1,2,"both",0.1,"GLaD_1_weighted",0.1,100
6,1,2,"both",0.1,"GUniFrac",0.05,100
6,1,2,"both",0.1,"aitchison",0.05,100
6,1,2,"both",0.1,"bray",0.06,100
6,1,2,"both",0.1,"euclidean",0.06,100
6,1,2,"both",0.1,"jaccard",0.05,100
6,1,2,"both",0.1,"unifrac_unweighted",0.07,100
6,1,2,"both",0.1,"unifrac_weighted_phyloseq",0.07,100
6,1,2,"both",0.15,"GLaD_0.5_unweighted",0.06,100
6,1,2,"both",0.15,"GLaD_0.5_weighted",0.11,100
6,1,2,"both",0.15,"GLaD_1_unweighted",0.08,100
6,1,2,"both",0.15,"GLaD_1_weighted",0.11,100
6,1,2,"both",0.15,"GUniFrac",0.11,100
6,1,2,"both",0.15,"aitchison",0.05,100
6,1,2,"both",0.15,"bray",0.06,100
6,1,2,"both",0.15,"euclidean",0.05,100
6,1,2,"both",0.15,"jaccard",0.06,100
6,1,2,"both",0.15,"unifrac_unweighted",0.05,100
6,1,2,"both",0.15,"unifrac_weighted_phyloseq",0.13,100
6,1,2,"both",0.2,"GLaD_0.5_unweighted",0.14,100
6,1,2,"both",0.2,"GLaD_0.5_weighted",0.11,100
6,1,2,"both",0.2,"GLaD_1_unweighted",0.05,100
6,1,2,"both",0.2,"GLaD_1_weighted",0.13,100
6,1,2,"both",0.2,"GUniFrac",0.14,100
6,1,2,"both",0.2,"aitchison",0.12,100
6,1,2,"both",0.2,"bray",0.09,100
6,1,2,"both",0.2,"euclidean",0.06,100
6,1,2,"both",0.2,"jaccard",0.06,100
6,1,2,"both",0.2,"unifrac_unweighted",0.09,100
6,1,2,"both",0.2,"unifrac_weighted_phyloseq",0.14,100
6,1,2,"both",0.25,"GLaD_0.5_unweighted",0.16,100
6,1,2,"both",0.25,"GLaD_0.5_weighted",0.15,100
6,1,2,"both",0.25,"GLaD_1_unweighted",0.09,100
6,1,2,"both",0.25,"GLaD_1_weighted",0.15,100
6,1,2,"both",0.25,"GUniFrac",0.31,100
6,1,2,"both",0.25,"aitchison",0.15,100
6,1,2,"both",0.25,"bray",0.14,100
6,1,2,"both",0.25,"euclidean",0.03,100
6,1,2,"both",0.25,"jaccard",0.14,100
6,1,2,"both",0.25,"unifrac_unweighted",0.13,100
6,1,2,"both",0.25,"unifrac_weighted_phyloseq",0.26,100
6,1,2,"both",0.3,"GLaD_0.5_unweighted",0.15,100
6,1,2,"both",0.3,"GLaD_0.5_weighted",0.16,100
6,1,2,"both",0.3,"GLaD_1_unweighted",0.11,100
6,1,2,"both",0.3,"GLaD_1_weighted",0.15,100
6,1,2,"both",0.3,"GUniFrac",0.37,100
6,1,2,"both",0.3,"aitchison",0.17,100
6,1,2,"both",0.3,"bray",0.16,100
6,1,2,"both",0.3,"euclidean",0.1,100
6,1,2,"both",0.3,"jaccard",0.18,100
6,1,2,"both",0.3,"unifrac_unweighted",0.12,100
6,1,2,"both",0.3,"unifrac_weighted_phyloseq",0.26,100
6,1,2,"both",0.35,"GLaD_0.5_unweighted",0.29,100
6,1,2,"both",0.35,"GLaD_0.5_weighted",0.19,100
6,1,2,"both",0.35,"GLaD_1_unweighted",0.16,100
6,1,2,"both",0.35,"GLaD_1_weighted",0.15,100
6,1,2,"both",0.35,"GUniFrac",0.47,100
6,1,2,"both",0.35,"aitchison",0.31,100
6,1,2,"both",0.35,"bray",0.29,100
6,1,2,"both",0.35,"euclidean",0.12,100
6,1,2,"both",0.35,"jaccard",0.27,100
6,1,2,"both",0.35,"unifrac_unweighted",0.23,100
6,1,2,"both",0.35,"unifrac_weighted_phyloseq",0.37,100
6,1,2,"both",0.4,"GLaD_0.5_unweighted",0.39,100
6,1,2,"both",0.4,"GLaD_0.5_weighted",0.31,100
6,1,2,"both",0.4,"GLaD_1_unweighted",0.18,100
6,1,2,"both",0.4,"GLaD_1_weighted",0.28,100
6,1,2,"both",0.4,"GUniFrac",0.77,100
6,1,2,"both",0.4,"aitchison",0.45,100
6,1,2,"both",0.4,"bray",0.35,100
6,1,2,"both",0.4,"euclidean",0.17,100
6,1,2,"both",0.4,"jaccard",0.32,100
6,1,2,"both",0.4,"unifrac_unweighted",0.28,100
6,1,2,"both",0.4,"unifrac_weighted_phyloseq",0.5,100
6,1,2,"both",0.45,"GLaD_0.5_unweighted",0.59,100
6,1,2,"both",0.45,"GLaD_0.5_weighted",0.48,100
6,1,2,"both",0.45,"GLaD_1_unweighted",0.19,100
6,1,2,"both",0.45,"GLaD_1_weighted",0.4,100
6,1,2,"both",0.45,"GUniFrac",0.8,100
6,1,2,"both",0.45,"aitchison",0.69,100
6,1,2,"both",0.45,"bray",0.46,100
6,1,2,"both",0.45,"euclidean",0.15,100
6,1,2,"both",0.45,"jaccard",0.41,100
6,1,2,"both",0.45,"unifrac_unweighted",0.38,100
6,1,2,"both",0.45,"unifrac_weighted_phyloseq",0.65,100
6,1,2,"both",0.5,"GLaD_0.5_unweighted",0.63,100
6,1,2,"both",0.5,"GLaD_0.5_weighted",0.58,100
6,1,2,"both",0.5,"GLaD_1_unweighted",0.19,100
6,1,2,"both",0.5,"GLaD_1_weighted",0.43,100
6,1,2,"both",0.5,"GUniFrac",0.91,100
6,1,2,"both",0.5,"aitchison",0.69,100
6,1,2,"both",0.5,"bray",0.54,100
6,1,2,"both",0.5,"euclidean",0.26,100
6,1,2,"both",0.5,"jaccard",0.53,100
6,1,2,"both",0.5,"unifrac_unweighted",0.47,100
6,1,2,"both",0.5,"unifrac_weighted_phyloseq",0.84,100
6,1,2,"both",0.55,"GLaD_0.5_unweighted",0.78,100
6,1,2,"both",0.55,"GLaD_0.5_weighted",0.6,100
6,1,2,"both",0.55,"GLaD_1_unweighted",0.31,100
6,1,2,"both",0.55,"GLaD_1_weighted",0.53,100
6,1,2,"both",0.55,"GUniFrac",0.98,100
6,1,2,"both",0.55,"aitchison",0.83,100
6,1,2,"both",0.55,"bray",0.65,100
6,1,2,"both",0.55,"euclidean",0.31,100
6,1,2,"both",0.55,"jaccard",0.59,100
6,1,2,"both",0.55,"unifrac_unweighted",0.64,100
6,1,2,"both",0.55,"unifrac_weighted_phyloseq",0.82,100
6,1,2,"both",0.6,"GLaD_0.5_unweighted",0.87,100
6,1,2,"both",0.6,"GLaD_0.5_weighted",0.78,100
6,1,2,"both",0.6,"GLaD_1_unweighted",0.31,100
6,1,2,"both",0.6,"GLaD_1_weighted",0.67,100
6,1,2,"both",0.6,"GUniFrac",0.99,100
6,1,2,"both",0.6,"aitchison",0.89,100
6,1,2,"both",0.6,"bray",0.78,100
6,1,2,"both",0.6,"euclidean",0.5,100
6,1,2,"both",0.6,"jaccard",0.77,100
6,1,2,"both",0.6,"unifrac_unweighted",0.74,100
6,1,2,"both",0.6,"unifrac_weighted_phyloseq",0.93,100
6,1,2,"both",0.65,"GLaD_0.5_unweighted",0.97,100
6,1,2,"both",0.65,"GLaD_0.5_weighted",0.85,100
6,1,2,"both",0.65,"GLaD_1_unweighted",0.38,100
6,1,2,"both",0.65,"GLaD_1_weighted",0.69,100
6,1,2,"both",0.65,"GUniFrac",1,100
6,1,2,"both",0.65,"aitchison",0.97,100
6,1,2,"both",0.65,"bray",0.9,100
6,1,2,"both",0.65,"euclidean",0.61,100
6,1,2,"both",0.65,"jaccard",0.91,100
6,1,2,"both",0.65,"unifrac_unweighted",0.88,100
6,1,2,"both",0.65,"unifrac_weighted_phyloseq",0.97,100
6,1,2,"both",0.7,"GLaD_0.5_unweighted",0.99,100
6,1,2,"both",0.7,"GLaD_0.5_weighted",0.92,100
6,1,2,"both",0.7,"GLaD_1_unweighted",0.48,100
6,1,2,"both",0.7,"GLaD_1_weighted",0.82,100
6,1,2,"both",0.7,"GUniFrac",1,100
6,1,2,"both",0.7,"aitchison",1,100
6,1,2,"both",0.7,"bray",0.95,100
6,1,2,"both",0.7,"euclidean",0.61,100
6,1,2,"both",0.7,"jaccard",0.95,100
6,1,2,"both",0.7,"unifrac_unweighted",0.92,100
6,1,2,"both",0.7,"unifrac_weighted_phyloseq",0.99,100
6,1,2,"both",0.75,"GLaD_0.5_unweighted",1,100
6,1,2,"both",0.75,"GLaD_0.5_weighted",0.92,100
6,1,2,"both",0.75,"GLaD_1_unweighted",0.52,100
6,1,2,"both",0.75,"GLaD_1_weighted",0.82,100
6,1,2,"both",0.75,"GUniFrac",1,100
6,1,2,"both",0.75,"aitchison",0.99,100
6,1,2,"both",0.75,"bray",0.99,100
6,1,2,"both",0.75,"euclidean",0.56,100
6,1,2,"both",0.75,"jaccard",0.96,100
6,1,2,"both",0.75,"unifrac_unweighted",0.97,100
6,1,2,"both",0.75,"unifrac_weighted_phyloseq",1,100
6,1,2,"both",0.8,"GLaD_0.5_unweighted",1,100
6,1,2,"both",0.8,"GLaD_0.5_weighted",0.98,100
6,1,2,"both",0.8,"GLaD_1_unweighted",0.51,100
6,1,2,"both",0.8,"GLaD_1_weighted",0.91,100
6,1,2,"both",0.8,"GUniFrac",1,100
6,1,2,"both",0.8,"aitchison",1,100
6,1,2,"both",0.8,"bray",0.99,100
6,1,2,"both",0.8,"euclidean",0.65,100
6,1,2,"both",0.8,"jaccard",0.99,100
6,1,2,"both",0.8,"unifrac_unweighted",1,100
6,1,2,"both",0.8,"unifrac_weighted_phyloseq",1,100
6,1,2,"both",0.85,"GLaD_0.5_unweighted",1,100
6,1,2,"both",0.85,"GLaD_0.5_weighted",0.97,100
6,1,2,"both",0.85,"GLaD_1_unweighted",0.61,100
6,1,2,"both",0.85,"GLaD_1_weighted",0.92,100
6,1,2,"both",0.85,"GUniFrac",1,100
6,1,2,"both",0.85,"aitchison",1,100
6,1,2,"both",0.85,"bray",0.98,100
6,1,2,"both",0.85,"euclidean",0.77,100
6,1,2,"both",0.85,"jaccard",0.98,100
6,1,2,"both",0.85,"unifrac_unweighted",1,100
6,1,2,"both",0.85,"unifrac_weighted_phyloseq",1,100
6,1,2,"both",0.9,"GLaD_0.5_unweighted",1,100
6,1,2,"both",0.9,"GLaD_0.5_weighted",0.99,100
6,1,2,"both",0.9,"GLaD_1_unweighted",0.75,100
6,1,2,"both",0.9,"GLaD_1_weighted",0.98,100
6,1,2,"both",0.9,"GUniFrac",1,100
6,1,2,"both",0.9,"aitchison",1,100
6,1,2,"both",0.9,"bray",1,100
6,1,2,"both",0.9,"euclidean",0.9,100
6,1,2,"both",0.9,"jaccard",1,100
6,1,2,"both",0.9,"unifrac_unweighted",1,100
6,1,2,"both",0.9,"unifrac_weighted_phyloseq",1,100
6,1,2,"both",0.95,"GLaD_0.5_unweighted",1,100
6,1,2,"both",0.95,"GLaD_0.5_weighted",1,100
6,1,2,"both",0.95,"GLaD_1_unweighted",0.74,100
6,1,2,"both",0.95,"GLaD_1_weighted",0.98,100
6,1,2,"both",0.95,"GUniFrac",1,100
6,1,2,"both",0.95,"aitchison",1,100
6,1,2,"both",0.95,"bray",1,100
6,1,2,"both",0.95,"euclidean",0.84,100
6,1,2,"both",0.95,"jaccard",1,100
6,1,2,"both",0.95,"unifrac_unweighted",1,100
6,1,2,"both",0.95,"unifrac_weighted_phyloseq",1,100
6,1,2,"both",1,"GLaD_0.5_unweighted",1,100
6,1,2,"both",1,"GLaD_0.5_weighted",1,100
6,1,2,"both",1,"GLaD_1_unweighted",0.74,100
6,1,2,"both",1,"GLaD_1_weighted",0.98,100
6,1,2,"both",1,"GUniFrac",1,100
6,1,2,"both",1,"aitchison",1,100
6,1,2,"both",1,"bray",1,100
6,1,2,"both",1,"euclidean",0.89,100
6,1,2,"both",1,"jaccard",1,100
6,1,2,"both",1,"unifrac_unweighted",1,100
6,1,2,"both",1,"unifrac_weighted_phyloseq",1,100
6,1,2,"prevalence",0.05,"GLaD_0.5_unweighted",0.07,100
6,1,2,"prevalence",0.05,"GLaD_0.5_weighted",0.05,100
6,1,2,"prevalence",0.05,"GLaD_1_unweighted",0.06,100
6,1,2,"prevalence",0.05,"GLaD_1_weighted",0.08,100
6,1,2,"prevalence",0.05,"GUniFrac",0.06,100
6,1,2,"prevalence",0.05,"aitchison",0.08,100
6,1,2,"prevalence",0.05,"bray",0.04,100
6,1,2,"prevalence",0.05,"euclidean",0.07,100
6,1,2,"prevalence",0.05,"jaccard",0.04,100
6,1,2,"prevalence",0.05,"unifrac_unweighted",0.06,100
6,1,2,"prevalence",0.05,"unifrac_weighted_phyloseq",0.05,100
6,1,2,"prevalence",0.1,"GLaD_0.5_unweighted",0.03,100
6,1,2,"prevalence",0.1,"GLaD_0.5_weighted",0.04,100
6,1,2,"prevalence",0.1,"GLaD_1_unweighted",0.07,100
6,1,2,"prevalence",0.1,"GLaD_1_weighted",0.04,100
6,1,2,"prevalence",0.1,"GUniFrac",0.06,100
6,1,2,"prevalence",0.1,"aitchison",0.01,100
6,1,2,"prevalence",0.1,"bray",0.03,100
6,1,2,"prevalence",0.1,"euclidean",0.06,100
6,1,2,"prevalence",0.1,"jaccard",0.04,100
6,1,2,"prevalence",0.1,"unifrac_unweighted",0.02,100
6,1,2,"prevalence",0.1,"unifrac_weighted_phyloseq",0.04,100
6,1,2,"prevalence",0.15,"GLaD_0.5_unweighted",0.12,100
6,1,2,"prevalence",0.15,"GLaD_0.5_weighted",0.06,100
6,1,2,"prevalence",0.15,"GLaD_1_unweighted",0.09,100
6,1,2,"prevalence",0.15,"GLaD_1_weighted",0.05,100
6,1,2,"prevalence",0.15,"GUniFrac",0.08,100
6,1,2,"prevalence",0.15,"aitchison",0.07,100
6,1,2,"prevalence",0.15,"bray",0.09,100
6,1,2,"prevalence",0.15,"euclidean",0.09,100
6,1,2,"prevalence",0.15,"jaccard",0.09,100
6,1,2,"prevalence",0.15,"unifrac_unweighted",0.08,100
6,1,2,"prevalence",0.15,"unifrac_weighted_phyloseq",0.09,100
6,1,2,"prevalence",0.2,"GLaD_0.5_unweighted",0.03,100
6,1,2,"prevalence",0.2,"GLaD_0.5_weighted",0.06,100
6,1,2,"prevalence",0.2,"GLaD_1_unweighted",0.07,100
6,1,2,"prevalence",0.2,"GLaD_1_weighted",0.05,100
6,1,2,"prevalence",0.2,"GUniFrac",0.04,100
6,1,2,"prevalence",0.2,"aitchison",0.04,100
6,1,2,"prevalence",0.2,"bray",0.09,100
6,1,2,"prevalence",0.2,"euclidean",0.07,100
6,1,2,"prevalence",0.2,"jaccard",0.11,100
6,1,2,"prevalence",0.2,"unifrac_unweighted",0.04,100
6,1,2,"prevalence",0.2,"unifrac_weighted_phyloseq",0.04,100
6,1,2,"prevalence",0.25,"GLaD_0.5_unweighted",0.18,100
6,1,2,"prevalence",0.25,"GLaD_0.5_weighted",0.08,100
6,1,2,"prevalence",0.25,"GLaD_1_unweighted",0.06,100
6,1,2,"prevalence",0.25,"GLaD_1_weighted",0.04,100
6,1,2,"prevalence",0.25,"GUniFrac",0.09,100
6,1,2,"prevalence",0.25,"aitchison",0.13,100
6,1,2,"prevalence",0.25,"bray",0.06,100
6,1,2,"prevalence",0.25,"euclidean",0.06,100
6,1,2,"prevalence",0.25,"jaccard",0.06,100
6,1,2,"prevalence",0.25,"unifrac_unweighted",0.12,100
6,1,2,"prevalence",0.25,"unifrac_weighted_phyloseq",0.08,100
6,1,2,"prevalence",0.3,"GLaD_0.5_unweighted",0.24,100
6,1,2,"prevalence",0.3,"GLaD_0.5_weighted",0.03,100
6,1,2,"prevalence",0.3,"GLaD_1_unweighted",0.09,100
6,1,2,"prevalence",0.3,"GLaD_1_weighted",0.04,100
6,1,2,"prevalence",0.3,"GUniFrac",0.05,100
6,1,2,"prevalence",0.3,"aitchison",0.15,100
6,1,2,"prevalence",0.3,"bray",0.02,100
6,1,2,"prevalence",0.3,"euclidean",0.03,100
6,1,2,"prevalence",0.3,"jaccard",0.02,100
6,1,2,"prevalence",0.3,"unifrac_unweighted",0.13,100
6,1,2,"prevalence",0.3,"unifrac_weighted_phyloseq",0.03,100
6,1,2,"prevalence",0.35,"GLaD_0.5_unweighted",0.31,100
6,1,2,"prevalence",0.35,"GLaD_0.5_weighted",0.1,100
6,1,2,"prevalence",0.35,"GLaD_1_unweighted",0.13,100
6,1,2,"prevalence",0.35,"GLaD_1_weighted",0.08,100
6,1,2,"prevalence",0.35,"GUniFrac",0.07,100
6,1,2,"prevalence",0.35,"aitchison",0.13,100
6,1,2,"prevalence",0.35,"bray",0.06,100
6,1,2,"prevalence",0.35,"euclidean",0.07,100
6,1,2,"prevalence",0.35,"jaccard",0.09,100
6,1,2,"prevalence",0.35,"unifrac_unweighted",0.22,100
6,1,2,"prevalence",0.35,"unifrac_weighted_phyloseq",0.08,100
6,1,2,"prevalence",0.4,"GLaD_0.5_unweighted",0.45,100
6,1,2,"prevalence",0.4,"GLaD_0.5_weighted",0.06,100
6,1,2,"prevalence",0.4,"GLaD_1_unweighted",0.15,100
6,1,2,"prevalence",0.4,"GLaD_1_weighted",0.09,100
6,1,2,"prevalence",0.4,"GUniFrac",0.13,100
6,1,2,"prevalence",0.4,"aitchison",0.2,100
6,1,2,"prevalence",0.4,"bray",0.09,100
6,1,2,"prevalence",0.4,"euclidean",0.1,100
6,1,2,"prevalence",0.4,"jaccard",0.09,100
6,1,2,"prevalence",0.4,"unifrac_unweighted",0.23,100
6,1,2,"prevalence",0.4,"unifrac_weighted_phyloseq",0.08,100
6,1,2,"prevalence",0.45,"GLaD_0.5_unweighted",0.57,100
6,1,2,"prevalence",0.45,"GLaD_0.5_weighted",0.09,100
6,1,2,"prevalence",0.45,"GLaD_1_unweighted",0.21,100
6,1,2,"prevalence",0.45,"GLaD_1_weighted",0.08,100
6,1,2,"prevalence",0.45,"GUniFrac",0.16,100
6,1,2,"prevalence",0.45,"aitchison",0.26,100
6,1,2,"prevalence",0.45,"bray",0.1,100
6,1,2,"prevalence",0.45,"euclidean",0.07,100
6,1,2,"prevalence",0.45,"jaccard",0.11,100
6,1,2,"prevalence",0.45,"unifrac_unweighted",0.36,100
6,1,2,"prevalence",0.45,"unifrac_weighted_phyloseq",0.1,100
6,1,2,"prevalence",0.5,"GLaD_0.5_unweighted",0.69,100
6,1,2,"prevalence",0.5,"GLaD_0.5_weighted",0.07,100
6,1,2,"prevalence",0.5,"GLaD_1_unweighted",0.26,100
6,1,2,"prevalence",0.5,"GLaD_1_weighted",0.05,100
6,1,2,"prevalence",0.5,"GUniFrac",0.11,100
6,1,2,"prevalence",0.5,"aitchison",0.28,100
6,1,2,"prevalence",0.5,"bray",0.06,100
6,1,2,"prevalence",0.5,"euclidean",0.05,100
6,1,2,"prevalence",0.5,"jaccard",0.06,100
6,1,2,"prevalence",0.5,"unifrac_unweighted",0.51,100
6,1,2,"prevalence",0.5,"unifrac_weighted_phyloseq",0.08,100
6,1,2,"prevalence",0.55,"GLaD_0.5_unweighted",0.81,100
6,1,2,"prevalence",0.55,"GLaD_0.5_weighted",0.03,100
6,1,2,"prevalence",0.55,"GLaD_1_unweighted",0.26,100
6,1,2,"prevalence",0.55,"GLaD_1_weighted",0.06,100
6,1,2,"prevalence",0.55,"GUniFrac",0.12,100
6,1,2,"prevalence",0.55,"aitchison",0.38,100
6,1,2,"prevalence",0.55,"bray",0.07,100
6,1,2,"prevalence",0.55,"euclidean",0.03,100
6,1,2,"prevalence",0.55,"jaccard",0.07,100
6,1,2,"prevalence",0.55,"unifrac_unweighted",0.65,100
6,1,2,"prevalence",0.55,"unifrac_weighted_phyloseq",0.03,100
6,1,2,"prevalence",0.6,"GLaD_0.5_unweighted",0.95,100
6,1,2,"prevalence",0.6,"GLaD_0.5_weighted",0.03,100
6,1,2,"prevalence",0.6,"GLaD_1_unweighted",0.36,100
6,1,2,"prevalence",0.6,"GLaD_1_weighted",0.04,100
6,1,2,"prevalence",0.6,"GUniFrac",0.1,100
6,1,2,"prevalence",0.6,"aitchison",0.45,100
6,1,2,"prevalence",0.6,"bray",0.05,100
6,1,2,"prevalence",0.6,"euclidean",0.05,100
6,1,2,"prevalence",0.6,"jaccard",0.06,100
6,1,2,"prevalence",0.6,"unifrac_unweighted",0.85,100
6,1,2,"prevalence",0.6,"unifrac_weighted_phyloseq",0.06,100
6,1,2,"prevalence",0.65,"GLaD_0.5_unweighted",0.97,100
6,1,2,"prevalence",0.65,"GLaD_0.5_weighted",0.15,100
6,1,2,"prevalence",0.65,"GLaD_1_unweighted",0.37,100
6,1,2,"prevalence",0.65,"GLaD_1_weighted",0.14,100
6,1,2,"prevalence",0.65,"GUniFrac",0.28,100
6,1,2,"prevalence",0.65,"aitchison",0.73,100
6,1,2,"prevalence",0.65,"bray",0.1,100
6,1,2,"prevalence",0.65,"euclidean",0.03,100
6,1,2,"prevalence",0.65,"jaccard",0.1,100
6,1,2,"prevalence",0.65,"unifrac_unweighted",0.92,100
6,1,2,"prevalence",0.65,"unifrac_weighted_phyloseq",0.14,100
6,1,2,"prevalence",0.7,"GLaD_0.5_unweighted",0.98,100
6,1,2,"prevalence",0.7,"GLaD_0.5_weighted",0.05,100
6,1,2,"prevalence",0.7,"GLaD_1_unweighted",0.46,100
6,1,2,"prevalence",0.7,"GLaD_1_weighted",0.05,100
6,1,2,"prevalence",0.7,"GUniFrac",0.36,100
6,1,2,"prevalence",0.7,"aitchison",0.78,100
6,1,2,"prevalence",0.7,"bray",0.1,100
6,1,2,"prevalence",0.7,"euclidean",0.07,100
6,1,2,"prevalence",0.7,"jaccard",0.12,100
6,1,2,"prevalence",0.7,"unifrac_unweighted",0.99,100
6,1,2,"prevalence",0.7,"unifrac_weighted_phyloseq",0.06,100
6,1,2,"prevalence",0.75,"GLaD_0.5_unweighted",1,100
6,1,2,"prevalence",0.75,"GLaD_0.5_weighted",0.01,100
6,1,2,"prevalence",0.75,"GLaD_1_unweighted",0.49,100
6,1,2,"prevalence",0.75,"GLaD_1_weighted",0.04,100
6,1,2,"prevalence",0.75,"GUniFrac",0.27,100
6,1,2,"prevalence",0.75,"aitchison",0.87,100
6,1,2,"prevalence",0.75,"bray",0.06,100
6,1,2,"prevalence",0.75,"euclidean",0.03,100
6,1,2,"prevalence",0.75,"jaccard",0.09,100
6,1,2,"prevalence",0.75,"unifrac_unweighted",0.99,100
6,1,2,"prevalence",0.75,"unifrac_weighted_phyloseq",0.05,100
6,1,2,"prevalence",0.8,"GLaD_0.5_unweighted",1,100
6,1,2,"prevalence",0.8,"GLaD_0.5_weighted",0.05,100
6,1,2,"prevalence",0.8,"GLaD_1_unweighted",0.56,100
6,1,2,"prevalence",0.8,"GLaD_1_weighted",0.03,100
6,1,2,"prevalence",0.8,"GUniFrac",0.31,100
6,1,2,"prevalence",0.8,"aitchison",0.95,100
6,1,2,"prevalence",0.8,"bray",0.04,100
6,1,2,"prevalence",0.8,"euclidean",0.02,100
6,1,2,"prevalence",0.8,"jaccard",0.05,100
6,1,2,"prevalence",0.8,"unifrac_unweighted",0.99,100
6,1,2,"prevalence",0.8,"unifrac_weighted_phyloseq",0.05,100
6,1,2,"prevalence",0.85,"GLaD_0.5_unweighted",1,100
6,1,2,"prevalence",0.85,"GLaD_0.5_weighted",0.08,100
6,1,2,"prevalence",0.85,"GLaD_1_unweighted",0.51,100
6,1,2,"prevalence",0.85,"GLaD_1_weighted",0.08,100
6,1,2,"prevalence",0.85,"GUniFrac",0.44,100
6,1,2,"prevalence",0.85,"aitchison",1,100
6,1,2,"prevalence",0.85,"bray",0.12,100
6,1,2,"prevalence",0.85,"euclidean",0.03,100
6,1,2,"prevalence",0.85,"jaccard",0.1,100
6,1,2,"prevalence",0.85,"unifrac_unweighted",1,100
6,1,2,"prevalence",0.85,"unifrac_weighted_phyloseq",0.15,100
6,1,2,"prevalence",0.9,"GLaD_0.5_unweighted",1,100
6,1,2,"prevalence",0.9,"GLaD_0.5_weighted",0.11,100
6,1,2,"prevalence",0.9,"GLaD_1_unweighted",0.74,100
6,1,2,"prevalence",0.9,"GLaD_1_weighted",0.08,100
6,1,2,"prevalence",0.9,"GUniFrac",0.55,100
6,1,2,"prevalence",0.9,"aitchison",0.97,100
6,1,2,"prevalence",0.9,"bray",0.13,100
6,1,2,"prevalence",0.9,"euclidean",0.08,100
6,1,2,"prevalence",0.9,"jaccard",0.13,100
6,1,2,"prevalence",0.9,"unifrac_unweighted",1,100
6,1,2,"prevalence",0.9,"unifrac_weighted_phyloseq",0.21,100
6,1,2,"prevalence",0.95,"GLaD_0.5_unweighted",1,100
6,1,2,"prevalence",0.95,"GLaD_0.5_weighted",0.1,100
6,1,2,"prevalence",0.95,"GLaD_1_unweighted",0.81,100
6,1,2,"prevalence",0.95,"GLaD_1_weighted",0.07,100
6,1,2,"prevalence",0.95,"GUniFrac",0.67,100
6,1,2,"prevalence",0.95,"aitchison",1,100
6,1,2,"prevalence",0.95,"bray",0.12,100
6,1,2,"prevalence",0.95,"euclidean",0.07,100
6,1,2,"prevalence",0.95,"jaccard",0.13,100
6,1,2,"prevalence",0.95,"unifrac_unweighted",1,100
6,1,2,"prevalence",0.95,"unifrac_weighted_phyloseq",0.17,100
6,1,2,"prevalence",1,"GLaD_0.5_unweighted",1,100
6,1,2,"prevalence",1,"GLaD_0.5_weighted",0.13,100
6,1,2,"prevalence",1,"GLaD_1_unweighted",0.83,100
6,1,2,"prevalence",1,"GLaD_1_weighted",0.08,100
6,1,2,"prevalence",1,"GUniFrac",0.75,100
6,1,2,"prevalence",1,"aitchison",1,100
6,1,2,"prevalence",1,"bray",0.15,100
6,1,2,"prevalence",1,"euclidean",0.06,100
6,1,2,"prevalence",1,"jaccard",0.15,100
6,1,2,"prevalence",1,"unifrac_unweighted",1,100
6,1,2,"prevalence",1,"unifrac_weighted_phyloseq",0.2,100
6,2,1,"abundance",0.05,"GLaD_0.5_unweighted",0.05,100
6,2,1,"abundance",0.05,"GLaD_0.5_weighted",0.05,100
6,2,1,"abundance",0.05,"GLaD_1_unweighted",0.08,100
6,2,1,"abundance",0.05,"GLaD_1_weighted",0.07,100
6,2,1,"abundance",0.05,"GUniFrac",0.04,100
6,2,1,"abundance",0.05,"aitchison",0.07,100
6,2,1,"abundance",0.05,"bray",0.03,100
6,2,1,"abundance",0.05,"euclidean",0.07,100
6,2,1,"abundance",0.05,"jaccard",0.02,100
6,2,1,"abundance",0.05,"unifrac_unweighted",0.07,100
6,2,1,"abundance",0.05,"unifrac_weighted_phyloseq",0.03,100
6,2,1,"abundance",0.1,"GLaD_0.5_unweighted",0.05,100
6,2,1,"abundance",0.1,"GLaD_0.5_weighted",0.07,100
6,2,1,"abundance",0.1,"GLaD_1_unweighted",0.06,100
6,2,1,"abundance",0.1,"GLaD_1_weighted",0.05,100
6,2,1,"abundance",0.1,"GUniFrac",0.03,100
6,2,1,"abundance",0.1,"aitchison",0.07,100
6,2,1,"abundance",0.1,"bray",0.03,100
6,2,1,"abundance",0.1,"euclidean",0.05,100
6,2,1,"abundance",0.1,"jaccard",0.04,100
6,2,1,"abundance",0.1,"unifrac_unweighted",0.04,100
6,2,1,"abundance",0.1,"unifrac_weighted_phyloseq",0.07,100
6,2,1,"abundance",0.15,"GLaD_0.5_unweighted",0.03,100
6,2,1,"abundance",0.15,"GLaD_0.5_weighted",0.12,100
6,2,1,"abundance",0.15,"GLaD_1_unweighted",0.08,100
6,2,1,"abundance",0.15,"GLaD_1_weighted",0.1,100
6,2,1,"abundance",0.15,"GUniFrac",0.14,100
6,2,1,"abundance",0.15,"aitchison",0.02,100
6,2,1,"abundance",0.15,"bray",0.06,100
6,2,1,"abundance",0.15,"euclidean",0.08,100
6,2,1,"abundance",0.15,"jaccard",0.09,100
6,2,1,"abundance",0.15,"unifrac_unweighted",0.02,100
6,2,1,"abundance",0.15,"unifrac_weighted_phyloseq",0.11,100
6,2,1,"abundance",0.2,"GLaD_0.5_unweighted",0.07,100
6,2,1,"abundance",0.2,"GLaD_0.5_weighted",0.18,100
6,2,1,"abundance",0.2,"GLaD_1_unweighted",0.06,100
6,2,1,"abundance",0.2,"GLaD_1_weighted",0.18,100
6,2,1,"abundance",0.2,"GUniFrac",0.12,100
6,2,1,"abundance",0.2,"aitchison",0.08,100
6,2,1,"abundance",0.2,"bray",0.08,100
6,2,1,"abundance",0.2,"euclidean",0.05,100
6,2,1,"abundance",0.2,"jaccard",0.06,100
6,2,1,"abundance",0.2,"unifrac_unweighted",0.07,100
6,2,1,"abundance",0.2,"unifrac_weighted_phyloseq",0.17,100
6,2,1,"abundance",0.25,"GLaD_0.5_unweighted",0.05,100
6,2,1,"abundance",0.25,"GLaD_0.5_weighted",0.3,100
6,2,1,"abundance",0.25,"GLaD_1_unweighted",0.04,100
6,2,1,"abundance",0.25,"GLaD_1_weighted",0.28,100
6,2,1,"abundance",0.25,"GUniFrac",0.16,100
6,2,1,"abundance",0.25,"aitchison",0.03,100
6,2,1,"abundance",0.25,"bray",0.13,100
6,2,1,"abundance",0.25,"euclidean",0.12,100
6,2,1,"abundance",0.25,"jaccard",0.12,100
6,2,1,"abundance",0.25,"unifrac_unweighted",0.05,100
6,2,1,"abundance",0.25,"unifrac_weighted_phyloseq",0.24,100
6,2,1,"abundance",0.3,"GLaD_0.5_unweighted",0.06,100
6,2,1,"abundance",0.3,"GLaD_0.5_weighted",0.34,100
6,2,1,"abundance",0.3,"GLaD_1_unweighted",0.05,100
6,2,1,"abundance",0.3,"GLaD_1_weighted",0.29,100
6,2,1,"abundance",0.3,"GUniFrac",0.29,100
6,2,1,"abundance",0.3,"aitchison",0.06,100
6,2,1,"abundance",0.3,"bray",0.17,100
6,2,1,"abundance",0.3,"euclidean",0.19,100
6,2,1,"abundance",0.3,"jaccard",0.21,100
6,2,1,"abundance",0.3,"unifrac_unweighted",0.06,100
6,2,1,"abundance",0.3,"unifrac_weighted_phyloseq",0.33,100
6,2,1,"abundance",0.35,"GLaD_0.5_unweighted",0.04,100
6,2,1,"abundance",0.35,"GLaD_0.5_weighted",0.39,100
6,2,1,"abundance",0.35,"GLaD_1_unweighted",0.05,100
6,2,1,"abundance",0.35,"GLaD_1_weighted",0.38,100
6,2,1,"abundance",0.35,"GUniFrac",0.31,100
6,2,1,"abundance",0.35,"aitchison",0.01,100
6,2,1,"abundance",0.35,"bray",0.17,100
6,2,1,"abundance",0.35,"euclidean",0.15,100
6,2,1,"abundance",0.35,"jaccard",0.17,100
6,2,1,"abundance",0.35,"unifrac_unweighted",0.05,100
6,2,1,"abundance",0.35,"unifrac_weighted_phyloseq",0.38,100
6,2,1,"abundance",0.4,"GLaD_0.5_unweighted",0.03,100
6,2,1,"abundance",0.4,"GLaD_0.5_weighted",0.59,100
6,2,1,"abundance",0.4,"GLaD_1_unweighted",0.03,100
6,2,1,"abundance",0.4,"GLaD_1_weighted",0.61,100
6,2,1,"abundance",0.4,"GUniFrac",0.59,100
6,2,1,"abundance",0.4,"aitchison",0.06,100
6,2,1,"abundance",0.4,"bray",0.28,100
6,2,1,"abundance",0.4,"euclidean",0.24,100
6,2,1,"abundance",0.4,"jaccard",0.24,100
6,2,1,"abundance",0.4,"unifrac_unweighted",0.06,100
6,2,1,"abundance",0.4,"unifrac_weighted_phyloseq",0.67,100
6,2,1,"abundance",0.45,"GLaD_0.5_unweighted",0.04,100
6,2,1,"abundance",0.45,"GLaD_0.5_weighted",0.74,100
6,2,1,"abundance",0.45,"GLaD_1_unweighted",0.05,100
6,2,1,"abundance",0.45,"GLaD_1_weighted",0.7,100
6,2,1,"abundance",0.45,"GUniFrac",0.67,100
6,2,1,"abundance",0.45,"aitchison",0.09,100
6,2,1,"abundance",0.45,"bray",0.37,100
6,2,1,"abundance",0.45,"euclidean",0.21,100
6,2,1,"abundance",0.45,"jaccard",0.35,100
6,2,1,"abundance",0.45,"unifrac_unweighted",0.03,100
6,2,1,"abundance",0.45,"unifrac_weighted_phyloseq",0.75,100
6,2,1,"abundance",0.5,"GLaD_0.5_unweighted",0.06,100
6,2,1,"abundance",0.5,"GLaD_0.5_weighted",0.68,100
6,2,1,"abundance",0.5,"GLaD_1_unweighted",0.04,100
6,2,1,"abundance",0.5,"GLaD_1_weighted",0.7,100
6,2,1,"abundance",0.5,"GUniFrac",0.66,100
6,2,1,"abundance",0.5,"aitchison",0.07,100
6,2,1,"abundance",0.5,"bray",0.37,100
6,2,1,"abundance",0.5,"euclidean",0.27,100
6,2,1,"abundance",0.5,"jaccard",0.36,100
6,2,1,"abundance",0.5,"unifrac_unweighted",0.04,100
6,2,1,"abundance",0.5,"unifrac_weighted_phyloseq",0.72,100
6,2,1,"abundance",0.55,"GLaD_0.5_unweighted",0.01,100
6,2,1,"abundance",0.55,"GLaD_0.5_weighted",0.77,100
6,2,1,"abundance",0.55,"GLaD_1_unweighted",0.03,100
6,2,1,"abundance",0.55,"GLaD_1_weighted",0.8,100
6,2,1,"abundance",0.55,"GUniFrac",0.79,100
6,2,1,"abundance",0.55,"aitchison",0.04,100
6,2,1,"abundance",0.55,"bray",0.48,100
6,2,1,"abundance",0.55,"euclidean",0.29,100
6,2,1,"abundance",0.55,"jaccard",0.44,100
6,2,1,"abundance",0.55,"unifrac_unweighted",0.04,100
6,2,1,"abundance",0.55,"unifrac_weighted_phyloseq",0.84,100
6,2,1,"abundance",0.6,"GLaD_0.5_unweighted",0.04,100
6,2,1,"abundance",0.6,"GLaD_0.5_weighted",0.88,100
6,2,1,"abundance",0.6,"GLaD_1_unweighted",0.07,100
6,2,1,"abundance",0.6,"GLaD_1_weighted",0.89,100
6,2,1,"abundance",0.6,"GUniFrac",0.92,100
6,2,1,"abundance",0.6,"aitchison",0.11,100
6,2,1,"abundance",0.6,"bray",0.74,100
6,2,1,"abundance",0.6,"euclidean",0.44,100
6,2,1,"abundance",0.6,"jaccard",0.71,100
6,2,1,"abundance",0.6,"unifrac_unweighted",0.04,100
6,2,1,"abundance",0.6,"unifrac_weighted_phyloseq",0.92,100
6,2,1,"abundance",0.65,"GLaD_0.5_unweighted",0.07,100
6,2,1,"abundance",0.65,"GLaD_0.5_weighted",0.94,100
6,2,1,"abundance",0.65,"GLaD_1_unweighted",0.02,100
6,2,1,"abundance",0.65,"GLaD_1_weighted",0.92,100
6,2,1,"abundance",0.65,"GUniFrac",0.96,100
6,2,1,"abundance",0.65,"aitchison",0.12,100
6,2,1,"abundance",0.65,"bray",0.76,100
6,2,1,"abundance",0.65,"euclidean",0.5,100
6,2,1,"abundance",0.65,"jaccard",0.73,100
6,2,1,"abundance",0.65,"unifrac_unweighted",0.04,100
6,2,1,"abundance",0.65,"unifrac_weighted_phyloseq",0.97,100
6,2,1,"abundance",0.7,"GLaD_0.5_unweighted",0.08,100
6,2,1,"abundance",0.7,"GLaD_0.5_weighted",0.95,100
6,2,1,"abundance",0.7,"GLaD_1_unweighted",0.06,100
6,2,1,"abundance",0.7,"GLaD_1_weighted",0.96,100
6,2,1,"abundance",0.7,"GUniFrac",0.98,100
6,2,1,"abundance",0.7,"aitchison",0.14,100
6,2,1,"abundance",0.7,"bray",0.77,100
6,2,1,"abundance",0.7,"euclidean",0.5,100
6,2,1,"abundance",0.7,"jaccard",0.74,100
6,2,1,"abundance",0.7,"unifrac_unweighted",0.09,100
6,2,1,"abundance",0.7,"unifrac_weighted_phyloseq",0.99,100
6,2,1,"abundance",0.75,"GLaD_0.5_unweighted",0.03,100
6,2,1,"abundance",0.75,"GLaD_0.5_weighted",1,100
6,2,1,"abundance",0.75,"GLaD_1_unweighted",0.08,100
6,2,1,"abundance",0.75,"GLaD_1_weighted",1,100
6,2,1,"abundance",0.75,"GUniFrac",1,100
6,2,1,"abundance",0.75,"aitchison",0.12,100
6,2,1,"abundance",0.75,"bray",0.92,100
6,2,1,"abundance",0.75,"euclidean",0.62,100
6,2,1,"abundance",0.75,"jaccard",0.9,100
6,2,1,"abundance",0.75,"unifrac_unweighted",0.05,100
6,2,1,"abundance",0.75,"unifrac_weighted_phyloseq",1,100
6,2,1,"abundance",0.8,"GLaD_0.5_unweighted",0.08,100
6,2,1,"abundance",0.8,"GLaD_0.5_weighted",0.97,100
6,2,1,"abundance",0.8,"GLaD_1_unweighted",0.02,100
6,2,1,"abundance",0.8,"GLaD_1_weighted",0.97,100
6,2,1,"abundance",0.8,"GUniFrac",0.97,100
6,2,1,"abundance",0.8,"aitchison",0.14,100
6,2,1,"abundance",0.8,"bray",0.89,100
6,2,1,"abundance",0.8,"euclidean",0.63,100
6,2,1,"abundance",0.8,"jaccard",0.91,100
6,2,1,"abundance",0.8,"unifrac_unweighted",0.04,100
6,2,1,"abundance",0.8,"unifrac_weighted_phyloseq",0.97,100
6,2,1,"abundance",0.85,"GLaD_0.5_unweighted",0.04,100
6,2,1,"abundance",0.85,"GLaD_0.5_weighted",1,100
6,2,1,"abundance",0.85,"GLaD_1_unweighted",0.07,100
6,2,1,"abundance",0.85,"GLaD_1_weighted",1,100
6,2,1,"abundance",0.85,"GUniFrac",1,100
6,2,1,"abundance",0.85,"aitchison",0.19,100
6,2,1,"abundance",0.85,"bray",0.97,100
6,2,1,"abundance",0.85,"euclidean",0.65,100
6,2,1,"abundance",0.85,"jaccard",0.95,100
6,2,1,"abundance",0.85,"unifrac_unweighted",0.03,100
6,2,1,"abundance",0.85,"unifrac_weighted_phyloseq",1,100
6,2,1,"abundance",0.9,"GLaD_0.5_unweighted",0.03,100
6,2,1,"abundance",0.9,"GLaD_0.5_weighted",0.99,100
6,2,1,"abundance",0.9,"GLaD_1_unweighted",0.04,100
6,2,1,"abundance",0.9,"GLaD_1_weighted",0.99,100
6,2,1,"abundance",0.9,"GUniFrac",1,100
6,2,1,"abundance",0.9,"aitchison",0.23,100
6,2,1,"abundance",0.9,"bray",0.96,100
6,2,1,"abundance",0.9,"euclidean",0.71,100
6,2,1,"abundance",0.9,"jaccard",0.94,100
6,2,1,"abundance",0.9,"unifrac_unweighted",0.02,100
6,2,1,"abundance",0.9,"unifrac_weighted_phyloseq",1,100
6,2,1,"abundance",0.95,"GLaD_0.5_unweighted",0.03,100
6,2,1,"abundance",0.95,"GLaD_0.5_weighted",1,100
6,2,1,"abundance",0.95,"GLaD_1_unweighted",0.08,100
6,2,1,"abundance",0.95,"GLaD_1_weighted",1,100
6,2,1,"abundance",0.95,"GUniFrac",1,100
6,2,1,"abundance",0.95,"aitchison",0.21,100
6,2,1,"abundance",0.95,"bray",0.97,100
6,2,1,"abundance",0.95,"euclidean",0.8,100
6,2,1,"abundance",0.95,"jaccard",0.97,100
6,2,1,"abundance",0.95,"unifrac_unweighted",0.06,100
6,2,1,"abundance",0.95,"unifrac_weighted_phyloseq",1,100
6,2,1,"abundance",1,"GLaD_0.5_unweighted",0.09,100
6,2,1,"abundance",1,"GLaD_0.5_weighted",1,100
6,2,1,"abundance",1,"GLaD_1_unweighted",0.08,100
6,2,1,"abundance",1,"GLaD_1_weighted",1,100
6,2,1,"abundance",1,"GUniFrac",1,100
6,2,1,"abundance",1,"aitchison",0.32,100
6,2,1,"abundance",1,"bray",1,100
6,2,1,"abundance",1,"euclidean",0.9,100
6,2,1,"abundance",1,"jaccard",0.99,100
6,2,1,"abundance",1,"unifrac_unweighted",0.08,100
6,2,1,"abundance",1,"unifrac_weighted_phyloseq",1,100
6,2,1,"both",0.05,"GLaD_0.5_unweighted",0.06,100
6,2,1,"both",0.05,"GLaD_0.5_weighted",0.03,100
6,2,1,"both",0.05,"GLaD_1_unweighted",0.09,100
6,2,1,"both",0.05,"GLaD_1_weighted",0.02,100
6,2,1,"both",0.05,"GUniFrac",0.06,100
6,2,1,"both",0.05,"aitchison",0.01,100
6,2,1,"both",0.05,"bray",0.05,100
6,2,1,"both",0.05,"euclidean",0.05,100
6,2,1,"both",0.05,"jaccard",0.03,100
6,2,1,"both",0.05,"unifrac_unweighted",0.05,100
6,2,1,"both",0.05,"unifrac_weighted_phyloseq",0.04,100
6,2,1,"both",0.1,"GLaD_0.5_unweighted",0.05,100
6,2,1,"both",0.1,"GLaD_0.5_weighted",0.09,100
6,2,1,"both",0.1,"GLaD_1_unweighted",0.01,100
6,2,1,"both",0.1,"GLaD_1_weighted",0.09,100
6,2,1,"both",0.1,"GUniFrac",0.08,100
6,2,1,"both",0.1,"aitchison",0.03,100
6,2,1,"both",0.1,"bray",0.04,100
6,2,1,"both",0.1,"euclidean",0.04,100
6,2,1,"both",0.1,"jaccard",0.04,100
6,2,1,"both",0.1,"unifrac_unweighted",0.05,100
6,2,1,"both",0.1,"unifrac_weighted_phyloseq",0.08,100
6,2,1,"both",0.15,"GLaD_0.5_unweighted",0.11,100
6,2,1,"both",0.15,"GLaD_0.5_weighted",0.2,100
6,2,1,"both",0.15,"GLaD_1_unweighted",0.05,100
6,2,1,"both",0.15,"GLaD_1_weighted",0.22,100
6,2,1,"both",0.15,"GUniFrac",0.13,100
6,2,1,"both",0.15,"aitchison",0.07,100
6,2,1,"both",0.15,"bray",0.07,100
6,2,1,"both",0.15,"euclidean",0.03,100
6,2,1,"both",0.15,"jaccard",0.07,100
6,2,1,"both",0.15,"unifrac_unweighted",0.1,100
6,2,1,"both",0.15,"unifrac_weighted_phyloseq",0.15,100
6,2,1,"both",0.2,"GLaD_0.5_unweighted",0.11,100
6,2,1,"both",0.2,"GLaD_0.5_weighted",0.25,100
6,2,1,"both",0.2,"GLaD_1_unweighted",0.08,100
6,2,1,"both",0.2,"GLaD_1_weighted",0.29,100
6,2,1,"both",0.2,"GUniFrac",0.21,100
6,2,1,"both",0.2,"aitchison",0.14,100
6,2,1,"both",0.2,"bray",0.12,100
6,2,1,"both",0.2,"euclidean",0.06,100
6,2,1,"both",0.2,"jaccard",0.11,100
6,2,1,"both",0.2,"unifrac_unweighted",0.08,100
6,2,1,"both",0.2,"unifrac_weighted_phyloseq",0.27,100
6,2,1,"both",0.25,"GLaD_0.5_unweighted",0.12,100
6,2,1,"both",0.25,"GLaD_0.5_weighted",0.3,100
6,2,1,"both",0.25,"GLaD_1_unweighted",0.06,100
6,2,1,"both",0.25,"GLaD_1_weighted",0.29,100
6,2,1,"both",0.25,"GUniFrac",0.26,100
6,2,1,"both",0.25,"aitchison",0.11,100
6,2,1,"both",0.25,"bray",0.16,100
6,2,1,"both",0.25,"euclidean",0.09,100
6,2,1,"both",0.25,"jaccard",0.14,100
6,2,1,"both",0.25,"unifrac_unweighted",0.09,100
6,2,1,"both",0.25,"unifrac_weighted_phyloseq",0.34,100
6,2,1,"both",0.3,"GLaD_0.5_unweighted",0.13,100
6,2,1,"both",0.3,"GLaD_0.5_weighted",0.49,100
6,2,1,"both",0.3,"GLaD_1_unweighted",0.09,100
6,2,1,"both",0.3,"GLaD_1_weighted",0.51,100
6,2,1,"both",0.3,"GUniFrac",0.51,100
6,2,1,"both",0.3,"aitchison",0.22,100
6,2,1,"both",0.3,"bray",0.15,100
6,2,1,"both",0.3,"euclidean",0.15,100
6,2,1,"both",0.3,"jaccard",0.15,100
6,2,1,"both",0.3,"unifrac_unweighted",0.1,100
6,2,1,"both",0.3,"unifrac_weighted_phyloseq",0.5,100
6,2,1,"both",0.35,"GLaD_0.5_unweighted",0.15,100
6,2,1,"both",0.35,"GLaD_0.5_weighted",0.63,100
6,2,1,"both",0.35,"GLaD_1_unweighted",0.15,100
6,2,1,"both",0.35,"GLaD_1_weighted",0.61,100
6,2,1,"both",0.35,"GUniFrac",0.66,100
6,2,1,"both",0.35,"aitchison",0.3,100
6,2,1,"both",0.35,"bray",0.33,100
6,2,1,"both",0.35,"euclidean",0.16,100
6,2,1,"both",0.35,"jaccard",0.32,100
6,2,1,"both",0.35,"unifrac_unweighted",0.11,100
6,2,1,"both",0.35,"unifrac_weighted_phyloseq",0.66,100
6,2,1,"both",0.4,"GLaD_0.5_unweighted",0.25,100
6,2,1,"both",0.4,"GLaD_0.5_weighted",0.77,100
6,2,1,"both",0.4,"GLaD_1_unweighted",0.12,100
6,2,1,"both",0.4,"GLaD_1_weighted",0.79,100
6,2,1,"both",0.4,"GUniFrac",0.82,100
6,2,1,"both",0.4,"aitchison",0.47,100
6,2,1,"both",0.4,"bray",0.47,100
6,2,1,"both",0.4,"euclidean",0.14,100
6,2,1,"both",0.4,"jaccard",0.44,100
6,2,1,"both",0.4,"unifrac_unweighted",0.18,100
6,2,1,"both",0.4,"unifrac_weighted_phyloseq",0.79,100
6,2,1,"both",0.45,"GLaD_0.5_unweighted",0.51,100
6,2,1,"both",0.45,"GLaD_0.5_weighted",0.9,100
6,2,1,"both",0.45,"GLaD_1_unweighted",0.21,100
6,2,1,"both",0.45,"GLaD_1_weighted",0.92,100
6,2,1,"both",0.45,"GUniFrac",0.98,100
6,2,1,"both",0.45,"aitchison",0.69,100
6,2,1,"both",0.45,"bray",0.63,100
6,2,1,"both",0.45,"euclidean",0.3,100
6,2,1,"both",0.45,"jaccard",0.6,100
6,2,1,"both",0.45,"unifrac_unweighted",0.32,100
6,2,1,"both",0.45,"unifrac_weighted_phyloseq",0.96,100
6,2,1,"both",0.5,"GLaD_0.5_unweighted",0.6,100
6,2,1,"both",0.5,"GLaD_0.5_weighted",0.9,100
6,2,1,"both",0.5,"GLaD_1_unweighted",0.17,100
6,2,1,"both",0.5,"GLaD_1_weighted",0.9,100
6,2,1,"both",0.5,"GUniFrac",0.94,100
6,2,1,"both",0.5,"aitchison",0.74,100
6,2,1,"both",0.5,"bray",0.61,100
6,2,1,"both",0.5,"euclidean",0.31,100
6,2,1,"both",0.5,"jaccard",0.59,100
6,2,1,"both",0.5,"unifrac_unweighted",0.36,100
6,2,1,"both",0.5,"unifrac_weighted_phyloseq",0.93,100
6,2,1,"both",0.55,"GLaD_0.5_unweighted",0.66,100
6,2,1,"both",0.55,"GLaD_0.5_weighted",0.98,100
6,2,1,"both",0.55,"GLaD_1_unweighted",0.33,100
6,2,1,"both",0.55,"GLaD_1_weighted",0.96,100
6,2,1,"both",0.55,"GUniFrac",0.99,100
6,2,1,"both",0.55,"aitchison",0.89,100
6,2,1,"both",0.55,"bray",0.8,100
6,2,1,"both",0.55,"euclidean",0.41,100
6,2,1,"both",0.55,"jaccard",0.77,100
6,2,1,"both",0.55,"unifrac_unweighted",0.49,100
6,2,1,"both",0.55,"unifrac_weighted_phyloseq",0.99,100
6,2,1,"both",0.6,"GLaD_0.5_unweighted",0.8,100
6,2,1,"both",0.6,"GLaD_0.5_weighted",1,100
6,2,1,"both",0.6,"GLaD_1_unweighted",0.27,100
6,2,1,"both",0.6,"GLaD_1_weighted",1,100
6,2,1,"both",0.6,"GUniFrac",1,100
6,2,1,"both",0.6,"aitchison",0.94,100
6,2,1,"both",0.6,"bray",0.89,100
6,2,1,"both",0.6,"euclidean",0.57,100
6,2,1,"both",0.6,"jaccard",0.87,100
6,2,1,"both",0.6,"unifrac_unweighted",0.57,100
6,2,1,"both",0.6,"unifrac_weighted_phyloseq",1,100
6,2,1,"both",0.65,"GLaD_0.5_unweighted",0.91,100
6,2,1,"both",0.65,"GLaD_0.5_weighted",1,100
6,2,1,"both",0.65,"GLaD_1_unweighted",0.46,100
6,2,1,"both",0.65,"GLaD_1_weighted",1,100
6,2,1,"both",0.65,"GUniFrac",1,100
6,2,1,"both",0.65,"aitchison",0.98,100
6,2,1,"both",0.65,"bray",0.94,100
6,2,1,"both",0.65,"euclidean",0.5,100
6,2,1,"both",0.65,"jaccard",0.92,100
6,2,1,"both",0.65,"unifrac_unweighted",0.79,100
6,2,1,"both",0.65,"unifrac_weighted_phyloseq",1,100
6,2,1,"both",0.7,"GLaD_0.5_unweighted",0.99,100
6,2,1,"both",0.7,"GLaD_0.5_weighted",1,100
6,2,1,"both",0.7,"GLaD_1_unweighted",0.45,100
6,2,1,"both",0.7,"GLaD_1_weighted",1,100
6,2,1,"both",0.7,"GUniFrac",1,100
6,2,1,"both",0.7,"aitchison",1,100
6,2,1,"both",0.7,"bray",1,100
6,2,1,"both",0.7,"euclidean",0.69,100
6,2,1,"both",0.7,"jaccard",1,100
6,2,1,"both",0.7,"unifrac_unweighted",0.87,100
6,2,1,"both",0.7,"unifrac_weighted_phyloseq",1,100
6,2,1,"both",0.75,"GLaD_0.5_unweighted",1,100
6,2,1,"both",0.75,"GLaD_0.5_weighted",1,100
6,2,1,"both",0.75,"GLaD_1_unweighted",0.47,100
6,2,1,"both",0.75,"GLaD_1_weighted",1,100
6,2,1,"both",0.75,"GUniFrac",1,100
6,2,1,"both",0.75,"aitchison",1,100
6,2,1,"both",0.75,"bray",1,100
6,2,1,"both",0.75,"euclidean",0.71,100
6,2,1,"both",0.75,"jaccard",1,100
6,2,1,"both",0.75,"unifrac_unweighted",0.95,100
6,2,1,"both",0.75,"unifrac_weighted_phyloseq",1,100
6,2,1,"both",0.8,"GLaD_0.5_unweighted",1,100
6,2,1,"both",0.8,"GLaD_0.5_weighted",1,100
6,2,1,"both",0.8,"GLaD_1_unweighted",0.55,100
6,2,1,"both",0.8,"GLaD_1_weighted",1,100
6,2,1,"both",0.8,"GUniFrac",1,100
6,2,1,"both",0.8,"aitchison",1,100
6,2,1,"both",0.8,"bray",1,100
6,2,1,"both",0.8,"euclidean",0.81,100
6,2,1,"both",0.8,"jaccard",1,100
6,2,1,"both",0.8,"unifrac_unweighted",0.99,100
6,2,1,"both",0.8,"unifrac_weighted_phyloseq",1,100
6,2,1,"both",0.85,"GLaD_0.5_unweighted",1,100
6,2,1,"both",0.85,"GLaD_0.5_weighted",1,100
6,2,1,"both",0.85,"GLaD_1_unweighted",0.58,100
6,2,1,"both",0.85,"GLaD_1_weighted",1,100
6,2,1,"both",0.85,"GUniFrac",1,100
6,2,1,"both",0.85,"aitchison",1,100
6,2,1,"both",0.85,"bray",1,100
6,2,1,"both",0.85,"euclidean",0.79,100
6,2,1,"both",0.85,"jaccard",1,100
6,2,1,"both",0.85,"unifrac_unweighted",0.98,100
6,2,1,"both",0.85,"unifrac_weighted_phyloseq",1,100
6,2,1,"both",0.9,"GLaD_0.5_unweighted",1,100
6,2,1,"both",0.9,"GLaD_0.5_weighted",1,100
6,2,1,"both",0.9,"GLaD_1_unweighted",0.63,100
6,2,1,"both",0.9,"GLaD_1_weighted",1,100
6,2,1,"both",0.9,"GUniFrac",1,100
6,2,1,"both",0.9,"aitchison",1,100
6,2,1,"both",0.9,"bray",1,100
6,2,1,"both",0.9,"euclidean",0.83,100
6,2,1,"both",0.9,"jaccard",1,100
6,2,1,"both",0.9,"unifrac_unweighted",1,100
6,2,1,"both",0.9,"unifrac_weighted_phyloseq",1,100
6,2,1,"both",0.95,"GLaD_0.5_unweighted",1,100
6,2,1,"both",0.95,"GLaD_0.5_weighted",1,100
6,2,1,"both",0.95,"GLaD_1_unweighted",0.74,100
6,2,1,"both",0.95,"GLaD_1_weighted",1,100
6,2,1,"both",0.95,"GUniFrac",1,100
6,2,1,"both",0.95,"aitchison",1,100
6,2,1,"both",0.95,"bray",1,100
6,2,1,"both",0.95,"euclidean",0.93,100
6,2,1,"both",0.95,"jaccard",1,100
6,2,1,"both",0.95,"unifrac_unweighted",1,100
6,2,1,"both",0.95,"unifrac_weighted_phyloseq",1,100
6,2,1,"both",1,"GLaD_0.5_unweighted",1,100
6,2,1,"both",1,"GLaD_0.5_weighted",1,100
6,2,1,"both",1,"GLaD_1_unweighted",0.71,100
6,2,1,"both",1,"GLaD_1_weighted",1,100
6,2,1,"both",1,"GUniFrac",1,100
6,2,1,"both",1,"aitchison",1,100
6,2,1,"both",1,"bray",1,100
6,2,1,"both",1,"euclidean",0.94,100
6,2,1,"both",1,"jaccard",1,100
6,2,1,"both",1,"unifrac_unweighted",1,100
6,2,1,"both",1,"unifrac_weighted_phyloseq",1,100
6,2,1,"prevalence",0.05,"GLaD_0.5_unweighted",0.12,100
6,2,1,"prevalence",0.05,"GLaD_0.5_weighted",0.02,100
6,2,1,"prevalence",0.05,"GLaD_1_unweighted",0.05,100
6,2,1,"prevalence",0.05,"GLaD_1_weighted",0.04,100
6,2,1,"prevalence",0.05,"GUniFrac",0.04,100
6,2,1,"prevalence",0.05,"aitchison",0.08,100
6,2,1,"prevalence",0.05,"bray",0.04,100
6,2,1,"prevalence",0.05,"euclidean",0.05,100
6,2,1,"prevalence",0.05,"jaccard",0.03,100
6,2,1,"prevalence",0.05,"unifrac_unweighted",0.07,100
6,2,1,"prevalence",0.05,"unifrac_weighted_phyloseq",0.05,100
6,2,1,"prevalence",0.1,"GLaD_0.5_unweighted",0.1,100
6,2,1,"prevalence",0.1,"GLaD_0.5_weighted",0.03,100
6,2,1,"prevalence",0.1,"GLaD_1_unweighted",0.07,100
6,2,1,"prevalence",0.1,"GLaD_1_weighted",0.05,100
6,2,1,"prevalence",0.1,"GUniFrac",0.06,100
6,2,1,"prevalence",0.1,"aitchison",0.09,100
6,2,1,"prevalence",0.1,"bray",0.05,100
6,2,1,"prevalence",0.1,"euclidean",0.04,100
6,2,1,"prevalence",0.1,"jaccard",0.05,100
6,2,1,"prevalence",0.1,"unifrac_unweighted",0.07,100
6,2,1,"prevalence",0.1,"unifrac_weighted_phyloseq",0.05,100
6,2,1,"prevalence",0.15,"GLaD_0.5_unweighted",0.02,100
6,2,1,"prevalence",0.15,"GLaD_0.5_weighted",0.04,100
6,2,1,"prevalence",0.15,"GLaD_1_unweighted",0.03,100
6,2,1,"prevalence",0.15,"GLaD_1_weighted",0.05,100
6,2,1,"prevalence",0.15,"GUniFrac",0.04,100
6,2,1,"prevalence",0.15,"aitchison",0.08,100
6,2,1,"prevalence",0.15,"bray",0.03,100
6,2,1,"prevalence",0.15,"euclidean",0.06,100
6,2,1,"prevalence",0.15,"jaccard",0.05,100
6,2,1,"prevalence",0.15,"unifrac_unweighted",0.03,100
6,2,1,"prevalence",0.15,"unifrac_weighted_phyloseq",0.05,100
6,2,1,"prevalence",0.2,"GLaD_0.5_unweighted",0.07,100
6,2,1,"prevalence",0.2,"GLaD_0.5_weighted",0.04,100
6,2,1,"prevalence",0.2,"GLaD_1_unweighted",0.08,100
6,2,1,"prevalence",0.2,"GLaD_1_weighted",0.06,100
6,2,1,"prevalence",0.2,"GUniFrac",0.04,100
6,2,1,"prevalence",0.2,"aitchison",0.05,100
6,2,1,"prevalence",0.2,"bray",0.05,100
6,2,1,"prevalence",0.2,"euclidean",0.01,100
6,2,1,"prevalence",0.2,"jaccard",0.05,100
6,2,1,"prevalence",0.2,"unifrac_unweighted",0.08,100
6,2,1,"prevalence",0.2,"unifrac_weighted_phyloseq",0.04,100
6,2,1,"prevalence",0.25,"GLaD_0.5_unweighted",0.07,100
6,2,1,"prevalence",0.25,"GLaD_0.5_weighted",0.1,100
6,2,1,"prevalence",0.25,"GLaD_1_unweighted",0.09,100
6,2,1,"prevalence",0.25,"GLaD_1_weighted",0.09,100
6,2,1,"prevalence",0.25,"GUniFrac",0.1,100
6,2,1,"prevalence",0.25,"aitchison",0.09,100
6,2,1,"prevalence",0.25,"bray",0.09,100
6,2,1,"prevalence",0.25,"euclidean",0.1,100
6,2,1,"prevalence",0.25,"jaccard",0.09,100
6,2,1,"prevalence",0.25,"unifrac_unweighted",0.06,100
6,2,1,"prevalence",0.25,"unifrac_weighted_phyloseq",0.1,100
6,2,1,"prevalence",0.3,"GLaD_0.5_unweighted",0.15,100
6,2,1,"prevalence",0.3,"GLaD_0.5_weighted",0.07,100
6,2,1,"prevalence",0.3,"GLaD_1_unweighted",0.09,100
6,2,1,"prevalence",0.3,"GLaD_1_weighted",0.09,100
6,2,1,"prevalence",0.3,"GUniFrac",0.07,100
6,2,1,"prevalence",0.3,"aitchison",0.14,100
6,2,1,"prevalence",0.3,"bray",0.05,100
6,2,1,"prevalence",0.3,"euclidean",0,100
6,2,1,"prevalence",0.3,"jaccard",0.05,100
6,2,1,"prevalence",0.3,"unifrac_unweighted",0.15,100
6,2,1,"prevalence",0.3,"unifrac_weighted_phyloseq",0.06,100
6,2,1,"prevalence",0.35,"GLaD_0.5_unweighted",0.24,100
6,2,1,"prevalence",0.35,"GLaD_0.5_weighted",0.07,100
6,2,1,"prevalence",0.35,"GLaD_1_unweighted",0.17,100
6,2,1,"prevalence",0.35,"GLaD_1_weighted",0.04,100
6,2,1,"prevalence",0.35,"GUniFrac",0.06,100
6,2,1,"prevalence",0.35,"aitchison",0.17,100
6,2,1,"prevalence",0.35,"bray",0.05,100
6,2,1,"prevalence",0.35,"euclidean",0.07,100
6,2,1,"prevalence",0.35,"jaccard",0.07,100
6,2,1,"prevalence",0.35,"unifrac_unweighted",0.19,100
6,2,1,"prevalence",0.35,"unifrac_weighted_phyloseq",0.07,100
6,2,1,"prevalence",0.4,"GLaD_0.5_unweighted",0.33,100
6,2,1,"prevalence",0.4,"GLaD_0.5_weighted",0.03,100
6,2,1,"prevalence",0.4,"GLaD_1_unweighted",0.2,100
6,2,1,"prevalence",0.4,"GLaD_1_weighted",0.04,100
6,2,1,"prevalence",0.4,"GUniFrac",0.1,100
6,2,1,"prevalence",0.4,"aitchison",0.21,100
6,2,1,"prevalence",0.4,"bray",0.06,100
6,2,1,"prevalence",0.4,"euclidean",0.07,100
6,2,1,"prevalence",0.4,"jaccard",0.08,100
6,2,1,"prevalence",0.4,"unifrac_unweighted",0.15,100
6,2,1,"prevalence",0.4,"unifrac_weighted_phyloseq",0.07,100
6,2,1,"prevalence",0.45,"GLaD_0.5_unweighted",0.44,100
6,2,1,"prevalence",0.45,"GLaD_0.5_weighted",0.04,100
6,2,1,"prevalence",0.45,"GLaD_1_unweighted",0.18,100
6,2,1,"prevalence",0.45,"GLaD_1_weighted",0.03,100
6,2,1,"prevalence",0.45,"GUniFrac",0.11,100
6,2,1,"prevalence",0.45,"aitchison",0.29,100
6,2,1,"prevalence",0.45,"bray",0.04,100
6,2,1,"prevalence",0.45,"euclidean",0.06,100
6,2,1,"prevalence",0.45,"jaccard",0.05,100
6,2,1,"prevalence",0.45,"unifrac_unweighted",0.33,100
6,2,1,"prevalence",0.45,"unifrac_weighted_phyloseq",0.08,100
6,2,1,"prevalence",0.5,"GLaD_0.5_unweighted",0.58,100
6,2,1,"prevalence",0.5,"GLaD_0.5_weighted",0.13,100
6,2,1,"prevalence",0.5,"GLaD_1_unweighted",0.19,100
6,2,1,"prevalence",0.5,"GLaD_1_weighted",0.13,100
6,2,1,"prevalence",0.5,"GUniFrac",0.14,100
6,2,1,"prevalence",0.5,"aitchison",0.39,100
6,2,1,"prevalence",0.5,"bray",0.06,100
6,2,1,"prevalence",0.5,"euclidean",0.04,100
6,2,1,"prevalence",0.5,"jaccard",0.07,100
6,2,1,"prevalence",0.5,"unifrac_unweighted",0.32,100
6,2,1,"prevalence",0.5,"unifrac_weighted_phyloseq",0.14,100
6,2,1,"prevalence",0.55,"GLaD_0.5_unweighted",0.7,100
6,2,1,"prevalence",0.55,"GLaD_0.5_weighted",0.1,100
6,2,1,"prevalence",0.55,"GLaD_1_unweighted",0.3,100
6,2,1,"prevalence",0.55,"GLaD_1_weighted",0.09,100
6,2,1,"prevalence",0.55,"GUniFrac",0.15,100
6,2,1,"prevalence",0.55,"aitchison",0.45,100
6,2,1,"prevalence",0.55,"bray",0.08,100
6,2,1,"prevalence",0.55,"euclidean",0.02,100
6,2,1,"prevalence",0.55,"jaccard",0.07,100
6,2,1,"prevalence",0.55,"unifrac_unweighted",0.49,100
6,2,1,"prevalence",0.55,"unifrac_weighted_phyloseq",0.12,100
6,2,1,"prevalence",0.6,"GLaD_0.5_unweighted",0.82,100
6,2,1,"prevalence",0.6,"GLaD_0.5_weighted",0.1,100
6,2,1,"prevalence",0.6,"GLaD_1_unweighted",0.28,100
6,2,1,"prevalence",0.6,"GLaD_1_weighted",0.08,100
6,2,1,"prevalence",0.6,"GUniFrac",0.16,100
6,2,1,"prevalence",0.6,"aitchison",0.56,100
6,2,1,"prevalence",0.6,"bray",0.1,100
6,2,1,"prevalence",0.6,"euclidean",0.07,100
6,2,1,"prevalence",0.6,"jaccard",0.09,100
6,2,1,"prevalence",0.6,"unifrac_unweighted",0.64,100
6,2,1,"prevalence",0.6,"unifrac_weighted_phyloseq",0.07,100
6,2,1,"prevalence",0.65,"GLaD_0.5_unweighted",0.9,100
6,2,1,"prevalence",0.65,"GLaD_0.5_weighted",0.1,100
6,2,1,"prevalence",0.65,"GLaD_1_unweighted",0.42,100
6,2,1,"prevalence",0.65,"GLaD_1_weighted",0.09,100
6,2,1,"prevalence",0.65,"GUniFrac",0.24,100
6,2,1,"prevalence",0.65,"aitchison",0.68,100
6,2,1,"prevalence",0.65,"bray",0.1,100
6,2,1,"prevalence",0.65,"euclidean",0.04,100
6,2,1,"prevalence",0.65,"jaccard",0.09,100
6,2,1,"prevalence",0.65,"unifrac_unweighted",0.71,100
6,2,1,"prevalence",0.65,"unifrac_weighted_phyloseq",0.11,100
6,2,1,"prevalence",0.7,"GLaD_0.5_unweighted",0.96,100
6,2,1,"prevalence",0.7,"GLaD_0.5_weighted",0.15,100
6,2,1,"prevalence",0.7,"GLaD_1_unweighted",0.37,100
6,2,1,"prevalence",0.7,"GLaD_1_weighted",0.15,100
6,2,1,"prevalence",0.7,"GUniFrac",0.25,100
6,2,1,"prevalence",0.7,"aitchison",0.91,100
6,2,1,"prevalence",0.7,"bray",0.12,100
6,2,1,"prevalence",0.7,"euclidean",0.06,100
6,2,1,"prevalence",0.7,"jaccard",0.13,100
6,2,1,"prevalence",0.7,"unifrac_unweighted",0.88,100
6,2,1,"prevalence",0.7,"unifrac_weighted_phyloseq",0.18,100
6,2,1,"prevalence",0.75,"GLaD_0.5_unweighted",1,100
6,2,1,"prevalence",0.75,"GLaD_0.5_weighted",0.21,100
6,2,1,"prevalence",0.75,"GLaD_1_unweighted",0.47,100
6,2,1,"prevalence",0.75,"GLaD_1_weighted",0.2,100
6,2,1,"prevalence",0.75,"GUniFrac",0.32,100
6,2,1,"prevalence",0.75,"aitchison",0.91,100
6,2,1,"prevalence",0.75,"bray",0.17,100
6,2,1,"prevalence",0.75,"euclidean",0.09,100
6,2,1,"prevalence",0.75,"jaccard",0.15,100
6,2,1,"prevalence",0.75,"unifrac_unweighted",0.9,100
6,2,1,"prevalence",0.75,"unifrac_weighted_phyloseq",0.23,100
6,2,1,"prevalence",0.8,"GLaD_0.5_unweighted",1,100
6,2,1,"prevalence",0.8,"GLaD_0.5_weighted",0.19,100
6,2,1,"prevalence",0.8,"GLaD_1_unweighted",0.41,100
6,2,1,"prevalence",0.8,"GLaD_1_weighted",0.19,100
6,2,1,"prevalence",0.8,"GUniFrac",0.34,100
6,2,1,"prevalence",0.8,"aitchison",0.91,100
6,2,1,"prevalence",0.8,"bray",0.12,100
6,2,1,"prevalence",0.8,"euclidean",0.03,100
6,2,1,"prevalence",0.8,"jaccard",0.1,100
6,2,1,"prevalence",0.8,"unifrac_unweighted",0.98,100
6,2,1,"prevalence",0.8,"unifrac_weighted_phyloseq",0.2,100
6,2,1,"prevalence",0.85,"GLaD_0.5_unweighted",1,100
6,2,1,"prevalence",0.85,"GLaD_0.5_weighted",0.16,100
6,2,1,"prevalence",0.85,"GLaD_1_unweighted",0.55,100
6,2,1,"prevalence",0.85,"GLaD_1_weighted",0.18,100
6,2,1,"prevalence",0.85,"GUniFrac",0.48,100
6,2,1,"prevalence",0.85,"aitchison",0.99,100
6,2,1,"prevalence",0.85,"bray",0.16,100
6,2,1,"prevalence",0.85,"euclidean",0.08,100
6,2,1,"prevalence",0.85,"jaccard",0.18,100
6,2,1,"prevalence",0.85,"unifrac_unweighted",0.99,100
6,2,1,"prevalence",0.85,"unifrac_weighted_phyloseq",0.22,100
6,2,1,"prevalence",0.9,"GLaD_0.5_unweighted",1,100
6,2,1,"prevalence",0.9,"GLaD_0.5_weighted",0.21,100
6,2,1,"prevalence",0.9,"GLaD_1_unweighted",0.7,100
6,2,1,"prevalence",0.9,"GLaD_1_weighted",0.21,100
6,2,1,"prevalence",0.9,"GUniFrac",0.49,100
6,2,1,"prevalence",0.9,"aitchison",0.97,100
6,2,1,"prevalence",0.9,"bray",0.21,100
6,2,1,"prevalence",0.9,"euclidean",0.05,100
6,2,1,"prevalence",0.9,"jaccard",0.19,100
6,2,1,"prevalence",0.9,"unifrac_unweighted",1,100
6,2,1,"prevalence",0.9,"unifrac_weighted_phyloseq",0.2,100
6,2,1,"prevalence",0.95,"GLaD_0.5_unweighted",1,100
6,2,1,"prevalence",0.95,"GLaD_0.5_weighted",0.21,100
6,2,1,"prevalence",0.95,"GLaD_1_unweighted",0.76,100
6,2,1,"prevalence",0.95,"GLaD_1_weighted",0.2,100
6,2,1,"prevalence",0.95,"GUniFrac",0.58,100
6,2,1,"prevalence",0.95,"aitchison",1,100
6,2,1,"prevalence",0.95,"bray",0.16,100
6,2,1,"prevalence",0.95,"euclidean",0.05,100
6,2,1,"prevalence",0.95,"jaccard",0.15,100
6,2,1,"prevalence",0.95,"unifrac_unweighted",1,100
6,2,1,"prevalence",0.95,"unifrac_weighted_phyloseq",0.2,100
6,2,1,"prevalence",1,"GLaD_0.5_unweighted",1,100
6,2,1,"prevalence",1,"GLaD_0.5_weighted",0.21,100
6,2,1,"prevalence",1,"GLaD_1_unweighted",0.72,100
6,2,1,"prevalence",1,"GLaD_1_weighted",0.18,100
6,2,1,"prevalence",1,"GUniFrac",0.63,100
6,2,1,"prevalence",1,"aitchison",1,100
6,2,1,"prevalence",1,"bray",0.26,100
6,2,1,"prevalence",1,"euclidean",0.1,100
6,2,1,"prevalence",1,"jaccard",0.3,100
6,2,1,"prevalence",1,"unifrac_unweighted",1,100
6,2,1,"prevalence",1,"unifrac_weighted_phyloseq",0.28,100
6,3,6,"abundance",0.05,"GLaD_0.5_unweighted",0.1,100
6,3,6,"abundance",0.05,"GLaD_0.5_weighted",0.1,100
6,3,6,"abundance",0.05,"GLaD_1_unweighted",0.1,100
6,3,6,"abundance",0.05,"GLaD_1_weighted",0.06,100
6,3,6,"abundance",0.05,"GUniFrac",0.05,100
6,3,6,"abundance",0.05,"aitchison",0.06,100
6,3,6,"abundance",0.05,"bray",0.08,100
6,3,6,"abundance",0.05,"euclidean",0.05,100
6,3,6,"abundance",0.05,"jaccard",0.08,100
6,3,6,"abundance",0.05,"unifrac_unweighted",0.09,100
6,3,6,"abundance",0.05,"unifrac_weighted_phyloseq",0.08,100
6,3,6,"abundance",0.1,"GLaD_0.5_unweighted",0.01,100
6,3,6,"abundance",0.1,"GLaD_0.5_weighted",0.04,100
6,3,6,"abundance",0.1,"GLaD_1_unweighted",0.03,100
6,3,6,"abundance",0.1,"GLaD_1_weighted",0.05,100
6,3,6,"abundance",0.1,"GUniFrac",0.02,100
6,3,6,"abundance",0.1,"aitchison",0.01,100
6,3,6,"abundance",0.1,"bray",0.04,100
6,3,6,"abundance",0.1,"euclidean",0.05,100
6,3,6,"abundance",0.1,"jaccard",0.05,100
6,3,6,"abundance",0.1,"unifrac_unweighted",0.02,100
6,3,6,"abundance",0.1,"unifrac_weighted_phyloseq",0.03,100
6,3,6,"abundance",0.15,"GLaD_0.5_unweighted",0.03,100
6,3,6,"abundance",0.15,"GLaD_0.5_weighted",0.04,100
6,3,6,"abundance",0.15,"GLaD_1_unweighted",0.06,100
6,3,6,"abundance",0.15,"GLaD_1_weighted",0.06,100
6,3,6,"abundance",0.15,"GUniFrac",0.03,100
6,3,6,"abundance",0.15,"aitchison",0.07,100
6,3,6,"abundance",0.15,"bray",0.03,100
6,3,6,"abundance",0.15,"euclidean",0.03,100
6,3,6,"abundance",0.15,"jaccard",0.03,100
6,3,6,"abundance",0.15,"unifrac_unweighted",0.04,100
6,3,6,"abundance",0.15,"unifrac_weighted_phyloseq",0.04,100
6,3,6,"abundance",0.2,"GLaD_0.5_unweighted",0.06,100
6,3,6,"abundance",0.2,"GLaD_0.5_weighted",0.06,100
6,3,6,"abundance",0.2,"GLaD_1_unweighted",0.07,100
6,3,6,"abundance",0.2,"GLaD_1_weighted",0.06,100
6,3,6,"abundance",0.2,"GUniFrac",0.08,100
6,3,6,"abundance",0.2,"aitchison",0.06,100
6,3,6,"abundance",0.2,"bray",0.05,100
6,3,6,"abundance",0.2,"euclidean",0.04,100
6,3,6,"abundance",0.2,"jaccard",0.05,100
6,3,6,"abundance",0.2,"unifrac_unweighted",0.07,100
6,3,6,"abundance",0.2,"unifrac_weighted_phyloseq",0.09,100
6,3,6,"abundance",0.25,"GLaD_0.5_unweighted",0.04,100
6,3,6,"abundance",0.25,"GLaD_0.5_weighted",0.04,100
6,3,6,"abundance",0.25,"GLaD_1_unweighted",0.04,100
6,3,6,"abundance",0.25,"GLaD_1_weighted",0.04,100
6,3,6,"abundance",0.25,"GUniFrac",0.07,100
6,3,6,"abundance",0.25,"aitchison",0.04,100
6,3,6,"abundance",0.25,"bray",0.08,100
6,3,6,"abundance",0.25,"euclidean",0.03,100
6,3,6,"abundance",0.25,"jaccard",0.07,100
6,3,6,"abundance",0.25,"unifrac_unweighted",0.05,100
6,3,6,"abundance",0.25,"unifrac_weighted_phyloseq",0.06,100
6,3,6,"abundance",0.3,"GLaD_0.5_unweighted",0.06,100
6,3,6,"abundance",0.3,"GLaD_0.5_weighted",0.02,100
6,3,6,"abundance",0.3,"GLaD_1_unweighted",0.04,100
6,3,6,"abundance",0.3,"GLaD_1_weighted",0.01,100
6,3,6,"abundance",0.3,"GUniFrac",0.08,100
6,3,6,"abundance",0.3,"aitchison",0.05,100
6,3,6,"abundance",0.3,"bray",0.03,100
6,3,6,"abundance",0.3,"euclidean",0.06,100
6,3,6,"abundance",0.3,"jaccard",0.03,100
6,3,6,"abundance",0.3,"unifrac_unweighted",0.04,100
6,3,6,"abundance",0.3,"unifrac_weighted_phyloseq",0.06,100
6,3,6,"abundance",0.35,"GLaD_0.5_unweighted",0.06,100
6,3,6,"abundance",0.35,"GLaD_0.5_weighted",0.04,100
6,3,6,"abundance",0.35,"GLaD_1_unweighted",0.04,100
6,3,6,"abundance",0.35,"GLaD_1_weighted",0.05,100
6,3,6,"abundance",0.35,"GUniFrac",0.08,100
6,3,6,"abundance",0.35,"aitchison",0.06,100
6,3,6,"abundance",0.35,"bray",0.04,100
6,3,6,"abundance",0.35,"euclidean",0.06,100
6,3,6,"abundance",0.35,"jaccard",0.04,100
6,3,6,"abundance",0.35,"unifrac_unweighted",0.04,100
6,3,6,"abundance",0.35,"unifrac_weighted_phyloseq",0.06,100
6,3,6,"abundance",0.4,"GLaD_0.5_unweighted",0.06,100
6,3,6,"abundance",0.4,"GLaD_0.5_weighted",0.06,100
6,3,6,"abundance",0.4,"GLaD_1_unweighted",0.04,100
6,3,6,"abundance",0.4,"GLaD_1_weighted",0.05,100
6,3,6,"abundance",0.4,"GUniFrac",0.08,100
6,3,6,"abundance",0.4,"aitchison",0.08,100
6,3,6,"abundance",0.4,"bray",0.09,100
6,3,6,"abundance",0.4,"euclidean",0.07,100
6,3,6,"abundance",0.4,"jaccard",0.09,100
6,3,6,"abundance",0.4,"unifrac_unweighted",0.06,100
6,3,6,"abundance",0.4,"unifrac_weighted_phyloseq",0.07,100
6,3,6,"abundance",0.45,"GLaD_0.5_unweighted",0.05,100
6,3,6,"abundance",0.45,"GLaD_0.5_weighted",0.09,100
6,3,6,"abundance",0.45,"GLaD_1_unweighted",0.03,100
6,3,6,"abundance",0.45,"GLaD_1_weighted",0.08,100
6,3,6,"abundance",0.45,"GUniFrac",0.13,100
6,3,6,"abundance",0.45,"aitchison",0.07,100
6,3,6,"abundance",0.45,"bray",0.1,100
6,3,6,"abundance",0.45,"euclidean",0.04,100
6,3,6,"abundance",0.45,"jaccard",0.08,100
6,3,6,"abundance",0.45,"unifrac_unweighted",0.04,100
6,3,6,"abundance",0.45,"unifrac_weighted_phyloseq",0.12,100
6,3,6,"abundance",0.5,"GLaD_0.5_unweighted",0.1,100
6,3,6,"abundance",0.5,"GLaD_0.5_weighted",0.06,100
6,3,6,"abundance",0.5,"GLaD_1_unweighted",0.05,100
6,3,6,"abundance",0.5,"GLaD_1_weighted",0.06,100
6,3,6,"abundance",0.5,"GUniFrac",0.17,100
6,3,6,"abundance",0.5,"aitchison",0.08,100
6,3,6,"abundance",0.5,"bray",0.1,100
6,3,6,"abundance",0.5,"euclidean",0.07,100
6,3,6,"abundance",0.5,"jaccard",0.11,100
6,3,6,"abundance",0.5,"unifrac_unweighted",0.07,100
6,3,6,"abundance",0.5,"unifrac_weighted_phyloseq",0.12,100
6,3,6,"abundance",0.55,"GLaD_0.5_unweighted",0.03,100
6,3,6,"abundance",0.55,"GLaD_0.5_weighted",0.07,100
6,3,6,"abundance",0.55,"GLaD_1_unweighted",0.05,100
6,3,6,"abundance",0.55,"GLaD_1_weighted",0.07,100
6,3,6,"abundance",0.55,"GUniFrac",0.11,100
6,3,6,"abundance",0.55,"aitchison",0.06,100
6,3,6,"abundance",0.55,"bray",0.07,100
6,3,6,"abundance",0.55,"euclidean",0.06,100
6,3,6,"abundance",0.55,"jaccard",0.07,100
6,3,6,"abundance",0.55,"unifrac_unweighted",0.03,100
6,3,6,"abundance",0.55,"unifrac_weighted_phyloseq",0.09,100
6,3,6,"abundance",0.6,"GLaD_0.5_unweighted",0.05,100
6,3,6,"abundance",0.6,"GLaD_0.5_weighted",0.06,100
6,3,6,"abundance",0.6,"GLaD_1_unweighted",0.07,100
6,3,6,"abundance",0.6,"GLaD_1_weighted",0.05,100
6,3,6,"abundance",0.6,"GUniFrac",0.16,100
6,3,6,"abundance",0.6,"aitchison",0.09,100
6,3,6,"abundance",0.6,"bray",0.08,100
6,3,6,"abundance",0.6,"euclidean",0.06,100
6,3,6,"abundance",0.6,"jaccard",0.08,100
6,3,6,"abundance",0.6,"unifrac_unweighted",0.03,100
6,3,6,"abundance",0.6,"unifrac_weighted_phyloseq",0.11,100
6,3,6,"abundance",0.65,"GLaD_0.5_unweighted",0.03,100
6,3,6,"abundance",0.65,"GLaD_0.5_weighted",0.19,100
6,3,6,"abundance",0.65,"GLaD_1_unweighted",0.08,100
6,3,6,"abundance",0.65,"GLaD_1_weighted",0.14,100
6,3,6,"abundance",0.65,"GUniFrac",0.32,100
6,3,6,"abundance",0.65,"aitchison",0.06,100
6,3,6,"abundance",0.65,"bray",0.19,100
6,3,6,"abundance",0.65,"euclidean",0.09,100
6,3,6,"abundance",0.65,"jaccard",0.17,100
6,3,6,"abundance",0.65,"unifrac_unweighted",0.03,100
6,3,6,"abundance",0.65,"unifrac_weighted_phyloseq",0.25,100
6,3,6,"abundance",0.7,"GLaD_0.5_unweighted",0.06,100
6,3,6,"abundance",0.7,"GLaD_0.5_weighted",0.16,100
6,3,6,"abundance",0.7,"GLaD_1_unweighted",0.03,100
6,3,6,"abundance",0.7,"GLaD_1_weighted",0.12,100
6,3,6,"abundance",0.7,"GUniFrac",0.3,100
6,3,6,"abundance",0.7,"aitchison",0.12,100
6,3,6,"abundance",0.7,"bray",0.2,100
6,3,6,"abundance",0.7,"euclidean",0.11,100
6,3,6,"abundance",0.7,"jaccard",0.18,100
6,3,6,"abundance",0.7,"unifrac_unweighted",0.06,100
6,3,6,"abundance",0.7,"unifrac_weighted_phyloseq",0.23,100
6,3,6,"abundance",0.75,"GLaD_0.5_unweighted",0.04,100
6,3,6,"abundance",0.75,"GLaD_0.5_weighted",0.13,100
6,3,6,"abundance",0.75,"GLaD_1_unweighted",0.06,100
6,3,6,"abundance",0.75,"GLaD_1_weighted",0.1,100
6,3,6,"abundance",0.75,"GUniFrac",0.33,100
6,3,6,"abundance",0.75,"aitchison",0.06,100
6,3,6,"abundance",0.75,"bray",0.12,100
6,3,6,"abundance",0.75,"euclidean",0.09,100
6,3,6,"abundance",0.75,"jaccard",0.12,100
6,3,6,"abundance",0.75,"unifrac_unweighted",0.04,100
6,3,6,"abundance",0.75,"unifrac_weighted_phyloseq",0.19,100
6,3,6,"abundance",0.8,"GLaD_0.5_unweighted",0.03,100
6,3,6,"abundance",0.8,"GLaD_0.5_weighted",0.16,100
6,3,6,"abundance",0.8,"GLaD_1_unweighted",0.07,100
6,3,6,"abundance",0.8,"GLaD_1_weighted",0.09,100
6,3,6,"abundance",0.8,"GUniFrac",0.45,100
6,3,6,"abundance",0.8,"aitchison",0.06,100
6,3,6,"abundance",0.8,"bray",0.13,100
6,3,6,"abundance",0.8,"euclidean",0.12,100
6,3,6,"abundance",0.8,"jaccard",0.16,100
6,3,6,"abundance",0.8,"unifrac_unweighted",0.03,100
6,3,6,"abundance",0.8,"unifrac_weighted_phyloseq",0.27,100
6,3,6,"abundance",0.85,"GLaD_0.5_unweighted",0.01,100
6,3,6,"abundance",0.85,"GLaD_0.5_weighted",0.17,100
6,3,6,"abundance",0.85,"GLaD_1_unweighted",0.04,100
6,3,6,"abundance",0.85,"GLaD_1_weighted",0.08,100
6,3,6,"abundance",0.85,"GUniFrac",0.51,100
6,3,6,"abundance",0.85,"aitchison",0.04,100
6,3,6,"abundance",0.85,"bray",0.25,100
6,3,6,"abundance",0.85,"euclidean",0.15,100
6,3,6,"abundance",0.85,"jaccard",0.25,100
6,3,6,"abundance",0.85,"unifrac_unweighted",0.02,100
6,3,6,"abundance",0.85,"unifrac_weighted_phyloseq",0.32,100
6,3,6,"abundance",0.9,"GLaD_0.5_unweighted",0.02,100
6,3,6,"abundance",0.9,"GLaD_0.5_weighted",0.18,100
6,3,6,"abundance",0.9,"GLaD_1_unweighted",0.05,100
6,3,6,"abundance",0.9,"GLaD_1_weighted",0.11,100
6,3,6,"abundance",0.9,"GUniFrac",0.58,100
6,3,6,"abundance",0.9,"aitchison",0.08,100
6,3,6,"abundance",0.9,"bray",0.22,100
6,3,6,"abundance",0.9,"euclidean",0.09,100
6,3,6,"abundance",0.9,"jaccard",0.23,100
6,3,6,"abundance",0.9,"unifrac_unweighted",0.08,100
6,3,6,"abundance",0.9,"unifrac_weighted_phyloseq",0.35,100
6,3,6,"abundance",0.95,"GLaD_0.5_unweighted",0.02,100
6,3,6,"abundance",0.95,"GLaD_0.5_weighted",0.29,100
6,3,6,"abundance",0.95,"GLaD_1_unweighted",0.05,100
6,3,6,"abundance",0.95,"GLaD_1_weighted",0.15,100
6,3,6,"abundance",0.95,"GUniFrac",0.72,100
6,3,6,"abundance",0.95,"aitchison",0.05,100
6,3,6,"abundance",0.95,"bray",0.34,100
6,3,6,"abundance",0.95,"euclidean",0.19,100
6,3,6,"abundance",0.95,"jaccard",0.31,100
6,3,6,"abundance",0.95,"unifrac_unweighted",0.03,100
6,3,6,"abundance",0.95,"unifrac_weighted_phyloseq",0.53,100
6,3,6,"abundance",1,"GLaD_0.5_unweighted",0.08,100
6,3,6,"abundance",1,"GLaD_0.5_weighted",0.29,100
6,3,6,"abundance",1,"GLaD_1_unweighted",0.04,100
6,3,6,"abundance",1,"GLaD_1_weighted",0.14,100
6,3,6,"abundance",1,"GUniFrac",0.76,100
6,3,6,"abundance",1,"aitchison",0.17,100
6,3,6,"abundance",1,"bray",0.41,100
6,3,6,"abundance",1,"euclidean",0.15,100
6,3,6,"abundance",1,"jaccard",0.43,100
6,3,6,"abundance",1,"unifrac_unweighted",0.08,100
6,3,6,"abundance",1,"unifrac_weighted_phyloseq",0.6,100
6,3,6,"both",0.05,"GLaD_0.5_unweighted",0.05,100
6,3,6,"both",0.05,"GLaD_0.5_weighted",0.07,100
6,3,6,"both",0.05,"GLaD_1_unweighted",0.07,100
6,3,6,"both",0.05,"GLaD_1_weighted",0.05,100
6,3,6,"both",0.05,"GUniFrac",0.07,100
6,3,6,"both",0.05,"aitchison",0.03,100
6,3,6,"both",0.05,"bray",0.06,100
6,3,6,"both",0.05,"euclidean",0.06,100
6,3,6,"both",0.05,"jaccard",0.06,100
6,3,6,"both",0.05,"unifrac_unweighted",0.05,100
6,3,6,"both",0.05,"unifrac_weighted_phyloseq",0.07,100
6,3,6,"both",0.1,"GLaD_0.5_unweighted",0.06,100
6,3,6,"both",0.1,"GLaD_0.5_weighted",0.01,100
6,3,6,"both",0.1,"GLaD_1_unweighted",0.03,100
6,3,6,"both",0.1,"GLaD_1_weighted",0.01,100
6,3,6,"both",0.1,"GUniFrac",0.04,100
6,3,6,"both",0.1,"aitchison",0.06,100
6,3,6,"both",0.1,"bray",0.06,100
6,3,6,"both",0.1,"euclidean",0.05,100
6,3,6,"both",0.1,"jaccard",0.06,100
6,3,6,"both",0.1,"unifrac_unweighted",0.06,100
6,3,6,"both",0.1,"unifrac_weighted_phyloseq",0.04,100
6,3,6,"both",0.15,"GLaD_0.5_unweighted",0.13,100
6,3,6,"both",0.15,"GLaD_0.5_weighted",0.08,100
6,3,6,"both",0.15,"GLaD_1_unweighted",0.02,100
6,3,6,"both",0.15,"GLaD_1_weighted",0.08,100
6,3,6,"both",0.15,"GUniFrac",0.08,100
6,3,6,"both",0.15,"aitchison",0.09,100
6,3,6,"both",0.15,"bray",0.05,100
6,3,6,"both",0.15,"euclidean",0.09,100
6,3,6,"both",0.15,"jaccard",0.07,100
6,3,6,"both",0.15,"unifrac_unweighted",0.15,100
6,3,6,"both",0.15,"unifrac_weighted_phyloseq",0.07,100
6,3,6,"both",0.2,"GLaD_0.5_unweighted",0.07,100
6,3,6,"both",0.2,"GLaD_0.5_weighted",0.09,100
6,3,6,"both",0.2,"GLaD_1_unweighted",0.07,100
6,3,6,"both",0.2,"GLaD_1_weighted",0.07,100
6,3,6,"both",0.2,"GUniFrac",0.12,100
6,3,6,"both",0.2,"aitchison",0.09,100
6,3,6,"both",0.2,"bray",0.11,100
6,3,6,"both",0.2,"euclidean",0.05,100
6,3,6,"both",0.2,"jaccard",0.11,100
6,3,6,"both",0.2,"unifrac_unweighted",0.1,100
6,3,6,"both",0.2,"unifrac_weighted_phyloseq",0.09,100
6,3,6,"both",0.25,"GLaD_0.5_unweighted",0.13,100
6,3,6,"both",0.25,"GLaD_0.5_weighted",0.04,100
6,3,6,"both",0.25,"GLaD_1_unweighted",0.13,100
6,3,6,"both",0.25,"GLaD_1_weighted",0.05,100
6,3,6,"both",0.25,"GUniFrac",0.11,100
6,3,6,"both",0.25,"aitchison",0.12,100
6,3,6,"both",0.25,"bray",0.08,100
6,3,6,"both",0.25,"euclidean",0.04,100
6,3,6,"both",0.25,"jaccard",0.08,100
6,3,6,"both",0.25,"unifrac_unweighted",0.18,100
6,3,6,"both",0.25,"unifrac_weighted_phyloseq",0.05,100
6,3,6,"both",0.3,"GLaD_0.5_unweighted",0.2,100
6,3,6,"both",0.3,"GLaD_0.5_weighted",0.05,100
6,3,6,"both",0.3,"GLaD_1_unweighted",0.13,100
6,3,6,"both",0.3,"GLaD_1_weighted",0.08,100
6,3,6,"both",0.3,"GUniFrac",0.17,100
6,3,6,"both",0.3,"aitchison",0.14,100
6,3,6,"both",0.3,"bray",0.09,100
6,3,6,"both",0.3,"euclidean",0.06,100
6,3,6,"both",0.3,"jaccard",0.09,100
6,3,6,"both",0.3,"unifrac_unweighted",0.23,100
6,3,6,"both",0.3,"unifrac_weighted_phyloseq",0.06,100
6,3,6,"both",0.35,"GLaD_0.5_unweighted",0.2,100
6,3,6,"both",0.35,"GLaD_0.5_weighted",0.06,100
6,3,6,"both",0.35,"GLaD_1_unweighted",0.19,100
6,3,6,"both",0.35,"GLaD_1_weighted",0.06,100
6,3,6,"both",0.35,"GUniFrac",0.24,100
6,3,6,"both",0.35,"aitchison",0.14,100
6,3,6,"both",0.35,"bray",0.09,100
6,3,6,"both",0.35,"euclidean",0.05,100
6,3,6,"both",0.35,"jaccard",0.09,100
6,3,6,"both",0.35,"unifrac_unweighted",0.27,100
6,3,6,"both",0.35,"unifrac_weighted_phyloseq",0.1,100
6,3,6,"both",0.4,"GLaD_0.5_unweighted",0.41,100
6,3,6,"both",0.4,"GLaD_0.5_weighted",0.16,100
6,3,6,"both",0.4,"GLaD_1_unweighted",0.15,100
6,3,6,"both",0.4,"GLaD_1_weighted",0.13,100
6,3,6,"both",0.4,"GUniFrac",0.42,100
6,3,6,"both",0.4,"aitchison",0.31,100
6,3,6,"both",0.4,"bray",0.19,100
6,3,6,"both",0.4,"euclidean",0.14,100
6,3,6,"both",0.4,"jaccard",0.18,100
6,3,6,"both",0.4,"unifrac_unweighted",0.45,100
6,3,6,"both",0.4,"unifrac_weighted_phyloseq",0.2,100
6,3,6,"both",0.45,"GLaD_0.5_unweighted",0.49,100
6,3,6,"both",0.45,"GLaD_0.5_weighted",0.09,100
6,3,6,"both",0.45,"GLaD_1_unweighted",0.25,100
6,3,6,"both",0.45,"GLaD_1_weighted",0.07,100
6,3,6,"both",0.45,"GUniFrac",0.53,100
6,3,6,"both",0.45,"aitchison",0.41,100
6,3,6,"both",0.45,"bray",0.12,100
6,3,6,"both",0.45,"euclidean",0.1,100
6,3,6,"both",0.45,"jaccard",0.13,100
6,3,6,"both",0.45,"unifrac_unweighted",0.58,100
6,3,6,"both",0.45,"unifrac_weighted_phyloseq",0.22,100
6,3,6,"both",0.5,"GLaD_0.5_unweighted",0.69,100
6,3,6,"both",0.5,"GLaD_0.5_weighted",0.15,100
6,3,6,"both",0.5,"GLaD_1_unweighted",0.31,100
6,3,6,"both",0.5,"GLaD_1_weighted",0.07,100
6,3,6,"both",0.5,"GUniFrac",0.79,100
6,3,6,"both",0.5,"aitchison",0.57,100
6,3,6,"both",0.5,"bray",0.21,100
6,3,6,"both",0.5,"euclidean",0.13,100
6,3,6,"both",0.5,"jaccard",0.21,100
6,3,6,"both",0.5,"unifrac_unweighted",0.78,100
6,3,6,"both",0.5,"unifrac_weighted_phyloseq",0.26,100
6,3,6,"both",0.55,"GLaD_0.5_unweighted",0.84,100
6,3,6,"both",0.55,"GLaD_0.5_weighted",0.18,100
6,3,6,"both",0.55,"GLaD_1_unweighted",0.33,100
6,3,6,"both",0.55,"GLaD_1_weighted",0.12,100
6,3,6,"both",0.55,"GUniFrac",0.92,100
6,3,6,"both",0.55,"aitchison",0.72,100
6,3,6,"both",0.55,"bray",0.32,100
6,3,6,"both",0.55,"euclidean",0.07,100
6,3,6,"both",0.55,"jaccard",0.27,100
6,3,6,"both",0.55,"unifrac_unweighted",0.89,100
6,3,6,"both",0.55,"unifrac_weighted_phyloseq",0.4,100
6,3,6,"both",0.6,"GLaD_0.5_unweighted",0.93,100
6,3,6,"both",0.6,"GLaD_0.5_weighted",0.23,100
6,3,6,"both",0.6,"GLaD_1_unweighted",0.48,100
6,3,6,"both",0.6,"GLaD_1_weighted",0.1,100
6,3,6,"both",0.6,"GUniFrac",0.97,100
6,3,6,"both",0.6,"aitchison",0.91,100
6,3,6,"both",0.6,"bray",0.33,100
6,3,6,"both",0.6,"euclidean",0.13,100
6,3,6,"both",0.6,"jaccard",0.31,100
6,3,6,"both",0.6,"unifrac_unweighted",0.92,100
6,3,6,"both",0.6,"unifrac_weighted_phyloseq",0.51,100
6,3,6,"both",0.65,"GLaD_0.5_unweighted",0.97,100
6,3,6,"both",0.65,"GLaD_0.5_weighted",0.27,100
6,3,6,"both",0.65,"GLaD_1_unweighted",0.51,100
6,3,6,"both",0.65,"GLaD_1_weighted",0.13,100
6,3,6,"both",0.65,"GUniFrac",1,100
6,3,6,"both",0.65,"aitchison",0.97,100
6,3,6,"both",0.65,"bray",0.5,100
6,3,6,"both",0.65,"euclidean",0.12,100
6,3,6,"both",0.65,"jaccard",0.5,100
6,3,6,"both",0.65,"unifrac_unweighted",1,100
6,3,6,"both",0.65,"unifrac_weighted_phyloseq",0.75,100
6,3,6,"both",0.7,"GLaD_0.5_unweighted",0.99,100
6,3,6,"both",0.7,"GLaD_0.5_weighted",0.36,100
6,3,6,"both",0.7,"GLaD_1_unweighted",0.54,100
6,3,6,"both",0.7,"GLaD_1_weighted",0.19,100
6,3,6,"both",0.7,"GUniFrac",0.98,100
6,3,6,"both",0.7,"aitchison",0.96,100
6,3,6,"both",0.7,"bray",0.52,100
6,3,6,"both",0.7,"euclidean",0.16,100
6,3,6,"both",0.7,"jaccard",0.52,100
6,3,6,"both",0.7,"unifrac_unweighted",1,100
6,3,6,"both",0.7,"unifrac_weighted_phyloseq",0.82,100
6,3,6,"both",0.75,"GLaD_0.5_unweighted",1,100
6,3,6,"both",0.75,"GLaD_0.5_weighted",0.51,100
6,3,6,"both",0.75,"GLaD_1_unweighted",0.63,100
6,3,6,"both",0.75,"GLaD_1_weighted",0.25,100
6,3,6,"both",0.75,"GUniFrac",1,100
6,3,6,"both",0.75,"aitchison",1,100
6,3,6,"both",0.75,"bray",0.73,100
6,3,6,"both",0.75,"euclidean",0.21,100
6,3,6,"both",0.75,"jaccard",0.69,100
6,3,6,"both",0.75,"unifrac_unweighted",1,100
6,3,6,"both",0.75,"unifrac_weighted_phyloseq",0.94,100
6,3,6,"both",0.8,"GLaD_0.5_unweighted",1,100
6,3,6,"both",0.8,"GLaD_0.5_weighted",0.57,100
6,3,6,"both",0.8,"GLaD_1_unweighted",0.74,100
6,3,6,"both",0.8,"GLaD_1_weighted",0.29,100
6,3,6,"both",0.8,"GUniFrac",1,100
6,3,6,"both",0.8,"aitchison",1,100
6,3,6,"both",0.8,"bray",0.81,100
6,3,6,"both",0.8,"euclidean",0.21,100
6,3,6,"both",0.8,"jaccard",0.79,100
6,3,6,"both",0.8,"unifrac_unweighted",1,100
6,3,6,"both",0.8,"unifrac_weighted_phyloseq",0.97,100
6,3,6,"both",0.85,"GLaD_0.5_unweighted",1,100
6,3,6,"both",0.85,"GLaD_0.5_weighted",0.79,100
6,3,6,"both",0.85,"GLaD_1_unweighted",0.78,100
6,3,6,"both",0.85,"GLaD_1_weighted",0.47,100
6,3,6,"both",0.85,"GUniFrac",1,100
6,3,6,"both",0.85,"aitchison",1,100
6,3,6,"both",0.85,"bray",0.93,100
6,3,6,"both",0.85,"euclidean",0.33,100
6,3,6,"both",0.85,"jaccard",0.94,100
6,3,6,"both",0.85,"unifrac_unweighted",1,100
6,3,6,"both",0.85,"unifrac_weighted_phyloseq",1,100
6,3,6,"both",0.9,"GLaD_0.5_unweighted",1,100
6,3,6,"both",0.9,"GLaD_0.5_weighted",0.76,100
6,3,6,"both",0.9,"GLaD_1_unweighted",0.74,100
6,3,6,"both",0.9,"GLaD_1_weighted",0.43,100
6,3,6,"both",0.9,"GUniFrac",1,100
6,3,6,"both",0.9,"aitchison",1,100
6,3,6,"both",0.9,"bray",0.96,100
6,3,6,"both",0.9,"euclidean",0.29,100
6,3,6,"both",0.9,"jaccard",0.95,100
6,3,6,"both",0.9,"unifrac_unweighted",1,100
6,3,6,"both",0.9,"unifrac_weighted_phyloseq",1,100
6,3,6,"both",0.95,"GLaD_0.5_unweighted",1,100
6,3,6,"both",0.95,"GLaD_0.5_weighted",0.9,100
6,3,6,"both",0.95,"GLaD_1_unweighted",0.75,100
6,3,6,"both",0.95,"GLaD_1_weighted",0.55,100
6,3,6,"both",0.95,"GUniFrac",1,100
6,3,6,"both",0.95,"aitchison",1,100
6,3,6,"both",0.95,"bray",1,100
6,3,6,"both",0.95,"euclidean",0.38,100
6,3,6,"both",0.95,"jaccard",1,100
6,3,6,"both",0.95,"unifrac_unweighted",1,100
6,3,6,"both",0.95,"unifrac_weighted_phyloseq",1,100
6,3,6,"both",1,"GLaD_0.5_unweighted",1,100
6,3,6,"both",1,"GLaD_0.5_weighted",0.95,100
6,3,6,"both",1,"GLaD_1_unweighted",0.81,100
6,3,6,"both",1,"GLaD_1_weighted",0.69,100
6,3,6,"both",1,"GUniFrac",1,100
6,3,6,"both",1,"aitchison",1,100
6,3,6,"both",1,"bray",1,100
6,3,6,"both",1,"euclidean",0.42,100
6,3,6,"both",1,"jaccard",1,100
6,3,6,"both",1,"unifrac_unweighted",1,100
6,3,6,"both",1,"unifrac_weighted_phyloseq",1,100
6,3,6,"prevalence",0.05,"GLaD_0.5_unweighted",0.05,100
6,3,6,"prevalence",0.05,"GLaD_0.5_weighted",0.05,100
6,3,6,"prevalence",0.05,"GLaD_1_unweighted",0.04,100
6,3,6,"prevalence",0.05,"GLaD_1_weighted",0.04,100
6,3,6,"prevalence",0.05,"GUniFrac",0.05,100
6,3,6,"prevalence",0.05,"aitchison",0.03,100
6,3,6,"prevalence",0.05,"bray",0.07,100
6,3,6,"prevalence",0.05,"euclidean",0.05,100
6,3,6,"prevalence",0.05,"jaccard",0.07,100
6,3,6,"prevalence",0.05,"unifrac_unweighted",0.06,100
6,3,6,"prevalence",0.05,"unifrac_weighted_phyloseq",0.07,100
6,3,6,"prevalence",0.1,"GLaD_0.5_unweighted",0.05,100
6,3,6,"prevalence",0.1,"GLaD_0.5_weighted",0.04,100
6,3,6,"prevalence",0.1,"GLaD_1_unweighted",0.08,100
6,3,6,"prevalence",0.1,"GLaD_1_weighted",0.04,100
6,3,6,"prevalence",0.1,"GUniFrac",0.03,100
6,3,6,"prevalence",0.1,"aitchison",0.04,100
6,3,6,"prevalence",0.1,"bray",0.01,100
6,3,6,"prevalence",0.1,"euclidean",0.04,100
6,3,6,"prevalence",0.1,"jaccard",0.01,100
6,3,6,"prevalence",0.1,"unifrac_unweighted",0.02,100
6,3,6,"prevalence",0.1,"unifrac_weighted_phyloseq",0.05,100
6,3,6,"prevalence",0.15,"GLaD_0.5_unweighted",0.03,100
6,3,6,"prevalence",0.15,"GLaD_0.5_weighted",0.04,100
6,3,6,"prevalence",0.15,"GLaD_1_unweighted",0.07,100
6,3,6,"prevalence",0.15,"GLaD_1_weighted",0.05,100
6,3,6,"prevalence",0.15,"GUniFrac",0.04,100
6,3,6,"prevalence",0.15,"aitchison",0.03,100
6,3,6,"prevalence",0.15,"bray",0.03,100
6,3,6,"prevalence",0.15,"euclidean",0.08,100
6,3,6,"prevalence",0.15,"jaccard",0.04,100
6,3,6,"prevalence",0.15,"unifrac_unweighted",0.02,100
6,3,6,"prevalence",0.15,"unifrac_weighted_phyloseq",0.06,100
6,3,6,"prevalence",0.2,"GLaD_0.5_unweighted",0.13,100
6,3,6,"prevalence",0.2,"GLaD_0.5_weighted",0.08,100
6,3,6,"prevalence",0.2,"GLaD_1_unweighted",0.09,100
6,3,6,"prevalence",0.2,"GLaD_1_weighted",0.09,100
6,3,6,"prevalence",0.2,"GUniFrac",0.05,100
6,3,6,"prevalence",0.2,"aitchison",0.08,100
6,3,6,"prevalence",0.2,"bray",0.05,100
6,3,6,"prevalence",0.2,"euclidean",0.09,100
6,3,6,"prevalence",0.2,"jaccard",0.05,100
6,3,6,"prevalence",0.2,"unifrac_unweighted",0.18,100
6,3,6,"prevalence",0.2,"unifrac_weighted_phyloseq",0.08,100
6,3,6,"prevalence",0.25,"GLaD_0.5_unweighted",0.12,100
6,3,6,"prevalence",0.25,"GLaD_0.5_weighted",0.02,100
6,3,6,"prevalence",0.25,"GLaD_1_unweighted",0.12,100
6,3,6,"prevalence",0.25,"GLaD_1_weighted",0.02,100
6,3,6,"prevalence",0.25,"GUniFrac",0.04,100
6,3,6,"prevalence",0.25,"aitchison",0.07,100
6,3,6,"prevalence",0.25,"bray",0.03,100
6,3,6,"prevalence",0.25,"euclidean",0.02,100
6,3,6,"prevalence",0.25,"jaccard",0.03,100
6,3,6,"prevalence",0.25,"unifrac_unweighted",0.16,100
6,3,6,"prevalence",0.25,"unifrac_weighted_phyloseq",0.01,100
6,3,6,"prevalence",0.3,"GLaD_0.5_unweighted",0.17,100
6,3,6,"prevalence",0.3,"GLaD_0.5_weighted",0.11,100
6,3,6,"prevalence",0.3,"GLaD_1_unweighted",0.11,100
6,3,6,"prevalence",0.3,"GLaD_1_weighted",0.08,100
6,3,6,"prevalence",0.3,"GUniFrac",0.11,100
6,3,6,"prevalence",0.3,"aitchison",0.09,100
6,3,6,"prevalence",0.3,"bray",0.05,100
6,3,6,"prevalence",0.3,"euclidean",0.04,100
6,3,6,"prevalence",0.3,"jaccard",0.05,100
6,3,6,"prevalence",0.3,"unifrac_unweighted",0.17,100
6,3,6,"prevalence",0.3,"unifrac_weighted_phyloseq",0.11,100
6,3,6,"prevalence",0.35,"GLaD_0.5_unweighted",0.24,100
6,3,6,"prevalence",0.35,"GLaD_0.5_weighted",0.05,100
6,3,6,"prevalence",0.35,"GLaD_1_unweighted",0.17,100
6,3,6,"prevalence",0.35,"GLaD_1_weighted",0.04,100
6,3,6,"prevalence",0.35,"GUniFrac",0.04,100
6,3,6,"prevalence",0.35,"aitchison",0.07,100
6,3,6,"prevalence",0.35,"bray",0.04,100
6,3,6,"prevalence",0.35,"euclidean",0.04,100
6,3,6,"prevalence",0.35,"jaccard",0.04,100
6,3,6,"prevalence",0.35,"unifrac_unweighted",0.32,100
6,3,6,"prevalence",0.35,"unifrac_weighted_phyloseq",0.05,100
6,3,6,"prevalence",0.4,"GLaD_0.5_unweighted",0.36,100
6,3,6,"prevalence",0.4,"GLaD_0.5_weighted",0.03,100
6,3,6,"prevalence",0.4,"GLaD_1_unweighted",0.19,100
6,3,6,"prevalence",0.4,"GLaD_1_weighted",0.02,100
6,3,6,"prevalence",0.4,"GUniFrac",0.1,100
6,3,6,"prevalence",0.4,"aitchison",0.15,100
6,3,6,"prevalence",0.4,"bray",0.06,100
6,3,6,"prevalence",0.4,"euclidean",0.04,100
6,3,6,"prevalence",0.4,"jaccard",0.07,100
6,3,6,"prevalence",0.4,"unifrac_unweighted",0.45,100
6,3,6,"prevalence",0.4,"unifrac_weighted_phyloseq",0.07,100
6,3,6,"prevalence",0.45,"GLaD_0.5_unweighted",0.53,100
6,3,6,"prevalence",0.45,"GLaD_0.5_weighted",0.02,100
6,3,6,"prevalence",0.45,"GLaD_1_unweighted",0.24,100
6,3,6,"prevalence",0.45,"GLaD_1_weighted",0.02,100
6,3,6,"prevalence",0.45,"GUniFrac",0.06,100
6,3,6,"prevalence",0.45,"aitchison",0.18,100
6,3,6,"prevalence",0.45,"bray",0.02,100
6,3,6,"prevalence",0.45,"euclidean",0.01,100
6,3,6,"prevalence",0.45,"jaccard",0.03,100
6,3,6,"prevalence",0.45,"unifrac_unweighted",0.61,100
6,3,6,"prevalence",0.45,"unifrac_weighted_phyloseq",0.01,100
6,3,6,"prevalence",0.5,"GLaD_0.5_unweighted",0.71,100
6,3,6,"prevalence",0.5,"GLaD_0.5_weighted",0.09,100
6,3,6,"prevalence",0.5,"GLaD_1_unweighted",0.39,100
6,3,6,"prevalence",0.5,"GLaD_1_weighted",0.1,100
6,3,6,"prevalence",0.5,"GUniFrac",0.2,100
6,3,6,"prevalence",0.5,"aitchison",0.33,100
6,3,6,"prevalence",0.5,"bray",0.11,100
6,3,6,"prevalence",0.5,"euclidean",0.03,100
6,3,6,"prevalence",0.5,"jaccard",0.12,100
6,3,6,"prevalence",0.5,"unifrac_unweighted",0.73,100
6,3,6,"prevalence",0.5,"unifrac_weighted_phyloseq",0.13,100
6,3,6,"prevalence",0.55,"GLaD_0.5_unweighted",0.79,100
6,3,6,"prevalence",0.55,"GLaD_0.5_weighted",0.1,100
6,3,6,"prevalence",0.55,"GLaD_1_unweighted",0.34,100
6,3,6,"prevalence",0.55,"GLaD_1_weighted",0.09,100
6,3,6,"prevalence",0.55,"GUniFrac",0.23,100
6,3,6,"prevalence",0.55,"aitchison",0.34,100
6,3,6,"prevalence",0.55,"bray",0.05,100
6,3,6,"prevalence",0.55,"euclidean",0.05,100
6,3,6,"prevalence",0.55,"jaccard",0.05,100
6,3,6,"prevalence",0.55,"unifrac_unweighted",0.86,100
6,3,6,"prevalence",0.55,"unifrac_weighted_phyloseq",0.08,100
6,3,6,"prevalence",0.6,"GLaD_0.5_unweighted",0.93,100
6,3,6,"prevalence",0.6,"GLaD_0.5_weighted",0.05,100
6,3,6,"prevalence",0.6,"GLaD_1_unweighted",0.35,100
6,3,6,"prevalence",0.6,"GLaD_1_weighted",0.05,100
6,3,6,"prevalence",0.6,"GUniFrac",0.23,100
6,3,6,"prevalence",0.6,"aitchison",0.42,100
6,3,6,"prevalence",0.6,"bray",0.05,100
6,3,6,"prevalence",0.6,"euclidean",0.06,100
6,3,6,"prevalence",0.6,"jaccard",0.05,100
6,3,6,"prevalence",0.6,"unifrac_unweighted",0.95,100
6,3,6,"prevalence",0.6,"unifrac_weighted_phyloseq",0.07,100
6,3,6,"prevalence",0.65,"GLaD_0.5_unweighted",0.95,100
6,3,6,"prevalence",0.65,"GLaD_0.5_weighted",0.05,100
6,3,6,"prevalence",0.65,"GLaD_1_unweighted",0.49,100
6,3,6,"prevalence",0.65,"GLaD_1_weighted",0.07,100
6,3,6,"prevalence",0.65,"GUniFrac",0.35,100
6,3,6,"prevalence",0.65,"aitchison",0.53,100
6,3,6,"prevalence",0.65,"bray",0.11,100
6,3,6,"prevalence",0.65,"euclidean",0.04,100
6,3,6,"prevalence",0.65,"jaccard",0.12,100
6,3,6,"prevalence",0.65,"unifrac_unweighted",0.98,100
6,3,6,"prevalence",0.65,"unifrac_weighted_phyloseq",0.09,100
6,3,6,"prevalence",0.7,"GLaD_0.5_unweighted",0.98,100
6,3,6,"prevalence",0.7,"GLaD_0.5_weighted",0.01,100
6,3,6,"prevalence",0.7,"GLaD_1_unweighted",0.43,100
6,3,6,"prevalence",0.7,"GLaD_1_weighted",0.04,100
6,3,6,"prevalence",0.7,"GUniFrac",0.34,100
6,3,6,"prevalence",0.7,"aitchison",0.74,100
6,3,6,"prevalence",0.7,"bray",0.06,100
6,3,6,"prevalence",0.7,"euclidean",0.07,100
6,3,6,"prevalence",0.7,"jaccard",0.06,100
6,3,6,"prevalence",0.7,"unifrac_unweighted",1,100
6,3,6,"prevalence",0.7,"unifrac_weighted_phyloseq",0.06,100
6,3,6,"prevalence",0.75,"GLaD_0.5_unweighted",1,100
6,3,6,"prevalence",0.75,"GLaD_0.5_weighted",0.03,100
6,3,6,"prevalence",0.75,"GLaD_1_unweighted",0.52,100
6,3,6,"prevalence",0.75,"GLaD_1_weighted",0.04,100
6,3,6,"prevalence",0.75,"GUniFrac",0.38,100
6,3,6,"prevalence",0.75,"aitchison",0.81,100
6,3,6,"prevalence",0.75,"bray",0.05,100
6,3,6,"prevalence",0.75,"euclidean",0.05,100
6,3,6,"prevalence",0.75,"jaccard",0.05,100
6,3,6,"prevalence",0.75,"unifrac_unweighted",1,100
6,3,6,"prevalence",0.75,"unifrac_weighted_phyloseq",0.07,100
6,3,6,"prevalence",0.8,"GLaD_0.5_unweighted",1,100
6,3,6,"prevalence",0.8,"GLaD_0.5_weighted",0.06,100
6,3,6,"prevalence",0.8,"GLaD_1_unweighted",0.68,100
6,3,6,"prevalence",0.8,"GLaD_1_weighted",0.06,100
6,3,6,"prevalence",0.8,"GUniFrac",0.54,100
6,3,6,"prevalence",0.8,"aitchison",0.86,100
6,3,6,"prevalence",0.8,"bray",0.09,100
6,3,6,"prevalence",0.8,"euclidean",0.08,100
6,3,6,"prevalence",0.8,"jaccard",0.09,100
6,3,6,"prevalence",0.8,"unifrac_unweighted",1,100
6,3,6,"prevalence",0.8,"unifrac_weighted_phyloseq",0.09,100
6,3,6,"prevalence",0.85,"GLaD_0.5_unweighted",1,100
6,3,6,"prevalence",0.85,"GLaD_0.5_weighted",0.02,100
6,3,6,"prevalence",0.85,"GLaD_1_unweighted",0.74,100
6,3,6,"prevalence",0.85,"GLaD_1_weighted",0.04,100
6,3,6,"prevalence",0.85,"GUniFrac",0.66,100
6,3,6,"prevalence",0.85,"aitchison",0.93,100
6,3,6,"prevalence",0.85,"bray",0.07,100
6,3,6,"prevalence",0.85,"euclidean",0.03,100
6,3,6,"prevalence",0.85,"jaccard",0.06,100
6,3,6,"prevalence",0.85,"unifrac_unweighted",1,100
6,3,6,"prevalence",0.85,"unifrac_weighted_phyloseq",0.07,100
6,3,6,"prevalence",0.9,"GLaD_0.5_unweighted",1,100
6,3,6,"prevalence",0.9,"GLaD_0.5_weighted",0.12,100
6,3,6,"prevalence",0.9,"GLaD_1_unweighted",0.82,100
6,3,6,"prevalence",0.9,"GLaD_1_weighted",0.1,100
6,3,6,"prevalence",0.9,"GUniFrac",0.8,100
6,3,6,"prevalence",0.9,"aitchison",0.97,100
6,3,6,"prevalence",0.9,"bray",0.14,100
6,3,6,"prevalence",0.9,"euclidean",0.06,100
6,3,6,"prevalence",0.9,"jaccard",0.13,100
6,3,6,"prevalence",0.9,"unifrac_unweighted",1,100
6,3,6,"prevalence",0.9,"unifrac_weighted_phyloseq",0.18,100
6,3,6,"prevalence",0.95,"GLaD_0.5_unweighted",1,100
6,3,6,"prevalence",0.95,"GLaD_0.5_weighted",0.05,100
6,3,6,"prevalence",0.95,"GLaD_1_unweighted",0.79,100
6,3,6,"prevalence",0.95,"GLaD_1_weighted",0.03,100
6,3,6,"prevalence",0.95,"GUniFrac",0.89,100
6,3,6,"prevalence",0.95,"aitchison",1,100
6,3,6,"prevalence",0.95,"bray",0.07,100
6,3,6,"prevalence",0.95,"euclidean",0.01,100
6,3,6,"prevalence",0.95,"jaccard",0.07,100
6,3,6,"prevalence",0.95,"unifrac_unweighted",1,100
6,3,6,"prevalence",0.95,"unifrac_weighted_phyloseq",0.15,100
6,3,6,"prevalence",1,"GLaD_0.5_unweighted",1,100
6,3,6,"prevalence",1,"GLaD_0.5_weighted",0.07,100
6,3,6,"prevalence",1,"GLaD_1_unweighted",0.85,100
6,3,6,"prevalence",1,"GLaD_1_weighted",0.05,100
6,3,6,"prevalence",1,"GUniFrac",0.88,100
6,3,6,"prevalence",1,"aitchison",1,100
6,3,6,"prevalence",1,"bray",0.14,100
6,3,6,"prevalence",1,"euclidean",0.08,100
6,3,6,"prevalence",1,"jaccard",0.13,100
6,3,6,"prevalence",1,"unifrac_unweighted",1,100
6,3,6,"prevalence",1,"unifrac_weighted_phyloseq",0.12,100
6,4,3,"abundance",0.05,"GLaD_0.5_unweighted",0.03,100
6,4,3,"abundance",0.05,"GLaD_0.5_weighted",0.05,100
6,4,3,"abundance",0.05,"GLaD_1_unweighted",0.06,100
6,4,3,"abundance",0.05,"GLaD_1_weighted",0.04,100
6,4,3,"abundance",0.05,"GUniFrac",0.03,100
6,4,3,"abundance",0.05,"aitchison",0.03,100
6,4,3,"abundance",0.05,"bray",0.02,100
6,4,3,"abundance",0.05,"euclidean",0.03,100
6,4,3,"abundance",0.05,"jaccard",0.03,100
6,4,3,"abundance",0.05,"unifrac_unweighted",0.04,100
6,4,3,"abundance",0.05,"unifrac_weighted_phyloseq",0.06,100
6,4,3,"abundance",0.1,"GLaD_0.5_unweighted",0.05,100
6,4,3,"abundance",0.1,"GLaD_0.5_weighted",0.07,100
6,4,3,"abundance",0.1,"GLaD_1_unweighted",0.07,100
6,4,3,"abundance",0.1,"GLaD_1_weighted",0.09,100
6,4,3,"abundance",0.1,"GUniFrac",0.02,100
6,4,3,"abundance",0.1,"aitchison",0.02,100
6,4,3,"abundance",0.1,"bray",0.04,100
6,4,3,"abundance",0.1,"euclidean",0.03,100
6,4,3,"abundance",0.1,"jaccard",0.04,100
6,4,3,"abundance",0.1,"unifrac_unweighted",0.05,100
6,4,3,"abundance",0.1,"unifrac_weighted_phyloseq",0.04,100
6,4,3,"abundance",0.15,"GLaD_0.5_unweighted",0.06,100
6,4,3,"abundance",0.15,"GLaD_0.5_weighted",0.05,100
6,4,3,"abundance",0.15,"GLaD_1_unweighted",0.07,100
6,4,3,"abundance",0.15,"GLaD_1_weighted",0.06,100
6,4,3,"abundance",0.15,"GUniFrac",0.04,100
6,4,3,"abundance",0.15,"aitchison",0.07,100
6,4,3,"abundance",0.15,"bray",0.04,100
6,4,3,"abundance",0.15,"euclidean",0.04,100
6,4,3,"abundance",0.15,"jaccard",0.04,100
6,4,3,"abundance",0.15,"unifrac_unweighted",0.06,100
6,4,3,"abundance",0.15,"unifrac_weighted_phyloseq",0.06,100
6,4,3,"abundance",0.2,"GLaD_0.5_unweighted",0.03,100
6,4,3,"abundance",0.2,"GLaD_0.5_weighted",0.03,100
6,4,3,"abundance",0.2,"GLaD_1_unweighted",0.04,100
6,4,3,"abundance",0.2,"GLaD_1_weighted",0.02,100
6,4,3,"abundance",0.2,"GUniFrac",0.08,100
6,4,3,"abundance",0.2,"aitchison",0.03,100
6,4,3,"abundance",0.2,"bray",0.06,100
6,4,3,"abundance",0.2,"euclidean",0.07,100
6,4,3,"abundance",0.2,"jaccard",0.06,100
6,4,3,"abundance",0.2,"unifrac_unweighted",0.05,100
6,4,3,"abundance",0.2,"unifrac_weighted_phyloseq",0.09,100
6,4,3,"abundance",0.25,"GLaD_0.5_unweighted",0.05,100
6,4,3,"abundance",0.25,"GLaD_0.5_weighted",0.09,100
6,4,3,"abundance",0.25,"GLaD_1_unweighted",0.06,100
6,4,3,"abundance",0.25,"GLaD_1_weighted",0.06,100
6,4,3,"abundance",0.25,"GUniFrac",0.12,100
6,4,3,"abundance",0.25,"aitchison",0.05,100
6,4,3,"abundance",0.25,"bray",0.07,100
6,4,3,"abundance",0.25,"euclidean",0.1,100
6,4,3,"abundance",0.25,"jaccard",0.07,100
6,4,3,"abundance",0.25,"unifrac_unweighted",0.03,100
6,4,3,"abundance",0.25,"unifrac_weighted_phyloseq",0.12,100
6,4,3,"abundance",0.3,"GLaD_0.5_unweighted",0.05,100
6,4,3,"abundance",0.3,"GLaD_0.5_weighted",0.08,100
6,4,3,"abundance",0.3,"GLaD_1_unweighted",0.05,100
6,4,3,"abundance",0.3,"GLaD_1_weighted",0.07,100
6,4,3,"abundance",0.3,"GUniFrac",0.14,100
6,4,3,"abundance",0.3,"aitchison",0.07,100
6,4,3,"abundance",0.3,"bray",0.08,100
6,4,3,"abundance",0.3,"euclidean",0.06,100
6,4,3,"abundance",0.3,"jaccard",0.07,100
6,4,3,"abundance",0.3,"unifrac_unweighted",0.03,100
6,4,3,"abundance",0.3,"unifrac_weighted_phyloseq",0.13,100
6,4,3,"abundance",0.35,"GLaD_0.5_unweighted",0.03,100
6,4,3,"abundance",0.35,"GLaD_0.5_weighted",0.06,100
6,4,3,"abundance",0.35,"GLaD_1_unweighted",0.05,100
6,4,3,"abundance",0.35,"GLaD_1_weighted",0.05,100
6,4,3,"abundance",0.35,"GUniFrac",0.09,100
6,4,3,"abundance",0.35,"aitchison",0.06,100
6,4,3,"abundance",0.35,"bray",0.08,100
6,4,3,"abundance",0.35,"euclidean",0.07,100
6,4,3,"abundance",0.35,"jaccard",0.05,100
6,4,3,"abundance",0.35,"unifrac_unweighted",0.03,100
6,4,3,"abundance",0.35,"unifrac_weighted_phyloseq",0.09,100
6,4,3,"abundance",0.4,"GLaD_0.5_unweighted",0.06,100
6,4,3,"abundance",0.4,"GLaD_0.5_weighted",0.12,100
6,4,3,"abundance",0.4,"GLaD_1_unweighted",0.04,100
6,4,3,"abundance",0.4,"GLaD_1_weighted",0.05,100
6,4,3,"abundance",0.4,"GUniFrac",0.25,100
6,4,3,"abundance",0.4,"aitchison",0.05,100
6,4,3,"abundance",0.4,"bray",0.15,100
6,4,3,"abundance",0.4,"euclidean",0.09,100
6,4,3,"abundance",0.4,"jaccard",0.14,100
6,4,3,"abundance",0.4,"unifrac_unweighted",0.05,100
6,4,3,"abundance",0.4,"unifrac_weighted_phyloseq",0.2,100
6,4,3,"abundance",0.45,"GLaD_0.5_unweighted",0.05,100
6,4,3,"abundance",0.45,"GLaD_0.5_weighted",0.2,100
6,4,3,"abundance",0.45,"GLaD_1_unweighted",0.08,100
6,4,3,"abundance",0.45,"GLaD_1_weighted",0.12,100
6,4,3,"abundance",0.45,"GUniFrac",0.37,100
6,4,3,"abundance",0.45,"aitchison",0.03,100
6,4,3,"abundance",0.45,"bray",0.18,100
6,4,3,"abundance",0.45,"euclidean",0.12,100
6,4,3,"abundance",0.45,"jaccard",0.17,100
6,4,3,"abundance",0.45,"unifrac_unweighted",0.05,100
6,4,3,"abundance",0.45,"unifrac_weighted_phyloseq",0.29,100
6,4,3,"abundance",0.5,"GLaD_0.5_unweighted",0.01,100
6,4,3,"abundance",0.5,"GLaD_0.5_weighted",0.25,100
6,4,3,"abundance",0.5,"GLaD_1_unweighted",0.08,100
6,4,3,"abundance",0.5,"GLaD_1_weighted",0.12,100
6,4,3,"abundance",0.5,"GUniFrac",0.4,100
6,4,3,"abundance",0.5,"aitchison",0.06,100
6,4,3,"abundance",0.5,"bray",0.3,100
6,4,3,"abundance",0.5,"euclidean",0.17,100
6,4,3,"abundance",0.5,"jaccard",0.31,100
6,4,3,"abundance",0.5,"unifrac_unweighted",0.02,100
6,4,3,"abundance",0.5,"unifrac_weighted_phyloseq",0.36,100
6,4,3,"abundance",0.55,"GLaD_0.5_unweighted",0.08,100
6,4,3,"abundance",0.55,"GLaD_0.5_weighted",0.25,100
6,4,3,"abundance",0.55,"GLaD_1_unweighted",0.06,100
6,4,3,"abundance",0.55,"GLaD_1_weighted",0.13,100
6,4,3,"abundance",0.55,"GUniFrac",0.5,100
6,4,3,"abundance",0.55,"aitchison",0.09,100
6,4,3,"abundance",0.55,"bray",0.25,100
6,4,3,"abundance",0.55,"euclidean",0.15,100
6,4,3,"abundance",0.55,"jaccard",0.23,100
6,4,3,"abundance",0.55,"unifrac_unweighted",0.06,100
6,4,3,"abundance",0.55,"unifrac_weighted_phyloseq",0.41,100
6,4,3,"abundance",0.6,"GLaD_0.5_unweighted",0.06,100
6,4,3,"abundance",0.6,"GLaD_0.5_weighted",0.26,100
6,4,3,"abundance",0.6,"GLaD_1_unweighted",0.04,100
6,4,3,"abundance",0.6,"GLaD_1_weighted",0.13,100
6,4,3,"abundance",0.6,"GUniFrac",0.58,100
6,4,3,"abundance",0.6,"aitchison",0.07,100
6,4,3,"abundance",0.6,"bray",0.38,100
6,4,3,"abundance",0.6,"euclidean",0.18,100
6,4,3,"abundance",0.6,"jaccard",0.36,100
6,4,3,"abundance",0.6,"unifrac_unweighted",0.04,100
6,4,3,"abundance",0.6,"unifrac_weighted_phyloseq",0.47,100
6,4,3,"abundance",0.65,"GLaD_0.5_unweighted",0.03,100
6,4,3,"abundance",0.65,"GLaD_0.5_weighted",0.41,100
6,4,3,"abundance",0.65,"GLaD_1_unweighted",0.01,100
6,4,3,"abundance",0.65,"GLaD_1_weighted",0.23,100
6,4,3,"abundance",0.65,"GUniFrac",0.76,100
6,4,3,"abundance",0.65,"aitchison",0.13,100
6,4,3,"abundance",0.65,"bray",0.54,100
6,4,3,"abundance",0.65,"euclidean",0.28,100
6,4,3,"abundance",0.65,"jaccard",0.48,100
6,4,3,"abundance",0.65,"unifrac_unweighted",0.05,100
6,4,3,"abundance",0.65,"unifrac_weighted_phyloseq",0.66,100
6,4,3,"abundance",0.7,"GLaD_0.5_unweighted",0.04,100
6,4,3,"abundance",0.7,"GLaD_0.5_weighted",0.47,100
6,4,3,"abundance",0.7,"GLaD_1_unweighted",0.06,100
6,4,3,"abundance",0.7,"GLaD_1_weighted",0.21,100
6,4,3,"abundance",0.7,"GUniFrac",0.83,100
6,4,3,"abundance",0.7,"aitchison",0.11,100
6,4,3,"abundance",0.7,"bray",0.59,100
6,4,3,"abundance",0.7,"euclidean",0.28,100
6,4,3,"abundance",0.7,"jaccard",0.57,100
6,4,3,"abundance",0.7,"unifrac_unweighted",0.08,100
6,4,3,"abundance",0.7,"unifrac_weighted_phyloseq",0.74,100
6,4,3,"abundance",0.75,"GLaD_0.5_unweighted",0.04,100
6,4,3,"abundance",0.75,"GLaD_0.5_weighted",0.61,100
6,4,3,"abundance",0.75,"GLaD_1_unweighted",0.03,100
6,4,3,"abundance",0.75,"GLaD_1_weighted",0.36,100
6,4,3,"abundance",0.75,"GUniFrac",0.88,100
6,4,3,"abundance",0.75,"aitchison",0.16,100
6,4,3,"abundance",0.75,"bray",0.6,100
6,4,3,"abundance",0.75,"euclidean",0.37,100
6,4,3,"abundance",0.75,"jaccard",0.6,100
6,4,3,"abundance",0.75,"unifrac_unweighted",0.03,100
6,4,3,"abundance",0.75,"unifrac_weighted_phyloseq",0.76,100
6,4,3,"abundance",0.8,"GLaD_0.5_unweighted",0.04,100
6,4,3,"abundance",0.8,"GLaD_0.5_weighted",0.51,100
6,4,3,"abundance",0.8,"GLaD_1_unweighted",0.04,100
6,4,3,"abundance",0.8,"GLaD_1_weighted",0.34,100
6,4,3,"abundance",0.8,"GUniFrac",0.87,100
6,4,3,"abundance",0.8,"aitchison",0.14,100
6,4,3,"abundance",0.8,"bray",0.7,100
6,4,3,"abundance",0.8,"euclidean",0.39,100
6,4,3,"abundance",0.8,"jaccard",0.69,100
6,4,3,"abundance",0.8,"unifrac_unweighted",0.06,100
6,4,3,"abundance",0.8,"unifrac_weighted_phyloseq",0.79,100
6,4,3,"abundance",0.85,"GLaD_0.5_unweighted",0.06,100
6,4,3,"abundance",0.85,"GLaD_0.5_weighted",0.66,100
6,4,3,"abundance",0.85,"GLaD_1_unweighted",0.06,100
6,4,3,"abundance",0.85,"GLaD_1_weighted",0.42,100
6,4,3,"abundance",0.85,"GUniFrac",0.94,100
6,4,3,"abundance",0.85,"aitchison",0.17,100
6,4,3,"abundance",0.85,"bray",0.8,100
6,4,3,"abundance",0.85,"euclidean",0.43,100
6,4,3,"abundance",0.85,"jaccard",0.73,100
6,4,3,"abundance",0.85,"unifrac_unweighted",0.06,100
6,4,3,"abundance",0.85,"unifrac_weighted_phyloseq",0.86,100
6,4,3,"abundance",0.9,"GLaD_0.5_unweighted",0.09,100
6,4,3,"abundance",0.9,"GLaD_0.5_weighted",0.69,100
6,4,3,"abundance",0.9,"GLaD_1_unweighted",0.06,100
6,4,3,"abundance",0.9,"GLaD_1_weighted",0.52,100
6,4,3,"abundance",0.9,"GUniFrac",1,100
6,4,3,"abundance",0.9,"aitchison",0.19,100
6,4,3,"abundance",0.9,"bray",0.86,100
6,4,3,"abundance",0.9,"euclidean",0.6,100
6,4,3,"abundance",0.9,"jaccard",0.85,100
6,4,3,"abundance",0.9,"unifrac_unweighted",0.08,100
6,4,3,"abundance",0.9,"unifrac_weighted_phyloseq",0.93,100
6,4,3,"abundance",0.95,"GLaD_0.5_unweighted",0.05,100
6,4,3,"abundance",0.95,"GLaD_0.5_weighted",0.79,100
6,4,3,"abundance",0.95,"GLaD_1_unweighted",0.05,100
6,4,3,"abundance",0.95,"GLaD_1_weighted",0.54,100
6,4,3,"abundance",0.95,"GUniFrac",0.99,100
6,4,3,"abundance",0.95,"aitchison",0.16,100
6,4,3,"abundance",0.95,"bray",0.89,100
6,4,3,"abundance",0.95,"euclidean",0.64,100
6,4,3,"abundance",0.95,"jaccard",0.87,100
6,4,3,"abundance",0.95,"unifrac_unweighted",0.03,100
6,4,3,"abundance",0.95,"unifrac_weighted_phyloseq",0.97,100
6,4,3,"abundance",1,"GLaD_0.5_unweighted",0.07,100
6,4,3,"abundance",1,"GLaD_0.5_weighted",0.85,100
6,4,3,"abundance",1,"GLaD_1_unweighted",0.05,100
6,4,3,"abundance",1,"GLaD_1_weighted",0.6,100
6,4,3,"abundance",1,"GUniFrac",0.99,100
6,4,3,"abundance",1,"aitchison",0.24,100
6,4,3,"abundance",1,"bray",0.94,100
6,4,3,"abundance",1,"euclidean",0.66,100
6,4,3,"abundance",1,"jaccard",0.93,100
6,4,3,"abundance",1,"unifrac_unweighted",0.04,100
6,4,3,"abundance",1,"unifrac_weighted_phyloseq",0.97,100
6,4,3,"both",0.05,"GLaD_0.5_unweighted",0.04,100
6,4,3,"both",0.05,"GLaD_0.5_weighted",0.05,100
6,4,3,"both",0.05,"GLaD_1_unweighted",0.03,100
6,4,3,"both",0.05,"GLaD_1_weighted",0.06,100
6,4,3,"both",0.05,"GUniFrac",0.06,100
6,4,3,"both",0.05,"aitchison",0.06,100
6,4,3,"both",0.05,"bray",0.07,100
6,4,3,"both",0.05,"euclidean",0.05,100
6,4,3,"both",0.05,"jaccard",0.09,100
6,4,3,"both",0.05,"unifrac_unweighted",0.01,100
6,4,3,"both",0.05,"unifrac_weighted_phyloseq",0.07,100
6,4,3,"both",0.1,"GLaD_0.5_unweighted",0.06,100
6,4,3,"both",0.1,"GLaD_0.5_weighted",0.06,100
6,4,3,"both",0.1,"GLaD_1_unweighted",0.05,100
6,4,3,"both",0.1,"GLaD_1_weighted",0.07,100
6,4,3,"both",0.1,"GUniFrac",0.08,100
6,4,3,"both",0.1,"aitchison",0.01,100
6,4,3,"both",0.1,"bray",0.08,100
6,4,3,"both",0.1,"euclidean",0.07,100
6,4,3,"both",0.1,"jaccard",0.07,100
6,4,3,"both",0.1,"unifrac_unweighted",0.06,100
6,4,3,"both",0.1,"unifrac_weighted_phyloseq",0.05,100
6,4,3,"both",0.15,"GLaD_0.5_unweighted",0.06,100
6,4,3,"both",0.15,"GLaD_0.5_weighted",0.05,100
6,4,3,"both",0.15,"GLaD_1_unweighted",0.05,100
6,4,3,"both",0.15,"GLaD_1_weighted",0.08,100
6,4,3,"both",0.15,"GUniFrac",0.08,100
6,4,3,"both",0.15,"aitchison",0.1,100
6,4,3,"both",0.15,"bray",0.08,100
6,4,3,"both",0.15,"euclidean",0.06,100
6,4,3,"both",0.15,"jaccard",0.07,100
6,4,3,"both",0.15,"unifrac_unweighted",0.06,100
6,4,3,"both",0.15,"unifrac_weighted_phyloseq",0.05,100
6,4,3,"both",0.2,"GLaD_0.5_unweighted",0.09,100
6,4,3,"both",0.2,"GLaD_0.5_weighted",0.05,100
6,4,3,"both",0.2,"GLaD_1_unweighted",0.11,100
6,4,3,"both",0.2,"GLaD_1_weighted",0.03,100
6,4,3,"both",0.2,"GUniFrac",0.09,100
6,4,3,"both",0.2,"aitchison",0.09,100
6,4,3,"both",0.2,"bray",0.09,100
6,4,3,"both",0.2,"euclidean",0.03,100
6,4,3,"both",0.2,"jaccard",0.07,100
6,4,3,"both",0.2,"unifrac_unweighted",0.05,100
6,4,3,"both",0.2,"unifrac_weighted_phyloseq",0.1,100
6,4,3,"both",0.25,"GLaD_0.5_unweighted",0.13,100
6,4,3,"both",0.25,"GLaD_0.5_weighted",0.06,100
6,4,3,"both",0.25,"GLaD_1_unweighted",0.09,100
6,4,3,"both",0.25,"GLaD_1_weighted",0.04,100
6,4,3,"both",0.25,"GUniFrac",0.21,100
6,4,3,"both",0.25,"aitchison",0.13,100
6,4,3,"both",0.25,"bray",0.1,100
6,4,3,"both",0.25,"euclidean",0.08,100
6,4,3,"both",0.25,"jaccard",0.12,100
6,4,3,"both",0.25,"unifrac_unweighted",0.12,100
6,4,3,"both",0.25,"unifrac_weighted_phyloseq",0.15,100
6,4,3,"both",0.3,"GLaD_0.5_unweighted",0.22,100
6,4,3,"both",0.3,"GLaD_0.5_weighted",0.12,100
6,4,3,"both",0.3,"GLaD_1_unweighted",0.14,100
6,4,3,"both",0.3,"GLaD_1_weighted",0.07,100
6,4,3,"both",0.3,"GUniFrac",0.29,100
6,4,3,"both",0.3,"aitchison",0.21,100
6,4,3,"both",0.3,"bray",0.12,100
6,4,3,"both",0.3,"euclidean",0.09,100
6,4,3,"both",0.3,"jaccard",0.13,100
6,4,3,"both",0.3,"unifrac_unweighted",0.14,100
6,4,3,"both",0.3,"unifrac_weighted_phyloseq",0.19,100
6,4,3,"both",0.35,"GLaD_0.5_unweighted",0.19,100
6,4,3,"both",0.35,"GLaD_0.5_weighted",0.18,100
6,4,3,"both",0.35,"GLaD_1_unweighted",0.1,100
6,4,3,"both",0.35,"GLaD_1_weighted",0.11,100
6,4,3,"both",0.35,"GUniFrac",0.46,100
6,4,3,"both",0.35,"aitchison",0.28,100
6,4,3,"both",0.35,"bray",0.18,100
6,4,3,"both",0.35,"euclidean",0.12,100
6,4,3,"both",0.35,"jaccard",0.19,100
6,4,3,"both",0.35,"unifrac_unweighted",0.16,100
6,4,3,"both",0.35,"unifrac_weighted_phyloseq",0.3,100
6,4,3,"both",0.4,"GLaD_0.5_unweighted",0.33,100
6,4,3,"both",0.4,"GLaD_0.5_weighted",0.24,100
6,4,3,"both",0.4,"GLaD_1_unweighted",0.23,100
6,4,3,"both",0.4,"GLaD_1_weighted",0.14,100
6,4,3,"both",0.4,"GUniFrac",0.69,100
6,4,3,"both",0.4,"aitchison",0.46,100
6,4,3,"both",0.4,"bray",0.33,100
6,4,3,"both",0.4,"euclidean",0.18,100
6,4,3,"both",0.4,"jaccard",0.28,100
6,4,3,"both",0.4,"unifrac_unweighted",0.25,100
6,4,3,"both",0.4,"unifrac_weighted_phyloseq",0.52,100
6,4,3,"both",0.45,"GLaD_0.5_unweighted",0.54,100
6,4,3,"both",0.45,"GLaD_0.5_weighted",0.28,100
6,4,3,"both",0.45,"GLaD_1_unweighted",0.29,100
6,4,3,"both",0.45,"GLaD_1_weighted",0.12,100
6,4,3,"both",0.45,"GUniFrac",0.72,100
6,4,3,"both",0.45,"aitchison",0.67,100
6,4,3,"both",0.45,"bray",0.45,100
6,4,3,"both",0.45,"euclidean",0.21,100
6,4,3,"both",0.45,"jaccard",0.42,100
6,4,3,"both",0.45,"unifrac_unweighted",0.38,100
6,4,3,"both",0.45,"unifrac_weighted_phyloseq",0.61,100
6,4,3,"both",0.5,"GLaD_0.5_unweighted",0.69,100
6,4,3,"both",0.5,"GLaD_0.5_weighted",0.39,100
6,4,3,"both",0.5,"GLaD_1_unweighted",0.32,100
6,4,3,"both",0.5,"GLaD_1_weighted",0.18,100
6,4,3,"both",0.5,"GUniFrac",0.93,100
6,4,3,"both",0.5,"aitchison",0.8,100
6,4,3,"both",0.5,"bray",0.62,100
6,4,3,"both",0.5,"euclidean",0.23,100
6,4,3,"both",0.5,"jaccard",0.57,100
6,4,3,"both",0.5,"unifrac_unweighted",0.4,100
6,4,3,"both",0.5,"unifrac_weighted_phyloseq",0.71,100
6,4,3,"both",0.55,"GLaD_0.5_unweighted",0.78,100
6,4,3,"both",0.55,"GLaD_0.5_weighted",0.4,100
6,4,3,"both",0.55,"GLaD_1_unweighted",0.28,100
6,4,3,"both",0.55,"GLaD_1_weighted",0.29,100
6,4,3,"both",0.55,"GUniFrac",0.97,100
6,4,3,"both",0.55,"aitchison",0.89,100
6,4,3,"both",0.55,"bray",0.66,100
6,4,3,"both",0.55,"euclidean",0.27,100
6,4,3,"both",0.55,"jaccard",0.64,100
6,4,3,"both",0.55,"unifrac_unweighted",0.62,100
6,4,3,"both",0.55,"unifrac_weighted_phyloseq",0.79,100
6,4,3,"both",0.6,"GLaD_0.5_unweighted",0.91,100
6,4,3,"both",0.6,"GLaD_0.5_weighted",0.62,100
6,4,3,"both",0.6,"GLaD_1_unweighted",0.34,100
6,4,3,"both",0.6,"GLaD_1_weighted",0.3,100
6,4,3,"both",0.6,"GUniFrac",0.98,100
6,4,3,"both",0.6,"aitchison",1,100
6,4,3,"both",0.6,"bray",0.75,100
6,4,3,"both",0.6,"euclidean",0.32,100
6,4,3,"both",0.6,"jaccard",0.76,100
6,4,3,"both",0.6,"unifrac_unweighted",0.68,100
6,4,3,"both",0.6,"unifrac_weighted_phyloseq",0.87,100
6,4,3,"both",0.65,"GLaD_0.5_unweighted",0.96,100
6,4,3,"both",0.65,"GLaD_0.5_weighted",0.54,100
6,4,3,"both",0.65,"GLaD_1_unweighted",0.45,100
6,4,3,"both",0.65,"GLaD_1_weighted",0.37,100
6,4,3,"both",0.65,"GUniFrac",0.99,100
6,4,3,"both",0.65,"aitchison",0.96,100
6,4,3,"both",0.65,"bray",0.84,100
6,4,3,"both",0.65,"euclidean",0.33,100
6,4,3,"both",0.65,"jaccard",0.8,100
6,4,3,"both",0.65,"unifrac_unweighted",0.87,100
6,4,3,"both",0.65,"unifrac_weighted_phyloseq",0.9,100
6,4,3,"both",0.7,"GLaD_0.5_unweighted",1,100
6,4,3,"both",0.7,"GLaD_0.5_weighted",0.72,100
6,4,3,"both",0.7,"GLaD_1_unweighted",0.49,100
6,4,3,"both",0.7,"GLaD_1_weighted",0.48,100
6,4,3,"both",0.7,"GUniFrac",1,100
6,4,3,"both",0.7,"aitchison",1,100
6,4,3,"both",0.7,"bray",0.95,100
6,4,3,"both",0.7,"euclidean",0.42,100
6,4,3,"both",0.7,"jaccard",0.94,100
6,4,3,"both",0.7,"unifrac_unweighted",0.93,100
6,4,3,"both",0.7,"unifrac_weighted_phyloseq",0.95,100
6,4,3,"both",0.75,"GLaD_0.5_unweighted",1,100
6,4,3,"both",0.75,"GLaD_0.5_weighted",0.83,100
6,4,3,"both",0.75,"GLaD_1_unweighted",0.64,100
6,4,3,"both",0.75,"GLaD_1_weighted",0.58,100
6,4,3,"both",0.75,"GUniFrac",1,100
6,4,3,"both",0.75,"aitchison",1,100
6,4,3,"both",0.75,"bray",0.98,100
6,4,3,"both",0.75,"euclidean",0.57,100
6,4,3,"both",0.75,"jaccard",0.98,100
6,4,3,"both",0.75,"unifrac_unweighted",0.93,100
6,4,3,"both",0.75,"unifrac_weighted_phyloseq",1,100
6,4,3,"both",0.8,"GLaD_0.5_unweighted",1,100
6,4,3,"both",0.8,"GLaD_0.5_weighted",0.88,100
6,4,3,"both",0.8,"GLaD_1_unweighted",0.66,100
6,4,3,"both",0.8,"GLaD_1_weighted",0.59,100
6,4,3,"both",0.8,"GUniFrac",1,100
6,4,3,"both",0.8,"aitchison",1,100
6,4,3,"both",0.8,"bray",0.98,100
6,4,3,"both",0.8,"euclidean",0.68,100
6,4,3,"both",0.8,"jaccard",0.98,100
6,4,3,"both",0.8,"unifrac_unweighted",0.99,100
6,4,3,"both",0.8,"unifrac_weighted_phyloseq",0.98,100
6,4,3,"both",0.85,"GLaD_0.5_unweighted",1,100
6,4,3,"both",0.85,"GLaD_0.5_weighted",0.9,100
6,4,3,"both",0.85,"GLaD_1_unweighted",0.64,100
6,4,3,"both",0.85,"GLaD_1_weighted",0.65,100
6,4,3,"both",0.85,"GUniFrac",1,100
6,4,3,"both",0.85,"aitchison",1,100
6,4,3,"both",0.85,"bray",1,100
6,4,3,"both",0.85,"euclidean",0.65,100
6,4,3,"both",0.85,"jaccard",0.99,100
6,4,3,"both",0.85,"unifrac_unweighted",1,100
6,4,3,"both",0.85,"unifrac_weighted_phyloseq",1,100
6,4,3,"both",0.9,"GLaD_0.5_unweighted",1,100
6,4,3,"both",0.9,"GLaD_0.5_weighted",0.93,100
6,4,3,"both",0.9,"GLaD_1_unweighted",0.72,100
6,4,3,"both",0.9,"GLaD_1_weighted",0.78,100
6,4,3,"both",0.9,"GUniFrac",1,100
6,4,3,"both",0.9,"aitchison",1,100
6,4,3,"both",0.9,"bray",1,100
6,4,3,"both",0.9,"euclidean",0.72,100
6,4,3,"both",0.9,"jaccard",1,100
6,4,3,"both",0.9,"unifrac_unweighted",1,100
6,4,3,"both",0.9,"unifrac_weighted_phyloseq",1,100
6,4,3,"both",0.95,"GLaD_0.5_unweighted",1,100
6,4,3,"both",0.95,"GLaD_0.5_weighted",1,100
6,4,3,"both",0.95,"GLaD_1_unweighted",0.84,100
6,4,3,"both",0.95,"GLaD_1_weighted",0.9,100
6,4,3,"both",0.95,"GUniFrac",1,100
6,4,3,"both",0.95,"aitchison",1,100
6,4,3,"both",0.95,"bray",1,100
6,4,3,"both",0.95,"euclidean",0.86,100
6,4,3,"both",0.95,"jaccard",1,100
6,4,3,"both",0.95,"unifrac_unweighted",1,100
6,4,3,"both",0.95,"unifrac_weighted_phyloseq",1,100
6,4,3,"both",1,"GLaD_0.5_unweighted",1,100
6,4,3,"both",1,"GLaD_0.5_weighted",0.97,100
6,4,3,"both",1,"GLaD_1_unweighted",0.85,100
6,4,3,"both",1,"GLaD_1_weighted",0.91,100
6,4,3,"both",1,"GUniFrac",1,100
6,4,3,"both",1,"aitchison",1,100
6,4,3,"both",1,"bray",1,100
6,4,3,"both",1,"euclidean",0.85,100
6,4,3,"both",1,"jaccard",1,100
6,4,3,"both",1,"unifrac_unweighted",1,100
6,4,3,"both",1,"unifrac_weighted_phyloseq",1,100
6,4,3,"prevalence",0.05,"GLaD_0.5_unweighted",0.06,100
6,4,3,"prevalence",0.05,"GLaD_0.5_weighted",0.05,100
6,4,3,"prevalence",0.05,"GLaD_1_unweighted",0.06,100
6,4,3,"prevalence",0.05,"GLaD_1_weighted",0.05,100
6,4,3,"prevalence",0.05,"GUniFrac",0.04,100
6,4,3,"prevalence",0.05,"aitchison",0.04,100
6,4,3,"prevalence",0.05,"bray",0.02,100
6,4,3,"prevalence",0.05,"euclidean",0.03,100
6,4,3,"prevalence",0.05,"jaccard",0.03,100
6,4,3,"prevalence",0.05,"unifrac_unweighted",0.07,100
6,4,3,"prevalence",0.05,"unifrac_weighted_phyloseq",0.04,100
6,4,3,"prevalence",0.1,"GLaD_0.5_unweighted",0.06,100
6,4,3,"prevalence",0.1,"GLaD_0.5_weighted",0.04,100
6,4,3,"prevalence",0.1,"GLaD_1_unweighted",0.1,100
6,4,3,"prevalence",0.1,"GLaD_1_weighted",0.04,100
6,4,3,"prevalence",0.1,"GUniFrac",0.06,100
6,4,3,"prevalence",0.1,"aitchison",0.02,100
6,4,3,"prevalence",0.1,"bray",0.05,100
6,4,3,"prevalence",0.1,"euclidean",0.04,100
6,4,3,"prevalence",0.1,"jaccard",0.06,100
6,4,3,"prevalence",0.1,"unifrac_unweighted",0.07,100
6,4,3,"prevalence",0.1,"unifrac_weighted_phyloseq",0.05,100
6,4,3,"prevalence",0.15,"GLaD_0.5_unweighted",0.04,100
6,4,3,"prevalence",0.15,"GLaD_0.5_weighted",0,100
6,4,3,"prevalence",0.15,"GLaD_1_unweighted",0.08,100
6,4,3,"prevalence",0.15,"GLaD_1_weighted",0,100
6,4,3,"prevalence",0.15,"GUniFrac",0.05,100
6,4,3,"prevalence",0.15,"aitchison",0.03,100
6,4,3,"prevalence",0.15,"bray",0.04,100
6,4,3,"prevalence",0.15,"euclidean",0.05,100
6,4,3,"prevalence",0.15,"jaccard",0.02,100
6,4,3,"prevalence",0.15,"unifrac_unweighted",0.07,100
6,4,3,"prevalence",0.15,"unifrac_weighted_phyloseq",0.01,100
6,4,3,"prevalence",0.2,"GLaD_0.5_unweighted",0.09,100
6,4,3,"prevalence",0.2,"GLaD_0.5_weighted",0.05,100
6,4,3,"prevalence",0.2,"GLaD_1_unweighted",0.08,100
6,4,3,"prevalence",0.2,"GLaD_1_weighted",0.07,100
6,4,3,"prevalence",0.2,"GUniFrac",0.07,100
6,4,3,"prevalence",0.2,"aitchison",0.06,100
6,4,3,"prevalence",0.2,"bray",0.04,100
6,4,3,"prevalence",0.2,"euclidean",0.02,100
6,4,3,"prevalence",0.2,"jaccard",0.03,100
6,4,3,"prevalence",0.2,"unifrac_unweighted",0.07,100
6,4,3,"prevalence",0.2,"unifrac_weighted_phyloseq",0.07,100
6,4,3,"prevalence",0.25,"GLaD_0.5_unweighted",0.17,100
6,4,3,"prevalence",0.25,"GLaD_0.5_weighted",0.05,100
6,4,3,"prevalence",0.25,"GLaD_1_unweighted",0.13,100
6,4,3,"prevalence",0.25,"GLaD_1_weighted",0.04,100
6,4,3,"prevalence",0.25,"GUniFrac",0.1,100
6,4,3,"prevalence",0.25,"aitchison",0.11,100
6,4,3,"prevalence",0.25,"bray",0.06,100
6,4,3,"prevalence",0.25,"euclidean",0.08,100
6,4,3,"prevalence",0.25,"jaccard",0.06,100
6,4,3,"prevalence",0.25,"unifrac_unweighted",0.11,100
6,4,3,"prevalence",0.25,"unifrac_weighted_phyloseq",0.07,100
6,4,3,"prevalence",0.3,"GLaD_0.5_unweighted",0.24,100
6,4,3,"prevalence",0.3,"GLaD_0.5_weighted",0.04,100
6,4,3,"prevalence",0.3,"GLaD_1_unweighted",0.14,100
6,4,3,"prevalence",0.3,"GLaD_1_weighted",0.08,100
6,4,3,"prevalence",0.3,"GUniFrac",0.07,100
6,4,3,"prevalence",0.3,"aitchison",0.09,100
6,4,3,"prevalence",0.3,"bray",0.03,100
6,4,3,"prevalence",0.3,"euclidean",0.03,100
6,4,3,"prevalence",0.3,"jaccard",0.05,100
6,4,3,"prevalence",0.3,"unifrac_unweighted",0.11,100
6,4,3,"prevalence",0.3,"unifrac_weighted_phyloseq",0.05,100
6,4,3,"prevalence",0.35,"GLaD_0.5_unweighted",0.29,100
6,4,3,"prevalence",0.35,"GLaD_0.5_weighted",0.03,100
6,4,3,"prevalence",0.35,"GLaD_1_unweighted",0.13,100
6,4,3,"prevalence",0.35,"GLaD_1_weighted",0.02,100
6,4,3,"prevalence",0.35,"GUniFrac",0.12,100
6,4,3,"prevalence",0.35,"aitchison",0.18,100
6,4,3,"prevalence",0.35,"bray",0.03,100
6,4,3,"prevalence",0.35,"euclidean",0.03,100
6,4,3,"prevalence",0.35,"jaccard",0.02,100
6,4,3,"prevalence",0.35,"unifrac_unweighted",0.2,100
6,4,3,"prevalence",0.35,"unifrac_weighted_phyloseq",0.04,100
6,4,3,"prevalence",0.4,"GLaD_0.5_unweighted",0.38,100
6,4,3,"prevalence",0.4,"GLaD_0.5_weighted",0.04,100
6,4,3,"prevalence",0.4,"GLaD_1_unweighted",0.16,100
6,4,3,"prevalence",0.4,"GLaD_1_weighted",0.05,100
6,4,3,"prevalence",0.4,"GUniFrac",0.08,100
6,4,3,"prevalence",0.4,"aitchison",0.19,100
6,4,3,"prevalence",0.4,"bray",0.07,100
6,4,3,"prevalence",0.4,"euclidean",0.07,100
6,4,3,"prevalence",0.4,"jaccard",0.06,100
6,4,3,"prevalence",0.4,"unifrac_unweighted",0.23,100
6,4,3,"prevalence",0.4,"unifrac_weighted_phyloseq",0.04,100
6,4,3,"prevalence",0.45,"GLaD_0.5_unweighted",0.47,100
6,4,3,"prevalence",0.45,"GLaD_0.5_weighted",0.05,100
6,4,3,"prevalence",0.45,"GLaD_1_unweighted",0.25,100
6,4,3,"prevalence",0.45,"GLaD_1_weighted",0.05,100
6,4,3,"prevalence",0.45,"GUniFrac",0.13,100
6,4,3,"prevalence",0.45,"aitchison",0.22,100
6,4,3,"prevalence",0.45,"bray",0.09,100
6,4,3,"prevalence",0.45,"euclidean",0.05,100
6,4,3,"prevalence",0.45,"jaccard",0.09,100
6,4,3,"prevalence",0.45,"unifrac_unweighted",0.34,100
6,4,3,"prevalence",0.45,"unifrac_weighted_phyloseq",0.08,100
6,4,3,"prevalence",0.5,"GLaD_0.5_unweighted",0.69,100
6,4,3,"prevalence",0.5,"GLaD_0.5_weighted",0.06,100
6,4,3,"prevalence",0.5,"GLaD_1_unweighted",0.32,100
6,4,3,"prevalence",0.5,"GLaD_1_weighted",0.05,100
6,4,3,"prevalence",0.5,"GUniFrac",0.1,100
6,4,3,"prevalence",0.5,"aitchison",0.33,100
6,4,3,"prevalence",0.5,"bray",0.07,100
6,4,3,"prevalence",0.5,"euclidean",0.08,100
6,4,3,"prevalence",0.5,"jaccard",0.07,100
6,4,3,"prevalence",0.5,"unifrac_unweighted",0.53,100
6,4,3,"prevalence",0.5,"unifrac_weighted_phyloseq",0.08,100
6,4,3,"prevalence",0.55,"GLaD_0.5_unweighted",0.74,100
6,4,3,"prevalence",0.55,"GLaD_0.5_weighted",0.06,100
6,4,3,"prevalence",0.55,"GLaD_1_unweighted",0.29,100
6,4,3,"prevalence",0.55,"GLaD_1_weighted",0.04,100
6,4,3,"prevalence",0.55,"GUniFrac",0.12,100
6,4,3,"prevalence",0.55,"aitchison",0.35,100
6,4,3,"prevalence",0.55,"bray",0.04,100
6,4,3,"prevalence",0.55,"euclidean",0.05,100
6,4,3,"prevalence",0.55,"jaccard",0.05,100
6,4,3,"prevalence",0.55,"unifrac_unweighted",0.53,100
6,4,3,"prevalence",0.55,"unifrac_weighted_phyloseq",0.07,100
6,4,3,"prevalence",0.6,"GLaD_0.5_unweighted",0.9,100
6,4,3,"prevalence",0.6,"GLaD_0.5_weighted",0.05,100
6,4,3,"prevalence",0.6,"GLaD_1_unweighted",0.39,100
6,4,3,"prevalence",0.6,"GLaD_1_weighted",0.06,100
6,4,3,"prevalence",0.6,"GUniFrac",0.23,100
6,4,3,"prevalence",0.6,"aitchison",0.6,100
6,4,3,"prevalence",0.6,"bray",0.08,100
6,4,3,"prevalence",0.6,"euclidean",0.03,100
6,4,3,"prevalence",0.6,"jaccard",0.06,100
6,4,3,"prevalence",0.6,"unifrac_unweighted",0.7,100
6,4,3,"prevalence",0.6,"unifrac_weighted_phyloseq",0.08,100
6,4,3,"prevalence",0.65,"GLaD_0.5_unweighted",0.98,100
6,4,3,"prevalence",0.65,"GLaD_0.5_weighted",0.08,100
6,4,3,"prevalence",0.65,"GLaD_1_unweighted",0.5,100
6,4,3,"prevalence",0.65,"GLaD_1_weighted",0.07,100
6,4,3,"prevalence",0.65,"GUniFrac",0.23,100
6,4,3,"prevalence",0.65,"aitchison",0.7,100
6,4,3,"prevalence",0.65,"bray",0.14,100
6,4,3,"prevalence",0.65,"euclidean",0.09,100
6,4,3,"prevalence",0.65,"jaccard",0.14,100
6,4,3,"prevalence",0.65,"unifrac_unweighted",0.84,100
6,4,3,"prevalence",0.65,"unifrac_weighted_phyloseq",0.11,100
6,4,3,"prevalence",0.7,"GLaD_0.5_unweighted",0.99,100
6,4,3,"prevalence",0.7,"GLaD_0.5_weighted",0.09,100
6,4,3,"prevalence",0.7,"GLaD_1_unweighted",0.48,100
6,4,3,"prevalence",0.7,"GLaD_1_weighted",0.09,100
6,4,3,"prevalence",0.7,"GUniFrac",0.23,100
6,4,3,"prevalence",0.7,"aitchison",0.72,100
6,4,3,"prevalence",0.7,"bray",0.07,100
6,4,3,"prevalence",0.7,"euclidean",0.06,100
6,4,3,"prevalence",0.7,"jaccard",0.07,100
6,4,3,"prevalence",0.7,"unifrac_unweighted",0.88,100
6,4,3,"prevalence",0.7,"unifrac_weighted_phyloseq",0.06,100
6,4,3,"prevalence",0.75,"GLaD_0.5_unweighted",1,100
6,4,3,"prevalence",0.75,"GLaD_0.5_weighted",0.05,100
6,4,3,"prevalence",0.75,"GLaD_1_unweighted",0.46,100
6,4,3,"prevalence",0.75,"GLaD_1_weighted",0.05,100
6,4,3,"prevalence",0.75,"GUniFrac",0.27,100
6,4,3,"prevalence",0.75,"aitchison",0.82,100
6,4,3,"prevalence",0.75,"bray",0.09,100
6,4,3,"prevalence",0.75,"euclidean",0.04,100
6,4,3,"prevalence",0.75,"jaccard",0.07,100
6,4,3,"prevalence",0.75,"unifrac_unweighted",0.93,100
6,4,3,"prevalence",0.75,"unifrac_weighted_phyloseq",0.11,100
6,4,3,"prevalence",0.8,"GLaD_0.5_unweighted",1,100
6,4,3,"prevalence",0.8,"GLaD_0.5_weighted",0.12,100
6,4,3,"prevalence",0.8,"GLaD_1_unweighted",0.6,100
6,4,3,"prevalence",0.8,"GLaD_1_weighted",0.1,100
6,4,3,"prevalence",0.8,"GUniFrac",0.36,100
6,4,3,"prevalence",0.8,"aitchison",0.9,100
6,4,3,"prevalence",0.8,"bray",0.16,100
6,4,3,"prevalence",0.8,"euclidean",0.06,100
6,4,3,"prevalence",0.8,"jaccard",0.11,100
6,4,3,"prevalence",0.8,"unifrac_unweighted",0.98,100
6,4,3,"prevalence",0.8,"unifrac_weighted_phyloseq",0.16,100
6,4,3,"prevalence",0.85,"GLaD_0.5_unweighted",1,100
6,4,3,"prevalence",0.85,"GLaD_0.5_weighted",0.04,100
6,4,3,"prevalence",0.85,"GLaD_1_unweighted",0.69,100
6,4,3,"prevalence",0.85,"GLaD_1_weighted",0.04,100
6,4,3,"prevalence",0.85,"GUniFrac",0.45,100
6,4,3,"prevalence",0.85,"aitchison",0.96,100
6,4,3,"prevalence",0.85,"bray",0.1,100
6,4,3,"prevalence",0.85,"euclidean",0.03,100
6,4,3,"prevalence",0.85,"jaccard",0.1,100
6,4,3,"prevalence",0.85,"unifrac_unweighted",0.99,100
6,4,3,"prevalence",0.85,"unifrac_weighted_phyloseq",0.1,100
6,4,3,"prevalence",0.9,"GLaD_0.5_unweighted",1,100
6,4,3,"prevalence",0.9,"GLaD_0.5_weighted",0.03,100
6,4,3,"prevalence",0.9,"GLaD_1_unweighted",0.73,100
6,4,3,"prevalence",0.9,"GLaD_1_weighted",0.04,100
6,4,3,"prevalence",0.9,"GUniFrac",0.44,100
6,4,3,"prevalence",0.9,"aitchison",0.97,100
6,4,3,"prevalence",0.9,"bray",0.06,100
6,4,3,"prevalence",0.9,"euclidean",0.05,100
6,4,3,"prevalence",0.9,"jaccard",0.07,100
6,4,3,"prevalence",0.9,"unifrac_unweighted",1,100
6,4,3,"prevalence",0.9,"unifrac_weighted_phyloseq",0.11,100
6,4,3,"prevalence",0.95,"GLaD_0.5_unweighted",1,100
6,4,3,"prevalence",0.95,"GLaD_0.5_weighted",0.06,100
6,4,3,"prevalence",0.95,"GLaD_1_unweighted",0.77,100
6,4,3,"prevalence",0.95,"GLaD_1_weighted",0.07,100
6,4,3,"prevalence",0.95,"GUniFrac",0.53,100
6,4,3,"prevalence",0.95,"aitchison",1,100
6,4,3,"prevalence",0.95,"bray",0.11,100
6,4,3,"prevalence",0.95,"euclidean",0.08,100
6,4,3,"prevalence",0.95,"jaccard",0.09,100
6,4,3,"prevalence",0.95,"unifrac_unweighted",1,100
6,4,3,"prevalence",0.95,"unifrac_weighted_phyloseq",0.16,100
6,4,3,"prevalence",1,"GLaD_0.5_unweighted",1,100
6,4,3,"prevalence",1,"GLaD_0.5_weighted",0.07,100
6,4,3,"prevalence",1,"GLaD_1_unweighted",0.81,100
6,4,3,"prevalence",1,"GLaD_1_weighted",0.05,100
6,4,3,"prevalence",1,"GUniFrac",0.69,100
6,4,3,"prevalence",1,"aitchison",1,100
6,4,3,"prevalence",1,"bray",0.13,100
6,4,3,"prevalence",1,"euclidean",0.05,100
6,4,3,"prevalence",1,"jaccard",0.12,100
6,4,3,"prevalence",1,"unifrac_unweighted",1,100
6,4,3,"prevalence",1,"unifrac_weighted_phyloseq",0.2,100
6,5,4,"abundance",0.05,"GLaD_0.5_unweighted",0.06,100
6,5,4,"abundance",0.05,"GLaD_0.5_weighted",0.01,100
6,5,4,"abundance",0.05,"GLaD_1_unweighted",0.05,100
6,5,4,"abundance",0.05,"GLaD_1_weighted",0,100
6,5,4,"abundance",0.05,"GUniFrac",0.02,100
6,5,4,"abundance",0.05,"aitchison",0.05,100
6,5,4,"abundance",0.05,"bray",0.02,100
6,5,4,"abundance",0.05,"euclidean",0.05,100
6,5,4,"abundance",0.05,"jaccard",0.01,100
6,5,4,"abundance",0.05,"unifrac_unweighted",0.03,100
6,5,4,"abundance",0.05,"unifrac_weighted_phyloseq",0.02,100
6,5,4,"abundance",0.1,"GLaD_0.5_unweighted",0.03,100
6,5,4,"abundance",0.1,"GLaD_0.5_weighted",0.04,100
6,5,4,"abundance",0.1,"GLaD_1_unweighted",0.04,100
6,5,4,"abundance",0.1,"GLaD_1_weighted",0.04,100
6,5,4,"abundance",0.1,"GUniFrac",0.05,100
6,5,4,"abundance",0.1,"aitchison",0.02,100
6,5,4,"abundance",0.1,"bray",0.06,100
6,5,4,"abundance",0.1,"euclidean",0.03,100
6,5,4,"abundance",0.1,"jaccard",0.06,100
6,5,4,"abundance",0.1,"unifrac_unweighted",0.04,100
6,5,4,"abundance",0.1,"unifrac_weighted_phyloseq",0.06,100
6,5,4,"abundance",0.15,"GLaD_0.5_unweighted",0.04,100
6,5,4,"abundance",0.15,"GLaD_0.5_weighted",0.06,100
6,5,4,"abundance",0.15,"GLaD_1_unweighted",0.08,100
6,5,4,"abundance",0.15,"GLaD_1_weighted",0.05,100
6,5,4,"abundance",0.15,"GUniFrac",0.05,100
6,5,4,"abundance",0.15,"aitchison",0.05,100
6,5,4,"abundance",0.15,"bray",0.07,100
6,5,4,"abundance",0.15,"euclidean",0.05,100
6,5,4,"abundance",0.15,"jaccard",0.07,100
6,5,4,"abundance",0.15,"unifrac_unweighted",0.03,100
6,5,4,"abundance",0.15,"unifrac_weighted_phyloseq",0.06,100
6,5,4,"abundance",0.2,"GLaD_0.5_unweighted",0.09,100
6,5,4,"abundance",0.2,"GLaD_0.5_weighted",0.05,100
6,5,4,"abundance",0.2,"GLaD_1_unweighted",0.07,100
6,5,4,"abundance",0.2,"GLaD_1_weighted",0.05,100
6,5,4,"abundance",0.2,"GUniFrac",0.11,100
6,5,4,"abundance",0.2,"aitchison",0.09,100
6,5,4,"abundance",0.2,"bray",0.08,100
6,5,4,"abundance",0.2,"euclidean",0.04,100
6,5,4,"abundance",0.2,"jaccard",0.07,100
6,5,4,"abundance",0.2,"unifrac_unweighted",0.06,100
6,5,4,"abundance",0.2,"unifrac_weighted_phyloseq",0.09,100
6,5,4,"abundance",0.25,"GLaD_0.5_unweighted",0.06,100
6,5,4,"abundance",0.25,"GLaD_0.5_weighted",0.13,100
6,5,4,"abundance",0.25,"GLaD_1_unweighted",0.04,100
6,5,4,"abundance",0.25,"GLaD_1_weighted",0.1,100
6,5,4,"abundance",0.25,"GUniFrac",0.11,100
6,5,4,"abundance",0.25,"aitchison",0.09,100
6,5,4,"abundance",0.25,"bray",0.1,100
6,5,4,"abundance",0.25,"euclidean",0.09,100
6,5,4,"abundance",0.25,"jaccard",0.09,100
6,5,4,"abundance",0.25,"unifrac_unweighted",0.06,100
6,5,4,"abundance",0.25,"unifrac_weighted_phyloseq",0.1,100
6,5,4,"abundance",0.3,"GLaD_0.5_unweighted",0.02,100
6,5,4,"abundance",0.3,"GLaD_0.5_weighted",0.12,100
6,5,4,"abundance",0.3,"GLaD_1_unweighted",0.01,100
6,5,4,"abundance",0.3,"GLaD_1_weighted",0.08,100
6,5,4,"abundance",0.3,"GUniFrac",0.12,100
6,5,4,"abundance",0.3,"aitchison",0.08,100
6,5,4,"abundance",0.3,"bray",0.14,100
6,5,4,"abundance",0.3,"euclidean",0.13,100
6,5,4,"abundance",0.3,"jaccard",0.13,100
6,5,4,"abundance",0.3,"unifrac_unweighted",0.06,100
6,5,4,"abundance",0.3,"unifrac_weighted_phyloseq",0.12,100
6,5,4,"abundance",0.35,"GLaD_0.5_unweighted",0.09,100
6,5,4,"abundance",0.35,"GLaD_0.5_weighted",0.11,100
6,5,4,"abundance",0.35,"GLaD_1_unweighted",0.09,100
6,5,4,"abundance",0.35,"GLaD_1_weighted",0.1,100
6,5,4,"abundance",0.35,"GUniFrac",0.13,100
6,5,4,"abundance",0.35,"aitchison",0.12,100
6,5,4,"abundance",0.35,"bray",0.13,100
6,5,4,"abundance",0.35,"euclidean",0.07,100
6,5,4,"abundance",0.35,"jaccard",0.13,100
6,5,4,"abundance",0.35,"unifrac_unweighted",0.08,100
6,5,4,"abundance",0.35,"unifrac_weighted_phyloseq",0.12,100
6,5,4,"abundance",0.4,"GLaD_0.5_unweighted",0.01,100
6,5,4,"abundance",0.4,"GLaD_0.5_weighted",0.12,100
6,5,4,"abundance",0.4,"GLaD_1_unweighted",0.04,100
6,5,4,"abundance",0.4,"GLaD_1_weighted",0.1,100
6,5,4,"abundance",0.4,"GUniFrac",0.12,100
6,5,4,"abundance",0.4,"aitchison",0.04,100
6,5,4,"abundance",0.4,"bray",0.13,100
6,5,4,"abundance",0.4,"euclidean",0.1,100
6,5,4,"abundance",0.4,"jaccard",0.14,100
6,5,4,"abundance",0.4,"unifrac_unweighted",0.01,100
6,5,4,"abundance",0.4,"unifrac_weighted_phyloseq",0.13,100
6,5,4,"abundance",0.45,"GLaD_0.5_unweighted",0.05,100
6,5,4,"abundance",0.45,"GLaD_0.5_weighted",0.24,100
6,5,4,"abundance",0.45,"GLaD_1_unweighted",0.03,100
6,5,4,"abundance",0.45,"GLaD_1_weighted",0.22,100
6,5,4,"abundance",0.45,"GUniFrac",0.2,100
6,5,4,"abundance",0.45,"aitchison",0.08,100
6,5,4,"abundance",0.45,"bray",0.16,100
6,5,4,"abundance",0.45,"euclidean",0.12,100
6,5,4,"abundance",0.45,"jaccard",0.15,100
6,5,4,"abundance",0.45,"unifrac_unweighted",0.05,100
6,5,4,"abundance",0.45,"unifrac_weighted_phyloseq",0.2,100
6,5,4,"abundance",0.5,"GLaD_0.5_unweighted",0.07,100
6,5,4,"abundance",0.5,"GLaD_0.5_weighted",0.22,100
6,5,4,"abundance",0.5,"GLaD_1_unweighted",0.08,100
6,5,4,"abundance",0.5,"GLaD_1_weighted",0.14,100
6,5,4,"abundance",0.5,"GUniFrac",0.3,100
6,5,4,"abundance",0.5,"aitchison",0.06,100
6,5,4,"abundance",0.5,"bray",0.24,100
6,5,4,"abundance",0.5,"euclidean",0.17,100
6,5,4,"abundance",0.5,"jaccard",0.24,100
6,5,4,"abundance",0.5,"unifrac_unweighted",0.06,100
6,5,4,"abundance",0.5,"unifrac_weighted_phyloseq",0.27,100
6,5,4,"abundance",0.55,"GLaD_0.5_unweighted",0.06,100
6,5,4,"abundance",0.55,"GLaD_0.5_weighted",0.24,100
6,5,4,"abundance",0.55,"GLaD_1_unweighted",0.07,100
6,5,4,"abundance",0.55,"GLaD_1_weighted",0.19,100
6,5,4,"abundance",0.55,"GUniFrac",0.37,100
6,5,4,"abundance",0.55,"aitchison",0.05,100
6,5,4,"abundance",0.55,"bray",0.3,100
6,5,4,"abundance",0.55,"euclidean",0.11,100
6,5,4,"abundance",0.55,"jaccard",0.28,100
6,5,4,"abundance",0.55,"unifrac_unweighted",0.05,100
6,5,4,"abundance",0.55,"unifrac_weighted_phyloseq",0.31,100
6,5,4,"abundance",0.6,"GLaD_0.5_unweighted",0.03,100
6,5,4,"abundance",0.6,"GLaD_0.5_weighted",0.3,100
6,5,4,"abundance",0.6,"GLaD_1_unweighted",0.03,100
6,5,4,"abundance",0.6,"GLaD_1_weighted",0.25,100
6,5,4,"abundance",0.6,"GUniFrac",0.4,100
6,5,4,"abundance",0.6,"aitchison",0.06,100
6,5,4,"abundance",0.6,"bray",0.23,100
6,5,4,"abundance",0.6,"euclidean",0.12,100
6,5,4,"abundance",0.6,"jaccard",0.22,100
6,5,4,"abundance",0.6,"unifrac_unweighted",0.05,100
6,5,4,"abundance",0.6,"unifrac_weighted_phyloseq",0.3,100
6,5,4,"abundance",0.65,"GLaD_0.5_unweighted",0.05,100
6,5,4,"abundance",0.65,"GLaD_0.5_weighted",0.35,100
6,5,4,"abundance",0.65,"GLaD_1_unweighted",0.04,100
6,5,4,"abundance",0.65,"GLaD_1_weighted",0.3,100
6,5,4,"abundance",0.65,"GUniFrac",0.6,100
6,5,4,"abundance",0.65,"aitchison",0.09,100
6,5,4,"abundance",0.65,"bray",0.43,100
6,5,4,"abundance",0.65,"euclidean",0.2,100
6,5,4,"abundance",0.65,"jaccard",0.46,100
6,5,4,"abundance",0.65,"unifrac_unweighted",0.07,100
6,5,4,"abundance",0.65,"unifrac_weighted_phyloseq",0.45,100
6,5,4,"abundance",0.7,"GLaD_0.5_unweighted",0.09,100
6,5,4,"abundance",0.7,"GLaD_0.5_weighted",0.47,100
6,5,4,"abundance",0.7,"GLaD_1_unweighted",0.05,100
6,5,4,"abundance",0.7,"GLaD_1_weighted",0.37,100
6,5,4,"abundance",0.7,"GUniFrac",0.7,100
6,5,4,"abundance",0.7,"aitchison",0.17,100
6,5,4,"abundance",0.7,"bray",0.47,100
6,5,4,"abundance",0.7,"euclidean",0.27,100
6,5,4,"abundance",0.7,"jaccard",0.44,100
6,5,4,"abundance",0.7,"unifrac_unweighted",0.07,100
6,5,4,"abundance",0.7,"unifrac_weighted_phyloseq",0.54,100
6,5,4,"abundance",0.75,"GLaD_0.5_unweighted",0.02,100
6,5,4,"abundance",0.75,"GLaD_0.5_weighted",0.57,100
6,5,4,"abundance",0.75,"GLaD_1_unweighted",0.06,100
6,5,4,"abundance",0.75,"GLaD_1_weighted",0.47,100
6,5,4,"abundance",0.75,"GUniFrac",0.75,100
6,5,4,"abundance",0.75,"aitchison",0.06,100
6,5,4,"abundance",0.75,"bray",0.6,100
6,5,4,"abundance",0.75,"euclidean",0.36,100
6,5,4,"abundance",0.75,"jaccard",0.56,100
6,5,4,"abundance",0.75,"unifrac_unweighted",0.02,100
6,5,4,"abundance",0.75,"unifrac_weighted_phyloseq",0.67,100
6,5,4,"abundance",0.8,"GLaD_0.5_unweighted",0.04,100
6,5,4,"abundance",0.8,"GLaD_0.5_weighted",0.66,100
6,5,4,"abundance",0.8,"GLaD_1_unweighted",0.02,100
6,5,4,"abundance",0.8,"GLaD_1_weighted",0.54,100
6,5,4,"abundance",0.8,"GUniFrac",0.9,100
6,5,4,"abundance",0.8,"aitchison",0.12,100
6,5,4,"abundance",0.8,"bray",0.74,100
6,5,4,"abundance",0.8,"euclidean",0.42,100
6,5,4,"abundance",0.8,"jaccard",0.72,100
6,5,4,"abundance",0.8,"unifrac_unweighted",0.03,100
6,5,4,"abundance",0.8,"unifrac_weighted_phyloseq",0.8,100
6,5,4,"abundance",0.85,"GLaD_0.5_unweighted",0.05,100
6,5,4,"abundance",0.85,"GLaD_0.5_weighted",0.54,100
6,5,4,"abundance",0.85,"GLaD_1_unweighted",0.02,100
6,5,4,"abundance",0.85,"GLaD_1_weighted",0.53,100
6,5,4,"abundance",0.85,"GUniFrac",0.92,100
6,5,4,"abundance",0.85,"aitchison",0.11,100
6,5,4,"abundance",0.85,"bray",0.71,100
6,5,4,"abundance",0.85,"euclidean",0.39,100
6,5,4,"abundance",0.85,"jaccard",0.68,100
6,5,4,"abundance",0.85,"unifrac_unweighted",0.03,100
6,5,4,"abundance",0.85,"unifrac_weighted_phyloseq",0.7,100
6,5,4,"abundance",0.9,"GLaD_0.5_unweighted",0.05,100
6,5,4,"abundance",0.9,"GLaD_0.5_weighted",0.71,100
6,5,4,"abundance",0.9,"GLaD_1_unweighted",0.1,100
6,5,4,"abundance",0.9,"GLaD_1_weighted",0.62,100
6,5,4,"abundance",0.9,"GUniFrac",0.94,100
6,5,4,"abundance",0.9,"aitchison",0.17,100
6,5,4,"abundance",0.9,"bray",0.82,100
6,5,4,"abundance",0.9,"euclidean",0.48,100
6,5,4,"abundance",0.9,"jaccard",0.82,100
6,5,4,"abundance",0.9,"unifrac_unweighted",0.05,100
6,5,4,"abundance",0.9,"unifrac_weighted_phyloseq",0.84,100
6,5,4,"abundance",0.95,"GLaD_0.5_unweighted",0.05,100
6,5,4,"abundance",0.95,"GLaD_0.5_weighted",0.75,100
6,5,4,"abundance",0.95,"GLaD_1_unweighted",0.07,100
6,5,4,"abundance",0.95,"GLaD_1_weighted",0.67,100
6,5,4,"abundance",0.95,"GUniFrac",0.95,100
6,5,4,"abundance",0.95,"aitchison",0.2,100
6,5,4,"abundance",0.95,"bray",0.85,100
6,5,4,"abundance",0.95,"euclidean",0.49,100
6,5,4,"abundance",0.95,"jaccard",0.81,100
6,5,4,"abundance",0.95,"unifrac_unweighted",0.07,100
6,5,4,"abundance",0.95,"unifrac_weighted_phyloseq",0.87,100
6,5,4,"abundance",1,"GLaD_0.5_unweighted",0.08,100
6,5,4,"abundance",1,"GLaD_0.5_weighted",0.84,100
6,5,4,"abundance",1,"GLaD_1_unweighted",0.07,100
6,5,4,"abundance",1,"GLaD_1_weighted",0.73,100
6,5,4,"abundance",1,"GUniFrac",0.98,100
6,5,4,"abundance",1,"aitchison",0.28,100
6,5,4,"abundance",1,"bray",0.94,100
6,5,4,"abundance",1,"euclidean",0.57,100
6,5,4,"abundance",1,"jaccard",0.93,100
6,5,4,"abundance",1,"unifrac_unweighted",0.1,100
6,5,4,"abundance",1,"unifrac_weighted_phyloseq",0.93,100
6,5,4,"both",0.05,"GLaD_0.5_unweighted",0.07,100
6,5,4,"both",0.05,"GLaD_0.5_weighted",0.06,100
6,5,4,"both",0.05,"GLaD_1_unweighted",0.06,100
6,5,4,"both",0.05,"GLaD_1_weighted",0.08,100
6,5,4,"both",0.05,"GUniFrac",0.06,100
6,5,4,"both",0.05,"aitchison",0.07,100
6,5,4,"both",0.05,"bray",0.05,100
6,5,4,"both",0.05,"euclidean",0.07,100
6,5,4,"both",0.05,"jaccard",0.04,100
6,5,4,"both",0.05,"unifrac_unweighted",0.06,100
6,5,4,"both",0.05,"unifrac_weighted_phyloseq",0.1,100
6,5,4,"both",0.1,"GLaD_0.5_unweighted",0.04,100
6,5,4,"both",0.1,"GLaD_0.5_weighted",0.05,100
6,5,4,"both",0.1,"GLaD_1_unweighted",0.08,100
6,5,4,"both",0.1,"GLaD_1_weighted",0.04,100
6,5,4,"both",0.1,"GUniFrac",0.07,100
6,5,4,"both",0.1,"aitchison",0.05,100
6,5,4,"both",0.1,"bray",0.05,100
6,5,4,"both",0.1,"euclidean",0.03,100
6,5,4,"both",0.1,"jaccard",0.04,100
6,5,4,"both",0.1,"unifrac_unweighted",0.09,100
6,5,4,"both",0.1,"unifrac_weighted_phyloseq",0.08,100
6,5,4,"both",0.15,"GLaD_0.5_unweighted",0.02,100
6,5,4,"both",0.15,"GLaD_0.5_weighted",0.07,100
6,5,4,"both",0.15,"GLaD_1_unweighted",0.07,100
6,5,4,"both",0.15,"GLaD_1_weighted",0.04,100
6,5,4,"both",0.15,"GUniFrac",0.05,100
6,5,4,"both",0.15,"aitchison",0.07,100
6,5,4,"both",0.15,"bray",0.08,100
6,5,4,"both",0.15,"euclidean",0.1,100
6,5,4,"both",0.15,"jaccard",0.07,100
6,5,4,"both",0.15,"unifrac_unweighted",0.04,100
6,5,4,"both",0.15,"unifrac_weighted_phyloseq",0.07,100
6,5,4,"both",0.2,"GLaD_0.5_unweighted",0.1,100
6,5,4,"both",0.2,"GLaD_0.5_weighted",0.04,100
6,5,4,"both",0.2,"GLaD_1_unweighted",0.12,100
6,5,4,"both",0.2,"GLaD_1_weighted",0.04,100
6,5,4,"both",0.2,"GUniFrac",0.05,100
6,5,4,"both",0.2,"aitchison",0.07,100
6,5,4,"both",0.2,"bray",0.06,100
6,5,4,"both",0.2,"euclidean",0.03,100
6,5,4,"both",0.2,"jaccard",0.03,100
6,5,4,"both",0.2,"unifrac_unweighted",0.12,100
6,5,4,"both",0.2,"unifrac_weighted_phyloseq",0.05,100
6,5,4,"both",0.25,"GLaD_0.5_unweighted",0.08,100
6,5,4,"both",0.25,"GLaD_0.5_weighted",0.09,100
6,5,4,"both",0.25,"GLaD_1_unweighted",0.05,100
6,5,4,"both",0.25,"GLaD_1_weighted",0.07,100
6,5,4,"both",0.25,"GUniFrac",0.1,100
6,5,4,"both",0.25,"aitchison",0.09,100
6,5,4,"both",0.25,"bray",0.07,100
6,5,4,"both",0.25,"euclidean",0.05,100
6,5,4,"both",0.25,"jaccard",0.09,100
6,5,4,"both",0.25,"unifrac_unweighted",0.08,100
6,5,4,"both",0.25,"unifrac_weighted_phyloseq",0.07,100
6,5,4,"both",0.3,"GLaD_0.5_unweighted",0.09,100
6,5,4,"both",0.3,"GLaD_0.5_weighted",0.15,100
6,5,4,"both",0.3,"GLaD_1_unweighted",0.1,100
6,5,4,"both",0.3,"GLaD_1_weighted",0.14,100
6,5,4,"both",0.3,"GUniFrac",0.18,100
6,5,4,"both",0.3,"aitchison",0.18,100
6,5,4,"both",0.3,"bray",0.1,100
6,5,4,"both",0.3,"euclidean",0.07,100
6,5,4,"both",0.3,"jaccard",0.09,100
6,5,4,"both",0.3,"unifrac_unweighted",0.09,100
6,5,4,"both",0.3,"unifrac_weighted_phyloseq",0.16,100
6,5,4,"both",0.35,"GLaD_0.5_unweighted",0.28,100
6,5,4,"both",0.35,"GLaD_0.5_weighted",0.19,100
6,5,4,"both",0.35,"GLaD_1_unweighted",0.15,100
6,5,4,"both",0.35,"GLaD_1_weighted",0.19,100
6,5,4,"both",0.35,"GUniFrac",0.33,100
6,5,4,"both",0.35,"aitchison",0.29,100
6,5,4,"both",0.35,"bray",0.21,100
6,5,4,"both",0.35,"euclidean",0.16,100
6,5,4,"both",0.35,"jaccard",0.22,100
6,5,4,"both",0.35,"unifrac_unweighted",0.25,100
6,5,4,"both",0.35,"unifrac_weighted_phyloseq",0.29,100
6,5,4,"both",0.4,"GLaD_0.5_unweighted",0.28,100
6,5,4,"both",0.4,"GLaD_0.5_weighted",0.22,100
6,5,4,"both",0.4,"GLaD_1_unweighted",0.18,100
6,5,4,"both",0.4,"GLaD_1_weighted",0.12,100
6,5,4,"both",0.4,"GUniFrac",0.43,100
6,5,4,"both",0.4,"aitchison",0.39,100
6,5,4,"both",0.4,"bray",0.2,100
6,5,4,"both",0.4,"euclidean",0.11,100
6,5,4,"both",0.4,"jaccard",0.21,100
6,5,4,"both",0.4,"unifrac_unweighted",0.24,100
6,5,4,"both",0.4,"unifrac_weighted_phyloseq",0.27,100
6,5,4,"both",0.45,"GLaD_0.5_unweighted",0.37,100
6,5,4,"both",0.45,"GLaD_0.5_weighted",0.23,100
6,5,4,"both",0.45,"GLaD_1_unweighted",0.2,100
6,5,4,"both",0.45,"GLaD_1_weighted",0.2,100
6,5,4,"both",0.45,"GUniFrac",0.55,100
6,5,4,"both",0.45,"aitchison",0.48,100
6,5,4,"both",0.45,"bray",0.25,100
6,5,4,"both",0.45,"euclidean",0.1,100
6,5,4,"both",0.45,"jaccard",0.25,100
6,5,4,"both",0.45,"unifrac_unweighted",0.34,100
6,5,4,"both",0.45,"unifrac_weighted_phyloseq",0.29,100
6,5,4,"both",0.5,"GLaD_0.5_unweighted",0.49,100
6,5,4,"both",0.5,"GLaD_0.5_weighted",0.47,100
6,5,4,"both",0.5,"GLaD_1_unweighted",0.22,100
6,5,4,"both",0.5,"GLaD_1_weighted",0.37,100
6,5,4,"both",0.5,"GUniFrac",0.79,100
6,5,4,"both",0.5,"aitchison",0.61,100
6,5,4,"both",0.5,"bray",0.42,100
6,5,4,"both",0.5,"euclidean",0.22,100
6,5,4,"both",0.5,"jaccard",0.42,100
6,5,4,"both",0.5,"unifrac_unweighted",0.39,100
6,5,4,"both",0.5,"unifrac_weighted_phyloseq",0.52,100
6,5,4,"both",0.55,"GLaD_0.5_unweighted",0.7,100
6,5,4,"both",0.55,"GLaD_0.5_weighted",0.33,100
6,5,4,"both",0.55,"GLaD_1_unweighted",0.26,100
6,5,4,"both",0.55,"GLaD_1_weighted",0.24,100
6,5,4,"both",0.55,"GUniFrac",0.83,100
6,5,4,"both",0.55,"aitchison",0.77,100
6,5,4,"both",0.55,"bray",0.46,100
6,5,4,"both",0.55,"euclidean",0.17,100
6,5,4,"both",0.55,"jaccard",0.47,100
6,5,4,"both",0.55,"unifrac_unweighted",0.6,100
6,5,4,"both",0.55,"unifrac_weighted_phyloseq",0.47,100
6,5,4,"both",0.6,"GLaD_0.5_unweighted",0.84,100
6,5,4,"both",0.6,"GLaD_0.5_weighted",0.44,100
6,5,4,"both",0.6,"GLaD_1_unweighted",0.26,100
6,5,4,"both",0.6,"GLaD_1_weighted",0.37,100
6,5,4,"both",0.6,"GUniFrac",0.97,100
6,5,4,"both",0.6,"aitchison",0.92,100
6,5,4,"both",0.6,"bray",0.66,100
6,5,4,"both",0.6,"euclidean",0.18,100
6,5,4,"both",0.6,"jaccard",0.65,100
6,5,4,"both",0.6,"unifrac_unweighted",0.78,100
6,5,4,"both",0.6,"unifrac_weighted_phyloseq",0.71,100
6,5,4,"both",0.65,"GLaD_0.5_unweighted",0.91,100
6,5,4,"both",0.65,"GLaD_0.5_weighted",0.51,100
6,5,4,"both",0.65,"GLaD_1_unweighted",0.43,100
6,5,4,"both",0.65,"GLaD_1_weighted",0.35,100
6,5,4,"both",0.65,"GUniFrac",0.98,100
6,5,4,"both",0.65,"aitchison",0.97,100
6,5,4,"both",0.65,"bray",0.71,100
6,5,4,"both",0.65,"euclidean",0.27,100
6,5,4,"both",0.65,"jaccard",0.69,100
6,5,4,"both",0.65,"unifrac_unweighted",0.84,100
6,5,4,"both",0.65,"unifrac_weighted_phyloseq",0.69,100
6,5,4,"both",0.7,"GLaD_0.5_unweighted",0.96,100
6,5,4,"both",0.7,"GLaD_0.5_weighted",0.63,100
6,5,4,"both",0.7,"GLaD_1_unweighted",0.48,100
6,5,4,"both",0.7,"GLaD_1_weighted",0.56,100
6,5,4,"both",0.7,"GUniFrac",1,100
6,5,4,"both",0.7,"aitchison",1,100
6,5,4,"both",0.7,"bray",0.8,100
6,5,4,"both",0.7,"euclidean",0.3,100
6,5,4,"both",0.7,"jaccard",0.8,100
6,5,4,"both",0.7,"unifrac_unweighted",0.94,100
6,5,4,"both",0.7,"unifrac_weighted_phyloseq",0.83,100
6,5,4,"both",0.75,"GLaD_0.5_unweighted",0.98,100
6,5,4,"both",0.75,"GLaD_0.5_weighted",0.73,100
6,5,4,"both",0.75,"GLaD_1_unweighted",0.48,100
6,5,4,"both",0.75,"GLaD_1_weighted",0.64,100
6,5,4,"both",0.75,"GUniFrac",1,100
6,5,4,"both",0.75,"aitchison",1,100
6,5,4,"both",0.75,"bray",0.91,100
6,5,4,"both",0.75,"euclidean",0.41,100
6,5,4,"both",0.75,"jaccard",0.9,100
6,5,4,"both",0.75,"unifrac_unweighted",0.97,100
6,5,4,"both",0.75,"unifrac_weighted_phyloseq",0.91,100
6,5,4,"both",0.8,"GLaD_0.5_unweighted",1,100
6,5,4,"both",0.8,"GLaD_0.5_weighted",0.78,100
6,5,4,"both",0.8,"GLaD_1_unweighted",0.51,100
6,5,4,"both",0.8,"GLaD_1_weighted",0.68,100
6,5,4,"both",0.8,"GUniFrac",1,100
6,5,4,"both",0.8,"aitchison",1,100
6,5,4,"both",0.8,"bray",0.94,100
6,5,4,"both",0.8,"euclidean",0.48,100
6,5,4,"both",0.8,"jaccard",0.93,100
6,5,4,"both",0.8,"unifrac_unweighted",1,100
6,5,4,"both",0.8,"unifrac_weighted_phyloseq",0.94,100
6,5,4,"both",0.85,"GLaD_0.5_unweighted",1,100
6,5,4,"both",0.85,"GLaD_0.5_weighted",0.83,100
6,5,4,"both",0.85,"GLaD_1_unweighted",0.67,100
6,5,4,"both",0.85,"GLaD_1_weighted",0.74,100
6,5,4,"both",0.85,"GUniFrac",1,100
6,5,4,"both",0.85,"aitchison",1,100
6,5,4,"both",0.85,"bray",0.97,100
6,5,4,"both",0.85,"euclidean",0.51,100
6,5,4,"both",0.85,"jaccard",0.97,100
6,5,4,"both",0.85,"unifrac_unweighted",1,100
6,5,4,"both",0.85,"unifrac_weighted_phyloseq",0.98,100
6,5,4,"both",0.9,"GLaD_0.5_unweighted",1,100
6,5,4,"both",0.9,"GLaD_0.5_weighted",0.85,100
6,5,4,"both",0.9,"GLaD_1_unweighted",0.68,100
6,5,4,"both",0.9,"GLaD_1_weighted",0.79,100
6,5,4,"both",0.9,"GUniFrac",1,100
6,5,4,"both",0.9,"aitchison",1,100
6,5,4,"both",0.9,"bray",0.99,100
6,5,4,"both",0.9,"euclidean",0.53,100
6,5,4,"both",0.9,"jaccard",0.99,100
6,5,4,"both",0.9,"unifrac_unweighted",1,100
6,5,4,"both",0.9,"unifrac_weighted_phyloseq",0.99,100
6,5,4,"both",0.95,"GLaD_0.5_unweighted",1,100
6,5,4,"both",0.95,"GLaD_0.5_weighted",0.97,100
6,5,4,"both",0.95,"GLaD_1_unweighted",0.68,100
6,5,4,"both",0.95,"GLaD_1_weighted",0.95,100
6,5,4,"both",0.95,"GUniFrac",1,100
6,5,4,"both",0.95,"aitchison",1,100
6,5,4,"both",0.95,"bray",1,100
6,5,4,"both",0.95,"euclidean",0.67,100
6,5,4,"both",0.95,"jaccard",1,100
6,5,4,"both",0.95,"unifrac_unweighted",1,100
6,5,4,"both",0.95,"unifrac_weighted_phyloseq",1,100
6,5,4,"both",1,"GLaD_0.5_unweighted",1,100
6,5,4,"both",1,"GLaD_0.5_weighted",0.93,100
6,5,4,"both",1,"GLaD_1_unweighted",0.72,100
6,5,4,"both",1,"GLaD_1_weighted",0.88,100
6,5,4,"both",1,"GUniFrac",1,100
6,5,4,"both",1,"aitchison",1,100
6,5,4,"both",1,"bray",1,100
6,5,4,"both",1,"euclidean",0.65,100
6,5,4,"both",1,"jaccard",1,100
6,5,4,"both",1,"unifrac_unweighted",1,100
6,5,4,"both",1,"unifrac_weighted_phyloseq",1,100
6,5,4,"prevalence",0.05,"GLaD_0.5_unweighted",0.03,100
6,5,4,"prevalence",0.05,"GLaD_0.5_weighted",0.05,100
6,5,4,"prevalence",0.05,"GLaD_1_unweighted",0.02,100
6,5,4,"prevalence",0.05,"GLaD_1_weighted",0.05,100
6,5,4,"prevalence",0.05,"GUniFrac",0.07,100
6,5,4,"prevalence",0.05,"aitchison",0.04,100
6,5,4,"prevalence",0.05,"bray",0.07,100
6,5,4,"prevalence",0.05,"euclidean",0.05,100
6,5,4,"prevalence",0.05,"jaccard",0.06,100
6,5,4,"prevalence",0.05,"unifrac_unweighted",0.04,100
6,5,4,"prevalence",0.05,"unifrac_weighted_phyloseq",0.07,100
6,5,4,"prevalence",0.1,"GLaD_0.5_unweighted",0.06,100
6,5,4,"prevalence",0.1,"GLaD_0.5_weighted",0.06,100
6,5,4,"prevalence",0.1,"GLaD_1_unweighted",0.03,100
6,5,4,"prevalence",0.1,"GLaD_1_weighted",0.05,100
6,5,4,"prevalence",0.1,"GUniFrac",0.08,100
6,5,4,"prevalence",0.1,"aitchison",0.07,100
6,5,4,"prevalence",0.1,"bray",0.09,100
6,5,4,"prevalence",0.1,"euclidean",0.1,100
6,5,4,"prevalence",0.1,"jaccard",0.09,100
6,5,4,"prevalence",0.1,"unifrac_unweighted",0.03,100
6,5,4,"prevalence",0.1,"unifrac_weighted_phyloseq",0.06,100
6,5,4,"prevalence",0.15,"GLaD_0.5_unweighted",0.11,100
6,5,4,"prevalence",0.15,"GLaD_0.5_weighted",0.05,100
6,5,4,"prevalence",0.15,"GLaD_1_unweighted",0.11,100
6,5,4,"prevalence",0.15,"GLaD_1_weighted",0.04,100
6,5,4,"prevalence",0.15,"GUniFrac",0.1,100
6,5,4,"prevalence",0.15,"aitchison",0.05,100
6,5,4,"prevalence",0.15,"bray",0.1,100
6,5,4,"prevalence",0.15,"euclidean",0.08,100
6,5,4,"prevalence",0.15,"jaccard",0.09,100
6,5,4,"prevalence",0.15,"unifrac_unweighted",0.09,100
6,5,4,"prevalence",0.15,"unifrac_weighted_phyloseq",0.07,100
6,5,4,"prevalence",0.2,"GLaD_0.5_unweighted",0.06,100
6,5,4,"prevalence",0.2,"GLaD_0.5_weighted",0.04,100
6,5,4,"prevalence",0.2,"GLaD_1_unweighted",0.09,100
6,5,4,"prevalence",0.2,"GLaD_1_weighted",0.07,100
6,5,4,"prevalence",0.2,"GUniFrac",0.04,100
6,5,4,"prevalence",0.2,"aitchison",0.04,100
6,5,4,"prevalence",0.2,"bray",0.04,100
6,5,4,"prevalence",0.2,"euclidean",0.02,100
6,5,4,"prevalence",0.2,"jaccard",0.04,100
6,5,4,"prevalence",0.2,"unifrac_unweighted",0.06,100
6,5,4,"prevalence",0.2,"unifrac_weighted_phyloseq",0.03,100
6,5,4,"prevalence",0.25,"GLaD_0.5_unweighted",0.1,100
6,5,4,"prevalence",0.25,"GLaD_0.5_weighted",0.08,100
6,5,4,"prevalence",0.25,"GLaD_1_unweighted",0.03,100
6,5,4,"prevalence",0.25,"GLaD_1_weighted",0.07,100
6,5,4,"prevalence",0.25,"GUniFrac",0.06,100
6,5,4,"prevalence",0.25,"aitchison",0.07,100
6,5,4,"prevalence",0.25,"bray",0.03,100
6,5,4,"prevalence",0.25,"euclidean",0.03,100
6,5,4,"prevalence",0.25,"jaccard",0.06,100
6,5,4,"prevalence",0.25,"unifrac_unweighted",0.06,100
6,5,4,"prevalence",0.25,"unifrac_weighted_phyloseq",0.07,100
6,5,4,"prevalence",0.3,"GLaD_0.5_unweighted",0.16,100
6,5,4,"prevalence",0.3,"GLaD_0.5_weighted",0.08,100
6,5,4,"prevalence",0.3,"GLaD_1_unweighted",0.08,100
6,5,4,"prevalence",0.3,"GLaD_1_weighted",0.1,100
6,5,4,"prevalence",0.3,"GUniFrac",0.11,100
6,5,4,"prevalence",0.3,"aitchison",0.07,100
6,5,4,"prevalence",0.3,"bray",0.06,100
6,5,4,"prevalence",0.3,"euclidean",0.09,100
6,5,4,"prevalence",0.3,"jaccard",0.08,100
6,5,4,"prevalence",0.3,"unifrac_unweighted",0.18,100
6,5,4,"prevalence",0.3,"unifrac_weighted_phyloseq",0.08,100
6,5,4,"prevalence",0.35,"GLaD_0.5_unweighted",0.17,100
6,5,4,"prevalence",0.35,"GLaD_0.5_weighted",0.08,100
6,5,4,"prevalence",0.35,"GLaD_1_unweighted",0.11,100
6,5,4,"prevalence",0.35,"GLaD_1_weighted",0.08,100
6,5,4,"prevalence",0.35,"GUniFrac",0.07,100
6,5,4,"prevalence",0.35,"aitchison",0.14,100
6,5,4,"prevalence",0.35,"bray",0.07,100
6,5,4,"prevalence",0.35,"euclidean",0.05,100
6,5,4,"prevalence",0.35,"jaccard",0.07,100
6,5,4,"prevalence",0.35,"unifrac_unweighted",0.16,100
6,5,4,"prevalence",0.35,"unifrac_weighted_phyloseq",0.08,100
6,5,4,"prevalence",0.4,"GLaD_0.5_unweighted",0.3,100
6,5,4,"prevalence",0.4,"GLaD_0.5_weighted",0.03,100
6,5,4,"prevalence",0.4,"GLaD_1_unweighted",0.18,100
6,5,4,"prevalence",0.4,"GLaD_1_weighted",0.05,100
6,5,4,"prevalence",0.4,"GUniFrac",0.07,100
6,5,4,"prevalence",0.4,"aitchison",0.12,100
6,5,4,"prevalence",0.4,"bray",0.03,100
6,5,4,"prevalence",0.4,"euclidean",0,100
6,5,4,"prevalence",0.4,"jaccard",0.04,100
6,5,4,"prevalence",0.4,"unifrac_unweighted",0.28,100
6,5,4,"prevalence",0.4,"unifrac_weighted_phyloseq",0.06,100
6,5,4,"prevalence",0.45,"GLaD_0.5_unweighted",0.43,100
6,5,4,"prevalence",0.45,"GLaD_0.5_weighted",0.04,100
6,5,4,"prevalence",0.45,"GLaD_1_unweighted",0.17,100
6,5,4,"prevalence",0.45,"GLaD_1_weighted",0.05,100
6,5,4,"prevalence",0.45,"GUniFrac",0.08,100
6,5,4,"prevalence",0.45,"aitchison",0.24,100
6,5,4,"prevalence",0.45,"bray",0.07,100
6,5,4,"prevalence",0.45,"euclidean",0.06,100
6,5,4,"prevalence",0.45,"jaccard",0.07,100
6,5,4,"prevalence",0.45,"unifrac_unweighted",0.41,100
6,5,4,"prevalence",0.45,"unifrac_weighted_phyloseq",0.06,100
6,5,4,"prevalence",0.5,"GLaD_0.5_unweighted",0.58,100
6,5,4,"prevalence",0.5,"GLaD_0.5_weighted",0.07,100
6,5,4,"prevalence",0.5,"GLaD_1_unweighted",0.24,100
6,5,4,"prevalence",0.5,"GLaD_1_weighted",0.08,100
6,5,4,"prevalence",0.5,"GUniFrac",0.12,100
6,5,4,"prevalence",0.5,"aitchison",0.32,100
6,5,4,"prevalence",0.5,"bray",0.06,100
6,5,4,"prevalence",0.5,"euclidean",0.08,100
6,5,4,"prevalence",0.5,"jaccard",0.06,100
6,5,4,"prevalence",0.5,"unifrac_unweighted",0.5,100
6,5,4,"prevalence",0.5,"unifrac_weighted_phyloseq",0.09,100
6,5,4,"prevalence",0.55,"GLaD_0.5_unweighted",0.71,100
6,5,4,"prevalence",0.55,"GLaD_0.5_weighted",0.05,100
6,5,4,"prevalence",0.55,"GLaD_1_unweighted",0.23,100
6,5,4,"prevalence",0.55,"GLaD_1_weighted",0.05,100
6,5,4,"prevalence",0.55,"GUniFrac",0.23,100
6,5,4,"prevalence",0.55,"aitchison",0.33,100
6,5,4,"prevalence",0.55,"bray",0.14,100
6,5,4,"prevalence",0.55,"euclidean",0.07,100
6,5,4,"prevalence",0.55,"jaccard",0.15,100
6,5,4,"prevalence",0.55,"unifrac_unweighted",0.7,100
6,5,4,"prevalence",0.55,"unifrac_weighted_phyloseq",0.13,100
6,5,4,"prevalence",0.6,"GLaD_0.5_unweighted",0.83,100
6,5,4,"prevalence",0.6,"GLaD_0.5_weighted",0.02,100
6,5,4,"prevalence",0.6,"GLaD_1_unweighted",0.35,100
6,5,4,"prevalence",0.6,"GLaD_1_weighted",0.04,100
6,5,4,"prevalence",0.6,"GUniFrac",0.1,100
6,5,4,"prevalence",0.6,"aitchison",0.41,100
6,5,4,"prevalence",0.6,"bray",0.04,100
6,5,4,"prevalence",0.6,"euclidean",0.03,100
6,5,4,"prevalence",0.6,"jaccard",0.04,100
6,5,4,"prevalence",0.6,"unifrac_unweighted",0.77,100
6,5,4,"prevalence",0.6,"unifrac_weighted_phyloseq",0.03,100
6,5,4,"prevalence",0.65,"GLaD_0.5_unweighted",0.88,100
6,5,4,"prevalence",0.65,"GLaD_0.5_weighted",0.09,100
6,5,4,"prevalence",0.65,"GLaD_1_unweighted",0.4,100
6,5,4,"prevalence",0.65,"GLaD_1_weighted",0.05,100
6,5,4,"prevalence",0.65,"GUniFrac",0.2,100
6,5,4,"prevalence",0.65,"aitchison",0.6,100
6,5,4,"prevalence",0.65,"bray",0.07,100
6,5,4,"prevalence",0.65,"euclidean",0.07,100
6,5,4,"prevalence",0.65,"jaccard",0.07,100
6,5,4,"prevalence",0.65,"unifrac_unweighted",0.86,100
6,5,4,"prevalence",0.65,"unifrac_weighted_phyloseq",0.08,100
6,5,4,"prevalence",0.7,"GLaD_0.5_unweighted",0.92,100
6,5,4,"prevalence",0.7,"GLaD_0.5_weighted",0.03,100
6,5,4,"prevalence",0.7,"GLaD_1_unweighted",0.42,100
6,5,4,"prevalence",0.7,"GLaD_1_weighted",0.03,100
6,5,4,"prevalence",0.7,"GUniFrac",0.17,100
6,5,4,"prevalence",0.7,"aitchison",0.71,100
6,5,4,"prevalence",0.7,"bray",0.08,100
6,5,4,"prevalence",0.7,"euclidean",0.04,100
6,5,4,"prevalence",0.7,"jaccard",0.08,100
6,5,4,"prevalence",0.7,"unifrac_unweighted",0.9,100
6,5,4,"prevalence",0.7,"unifrac_weighted_phyloseq",0.05,100
6,5,4,"prevalence",0.75,"GLaD_0.5_unweighted",0.99,100
6,5,4,"prevalence",0.75,"GLaD_0.5_weighted",0.1,100
6,5,4,"prevalence",0.75,"GLaD_1_unweighted",0.41,100
6,5,4,"prevalence",0.75,"GLaD_1_weighted",0.07,100
6,5,4,"prevalence",0.75,"GUniFrac",0.37,100
6,5,4,"prevalence",0.75,"aitchison",0.83,100
6,5,4,"prevalence",0.75,"bray",0.11,100
6,5,4,"prevalence",0.75,"euclidean",0.08,100
6,5,4,"prevalence",0.75,"jaccard",0.11,100
6,5,4,"prevalence",0.75,"unifrac_unweighted",0.98,100
6,5,4,"prevalence",0.75,"unifrac_weighted_phyloseq",0.13,100
6,5,4,"prevalence",0.8,"GLaD_0.5_unweighted",1,100
6,5,4,"prevalence",0.8,"GLaD_0.5_weighted",0.11,100
6,5,4,"prevalence",0.8,"GLaD_1_unweighted",0.51,100
6,5,4,"prevalence",0.8,"GLaD_1_weighted",0.08,100
6,5,4,"prevalence",0.8,"GUniFrac",0.4,100
6,5,4,"prevalence",0.8,"aitchison",0.91,100
6,5,4,"prevalence",0.8,"bray",0.09,100
6,5,4,"prevalence",0.8,"euclidean",0.07,100
6,5,4,"prevalence",0.8,"jaccard",0.1,100
6,5,4,"prevalence",0.8,"unifrac_unweighted",0.98,100
6,5,4,"prevalence",0.8,"unifrac_weighted_phyloseq",0.12,100
6,5,4,"prevalence",0.85,"GLaD_0.5_unweighted",1,100
6,5,4,"prevalence",0.85,"GLaD_0.5_weighted",0.08,100
6,5,4,"prevalence",0.85,"GLaD_1_unweighted",0.66,100
6,5,4,"prevalence",0.85,"GLaD_1_weighted",0.09,100
6,5,4,"prevalence",0.85,"GUniFrac",0.42,100
6,5,4,"prevalence",0.85,"aitchison",0.94,100
6,5,4,"prevalence",0.85,"bray",0.11,100
6,5,4,"prevalence",0.85,"euclidean",0.04,100
6,5,4,"prevalence",0.85,"jaccard",0.11,100
6,5,4,"prevalence",0.85,"unifrac_unweighted",1,100
6,5,4,"prevalence",0.85,"unifrac_weighted_phyloseq",0.12,100
6,5,4,"prevalence",0.9,"GLaD_0.5_unweighted",1,100
6,5,4,"prevalence",0.9,"GLaD_0.5_weighted",0.08,100
6,5,4,"prevalence",0.9,"GLaD_1_unweighted",0.58,100
6,5,4,"prevalence",0.9,"GLaD_1_weighted",0.09,100
6,5,4,"prevalence",0.9,"GUniFrac",0.54,100
6,5,4,"prevalence",0.9,"aitchison",0.97,100
6,5,4,"prevalence",0.9,"bray",0.06,100
6,5,4,"prevalence",0.9,"euclidean",0.04,100
6,5,4,"prevalence",0.9,"jaccard",0.05,100
6,5,4,"prevalence",0.9,"unifrac_unweighted",1,100
6,5,4,"prevalence",0.9,"unifrac_weighted_phyloseq",0.1,100
6,5,4,"prevalence",0.95,"GLaD_0.5_unweighted",1,100
6,5,4,"prevalence",0.95,"GLaD_0.5_weighted",0.13,100
6,5,4,"prevalence",0.95,"GLaD_1_unweighted",0.71,100
6,5,4,"prevalence",0.95,"GLaD_1_weighted",0.12,100
6,5,4,"prevalence",0.95,"GUniFrac",0.69,100
6,5,4,"prevalence",0.95,"aitchison",0.97,100
6,5,4,"prevalence",0.95,"bray",0.08,100
6,5,4,"prevalence",0.95,"euclidean",0.05,100
6,5,4,"prevalence",0.95,"jaccard",0.11,100
6,5,4,"prevalence",0.95,"unifrac_unweighted",1,100
6,5,4,"prevalence",0.95,"unifrac_weighted_phyloseq",0.11,100
6,5,4,"prevalence",1,"GLaD_0.5_unweighted",1,100
6,5,4,"prevalence",1,"GLaD_0.5_weighted",0.1,100
6,5,4,"prevalence",1,"GLaD_1_unweighted",0.78,100
6,5,4,"prevalence",1,"GLaD_1_weighted",0.09,100
6,5,4,"prevalence",1,"GUniFrac",0.7,100
6,5,4,"prevalence",1,"aitchison",1,100
6,5,4,"prevalence",1,"bray",0.16,100
6,5,4,"prevalence",1,"euclidean",0.04,100
6,5,4,"prevalence",1,"jaccard",0.17,100
6,5,4,"prevalence",1,"unifrac_unweighted",1,100
6,5,4,"prevalence",1,"unifrac_weighted_phyloseq",0.15,100
6,6,5,"abundance",0.05,"GLaD_0.5_unweighted",0.03,100
6,6,5,"abundance",0.05,"GLaD_0.5_weighted",0.05,100
6,6,5,"abundance",0.05,"GLaD_1_unweighted",0.03,100
6,6,5,"abundance",0.05,"GLaD_1_weighted",0.05,100
6,6,5,"abundance",0.05,"GUniFrac",0.07,100
6,6,5,"abundance",0.05,"aitchison",0.05,100
6,6,5,"abundance",0.05,"bray",0.05,100
6,6,5,"abundance",0.05,"euclidean",0.07,100
6,6,5,"abundance",0.05,"jaccard",0.06,100
6,6,5,"abundance",0.05,"unifrac_unweighted",0.06,100
6,6,5,"abundance",0.05,"unifrac_weighted_phyloseq",0.04,100
6,6,5,"abundance",0.1,"GLaD_0.5_unweighted",0.04,100
6,6,5,"abundance",0.1,"GLaD_0.5_weighted",0.05,100
6,6,5,"abundance",0.1,"GLaD_1_unweighted",0.05,100
6,6,5,"abundance",0.1,"GLaD_1_weighted",0.03,100
6,6,5,"abundance",0.1,"GUniFrac",0.03,100
6,6,5,"abundance",0.1,"aitchison",0.05,100
6,6,5,"abundance",0.1,"bray",0.07,100
6,6,5,"abundance",0.1,"euclidean",0.07,100
6,6,5,"abundance",0.1,"jaccard",0.07,100
6,6,5,"abundance",0.1,"unifrac_unweighted",0.05,100
6,6,5,"abundance",0.1,"unifrac_weighted_phyloseq",0.04,100
6,6,5,"abundance",0.15,"GLaD_0.5_unweighted",0.06,100
6,6,5,"abundance",0.15,"GLaD_0.5_weighted",0.04,100
6,6,5,"abundance",0.15,"GLaD_1_unweighted",0.05,100
6,6,5,"abundance",0.15,"GLaD_1_weighted",0.05,100
6,6,5,"abundance",0.15,"GUniFrac",0.06,100
6,6,5,"abundance",0.15,"aitchison",0.08,100
6,6,5,"abundance",0.15,"bray",0.04,100
6,6,5,"abundance",0.15,"euclidean",0.02,100
6,6,5,"abundance",0.15,"jaccard",0.04,100
6,6,5,"abundance",0.15,"unifrac_unweighted",0.06,100
6,6,5,"abundance",0.15,"unifrac_weighted_phyloseq",0.05,100
6,6,5,"abundance",0.2,"GLaD_0.5_unweighted",0.08,100
6,6,5,"abundance",0.2,"GLaD_0.5_weighted",0.11,100
6,6,5,"abundance",0.2,"GLaD_1_unweighted",0.05,100
6,6,5,"abundance",0.2,"GLaD_1_weighted",0.09,100
6,6,5,"abundance",0.2,"GUniFrac",0.12,100
6,6,5,"abundance",0.2,"aitchison",0.04,100
6,6,5,"abundance",0.2,"bray",0.08,100
6,6,5,"abundance",0.2,"euclidean",0.07,100
6,6,5,"abundance",0.2,"jaccard",0.09,100
6,6,5,"abundance",0.2,"unifrac_unweighted",0.05,100
6,6,5,"abundance",0.2,"unifrac_weighted_phyloseq",0.09,100
6,6,5,"abundance",0.25,"GLaD_0.5_unweighted",0.01,100
6,6,5,"abundance",0.25,"GLaD_0.5_weighted",0.11,100
6,6,5,"abundance",0.25,"GLaD_1_unweighted",0.01,100
6,6,5,"abundance",0.25,"GLaD_1_weighted",0.13,100
6,6,5,"abundance",0.25,"GUniFrac",0.07,100
6,6,5,"abundance",0.25,"aitchison",0.03,100
6,6,5,"abundance",0.25,"bray",0.06,100
6,6,5,"abundance",0.25,"euclidean",0.04,100
6,6,5,"abundance",0.25,"jaccard",0.06,100
6,6,5,"abundance",0.25,"unifrac_unweighted",0.03,100
6,6,5,"abundance",0.25,"unifrac_weighted_phyloseq",0.1,100
6,6,5,"abundance",0.3,"GLaD_0.5_unweighted",0.06,100
6,6,5,"abundance",0.3,"GLaD_0.5_weighted",0.04,100
6,6,5,"abundance",0.3,"GLaD_1_unweighted",0.04,100
6,6,5,"abundance",0.3,"GLaD_1_weighted",0.08,100
6,6,5,"abundance",0.3,"GUniFrac",0.11,100
6,6,5,"abundance",0.3,"aitchison",0.03,100
6,6,5,"abundance",0.3,"bray",0.03,100
6,6,5,"abundance",0.3,"euclidean",0,100
6,6,5,"abundance",0.3,"jaccard",0.05,100
6,6,5,"abundance",0.3,"unifrac_unweighted",0.08,100
6,6,5,"abundance",0.3,"unifrac_weighted_phyloseq",0.05,100
6,6,5,"abundance",0.35,"GLaD_0.5_unweighted",0.01,100
6,6,5,"abundance",0.35,"GLaD_0.5_weighted",0.08,100
6,6,5,"abundance",0.35,"GLaD_1_unweighted",0.02,100
6,6,5,"abundance",0.35,"GLaD_1_weighted",0.08,100
6,6,5,"abundance",0.35,"GUniFrac",0.13,100
6,6,5,"abundance",0.35,"aitchison",0.04,100
6,6,5,"abundance",0.35,"bray",0.16,100
6,6,5,"abundance",0.35,"euclidean",0.11,100
6,6,5,"abundance",0.35,"jaccard",0.12,100
6,6,5,"abundance",0.35,"unifrac_unweighted",0.03,100
6,6,5,"abundance",0.35,"unifrac_weighted_phyloseq",0.12,100
6,6,5,"abundance",0.4,"GLaD_0.5_unweighted",0.08,100
6,6,5,"abundance",0.4,"GLaD_0.5_weighted",0.11,100
6,6,5,"abundance",0.4,"GLaD_1_unweighted",0.05,100
6,6,5,"abundance",0.4,"GLaD_1_weighted",0.1,100
6,6,5,"abundance",0.4,"GUniFrac",0.24,100
6,6,5,"abundance",0.4,"aitchison",0.08,100
6,6,5,"abundance",0.4,"bray",0.12,100
6,6,5,"abundance",0.4,"euclidean",0.04,100
6,6,5,"abundance",0.4,"jaccard",0.14,100
6,6,5,"abundance",0.4,"unifrac_unweighted",0.11,100
6,6,5,"abundance",0.4,"unifrac_weighted_phyloseq",0.18,100
6,6,5,"abundance",0.45,"GLaD_0.5_unweighted",0.07,100
6,6,5,"abundance",0.45,"GLaD_0.5_weighted",0.09,100
6,6,5,"abundance",0.45,"GLaD_1_unweighted",0.03,100
6,6,5,"abundance",0.45,"GLaD_1_weighted",0.15,100
6,6,5,"abundance",0.45,"GUniFrac",0.28,100
6,6,5,"abundance",0.45,"aitchison",0.09,100
6,6,5,"abundance",0.45,"bray",0.25,100
6,6,5,"abundance",0.45,"euclidean",0.15,100
6,6,5,"abundance",0.45,"jaccard",0.25,100
6,6,5,"abundance",0.45,"unifrac_unweighted",0.04,100
6,6,5,"abundance",0.45,"unifrac_weighted_phyloseq",0.18,100
6,6,5,"abundance",0.5,"GLaD_0.5_unweighted",0.04,100
6,6,5,"abundance",0.5,"GLaD_0.5_weighted",0.24,100
6,6,5,"abundance",0.5,"GLaD_1_unweighted",0.05,100
6,6,5,"abundance",0.5,"GLaD_1_weighted",0.23,100
6,6,5,"abundance",0.5,"GUniFrac",0.35,100
6,6,5,"abundance",0.5,"aitchison",0.04,100
6,6,5,"abundance",0.5,"bray",0.24,100
6,6,5,"abundance",0.5,"euclidean",0.14,100
6,6,5,"abundance",0.5,"jaccard",0.24,100
6,6,5,"abundance",0.5,"unifrac_unweighted",0.05,100
6,6,5,"abundance",0.5,"unifrac_weighted_phyloseq",0.34,100
6,6,5,"abundance",0.55,"GLaD_0.5_unweighted",0.06,100
6,6,5,"abundance",0.55,"GLaD_0.5_weighted",0.21,100
6,6,5,"abundance",0.55,"GLaD_1_unweighted",0.05,100
6,6,5,"abundance",0.55,"GLaD_1_weighted",0.21,100
6,6,5,"abundance",0.55,"GUniFrac",0.27,100
6,6,5,"abundance",0.55,"aitchison",0.07,100
6,6,5,"abundance",0.55,"bray",0.19,100
6,6,5,"abundance",0.55,"euclidean",0.11,100
6,6,5,"abundance",0.55,"jaccard",0.19,100
6,6,5,"abundance",0.55,"unifrac_unweighted",0.09,100
6,6,5,"abundance",0.55,"unifrac_weighted_phyloseq",0.22,100
6,6,5,"abundance",0.6,"GLaD_0.5_unweighted",0.1,100
6,6,5,"abundance",0.6,"GLaD_0.5_weighted",0.19,100
6,6,5,"abundance",0.6,"GLaD_1_unweighted",0.05,100
6,6,5,"abundance",0.6,"GLaD_1_weighted",0.19,100
6,6,5,"abundance",0.6,"GUniFrac",0.45,100
6,6,5,"abundance",0.6,"aitchison",0.1,100
6,6,5,"abundance",0.6,"bray",0.35,100
6,6,5,"abundance",0.6,"euclidean",0.13,100
6,6,5,"abundance",0.6,"jaccard",0.35,100
6,6,5,"abundance",0.6,"unifrac_unweighted",0.09,100
6,6,5,"abundance",0.6,"unifrac_weighted_phyloseq",0.32,100
6,6,5,"abundance",0.65,"GLaD_0.5_unweighted",0.01,100
6,6,5,"abundance",0.65,"GLaD_0.5_weighted",0.26,100
6,6,5,"abundance",0.65,"GLaD_1_unweighted",0.03,100
6,6,5,"abundance",0.65,"GLaD_1_weighted",0.22,100
6,6,5,"abundance",0.65,"GUniFrac",0.52,100
6,6,5,"abundance",0.65,"aitchison",0.02,100
6,6,5,"abundance",0.65,"bray",0.39,100
6,6,5,"abundance",0.65,"euclidean",0.21,100
6,6,5,"abundance",0.65,"jaccard",0.37,100
6,6,5,"abundance",0.65,"unifrac_unweighted",0.04,100
6,6,5,"abundance",0.65,"unifrac_weighted_phyloseq",0.4,100
6,6,5,"abundance",0.7,"GLaD_0.5_unweighted",0.07,100
6,6,5,"abundance",0.7,"GLaD_0.5_weighted",0.39,100
6,6,5,"abundance",0.7,"GLaD_1_unweighted",0.05,100
6,6,5,"abundance",0.7,"GLaD_1_weighted",0.29,100
6,6,5,"abundance",0.7,"GUniFrac",0.66,100
6,6,5,"abundance",0.7,"aitchison",0.1,100
6,6,5,"abundance",0.7,"bray",0.53,100
6,6,5,"abundance",0.7,"euclidean",0.26,100
6,6,5,"abundance",0.7,"jaccard",0.5,100
6,6,5,"abundance",0.7,"unifrac_unweighted",0.05,100
6,6,5,"abundance",0.7,"unifrac_weighted_phyloseq",0.52,100
6,6,5,"abundance",0.75,"GLaD_0.5_unweighted",0.02,100
6,6,5,"abundance",0.75,"GLaD_0.5_weighted",0.46,100
6,6,5,"abundance",0.75,"GLaD_1_unweighted",0.06,100
6,6,5,"abundance",0.75,"GLaD_1_weighted",0.38,100
6,6,5,"abundance",0.75,"GUniFrac",0.73,100
6,6,5,"abundance",0.75,"aitchison",0.11,100
6,6,5,"abundance",0.75,"bray",0.61,100
6,6,5,"abundance",0.75,"euclidean",0.33,100
6,6,5,"abundance",0.75,"jaccard",0.59,100
6,6,5,"abundance",0.75,"unifrac_unweighted",0.02,100
6,6,5,"abundance",0.75,"unifrac_weighted_phyloseq",0.62,100
6,6,5,"abundance",0.8,"GLaD_0.5_unweighted",0.04,100
6,6,5,"abundance",0.8,"GLaD_0.5_weighted",0.5,100
6,6,5,"abundance",0.8,"GLaD_1_unweighted",0.03,100
6,6,5,"abundance",0.8,"GLaD_1_weighted",0.45,100
6,6,5,"abundance",0.8,"GUniFrac",0.85,100
6,6,5,"abundance",0.8,"aitchison",0.1,100
6,6,5,"abundance",0.8,"bray",0.81,100
6,6,5,"abundance",0.8,"euclidean",0.34,100
6,6,5,"abundance",0.8,"jaccard",0.77,100
6,6,5,"abundance",0.8,"unifrac_unweighted",0.04,100
6,6,5,"abundance",0.8,"unifrac_weighted_phyloseq",0.73,100
6,6,5,"abundance",0.85,"GLaD_0.5_unweighted",0.07,100
6,6,5,"abundance",0.85,"GLaD_0.5_weighted",0.55,100
6,6,5,"abundance",0.85,"GLaD_1_unweighted",0.07,100
6,6,5,"abundance",0.85,"GLaD_1_weighted",0.46,100
6,6,5,"abundance",0.85,"GUniFrac",0.87,100
6,6,5,"abundance",0.85,"aitchison",0.16,100
6,6,5,"abundance",0.85,"bray",0.83,100
6,6,5,"abundance",0.85,"euclidean",0.44,100
6,6,5,"abundance",0.85,"jaccard",0.82,100
6,6,5,"abundance",0.85,"unifrac_unweighted",0.06,100
6,6,5,"abundance",0.85,"unifrac_weighted_phyloseq",0.79,100
6,6,5,"abundance",0.9,"GLaD_0.5_unweighted",0.05,100
6,6,5,"abundance",0.9,"GLaD_0.5_weighted",0.64,100
6,6,5,"abundance",0.9,"GLaD_1_unweighted",0.1,100
6,6,5,"abundance",0.9,"GLaD_1_weighted",0.57,100
6,6,5,"abundance",0.9,"GUniFrac",0.95,100
6,6,5,"abundance",0.9,"aitchison",0.15,100
6,6,5,"abundance",0.9,"bray",0.89,100
6,6,5,"abundance",0.9,"euclidean",0.42,100
6,6,5,"abundance",0.9,"jaccard",0.84,100
6,6,5,"abundance",0.9,"unifrac_unweighted",0.06,100
6,6,5,"abundance",0.9,"unifrac_weighted_phyloseq",0.85,100
6,6,5,"abundance",0.95,"GLaD_0.5_unweighted",0.03,100
6,6,5,"abundance",0.95,"GLaD_0.5_weighted",0.57,100
6,6,5,"abundance",0.95,"GLaD_1_unweighted",0.04,100
6,6,5,"abundance",0.95,"GLaD_1_weighted",0.45,100
6,6,5,"abundance",0.95,"GUniFrac",0.97,100
6,6,5,"abundance",0.95,"aitchison",0.17,100
6,6,5,"abundance",0.95,"bray",0.93,100
6,6,5,"abundance",0.95,"euclidean",0.58,100
6,6,5,"abundance",0.95,"jaccard",0.94,100
6,6,5,"abundance",0.95,"unifrac_unweighted",0.06,100
6,6,5,"abundance",0.95,"unifrac_weighted_phyloseq",0.86,100
6,6,5,"abundance",1,"GLaD_0.5_unweighted",0.06,100
6,6,5,"abundance",1,"GLaD_0.5_weighted",0.75,100
6,6,5,"abundance",1,"GLaD_1_unweighted",0.05,100
6,6,5,"abundance",1,"GLaD_1_weighted",0.6,100
6,6,5,"abundance",1,"GUniFrac",0.99,100
6,6,5,"abundance",1,"aitchison",0.2,100
6,6,5,"abundance",1,"bray",0.98,100
6,6,5,"abundance",1,"euclidean",0.65,100
6,6,5,"abundance",1,"jaccard",0.97,100
6,6,5,"abundance",1,"unifrac_unweighted",0.03,100
6,6,5,"abundance",1,"unifrac_weighted_phyloseq",0.95,100
6,6,5,"both",0.05,"GLaD_0.5_unweighted",0.05,100
6,6,5,"both",0.05,"GLaD_0.5_weighted",0.06,100
6,6,5,"both",0.05,"GLaD_1_unweighted",0.07,100
6,6,5,"both",0.05,"GLaD_1_weighted",0.05,100
6,6,5,"both",0.05,"GUniFrac",0.02,100
6,6,5,"both",0.05,"aitchison",0.04,100
6,6,5,"both",0.05,"bray",0.01,100
6,6,5,"both",0.05,"euclidean",0.03,100
6,6,5,"both",0.05,"jaccard",0.01,100
6,6,5,"both",0.05,"unifrac_unweighted",0.04,100
6,6,5,"both",0.05,"unifrac_weighted_phyloseq",0.05,100
6,6,5,"both",0.1,"GLaD_0.5_unweighted",0.03,100
6,6,5,"both",0.1,"GLaD_0.5_weighted",0.02,100
6,6,5,"both",0.1,"GLaD_1_unweighted",0.06,100
6,6,5,"both",0.1,"GLaD_1_weighted",0.04,100
6,6,5,"both",0.1,"GUniFrac",0.01,100
6,6,5,"both",0.1,"aitchison",0.03,100
6,6,5,"both",0.1,"bray",0.05,100
6,6,5,"both",0.1,"euclidean",0.04,100
6,6,5,"both",0.1,"jaccard",0.05,100
6,6,5,"both",0.1,"unifrac_unweighted",0.04,100
6,6,5,"both",0.1,"unifrac_weighted_phyloseq",0.05,100
6,6,5,"both",0.15,"GLaD_0.5_unweighted",0.08,100
6,6,5,"both",0.15,"GLaD_0.5_weighted",0.05,100
6,6,5,"both",0.15,"GLaD_1_unweighted",0.08,100
6,6,5,"both",0.15,"GLaD_1_weighted",0.05,100
6,6,5,"both",0.15,"GUniFrac",0.08,100
6,6,5,"both",0.15,"aitchison",0.08,100
6,6,5,"both",0.15,"bray",0.09,100
6,6,5,"both",0.15,"euclidean",0.06,100
6,6,5,"both",0.15,"jaccard",0.07,100
6,6,5,"both",0.15,"unifrac_unweighted",0.08,100
6,6,5,"both",0.15,"unifrac_weighted_phyloseq",0.07,100
6,6,5,"both",0.2,"GLaD_0.5_unweighted",0.03,100
6,6,5,"both",0.2,"GLaD_0.5_weighted",0.08,100
6,6,5,"both",0.2,"GLaD_1_unweighted",0.02,100
6,6,5,"both",0.2,"GLaD_1_weighted",0.06,100
6,6,5,"both",0.2,"GUniFrac",0.1,100
6,6,5,"both",0.2,"aitchison",0.11,100
6,6,5,"both",0.2,"bray",0.04,100
6,6,5,"both",0.2,"euclidean",0.04,100
6,6,5,"both",0.2,"jaccard",0.05,100
6,6,5,"both",0.2,"unifrac_unweighted",0.06,100
6,6,5,"both",0.2,"unifrac_weighted_phyloseq",0.1,100
6,6,5,"both",0.25,"GLaD_0.5_unweighted",0.11,100
6,6,5,"both",0.25,"GLaD_0.5_weighted",0.08,100
6,6,5,"both",0.25,"GLaD_1_unweighted",0.08,100
6,6,5,"both",0.25,"GLaD_1_weighted",0.07,100
6,6,5,"both",0.25,"GUniFrac",0.12,100
6,6,5,"both",0.25,"aitchison",0.12,100
6,6,5,"both",0.25,"bray",0.08,100
6,6,5,"both",0.25,"euclidean",0.06,100
6,6,5,"both",0.25,"jaccard",0.09,100
6,6,5,"both",0.25,"unifrac_unweighted",0.12,100
6,6,5,"both",0.25,"unifrac_weighted_phyloseq",0.11,100
6,6,5,"both",0.3,"GLaD_0.5_unweighted",0.09,100
6,6,5,"both",0.3,"GLaD_0.5_weighted",0.07,100
6,6,5,"both",0.3,"GLaD_1_unweighted",0.08,100
6,6,5,"both",0.3,"GLaD_1_weighted",0.03,100
6,6,5,"both",0.3,"GUniFrac",0.17,100
6,6,5,"both",0.3,"aitchison",0.14,100
6,6,5,"both",0.3,"bray",0.13,100
6,6,5,"both",0.3,"euclidean",0.09,100
6,6,5,"both",0.3,"jaccard",0.08,100
6,6,5,"both",0.3,"unifrac_unweighted",0.09,100
6,6,5,"both",0.3,"unifrac_weighted_phyloseq",0.11,100
6,6,5,"both",0.35,"GLaD_0.5_unweighted",0.14,100
6,6,5,"both",0.35,"GLaD_0.5_weighted",0.09,100
6,6,5,"both",0.35,"GLaD_1_unweighted",0.09,100
6,6,5,"both",0.35,"GLaD_1_weighted",0.09,100
6,6,5,"both",0.35,"GUniFrac",0.24,100
6,6,5,"both",0.35,"aitchison",0.25,100
6,6,5,"both",0.35,"bray",0.14,100
6,6,5,"both",0.35,"euclidean",0.04,100
6,6,5,"both",0.35,"jaccard",0.11,100
6,6,5,"both",0.35,"unifrac_unweighted",0.14,100
6,6,5,"both",0.35,"unifrac_weighted_phyloseq",0.12,100
6,6,5,"both",0.4,"GLaD_0.5_unweighted",0.22,100
6,6,5,"both",0.4,"GLaD_0.5_weighted",0.2,100
6,6,5,"both",0.4,"GLaD_1_unweighted",0.06,100
6,6,5,"both",0.4,"GLaD_1_weighted",0.2,100
6,6,5,"both",0.4,"GUniFrac",0.39,100
6,6,5,"both",0.4,"aitchison",0.36,100
6,6,5,"both",0.4,"bray",0.19,100
6,6,5,"both",0.4,"euclidean",0.13,100
6,6,5,"both",0.4,"jaccard",0.21,100
6,6,5,"both",0.4,"unifrac_unweighted",0.18,100
6,6,5,"both",0.4,"unifrac_weighted_phyloseq",0.28,100
6,6,5,"both",0.45,"GLaD_0.5_unweighted",0.36,100
6,6,5,"both",0.45,"GLaD_0.5_weighted",0.19,100
6,6,5,"both",0.45,"GLaD_1_unweighted",0.14,100
6,6,5,"both",0.45,"GLaD_1_weighted",0.14,100
6,6,5,"both",0.45,"GUniFrac",0.51,100
6,6,5,"both",0.45,"aitchison",0.57,100
6,6,5,"both",0.45,"bray",0.27,100
6,6,5,"both",0.45,"euclidean",0.05,100
6,6,5,"both",0.45,"jaccard",0.25,100
6,6,5,"both",0.45,"unifrac_unweighted",0.27,100
6,6,5,"both",0.45,"unifrac_weighted_phyloseq",0.26,100
6,6,5,"both",0.5,"GLaD_0.5_unweighted",0.41,100
6,6,5,"both",0.5,"GLaD_0.5_weighted",0.26,100
6,6,5,"both",0.5,"GLaD_1_unweighted",0.18,100
6,6,5,"both",0.5,"GLaD_1_weighted",0.2,100
6,6,5,"both",0.5,"GUniFrac",0.63,100
6,6,5,"both",0.5,"aitchison",0.68,100
6,6,5,"both",0.5,"bray",0.37,100
6,6,5,"both",0.5,"euclidean",0.1,100
6,6,5,"both",0.5,"jaccard",0.37,100
6,6,5,"both",0.5,"unifrac_unweighted",0.37,100
6,6,5,"both",0.5,"unifrac_weighted_phyloseq",0.38,100
6,6,5,"both",0.55,"GLaD_0.5_unweighted",0.48,100
6,6,5,"both",0.55,"GLaD_0.5_weighted",0.3,100
6,6,5,"both",0.55,"GLaD_1_unweighted",0.18,100
6,6,5,"both",0.55,"GLaD_1_weighted",0.28,100
6,6,5,"both",0.55,"GUniFrac",0.83,100
6,6,5,"both",0.55,"aitchison",0.79,100
6,6,5,"both",0.55,"bray",0.5,100
6,6,5,"both",0.55,"euclidean",0.13,100
6,6,5,"both",0.55,"jaccard",0.48,100
6,6,5,"both",0.55,"unifrac_unweighted",0.45,100
6,6,5,"both",0.55,"unifrac_weighted_phyloseq",0.5,100
6,6,5,"both",0.6,"GLaD_0.5_unweighted",0.72,100
6,6,5,"both",0.6,"GLaD_0.5_weighted",0.35,100
6,6,5,"both",0.6,"GLaD_1_unweighted",0.24,100
6,6,5,"both",0.6,"GLaD_1_weighted",0.3,100
6,6,5,"both",0.6,"GUniFrac",0.87,100
6,6,5,"both",0.6,"aitchison",0.89,100
6,6,5,"both",0.6,"bray",0.55,100
6,6,5,"both",0.6,"euclidean",0.11,100
6,6,5,"both",0.6,"jaccard",0.57,100
6,6,5,"both",0.6,"unifrac_unweighted",0.62,100
6,6,5,"both",0.6,"unifrac_weighted_phyloseq",0.57,100
6,6,5,"both",0.65,"GLaD_0.5_unweighted",0.84,100
6,6,5,"both",0.65,"GLaD_0.5_weighted",0.5,100
6,6,5,"both",0.65,"GLaD_1_unweighted",0.33,100
6,6,5,"both",0.65,"GLaD_1_weighted",0.4,100
6,6,5,"both",0.65,"GUniFrac",0.97,100
6,6,5,"both",0.65,"aitchison",0.94,100
6,6,5,"both",0.65,"bray",0.74,100
6,6,5,"both",0.65,"euclidean",0.16,100
6,6,5,"both",0.65,"jaccard",0.71,100
6,6,5,"both",0.65,"unifrac_unweighted",0.77,100
6,6,5,"both",0.65,"unifrac_weighted_phyloseq",0.75,100
6,6,5,"both",0.7,"GLaD_0.5_unweighted",0.88,100
6,6,5,"both",0.7,"GLaD_0.5_weighted",0.57,100
6,6,5,"both",0.7,"GLaD_1_unweighted",0.29,100
6,6,5,"both",0.7,"GLaD_1_weighted",0.57,100
6,6,5,"both",0.7,"GUniFrac",0.99,100
6,6,5,"both",0.7,"aitchison",0.98,100
6,6,5,"both",0.7,"bray",0.76,100
6,6,5,"both",0.7,"euclidean",0.26,100
6,6,5,"both",0.7,"jaccard",0.72,100
6,6,5,"both",0.7,"unifrac_unweighted",0.79,100
6,6,5,"both",0.7,"unifrac_weighted_phyloseq",0.82,100
6,6,5,"both",0.75,"GLaD_0.5_unweighted",0.94,100
6,6,5,"both",0.75,"GLaD_0.5_weighted",0.75,100
6,6,5,"both",0.75,"GLaD_1_unweighted",0.38,100
6,6,5,"both",0.75,"GLaD_1_weighted",0.66,100
6,6,5,"both",0.75,"GUniFrac",1,100
6,6,5,"both",0.75,"aitchison",0.99,100
6,6,5,"both",0.75,"bray",0.93,100
6,6,5,"both",0.75,"euclidean",0.35,100
6,6,5,"both",0.75,"jaccard",0.93,100
6,6,5,"both",0.75,"unifrac_unweighted",0.9,100
6,6,5,"both",0.75,"unifrac_weighted_phyloseq",0.97,100
6,6,5,"both",0.8,"GLaD_0.5_unweighted",0.99,100
6,6,5,"both",0.8,"GLaD_0.5_weighted",0.74,100
6,6,5,"both",0.8,"GLaD_1_unweighted",0.36,100
6,6,5,"both",0.8,"GLaD_1_weighted",0.66,100
6,6,5,"both",0.8,"GUniFrac",1,100
6,6,5,"both",0.8,"aitchison",1,100
6,6,5,"both",0.8,"bray",0.99,100
6,6,5,"both",0.8,"euclidean",0.34,100
6,6,5,"both",0.8,"jaccard",0.99,100
6,6,5,"both",0.8,"unifrac_unweighted",0.95,100
6,6,5,"both",0.8,"unifrac_weighted_phyloseq",0.97,100
6,6,5,"both",0.85,"GLaD_0.5_unweighted",1,100
6,6,5,"both",0.85,"GLaD_0.5_weighted",0.78,100
6,6,5,"both",0.85,"GLaD_1_unweighted",0.4,100
6,6,5,"both",0.85,"GLaD_1_weighted",0.68,100
6,6,5,"both",0.85,"GUniFrac",1,100
6,6,5,"both",0.85,"aitchison",1,100
6,6,5,"both",0.85,"bray",0.98,100
6,6,5,"both",0.85,"euclidean",0.48,100
6,6,5,"both",0.85,"jaccard",0.97,100
6,6,5,"both",0.85,"unifrac_unweighted",0.98,100
6,6,5,"both",0.85,"unifrac_weighted_phyloseq",0.98,100
6,6,5,"both",0.9,"GLaD_0.5_unweighted",1,100
6,6,5,"both",0.9,"GLaD_0.5_weighted",0.86,100
6,6,5,"both",0.9,"GLaD_1_unweighted",0.54,100
6,6,5,"both",0.9,"GLaD_1_weighted",0.76,100
6,6,5,"both",0.9,"GUniFrac",1,100
6,6,5,"both",0.9,"aitchison",1,100
6,6,5,"both",0.9,"bray",1,100
6,6,5,"both",0.9,"euclidean",0.61,100
6,6,5,"both",0.9,"jaccard",1,100
6,6,5,"both",0.9,"unifrac_unweighted",0.99,100
6,6,5,"both",0.9,"unifrac_weighted_phyloseq",1,100
6,6,5,"both",0.95,"GLaD_0.5_unweighted",1,100
6,6,5,"both",0.95,"GLaD_0.5_weighted",0.89,100
6,6,5,"both",0.95,"GLaD_1_unweighted",0.52,100
6,6,5,"both",0.95,"GLaD_1_weighted",0.83,100
6,6,5,"both",0.95,"GUniFrac",1,100
6,6,5,"both",0.95,"aitchison",1,100
6,6,5,"both",0.95,"bray",1,100
6,6,5,"both",0.95,"euclidean",0.73,100
6,6,5,"both",0.95,"jaccard",1,100
6,6,5,"both",0.95,"unifrac_unweighted",1,100
6,6,5,"both",0.95,"unifrac_weighted_phyloseq",1,100
6,6,5,"both",1,"GLaD_0.5_unweighted",1,100
6,6,5,"both",1,"GLaD_0.5_weighted",0.98,100
6,6,5,"both",1,"GLaD_1_unweighted",0.54,100
6,6,5,"both",1,"GLaD_1_weighted",0.93,100
6,6,5,"both",1,"GUniFrac",1,100
6,6,5,"both",1,"aitchison",1,100
6,6,5,"both",1,"bray",1,100
6,6,5,"both",1,"euclidean",0.79,100
6,6,5,"both",1,"jaccard",1,100
6,6,5,"both",1,"unifrac_unweighted",1,100
6,6,5,"both",1,"unifrac_weighted_phyloseq",1,100
6,6,5,"prevalence",0.05,"GLaD_0.5_unweighted",0.02,100
6,6,5,"prevalence",0.05,"GLaD_0.5_weighted",0.04,100
6,6,5,"prevalence",0.05,"GLaD_1_unweighted",0.02,100
6,6,5,"prevalence",0.05,"GLaD_1_weighted",0.05,100
6,6,5,"prevalence",0.05,"GUniFrac",0.06,100
6,6,5,"prevalence",0.05,"aitchison",0.02,100
6,6,5,"prevalence",0.05,"bray",0.05,100
6,6,5,"prevalence",0.05,"euclidean",0.05,100
6,6,5,"prevalence",0.05,"jaccard",0.05,100
6,6,5,"prevalence",0.05,"unifrac_unweighted",0.02,100
6,6,5,"prevalence",0.05,"unifrac_weighted_phyloseq",0.05,100
6,6,5,"prevalence",0.1,"GLaD_0.5_unweighted",0.08,100
6,6,5,"prevalence",0.1,"GLaD_0.5_weighted",0.04,100
6,6,5,"prevalence",0.1,"GLaD_1_unweighted",0.04,100
6,6,5,"prevalence",0.1,"GLaD_1_weighted",0.06,100
6,6,5,"prevalence",0.1,"GUniFrac",0.04,100
6,6,5,"prevalence",0.1,"aitchison",0.06,100
6,6,5,"prevalence",0.1,"bray",0.03,100
6,6,5,"prevalence",0.1,"euclidean",0.02,100
6,6,5,"prevalence",0.1,"jaccard",0.04,100
6,6,5,"prevalence",0.1,"unifrac_unweighted",0.03,100
6,6,5,"prevalence",0.1,"unifrac_weighted_phyloseq",0.03,100
6,6,5,"prevalence",0.15,"GLaD_0.5_unweighted",0.04,100
6,6,5,"prevalence",0.15,"GLaD_0.5_weighted",0.07,100
6,6,5,"prevalence",0.15,"GLaD_1_unweighted",0.09,100
6,6,5,"prevalence",0.15,"GLaD_1_weighted",0.06,100
6,6,5,"prevalence",0.15,"GUniFrac",0.06,100
6,6,5,"prevalence",0.15,"aitchison",0.04,100
6,6,5,"prevalence",0.15,"bray",0.09,100
6,6,5,"prevalence",0.15,"euclidean",0.1,100
6,6,5,"prevalence",0.15,"jaccard",0.12,100
6,6,5,"prevalence",0.15,"unifrac_unweighted",0.04,100
6,6,5,"prevalence",0.15,"unifrac_weighted_phyloseq",0.05,100
6,6,5,"prevalence",0.2,"GLaD_0.5_unweighted",0.07,100
6,6,5,"prevalence",0.2,"GLaD_0.5_weighted",0.11,100
6,6,5,"prevalence",0.2,"GLaD_1_unweighted",0.04,100
6,6,5,"prevalence",0.2,"GLaD_1_weighted",0.07,100
6,6,5,"prevalence",0.2,"GUniFrac",0.05,100
6,6,5,"prevalence",0.2,"aitchison",0.08,100
6,6,5,"prevalence",0.2,"bray",0.05,100
6,6,5,"prevalence",0.2,"euclidean",0.07,100
6,6,5,"prevalence",0.2,"jaccard",0.05,100
6,6,5,"prevalence",0.2,"unifrac_unweighted",0.04,100
6,6,5,"prevalence",0.2,"unifrac_weighted_phyloseq",0.07,100
6,6,5,"prevalence",0.25,"GLaD_0.5_unweighted",0.09,100
6,6,5,"prevalence",0.25,"GLaD_0.5_weighted",0.04,100
6,6,5,"prevalence",0.25,"GLaD_1_unweighted",0.1,100
6,6,5,"prevalence",0.25,"GLaD_1_weighted",0.06,100
6,6,5,"prevalence",0.25,"GUniFrac",0.06,100
6,6,5,"prevalence",0.25,"aitchison",0.06,100
6,6,5,"prevalence",0.25,"bray",0.1,100
6,6,5,"prevalence",0.25,"euclidean",0.09,100
6,6,5,"prevalence",0.25,"jaccard",0.1,100
6,6,5,"prevalence",0.25,"unifrac_unweighted",0.07,100
6,6,5,"prevalence",0.25,"unifrac_weighted_phyloseq",0.06,100
6,6,5,"prevalence",0.3,"GLaD_0.5_unweighted",0.11,100
6,6,5,"prevalence",0.3,"GLaD_0.5_weighted",0.04,100
6,6,5,"prevalence",0.3,"GLaD_1_unweighted",0.09,100
6,6,5,"prevalence",0.3,"GLaD_1_weighted",0.03,100
6,6,5,"prevalence",0.3,"GUniFrac",0.05,100
6,6,5,"prevalence",0.3,"aitchison",0.08,100
6,6,5,"prevalence",0.3,"bray",0.04,100
6,6,5,"prevalence",0.3,"euclidean",0.05,100
6,6,5,"prevalence",0.3,"jaccard",0.06,100
6,6,5,"prevalence",0.3,"unifrac_unweighted",0.05,100
6,6,5,"prevalence",0.3,"unifrac_weighted_phyloseq",0.04,100
6,6,5,"prevalence",0.35,"GLaD_0.5_unweighted",0.16,100
6,6,5,"prevalence",0.35,"GLaD_0.5_weighted",0.05,100
6,6,5,"prevalence",0.35,"GLaD_1_unweighted",0.11,100
6,6,5,"prevalence",0.35,"GLaD_1_weighted",0.01,100
6,6,5,"prevalence",0.35,"GUniFrac",0.07,100
6,6,5,"prevalence",0.35,"aitchison",0.15,100
6,6,5,"prevalence",0.35,"bray",0.05,100
6,6,5,"prevalence",0.35,"euclidean",0.06,100
6,6,5,"prevalence",0.35,"jaccard",0.05,100
6,6,5,"prevalence",0.35,"unifrac_unweighted",0.18,100
6,6,5,"prevalence",0.35,"unifrac_weighted_phyloseq",0.05,100
6,6,5,"prevalence",0.4,"GLaD_0.5_unweighted",0.3,100
6,6,5,"prevalence",0.4,"GLaD_0.5_weighted",0.07,100
6,6,5,"prevalence",0.4,"GLaD_1_unweighted",0.12,100
6,6,5,"prevalence",0.4,"GLaD_1_weighted",0.06,100
6,6,5,"prevalence",0.4,"GUniFrac",0.06,100
6,6,5,"prevalence",0.4,"aitchison",0.16,100
6,6,5,"prevalence",0.4,"bray",0.07,100
6,6,5,"prevalence",0.4,"euclidean",0.06,100
6,6,5,"prevalence",0.4,"jaccard",0.07,100
6,6,5,"prevalence",0.4,"unifrac_unweighted",0.27,100
6,6,5,"prevalence",0.4,"unifrac_weighted_phyloseq",0.05,100
6,6,5,"prevalence",0.45,"GLaD_0.5_unweighted",0.3,100
6,6,5,"prevalence",0.45,"GLaD_0.5_weighted",0.05,100
6,6,5,"prevalence",0.45,"GLaD_1_unweighted",0.17,100
6,6,5,"prevalence",0.45,"GLaD_1_weighted",0.03,100
6,6,5,"prevalence",0.45,"GUniFrac",0.03,100
6,6,5,"prevalence",0.45,"aitchison",0.23,100
6,6,5,"prevalence",0.45,"bray",0.02,100
6,6,5,"prevalence",0.45,"euclidean",0.06,100
6,6,5,"prevalence",0.45,"jaccard",0.03,100
6,6,5,"prevalence",0.45,"unifrac_unweighted",0.31,100
6,6,5,"prevalence",0.45,"unifrac_weighted_phyloseq",0.03,100
6,6,5,"prevalence",0.5,"GLaD_0.5_unweighted",0.34,100
6,6,5,"prevalence",0.5,"GLaD_0.5_weighted",0.03,100
6,6,5,"prevalence",0.5,"GLaD_1_unweighted",0.14,100
6,6,5,"prevalence",0.5,"GLaD_1_weighted",0.03,100
6,6,5,"prevalence",0.5,"GUniFrac",0.05,100
6,6,5,"prevalence",0.5,"aitchison",0.22,100
6,6,5,"prevalence",0.5,"bray",0.04,100
6,6,5,"prevalence",0.5,"euclidean",0.02,100
6,6,5,"prevalence",0.5,"jaccard",0.05,100
6,6,5,"prevalence",0.5,"unifrac_unweighted",0.29,100
6,6,5,"prevalence",0.5,"unifrac_weighted_phyloseq",0.02,100
6,6,5,"prevalence",0.55,"GLaD_0.5_unweighted",0.46,100
6,6,5,"prevalence",0.55,"GLaD_0.5_weighted",0.06,100
6,6,5,"prevalence",0.55,"GLaD_1_unweighted",0.21,100
6,6,5,"prevalence",0.55,"GLaD_1_weighted",0.1,100
6,6,5,"prevalence",0.55,"GUniFrac",0.07,100
6,6,5,"prevalence",0.55,"aitchison",0.28,100
6,6,5,"prevalence",0.55,"bray",0.06,100
6,6,5,"prevalence",0.55,"euclidean",0.03,100
6,6,5,"prevalence",0.55,"jaccard",0.06,100
6,6,5,"prevalence",0.55,"unifrac_unweighted",0.46,100
6,6,5,"prevalence",0.55,"unifrac_weighted_phyloseq",0.06,100
6,6,5,"prevalence",0.6,"GLaD_0.5_unweighted",0.62,100
6,6,5,"prevalence",0.6,"GLaD_0.5_weighted",0.05,100
6,6,5,"prevalence",0.6,"GLaD_1_unweighted",0.27,100
6,6,5,"prevalence",0.6,"GLaD_1_weighted",0.06,100
6,6,5,"prevalence",0.6,"GUniFrac",0.08,100
6,6,5,"prevalence",0.6,"aitchison",0.29,100
6,6,5,"prevalence",0.6,"bray",0.05,100
6,6,5,"prevalence",0.6,"euclidean",0.06,100
6,6,5,"prevalence",0.6,"jaccard",0.04,100
6,6,5,"prevalence",0.6,"unifrac_unweighted",0.59,100
6,6,5,"prevalence",0.6,"unifrac_weighted_phyloseq",0.06,100
6,6,5,"prevalence",0.65,"GLaD_0.5_unweighted",0.76,100
6,6,5,"prevalence",0.65,"GLaD_0.5_weighted",0.05,100
6,6,5,"prevalence",0.65,"GLaD_1_unweighted",0.29,100
6,6,5,"prevalence",0.65,"GLaD_1_weighted",0.04,100
6,6,5,"prevalence",0.65,"GUniFrac",0.11,100
6,6,5,"prevalence",0.65,"aitchison",0.49,100
6,6,5,"prevalence",0.65,"bray",0.07,100
6,6,5,"prevalence",0.65,"euclidean",0.05,100
6,6,5,"prevalence",0.65,"jaccard",0.07,100
6,6,5,"prevalence",0.65,"unifrac_unweighted",0.73,100
6,6,5,"prevalence",0.65,"unifrac_weighted_phyloseq",0.04,100
6,6,5,"prevalence",0.7,"GLaD_0.5_unweighted",0.95,100
6,6,5,"prevalence",0.7,"GLaD_0.5_weighted",0.05,100
6,6,5,"prevalence",0.7,"GLaD_1_unweighted",0.37,100
6,6,5,"prevalence",0.7,"GLaD_1_weighted",0.05,100
6,6,5,"prevalence",0.7,"GUniFrac",0.19,100
6,6,5,"prevalence",0.7,"aitchison",0.64,100
6,6,5,"prevalence",0.7,"bray",0.1,100
6,6,5,"prevalence",0.7,"euclidean",0.04,100
6,6,5,"prevalence",0.7,"jaccard",0.1,100
6,6,5,"prevalence",0.7,"unifrac_unweighted",0.85,100
6,6,5,"prevalence",0.7,"unifrac_weighted_phyloseq",0.07,100
6,6,5,"prevalence",0.75,"GLaD_0.5_unweighted",0.97,100
6,6,5,"prevalence",0.75,"GLaD_0.5_weighted",0.06,100
6,6,5,"prevalence",0.75,"GLaD_1_unweighted",0.35,100
6,6,5,"prevalence",0.75,"GLaD_1_weighted",0.08,100
6,6,5,"prevalence",0.75,"GUniFrac",0.16,100
6,6,5,"prevalence",0.75,"aitchison",0.75,100
6,6,5,"prevalence",0.75,"bray",0.07,100
6,6,5,"prevalence",0.75,"euclidean",0.04,100
6,6,5,"prevalence",0.75,"jaccard",0.06,100
6,6,5,"prevalence",0.75,"unifrac_unweighted",0.93,100
6,6,5,"prevalence",0.75,"unifrac_weighted_phyloseq",0.09,100
6,6,5,"prevalence",0.8,"GLaD_0.5_unweighted",1,100
6,6,5,"prevalence",0.8,"GLaD_0.5_weighted",0.09,100
6,6,5,"prevalence",0.8,"GLaD_1_unweighted",0.46,100
6,6,5,"prevalence",0.8,"GLaD_1_weighted",0.05,100
6,6,5,"prevalence",0.8,"GUniFrac",0.17,100
6,6,5,"prevalence",0.8,"aitchison",0.79,100
6,6,5,"prevalence",0.8,"bray",0.1,100
6,6,5,"prevalence",0.8,"euclidean",0.08,100
6,6,5,"prevalence",0.8,"jaccard",0.09,100
6,6,5,"prevalence",0.8,"unifrac_unweighted",0.98,100
6,6,5,"prevalence",0.8,"unifrac_weighted_phyloseq",0.09,100
6,6,5,"prevalence",0.85,"GLaD_0.5_unweighted",1,100
6,6,5,"prevalence",0.85,"GLaD_0.5_weighted",0.06,100
6,6,5,"prevalence",0.85,"GLaD_1_unweighted",0.44,100
6,6,5,"prevalence",0.85,"GLaD_1_weighted",0.07,100
6,6,5,"prevalence",0.85,"GUniFrac",0.19,100
6,6,5,"prevalence",0.85,"aitchison",0.92,100
6,6,5,"prevalence",0.85,"bray",0.07,100
6,6,5,"prevalence",0.85,"euclidean",0.03,100
6,6,5,"prevalence",0.85,"jaccard",0.05,100
6,6,5,"prevalence",0.85,"unifrac_unweighted",0.98,100
6,6,5,"prevalence",0.85,"unifrac_weighted_phyloseq",0.1,100
6,6,5,"prevalence",0.9,"GLaD_0.5_unweighted",1,100
6,6,5,"prevalence",0.9,"GLaD_0.5_weighted",0.06,100
6,6,5,"prevalence",0.9,"GLaD_1_unweighted",0.42,100
6,6,5,"prevalence",0.9,"GLaD_1_weighted",0.06,100
6,6,5,"prevalence",0.9,"GUniFrac",0.23,100
6,6,5,"prevalence",0.9,"aitchison",0.97,100
6,6,5,"prevalence",0.9,"bray",0.08,100
6,6,5,"prevalence",0.9,"euclidean",0.02,100
6,6,5,"prevalence",0.9,"jaccard",0.07,100
6,6,5,"prevalence",0.9,"unifrac_unweighted",1,100
6,6,5,"prevalence",0.9,"unifrac_weighted_phyloseq",0.07,100
6,6,5,"prevalence",0.95,"GLaD_0.5_unweighted",1,100
6,6,5,"prevalence",0.95,"GLaD_0.5_weighted",0.07,100
6,6,5,"prevalence",0.95,"GLaD_1_unweighted",0.52,100
6,6,5,"prevalence",0.95,"GLaD_1_weighted",0.06,100
6,6,5,"prevalence",0.95,"GUniFrac",0.35,100
6,6,5,"prevalence",0.95,"aitchison",1,100
6,6,5,"prevalence",0.95,"bray",0.05,100
6,6,5,"prevalence",0.95,"euclidean",0.06,100
6,6,5,"prevalence",0.95,"jaccard",0.05,100
6,6,5,"prevalence",0.95,"unifrac_unweighted",1,100
6,6,5,"prevalence",0.95,"unifrac_weighted_phyloseq",0.08,100
6,6,5,"prevalence",1,"GLaD_0.5_unweighted",1,100
6,6,5,"prevalence",1,"GLaD_0.5_weighted",0.03,100
6,6,5,"prevalence",1,"GLaD_1_unweighted",0.62,100
6,6,5,"prevalence",1,"GLaD_1_weighted",0.06,100
6,6,5,"prevalence",1,"GUniFrac",0.33,100
6,6,5,"prevalence",1,"aitchison",1,100
6,6,5,"prevalence",1,"bray",0.12,100
6,6,5,"prevalence",1,"euclidean",0.06,100
6,6,5,"prevalence",1,"jaccard",0.13,100
6,6,5,"prevalence",1,"unifrac_unweighted",1,100
6,6,5,"prevalence",1,"unifrac_weighted_phyloseq",0.11,100
8,1,4,"abundance",0.05,"GLaD_0.5_unweighted",0.02,100
8,1,4,"abundance",0.05,"GLaD_0.5_weighted",0.07,100
8,1,4,"abundance",0.05,"GLaD_1_unweighted",0.04,100
8,1,4,"abundance",0.05,"GLaD_1_weighted",0.06,100
8,1,4,"abundance",0.05,"GUniFrac",0.05,100
8,1,4,"abundance",0.05,"aitchison",0.01,100
8,1,4,"abundance",0.05,"bray",0.05,100
8,1,4,"abundance",0.05,"euclidean",0.03,100
8,1,4,"abundance",0.05,"jaccard",0.04,100
8,1,4,"abundance",0.05,"unifrac_unweighted",0.06,100
8,1,4,"abundance",0.05,"unifrac_weighted_phyloseq",0.05,100
8,1,4,"abundance",0.1,"GLaD_0.5_unweighted",0.06,100
8,1,4,"abundance",0.1,"GLaD_0.5_weighted",0.06,100
8,1,4,"abundance",0.1,"GLaD_1_unweighted",0.06,100
8,1,4,"abundance",0.1,"GLaD_1_weighted",0.07,100
8,1,4,"abundance",0.1,"GUniFrac",0.05,100
8,1,4,"abundance",0.1,"aitchison",0.04,100
8,1,4,"abundance",0.1,"bray",0.05,100
8,1,4,"abundance",0.1,"euclidean",0.06,100
8,1,4,"abundance",0.1,"jaccard",0.07,100
8,1,4,"abundance",0.1,"unifrac_unweighted",0.08,100
8,1,4,"abundance",0.1,"unifrac_weighted_phyloseq",0.05,100
8,1,4,"abundance",0.15,"GLaD_0.5_unweighted",0.05,100
8,1,4,"abundance",0.15,"GLaD_0.5_weighted",0.11,100
8,1,4,"abundance",0.15,"GLaD_1_unweighted",0.05,100
8,1,4,"abundance",0.15,"GLaD_1_weighted",0.07,100
8,1,4,"abundance",0.15,"GUniFrac",0.05,100
8,1,4,"abundance",0.15,"aitchison",0.03,100
8,1,4,"abundance",0.15,"bray",0.07,100
8,1,4,"abundance",0.15,"euclidean",0.06,100
8,1,4,"abundance",0.15,"jaccard",0.07,100
8,1,4,"abundance",0.15,"unifrac_unweighted",0.06,100
8,1,4,"abundance",0.15,"unifrac_weighted_phyloseq",0.08,100
8,1,4,"abundance",0.2,"GLaD_0.5_unweighted",0.04,100
8,1,4,"abundance",0.2,"GLaD_0.5_weighted",0.06,100
8,1,4,"abundance",0.2,"GLaD_1_unweighted",0.06,100
8,1,4,"abundance",0.2,"GLaD_1_weighted",0.03,100
8,1,4,"abundance",0.2,"GUniFrac",0.12,100
8,1,4,"abundance",0.2,"aitchison",0.03,100
8,1,4,"abundance",0.2,"bray",0.13,100
8,1,4,"abundance",0.2,"euclidean",0.07,100
8,1,4,"abundance",0.2,"jaccard",0.12,100
8,1,4,"abundance",0.2,"unifrac_unweighted",0.06,100
8,1,4,"abundance",0.2,"unifrac_weighted_phyloseq",0.07,100
8,1,4,"abundance",0.25,"GLaD_0.5_unweighted",0.07,100
8,1,4,"abundance",0.25,"GLaD_0.5_weighted",0.01,100
8,1,4,"abundance",0.25,"GLaD_1_unweighted",0.06,100
8,1,4,"abundance",0.25,"GLaD_1_weighted",0.02,100
8,1,4,"abundance",0.25,"GUniFrac",0.1,100
8,1,4,"abundance",0.25,"aitchison",0.06,100
8,1,4,"abundance",0.25,"bray",0.07,100
8,1,4,"abundance",0.25,"euclidean",0.07,100
8,1,4,"abundance",0.25,"jaccard",0.1,100
8,1,4,"abundance",0.25,"unifrac_unweighted",0.08,100
8,1,4,"abundance",0.25,"unifrac_weighted_phyloseq",0.08,100
8,1,4,"abundance",0.3,"GLaD_0.5_unweighted",0.02,100
8,1,4,"abundance",0.3,"GLaD_0.5_weighted",0.06,100
8,1,4,"abundance",0.3,"GLaD_1_unweighted",0.05,100
8,1,4,"abundance",0.3,"GLaD_1_weighted",0.11,100
8,1,4,"abundance",0.3,"GUniFrac",0.13,100
8,1,4,"abundance",0.3,"aitchison",0.03,100
8,1,4,"abundance",0.3,"bray",0.1,100
8,1,4,"abundance",0.3,"euclidean",0.06,100
8,1,4,"abundance",0.3,"jaccard",0.1,100
8,1,4,"abundance",0.3,"unifrac_unweighted",0.04,100
8,1,4,"abundance",0.3,"unifrac_weighted_phyloseq",0.1,100
8,1,4,"abundance",0.35,"GLaD_0.5_unweighted",0.04,100
8,1,4,"abundance",0.35,"GLaD_0.5_weighted",0.14,100
8,1,4,"abundance",0.35,"GLaD_1_unweighted",0.04,100
8,1,4,"abundance",0.35,"GLaD_1_weighted",0.11,100
8,1,4,"abundance",0.35,"GUniFrac",0.17,100
8,1,4,"abundance",0.35,"aitchison",0.09,100
8,1,4,"abundance",0.35,"bray",0.14,100
8,1,4,"abundance",0.35,"euclidean",0.13,100
8,1,4,"abundance",0.35,"jaccard",0.15,100
8,1,4,"abundance",0.35,"unifrac_unweighted",0.05,100
8,1,4,"abundance",0.35,"unifrac_weighted_phyloseq",0.22,100
8,1,4,"abundance",0.4,"GLaD_0.5_unweighted",0.07,100
8,1,4,"abundance",0.4,"GLaD_0.5_weighted",0.22,100
8,1,4,"abundance",0.4,"GLaD_1_unweighted",0.11,100
8,1,4,"abundance",0.4,"GLaD_1_weighted",0.14,100
8,1,4,"abundance",0.4,"GUniFrac",0.24,100
8,1,4,"abundance",0.4,"aitchison",0.08,100
8,1,4,"abundance",0.4,"bray",0.17,100
8,1,4,"abundance",0.4,"euclidean",0.15,100
8,1,4,"abundance",0.4,"jaccard",0.16,100
8,1,4,"abundance",0.4,"unifrac_unweighted",0.05,100
8,1,4,"abundance",0.4,"unifrac_weighted_phyloseq",0.24,100
8,1,4,"abundance",0.45,"GLaD_0.5_unweighted",0.04,100
8,1,4,"abundance",0.45,"GLaD_0.5_weighted",0.18,100
8,1,4,"abundance",0.45,"GLaD_1_unweighted",0.05,100
8,1,4,"abundance",0.45,"GLaD_1_weighted",0.11,100
8,1,4,"abundance",0.45,"GUniFrac",0.32,100
8,1,4,"abundance",0.45,"aitchison",0.07,100
8,1,4,"abundance",0.45,"bray",0.17,100
8,1,4,"abundance",0.45,"euclidean",0.09,100
8,1,4,"abundance",0.45,"jaccard",0.19,100
8,1,4,"abundance",0.45,"unifrac_unweighted",0.02,100
8,1,4,"abundance",0.45,"unifrac_weighted_phyloseq",0.24,100
8,1,4,"abundance",0.5,"GLaD_0.5_unweighted",0.01,100
8,1,4,"abundance",0.5,"GLaD_0.5_weighted",0.18,100
8,1,4,"abundance",0.5,"GLaD_1_unweighted",0.04,100
8,1,4,"abundance",0.5,"GLaD_1_weighted",0.14,100
8,1,4,"abundance",0.5,"GUniFrac",0.31,100
8,1,4,"abundance",0.5,"aitchison",0.03,100
8,1,4,"abundance",0.5,"bray",0.16,100
8,1,4,"abundance",0.5,"euclidean",0.11,100
8,1,4,"abundance",0.5,"jaccard",0.14,100
8,1,4,"abundance",0.5,"unifrac_unweighted",0.04,100
8,1,4,"abundance",0.5,"unifrac_weighted_phyloseq",0.27,100
8,1,4,"abundance",0.55,"GLaD_0.5_unweighted",0.02,100
8,1,4,"abundance",0.55,"GLaD_0.5_weighted",0.21,100
8,1,4,"abundance",0.55,"GLaD_1_unweighted",0.05,100
8,1,4,"abundance",0.55,"GLaD_1_weighted",0.18,100
8,1,4,"abundance",0.55,"GUniFrac",0.46,100
8,1,4,"abundance",0.55,"aitchison",0.03,100
8,1,4,"abundance",0.55,"bray",0.23,100
8,1,4,"abundance",0.55,"euclidean",0.16,100
8,1,4,"abundance",0.55,"jaccard",0.22,100
8,1,4,"abundance",0.55,"unifrac_unweighted",0.05,100
8,1,4,"abundance",0.55,"unifrac_weighted_phyloseq",0.38,100
8,1,4,"abundance",0.6,"GLaD_0.5_unweighted",0.04,100
8,1,4,"abundance",0.6,"GLaD_0.5_weighted",0.25,100
8,1,4,"abundance",0.6,"GLaD_1_unweighted",0.03,100
8,1,4,"abundance",0.6,"GLaD_1_weighted",0.2,100
8,1,4,"abundance",0.6,"GUniFrac",0.47,100
8,1,4,"abundance",0.6,"aitchison",0.05,100
8,1,4,"abundance",0.6,"bray",0.22,100
8,1,4,"abundance",0.6,"euclidean",0.14,100
8,1,4,"abundance",0.6,"jaccard",0.2,100
8,1,4,"abundance",0.6,"unifrac_unweighted",0.02,100
8,1,4,"abundance",0.6,"unifrac_weighted_phyloseq",0.42,100
8,1,4,"abundance",0.65,"GLaD_0.5_unweighted",0.05,100
8,1,4,"abundance",0.65,"GLaD_0.5_weighted",0.44,100
8,1,4,"abundance",0.65,"GLaD_1_unweighted",0.05,100
8,1,4,"abundance",0.65,"GLaD_1_weighted",0.32,100
8,1,4,"abundance",0.65,"GUniFrac",0.64,100
8,1,4,"abundance",0.65,"aitchison",0.12,100
8,1,4,"abundance",0.65,"bray",0.39,100
8,1,4,"abundance",0.65,"euclidean",0.25,100
8,1,4,"abundance",0.65,"jaccard",0.34,100
8,1,4,"abundance",0.65,"unifrac_unweighted",0.07,100
8,1,4,"abundance",0.65,"unifrac_weighted_phyloseq",0.58,100
8,1,4,"abundance",0.7,"GLaD_0.5_unweighted",0.04,100
8,1,4,"abundance",0.7,"GLaD_0.5_weighted",0.46,100
8,1,4,"abundance",0.7,"GLaD_1_unweighted",0.04,100
8,1,4,"abundance",0.7,"GLaD_1_weighted",0.36,100
8,1,4,"abundance",0.7,"GUniFrac",0.71,100
8,1,4,"abundance",0.7,"aitchison",0.08,100
8,1,4,"abundance",0.7,"bray",0.41,100
8,1,4,"abundance",0.7,"euclidean",0.22,100
8,1,4,"abundance",0.7,"jaccard",0.4,100
8,1,4,"abundance",0.7,"unifrac_unweighted",0.05,100
8,1,4,"abundance",0.7,"unifrac_weighted_phyloseq",0.59,100
8,1,4,"abundance",0.75,"GLaD_0.5_unweighted",0.02,100
8,1,4,"abundance",0.75,"GLaD_0.5_weighted",0.51,100
8,1,4,"abundance",0.75,"GLaD_1_unweighted",0.01,100
8,1,4,"abundance",0.75,"GLaD_1_weighted",0.46,100
8,1,4,"abundance",0.75,"GUniFrac",0.7,100
8,1,4,"abundance",0.75,"aitchison",0.08,100
8,1,4,"abundance",0.75,"bray",0.5,100
8,1,4,"abundance",0.75,"euclidean",0.23,100
8,1,4,"abundance",0.75,"jaccard",0.49,100
8,1,4,"abundance",0.75,"unifrac_unweighted",0.02,100
8,1,4,"abundance",0.75,"unifrac_weighted_phyloseq",0.67,100
8,1,4,"abundance",0.8,"GLaD_0.5_unweighted",0.05,100
8,1,4,"abundance",0.8,"GLaD_0.5_weighted",0.54,100
8,1,4,"abundance",0.8,"GLaD_1_unweighted",0.05,100
8,1,4,"abundance",0.8,"GLaD_1_weighted",0.42,100
8,1,4,"abundance",0.8,"GUniFrac",0.86,100
8,1,4,"abundance",0.8,"aitchison",0.12,100
8,1,4,"abundance",0.8,"bray",0.5,100
8,1,4,"abundance",0.8,"euclidean",0.26,100
8,1,4,"abundance",0.8,"jaccard",0.5,100
8,1,4,"abundance",0.8,"unifrac_unweighted",0.03,100
8,1,4,"abundance",0.8,"unifrac_weighted_phyloseq",0.79,100
8,1,4,"abundance",0.85,"GLaD_0.5_unweighted",0.06,100
8,1,4,"abundance",0.85,"GLaD_0.5_weighted",0.66,100
8,1,4,"abundance",0.85,"GLaD_1_unweighted",0.04,100
8,1,4,"abundance",0.85,"GLaD_1_weighted",0.54,100
8,1,4,"abundance",0.85,"GUniFrac",0.89,100
8,1,4,"abundance",0.85,"aitchison",0.1,100
8,1,4,"abundance",0.85,"bray",0.67,100
8,1,4,"abundance",0.85,"euclidean",0.4,100
8,1,4,"abundance",0.85,"jaccard",0.68,100
8,1,4,"abundance",0.85,"unifrac_unweighted",0.07,100
8,1,4,"abundance",0.85,"unifrac_weighted_phyloseq",0.83,100
8,1,4,"abundance",0.9,"GLaD_0.5_unweighted",0.1,100
8,1,4,"abundance",0.9,"GLaD_0.5_weighted",0.76,100
8,1,4,"abundance",0.9,"GLaD_1_unweighted",0.06,100
8,1,4,"abundance",0.9,"GLaD_1_weighted",0.53,100
8,1,4,"abundance",0.9,"GUniFrac",1,100
8,1,4,"abundance",0.9,"aitchison",0.12,100
8,1,4,"abundance",0.9,"bray",0.7,100
8,1,4,"abundance",0.9,"euclidean",0.42,100
8,1,4,"abundance",0.9,"jaccard",0.64,100
8,1,4,"abundance",0.9,"unifrac_unweighted",0.09,100
8,1,4,"abundance",0.9,"unifrac_weighted_phyloseq",0.91,100
8,1,4,"abundance",0.95,"GLaD_0.5_unweighted",0.01,100
8,1,4,"abundance",0.95,"GLaD_0.5_weighted",0.81,100
8,1,4,"abundance",0.95,"GLaD_1_unweighted",0.01,100
8,1,4,"abundance",0.95,"GLaD_1_weighted",0.58,100
8,1,4,"abundance",0.95,"GUniFrac",1,100
8,1,4,"abundance",0.95,"aitchison",0.11,100
8,1,4,"abundance",0.95,"bray",0.83,100
8,1,4,"abundance",0.95,"euclidean",0.46,100
8,1,4,"abundance",0.95,"jaccard",0.81,100
8,1,4,"abundance",0.95,"unifrac_unweighted",0.03,100
8,1,4,"abundance",0.95,"unifrac_weighted_phyloseq",0.94,100
8,1,4,"abundance",1,"GLaD_0.5_unweighted",0.08,100
8,1,4,"abundance",1,"GLaD_0.5_weighted",0.85,100
8,1,4,"abundance",1,"GLaD_1_unweighted",0.07,100
8,1,4,"abundance",1,"GLaD_1_weighted",0.7,100
8,1,4,"abundance",1,"GUniFrac",1,100
8,1,4,"abundance",1,"aitchison",0.19,100
8,1,4,"abundance",1,"bray",0.9,100
8,1,4,"abundance",1,"euclidean",0.52,100
8,1,4,"abundance",1,"jaccard",0.9,100
8,1,4,"abundance",1,"unifrac_unweighted",0.07,100
8,1,4,"abundance",1,"unifrac_weighted_phyloseq",0.99,100
8,1,4,"both",0.05,"GLaD_0.5_unweighted",0.03,100
8,1,4,"both",0.05,"GLaD_0.5_weighted",0.05,100
8,1,4,"both",0.05,"GLaD_1_unweighted",0.04,100
8,1,4,"both",0.05,"GLaD_1_weighted",0.08,100
8,1,4,"both",0.05,"GUniFrac",0.04,100
8,1,4,"both",0.05,"aitchison",0.03,100
8,1,4,"both",0.05,"bray",0.05,100
8,1,4,"both",0.05,"euclidean",0.05,100
8,1,4,"both",0.05,"jaccard",0.04,100
8,1,4,"both",0.05,"unifrac_unweighted",0.03,100
8,1,4,"both",0.05,"unifrac_weighted_phyloseq",0.04,100
8,1,4,"both",0.1,"GLaD_0.5_unweighted",0.08,100
8,1,4,"both",0.1,"GLaD_0.5_weighted",0.01,100
8,1,4,"both",0.1,"GLaD_1_unweighted",0.09,100
8,1,4,"both",0.1,"GLaD_1_weighted",0.04,100
8,1,4,"both",0.1,"GUniFrac",0.06,100
8,1,4,"both",0.1,"aitchison",0.11,100
8,1,4,"both",0.1,"bray",0.03,100
8,1,4,"both",0.1,"euclidean",0.03,100
8,1,4,"both",0.1,"jaccard",0.03,100
8,1,4,"both",0.1,"unifrac_unweighted",0.09,100
8,1,4,"both",0.1,"unifrac_weighted_phyloseq",0.02,100
8,1,4,"both",0.15,"GLaD_0.5_unweighted",0.03,100
8,1,4,"both",0.15,"GLaD_0.5_weighted",0.14,100
8,1,4,"both",0.15,"GLaD_1_unweighted",0.03,100
8,1,4,"both",0.15,"GLaD_1_weighted",0.08,100
8,1,4,"both",0.15,"GUniFrac",0.11,100
8,1,4,"both",0.15,"aitchison",0.07,100
8,1,4,"both",0.15,"bray",0.1,100
8,1,4,"both",0.15,"euclidean",0.11,100
8,1,4,"both",0.15,"jaccard",0.1,100
8,1,4,"both",0.15,"unifrac_unweighted",0.03,100
8,1,4,"both",0.15,"unifrac_weighted_phyloseq",0.14,100
8,1,4,"both",0.2,"GLaD_0.5_unweighted",0.08,100
8,1,4,"both",0.2,"GLaD_0.5_weighted",0.06,100
8,1,4,"both",0.2,"GLaD_1_unweighted",0.08,100
8,1,4,"both",0.2,"GLaD_1_weighted",0.07,100
8,1,4,"both",0.2,"GUniFrac",0.15,100
8,1,4,"both",0.2,"aitchison",0.06,100
8,1,4,"both",0.2,"bray",0.1,100
8,1,4,"both",0.2,"euclidean",0.02,100
8,1,4,"both",0.2,"jaccard",0.08,100
8,1,4,"both",0.2,"unifrac_unweighted",0.07,100
8,1,4,"both",0.2,"unifrac_weighted_phyloseq",0.12,100
8,1,4,"both",0.25,"GLaD_0.5_unweighted",0.11,100
8,1,4,"both",0.25,"GLaD_0.5_weighted",0.08,100
8,1,4,"both",0.25,"GLaD_1_unweighted",0.06,100
8,1,4,"both",0.25,"GLaD_1_weighted",0.1,100
8,1,4,"both",0.25,"GUniFrac",0.16,100
8,1,4,"both",0.25,"aitchison",0.08,100
8,1,4,"both",0.25,"bray",0.05,100
8,1,4,"both",0.25,"euclidean",0.08,100
8,1,4,"both",0.25,"jaccard",0.04,100
8,1,4,"both",0.25,"unifrac_unweighted",0.09,100
8,1,4,"both",0.25,"unifrac_weighted_phyloseq",0.12,100
8,1,4,"both",0.3,"GLaD_0.5_unweighted",0.13,100
8,1,4,"both",0.3,"GLaD_0.5_weighted",0.12,100
8,1,4,"both",0.3,"GLaD_1_unweighted",0.08,100
8,1,4,"both",0.3,"GLaD_1_weighted",0.09,100
8,1,4,"both",0.3,"GUniFrac",0.24,100
8,1,4,"both",0.3,"aitchison",0.14,100
8,1,4,"both",0.3,"bray",0.17,100
8,1,4,"both",0.3,"euclidean",0.04,100
8,1,4,"both",0.3,"jaccard",0.16,100
8,1,4,"both",0.3,"unifrac_unweighted",0.08,100
8,1,4,"both",0.3,"unifrac_weighted_phyloseq",0.2,100
8,1,4,"both",0.35,"GLaD_0.5_unweighted",0.22,100
8,1,4,"both",0.35,"GLaD_0.5_weighted",0.22,100
8,1,4,"both",0.35,"GLaD_1_unweighted",0.12,100
8,1,4,"both",0.35,"GLaD_1_weighted",0.19,100
8,1,4,"both",0.35,"GUniFrac",0.39,100
8,1,4,"both",0.35,"aitchison",0.22,100
8,1,4,"both",0.35,"bray",0.15,100
8,1,4,"both",0.35,"euclidean",0.13,100
8,1,4,"both",0.35,"jaccard",0.14,100
8,1,4,"both",0.35,"unifrac_unweighted",0.12,100
8,1,4,"both",0.35,"unifrac_weighted_phyloseq",0.34,100
8,1,4,"both",0.4,"GLaD_0.5_unweighted",0.27,100
8,1,4,"both",0.4,"GLaD_0.5_weighted",0.2,100
8,1,4,"both",0.4,"GLaD_1_unweighted",0.11,100
8,1,4,"both",0.4,"GLaD_1_weighted",0.17,100
8,1,4,"both",0.4,"GUniFrac",0.52,100
8,1,4,"both",0.4,"aitchison",0.34,100
8,1,4,"both",0.4,"bray",0.22,100
8,1,4,"both",0.4,"euclidean",0.15,100
8,1,4,"both",0.4,"jaccard",0.21,100
8,1,4,"both",0.4,"unifrac_unweighted",0.13,100
8,1,4,"both",0.4,"unifrac_weighted_phyloseq",0.38,100
8,1,4,"both",0.45,"GLaD_0.5_unweighted",0.41,100
8,1,4,"both",0.45,"GLaD_0.5_weighted",0.35,100
8,1,4,"both",0.45,"GLaD_1_unweighted",0.11,100
8,1,4,"both",0.45,"GLaD_1_weighted",0.26,100
8,1,4,"both",0.45,"GUniFrac",0.66,100
8,1,4,"both",0.45,"aitchison",0.39,100
8,1,4,"both",0.45,"bray",0.28,100
8,1,4,"both",0.45,"euclidean",0.18,100
8,1,4,"both",0.45,"jaccard",0.29,100
8,1,4,"both",0.45,"unifrac_unweighted",0.2,100
8,1,4,"both",0.45,"unifrac_weighted_phyloseq",0.48,100
8,1,4,"both",0.5,"GLaD_0.5_unweighted",0.45,100
8,1,4,"both",0.5,"GLaD_0.5_weighted",0.38,100
8,1,4,"both",0.5,"GLaD_1_unweighted",0.11,100
8,1,4,"both",0.5,"GLaD_1_weighted",0.32,100
8,1,4,"both",0.5,"GUniFrac",0.83,100
8,1,4,"both",0.5,"aitchison",0.55,100
8,1,4,"both",0.5,"bray",0.35,100
8,1,4,"both",0.5,"euclidean",0.18,100
8,1,4,"both",0.5,"jaccard",0.31,100
8,1,4,"both",0.5,"unifrac_unweighted",0.33,100
8,1,4,"both",0.5,"unifrac_weighted_phyloseq",0.6,100
8,1,4,"both",0.55,"GLaD_0.5_unweighted",0.64,100
8,1,4,"both",0.55,"GLaD_0.5_weighted",0.56,100
8,1,4,"both",0.55,"GLaD_1_unweighted",0.21,100
8,1,4,"both",0.55,"GLaD_1_weighted",0.4,100
8,1,4,"both",0.55,"GUniFrac",0.94,100
8,1,4,"both",0.55,"aitchison",0.8,100
8,1,4,"both",0.55,"bray",0.47,100
8,1,4,"both",0.55,"euclidean",0.21,100
8,1,4,"both",0.55,"jaccard",0.45,100
8,1,4,"both",0.55,"unifrac_unweighted",0.38,100
8,1,4,"both",0.55,"unifrac_weighted_phyloseq",0.79,100
8,1,4,"both",0.6,"GLaD_0.5_unweighted",0.81,100
8,1,4,"both",0.6,"GLaD_0.5_weighted",0.62,100
8,1,4,"both",0.6,"GLaD_1_unweighted",0.21,100
8,1,4,"both",0.6,"GLaD_1_weighted",0.5,100
8,1,4,"both",0.6,"GUniFrac",0.96,100
8,1,4,"both",0.6,"aitchison",0.85,100
8,1,4,"both",0.6,"bray",0.52,100
8,1,4,"both",0.6,"euclidean",0.27,100
8,1,4,"both",0.6,"jaccard",0.47,100
8,1,4,"both",0.6,"unifrac_unweighted",0.5,100
8,1,4,"both",0.6,"unifrac_weighted_phyloseq",0.87,100
8,1,4,"both",0.65,"GLaD_0.5_unweighted",0.88,100
8,1,4,"both",0.65,"GLaD_0.5_weighted",0.76,100
8,1,4,"both",0.65,"GLaD_1_unweighted",0.19,100
8,1,4,"both",0.65,"GLaD_1_weighted",0.62,100
8,1,4,"both",0.65,"GUniFrac",0.98,100
8,1,4,"both",0.65,"aitchison",0.95,100
8,1,4,"both",0.65,"bray",0.7,100
8,1,4,"both",0.65,"euclidean",0.42,100
8,1,4,"both",0.65,"jaccard",0.69,100
8,1,4,"both",0.65,"unifrac_unweighted",0.61,100
8,1,4,"both",0.65,"unifrac_weighted_phyloseq",0.95,100
8,1,4,"both",0.7,"GLaD_0.5_unweighted",0.91,100
8,1,4,"both",0.7,"GLaD_0.5_weighted",0.76,100
8,1,4,"both",0.7,"GLaD_1_unweighted",0.33,100
8,1,4,"both",0.7,"GLaD_1_weighted",0.68,100
8,1,4,"both",0.7,"GUniFrac",0.99,100
8,1,4,"both",0.7,"aitchison",0.96,100
8,1,4,"both",0.7,"bray",0.79,100
8,1,4,"both",0.7,"euclidean",0.43,100
8,1,4,"both",0.7,"jaccard",0.78,100
8,1,4,"both",0.7,"unifrac_unweighted",0.66,100
8,1,4,"both",0.7,"unifrac_weighted_phyloseq",0.95,100
8,1,4,"both",0.75,"GLaD_0.5_unweighted",0.99,100
8,1,4,"both",0.75,"GLaD_0.5_weighted",0.86,100
8,1,4,"both",0.75,"GLaD_1_unweighted",0.35,100
8,1,4,"both",0.75,"GLaD_1_weighted",0.73,100
8,1,4,"both",0.75,"GUniFrac",1,100
8,1,4,"both",0.75,"aitchison",1,100
8,1,4,"both",0.75,"bray",0.88,100
8,1,4,"both",0.75,"euclidean",0.41,100
8,1,4,"both",0.75,"jaccard",0.9,100
8,1,4,"both",0.75,"unifrac_unweighted",0.81,100
8,1,4,"both",0.75,"unifrac_weighted_phyloseq",0.96,100
8,1,4,"both",0.8,"GLaD_0.5_unweighted",0.97,100
8,1,4,"both",0.8,"GLaD_0.5_weighted",0.87,100
8,1,4,"both",0.8,"GLaD_1_unweighted",0.27,100
8,1,4,"both",0.8,"GLaD_1_weighted",0.73,100
8,1,4,"both",0.8,"GUniFrac",1,100
8,1,4,"both",0.8,"aitchison",1,100
8,1,4,"both",0.8,"bray",0.96,100
8,1,4,"both",0.8,"euclidean",0.5,100
8,1,4,"both",0.8,"jaccard",0.94,100
8,1,4,"both",0.8,"unifrac_unweighted",0.87,100
8,1,4,"both",0.8,"unifrac_weighted_phyloseq",0.99,100
8,1,4,"both",0.85,"GLaD_0.5_unweighted",1,100
8,1,4,"both",0.85,"GLaD_0.5_weighted",0.99,100
8,1,4,"both",0.85,"GLaD_1_unweighted",0.31,100
8,1,4,"both",0.85,"GLaD_1_weighted",0.94,100
8,1,4,"both",0.85,"GUniFrac",1,100
8,1,4,"both",0.85,"aitchison",1,100
8,1,4,"both",0.85,"bray",0.99,100
8,1,4,"both",0.85,"euclidean",0.56,100
8,1,4,"both",0.85,"jaccard",0.99,100
8,1,4,"both",0.85,"unifrac_unweighted",0.94,100
8,1,4,"both",0.85,"unifrac_weighted_phyloseq",1,100
8,1,4,"both",0.9,"GLaD_0.5_unweighted",1,100
8,1,4,"both",0.9,"GLaD_0.5_weighted",0.99,100
8,1,4,"both",0.9,"GLaD_1_unweighted",0.42,100
8,1,4,"both",0.9,"GLaD_1_weighted",0.94,100
8,1,4,"both",0.9,"GUniFrac",1,100
8,1,4,"both",0.9,"aitchison",1,100
8,1,4,"both",0.9,"bray",0.98,100
8,1,4,"both",0.9,"euclidean",0.66,100
8,1,4,"both",0.9,"jaccard",0.98,100
8,1,4,"both",0.9,"unifrac_unweighted",0.98,100
8,1,4,"both",0.9,"unifrac_weighted_phyloseq",1,100
8,1,4,"both",0.95,"GLaD_0.5_unweighted",1,100
8,1,4,"both",0.95,"GLaD_0.5_weighted",1,100
8,1,4,"both",0.95,"GLaD_1_unweighted",0.47,100
8,1,4,"both",0.95,"GLaD_1_weighted",1,100
8,1,4,"both",0.95,"GUniFrac",1,100
8,1,4,"both",0.95,"aitchison",1,100
8,1,4,"both",0.95,"bray",1,100
8,1,4,"both",0.95,"euclidean",0.7,100
8,1,4,"both",0.95,"jaccard",1,100
8,1,4,"both",0.95,"unifrac_unweighted",1,100
8,1,4,"both",0.95,"unifrac_weighted_phyloseq",1,100
8,1,4,"both",1,"GLaD_0.5_unweighted",1,100
8,1,4,"both",1,"GLaD_0.5_weighted",1,100
8,1,4,"both",1,"GLaD_1_unweighted",0.45,100
8,1,4,"both",1,"GLaD_1_weighted",1,100
8,1,4,"both",1,"GUniFrac",1,100
8,1,4,"both",1,"aitchison",1,100
8,1,4,"both",1,"bray",1,100
8,1,4,"both",1,"euclidean",0.76,100
8,1,4,"both",1,"jaccard",1,100
8,1,4,"both",1,"unifrac_unweighted",1,100
8,1,4,"both",1,"unifrac_weighted_phyloseq",1,100
8,1,4,"prevalence",0.05,"GLaD_0.5_unweighted",0.03,100
8,1,4,"prevalence",0.05,"GLaD_0.5_weighted",0.08,100
8,1,4,"prevalence",0.05,"GLaD_1_unweighted",0.06,100
8,1,4,"prevalence",0.05,"GLaD_1_weighted",0.06,100
8,1,4,"prevalence",0.05,"GUniFrac",0.05,100
8,1,4,"prevalence",0.05,"aitchison",0.06,100
8,1,4,"prevalence",0.05,"bray",0.05,100
8,1,4,"prevalence",0.05,"euclidean",0.04,100
8,1,4,"prevalence",0.05,"jaccard",0.04,100
8,1,4,"prevalence",0.05,"unifrac_unweighted",0.04,100
8,1,4,"prevalence",0.05,"unifrac_weighted_phyloseq",0.05,100
8,1,4,"prevalence",0.1,"GLaD_0.5_unweighted",0.05,100
8,1,4,"prevalence",0.1,"GLaD_0.5_weighted",0.06,100
8,1,4,"prevalence",0.1,"GLaD_1_unweighted",0.04,100
8,1,4,"prevalence",0.1,"GLaD_1_weighted",0.02,100
8,1,4,"prevalence",0.1,"GUniFrac",0.04,100
8,1,4,"prevalence",0.1,"aitchison",0.05,100
8,1,4,"prevalence",0.1,"bray",0.03,100
8,1,4,"prevalence",0.1,"euclidean",0.05,100
8,1,4,"prevalence",0.1,"jaccard",0.03,100
8,1,4,"prevalence",0.1,"unifrac_unweighted",0.03,100
8,1,4,"prevalence",0.1,"unifrac_weighted_phyloseq",0.06,100
8,1,4,"prevalence",0.15,"GLaD_0.5_unweighted",0.09,100
8,1,4,"prevalence",0.15,"GLaD_0.5_weighted",0.08,100
8,1,4,"prevalence",0.15,"GLaD_1_unweighted",0.02,100
8,1,4,"prevalence",0.15,"GLaD_1_weighted",0.05,100
8,1,4,"prevalence",0.15,"GUniFrac",0.06,100
8,1,4,"prevalence",0.15,"aitchison",0.06,100
8,1,4,"prevalence",0.15,"bray",0.07,100
8,1,4,"prevalence",0.15,"euclidean",0.06,100
8,1,4,"prevalence",0.15,"jaccard",0.06,100
8,1,4,"prevalence",0.15,"unifrac_unweighted",0.08,100
8,1,4,"prevalence",0.15,"unifrac_weighted_phyloseq",0.06,100
8,1,4,"prevalence",0.2,"GLaD_0.5_unweighted",0.08,100
8,1,4,"prevalence",0.2,"GLaD_0.5_weighted",0.03,100
8,1,4,"prevalence",0.2,"GLaD_1_unweighted",0.05,100
8,1,4,"prevalence",0.2,"GLaD_1_weighted",0.02,100
8,1,4,"prevalence",0.2,"GUniFrac",0.03,100
8,1,4,"prevalence",0.2,"aitchison",0.05,100
8,1,4,"prevalence",0.2,"bray",0.06,100
8,1,4,"prevalence",0.2,"euclidean",0.06,100
8,1,4,"prevalence",0.2,"jaccard",0.08,100
8,1,4,"prevalence",0.2,"unifrac_unweighted",0.09,100
8,1,4,"prevalence",0.2,"unifrac_weighted_phyloseq",0.03,100
8,1,4,"prevalence",0.25,"GLaD_0.5_unweighted",0.1,100
8,1,4,"prevalence",0.25,"GLaD_0.5_weighted",0.08,100
8,1,4,"prevalence",0.25,"GLaD_1_unweighted",0.07,100
8,1,4,"prevalence",0.25,"GLaD_1_weighted",0.09,100
8,1,4,"prevalence",0.25,"GUniFrac",0.08,100
8,1,4,"prevalence",0.25,"aitchison",0.08,100
8,1,4,"prevalence",0.25,"bray",0.04,100
8,1,4,"prevalence",0.25,"euclidean",0.04,100
8,1,4,"prevalence",0.25,"jaccard",0.04,100
8,1,4,"prevalence",0.25,"unifrac_unweighted",0.05,100
8,1,4,"prevalence",0.25,"unifrac_weighted_phyloseq",0.09,100
8,1,4,"prevalence",0.3,"GLaD_0.5_unweighted",0.15,100
8,1,4,"prevalence",0.3,"GLaD_0.5_weighted",0.05,100
8,1,4,"prevalence",0.3,"GLaD_1_unweighted",0.08,100
8,1,4,"prevalence",0.3,"GLaD_1_weighted",0.03,100
8,1,4,"prevalence",0.3,"GUniFrac",0.06,100
8,1,4,"prevalence",0.3,"aitchison",0.07,100
8,1,4,"prevalence",0.3,"bray",0.05,100
8,1,4,"prevalence",0.3,"euclidean",0.06,100
8,1,4,"prevalence",0.3,"jaccard",0.05,100
8,1,4,"prevalence",0.3,"unifrac_unweighted",0.14,100
8,1,4,"prevalence",0.3,"unifrac_weighted_phyloseq",0.06,100
8,1,4,"prevalence",0.35,"GLaD_0.5_unweighted",0.23,100
8,1,4,"prevalence",0.35,"GLaD_0.5_weighted",0.05,100
8,1,4,"prevalence",0.35,"GLaD_1_unweighted",0.07,100
8,1,4,"prevalence",0.35,"GLaD_1_weighted",0.04,100
8,1,4,"prevalence",0.35,"GUniFrac",0.08,100
8,1,4,"prevalence",0.35,"aitchison",0.08,100
8,1,4,"prevalence",0.35,"bray",0.08,100
8,1,4,"prevalence",0.35,"euclidean",0.06,100
8,1,4,"prevalence",0.35,"jaccard",0.09,100
8,1,4,"prevalence",0.35,"unifrac_unweighted",0.15,100
8,1,4,"prevalence",0.35,"unifrac_weighted_phyloseq",0.05,100
8,1,4,"prevalence",0.4,"GLaD_0.5_unweighted",0.33,100
8,1,4,"prevalence",0.4,"GLaD_0.5_weighted",0.05,100
8,1,4,"prevalence",0.4,"GLaD_1_unweighted",0.11,100
8,1,4,"prevalence",0.4,"GLaD_1_weighted",0.02,100
8,1,4,"prevalence",0.4,"GUniFrac",0.12,100
8,1,4,"prevalence",0.4,"aitchison",0.19,100
8,1,4,"prevalence",0.4,"bray",0.07,100
8,1,4,"prevalence",0.4,"euclidean",0.07,100
8,1,4,"prevalence",0.4,"jaccard",0.06,100
8,1,4,"prevalence",0.4,"unifrac_unweighted",0.14,100
8,1,4,"prevalence",0.4,"unifrac_weighted_phyloseq",0.06,100
8,1,4,"prevalence",0.45,"GLaD_0.5_unweighted",0.42,100
8,1,4,"prevalence",0.45,"GLaD_0.5_weighted",0.07,100
8,1,4,"prevalence",0.45,"GLaD_1_unweighted",0.13,100
8,1,4,"prevalence",0.45,"GLaD_1_weighted",0.06,100
8,1,4,"prevalence",0.45,"GUniFrac",0.06,100
8,1,4,"prevalence",0.45,"aitchison",0.2,100
8,1,4,"prevalence",0.45,"bray",0.06,100
8,1,4,"prevalence",0.45,"euclidean",0.05,100
8,1,4,"prevalence",0.45,"jaccard",0.05,100
8,1,4,"prevalence",0.45,"unifrac_unweighted",0.27,100
8,1,4,"prevalence",0.45,"unifrac_weighted_phyloseq",0.08,100
8,1,4,"prevalence",0.5,"GLaD_0.5_unweighted",0.5,100
8,1,4,"prevalence",0.5,"GLaD_0.5_weighted",0.09,100
8,1,4,"prevalence",0.5,"GLaD_1_unweighted",0.12,100
8,1,4,"prevalence",0.5,"GLaD_1_weighted",0.07,100
8,1,4,"prevalence",0.5,"GUniFrac",0.12,100
8,1,4,"prevalence",0.5,"aitchison",0.23,100
8,1,4,"prevalence",0.5,"bray",0.06,100
8,1,4,"prevalence",0.5,"euclidean",0.04,100
8,1,4,"prevalence",0.5,"jaccard",0.06,100
8,1,4,"prevalence",0.5,"unifrac_unweighted",0.28,100
8,1,4,"prevalence",0.5,"unifrac_weighted_phyloseq",0.09,100
8,1,4,"prevalence",0.55,"GLaD_0.5_unweighted",0.65,100
8,1,4,"prevalence",0.55,"GLaD_0.5_weighted",0.07,100
8,1,4,"prevalence",0.55,"GLaD_1_unweighted",0.24,100
8,1,4,"prevalence",0.55,"GLaD_1_weighted",0.06,100
8,1,4,"prevalence",0.55,"GUniFrac",0.13,100
8,1,4,"prevalence",0.55,"aitchison",0.28,100
8,1,4,"prevalence",0.55,"bray",0.1,100
8,1,4,"prevalence",0.55,"euclidean",0.08,100
8,1,4,"prevalence",0.55,"jaccard",0.1,100
8,1,4,"prevalence",0.55,"unifrac_unweighted",0.38,100
8,1,4,"prevalence",0.55,"unifrac_weighted_phyloseq",0.07,100
8,1,4,"prevalence",0.6,"GLaD_0.5_unweighted",0.73,100
8,1,4,"prevalence",0.6,"GLaD_0.5_weighted",0.1,100
8,1,4,"prevalence",0.6,"GLaD_1_unweighted",0.18,100
8,1,4,"prevalence",0.6,"GLaD_1_weighted",0.06,100
8,1,4,"prevalence",0.6,"GUniFrac",0.18,100
8,1,4,"prevalence",0.6,"aitchison",0.42,100
8,1,4,"prevalence",0.6,"bray",0.09,100
8,1,4,"prevalence",0.6,"euclidean",0.05,100
8,1,4,"prevalence",0.6,"jaccard",0.06,100
8,1,4,"prevalence",0.6,"unifrac_unweighted",0.42,100
8,1,4,"prevalence",0.6,"unifrac_weighted_phyloseq",0.08,100
8,1,4,"prevalence",0.65,"GLaD_0.5_unweighted",0.89,100
8,1,4,"prevalence",0.65,"GLaD_0.5_weighted",0.11,100
8,1,4,"prevalence",0.65,"GLaD_1_unweighted",0.25,100
8,1,4,"prevalence",0.65,"GLaD_1_weighted",0.07,100
8,1,4,"prevalence",0.65,"GUniFrac",0.17,100
8,1,4,"prevalence",0.65,"aitchison",0.49,100
8,1,4,"prevalence",0.65,"bray",0.09,100
8,1,4,"prevalence",0.65,"euclidean",0.05,100
8,1,4,"prevalence",0.65,"jaccard",0.09,100
8,1,4,"prevalence",0.65,"unifrac_unweighted",0.67,100
8,1,4,"prevalence",0.65,"unifrac_weighted_phyloseq",0.12,100
8,1,4,"prevalence",0.7,"GLaD_0.5_unweighted",0.97,100
8,1,4,"prevalence",0.7,"GLaD_0.5_weighted",0.05,100
8,1,4,"prevalence",0.7,"GLaD_1_unweighted",0.29,100
8,1,4,"prevalence",0.7,"GLaD_1_weighted",0.03,100
8,1,4,"prevalence",0.7,"GUniFrac",0.21,100
8,1,4,"prevalence",0.7,"aitchison",0.56,100
8,1,4,"prevalence",0.7,"bray",0.07,100
8,1,4,"prevalence",0.7,"euclidean",0.03,100
8,1,4,"prevalence",0.7,"jaccard",0.07,100
8,1,4,"prevalence",0.7,"unifrac_unweighted",0.71,100
8,1,4,"prevalence",0.7,"unifrac_weighted_phyloseq",0.09,100
8,1,4,"prevalence",0.75,"GLaD_0.5_unweighted",0.97,100
8,1,4,"prevalence",0.75,"GLaD_0.5_weighted",0.11,100
8,1,4,"prevalence",0.75,"GLaD_1_unweighted",0.29,100
8,1,4,"prevalence",0.75,"GLaD_1_weighted",0.06,100
8,1,4,"prevalence",0.75,"GUniFrac",0.3,100
8,1,4,"prevalence",0.75,"aitchison",0.76,100
8,1,4,"prevalence",0.75,"bray",0.12,100
8,1,4,"prevalence",0.75,"euclidean",0.07,100
8,1,4,"prevalence",0.75,"jaccard",0.13,100
8,1,4,"prevalence",0.75,"unifrac_unweighted",0.79,100
8,1,4,"prevalence",0.75,"unifrac_weighted_phyloseq",0.1,100
8,1,4,"prevalence",0.8,"GLaD_0.5_unweighted",0.99,100
8,1,4,"prevalence",0.8,"GLaD_0.5_weighted",0.12,100
8,1,4,"prevalence",0.8,"GLaD_1_unweighted",0.37,100
8,1,4,"prevalence",0.8,"GLaD_1_weighted",0.06,100
8,1,4,"prevalence",0.8,"GUniFrac",0.35,100
8,1,4,"prevalence",0.8,"aitchison",0.86,100
8,1,4,"prevalence",0.8,"bray",0.12,100
8,1,4,"prevalence",0.8,"euclidean",0.1,100
8,1,4,"prevalence",0.8,"jaccard",0.12,100
8,1,4,"prevalence",0.8,"unifrac_unweighted",0.91,100
8,1,4,"prevalence",0.8,"unifrac_weighted_phyloseq",0.17,100
8,1,4,"prevalence",0.85,"GLaD_0.5_unweighted",1,100
8,1,4,"prevalence",0.85,"GLaD_0.5_weighted",0.07,100
8,1,4,"prevalence",0.85,"GLaD_1_unweighted",0.46,100
8,1,4,"prevalence",0.85,"GLaD_1_weighted",0.03,100
8,1,4,"prevalence",0.85,"GUniFrac",0.29,100
8,1,4,"prevalence",0.85,"aitchison",0.94,100
8,1,4,"prevalence",0.85,"bray",0.08,100
8,1,4,"prevalence",0.85,"euclidean",0.03,100
8,1,4,"prevalence",0.85,"jaccard",0.07,100
8,1,4,"prevalence",0.85,"unifrac_unweighted",0.97,100
8,1,4,"prevalence",0.85,"unifrac_weighted_phyloseq",0.1,100
8,1,4,"prevalence",0.9,"GLaD_0.5_unweighted",1,100
8,1,4,"prevalence",0.9,"GLaD_0.5_weighted",0.07,100
8,1,4,"prevalence",0.9,"GLaD_1_unweighted",0.38,100
8,1,4,"prevalence",0.9,"GLaD_1_weighted",0.08,100
8,1,4,"prevalence",0.9,"GUniFrac",0.38,100
8,1,4,"prevalence",0.9,"aitchison",0.93,100
8,1,4,"prevalence",0.9,"bray",0.1,100
8,1,4,"prevalence",0.9,"euclidean",0.02,100
8,1,4,"prevalence",0.9,"jaccard",0.11,100
8,1,4,"prevalence",0.9,"unifrac_unweighted",0.96,100
8,1,4,"prevalence",0.9,"unifrac_weighted_phyloseq",0.12,100
8,1,4,"prevalence",0.95,"GLaD_0.5_unweighted",1,100
8,1,4,"prevalence",0.95,"GLaD_0.5_weighted",0.11,100
8,1,4,"prevalence",0.95,"GLaD_1_unweighted",0.44,100
8,1,4,"prevalence",0.95,"GLaD_1_weighted",0.07,100
8,1,4,"prevalence",0.95,"GUniFrac",0.43,100
8,1,4,"prevalence",0.95,"aitchison",0.99,100
8,1,4,"prevalence",0.95,"bray",0.1,100
8,1,4,"prevalence",0.95,"euclidean",0.04,100
8,1,4,"prevalence",0.95,"jaccard",0.09,100
8,1,4,"prevalence",0.95,"unifrac_unweighted",1,100
8,1,4,"prevalence",0.95,"unifrac_weighted_phyloseq",0.17,100
8,1,4,"prevalence",1,"GLaD_0.5_unweighted",1,100
8,1,4,"prevalence",1,"GLaD_0.5_weighted",0.1,100
8,1,4,"prevalence",1,"GLaD_1_unweighted",0.55,100
8,1,4,"prevalence",1,"GLaD_1_weighted",0.09,100
8,1,4,"prevalence",1,"GUniFrac",0.57,100
8,1,4,"prevalence",1,"aitchison",0.99,100
8,1,4,"prevalence",1,"bray",0.14,100
8,1,4,"prevalence",1,"euclidean",0.1,100
8,1,4,"prevalence",1,"jaccard",0.14,100
8,1,4,"prevalence",1,"unifrac_unweighted",1,100
8,1,4,"prevalence",1,"unifrac_weighted_phyloseq",0.16,100
8,2,1,"abundance",0.05,"GLaD_0.5_unweighted",0.06,100
8,2,1,"abundance",0.05,"GLaD_0.5_weighted",0.02,100
8,2,1,"abundance",0.05,"GLaD_1_unweighted",0.07,100
8,2,1,"abundance",0.05,"GLaD_1_weighted",0.04,100
8,2,1,"abundance",0.05,"GUniFrac",0.05,100
8,2,1,"abundance",0.05,"aitchison",0.04,100
8,2,1,"abundance",0.05,"bray",0.08,100
8,2,1,"abundance",0.05,"euclidean",0.05,100
8,2,1,"abundance",0.05,"jaccard",0.07,100
8,2,1,"abundance",0.05,"unifrac_unweighted",0.04,100
8,2,1,"abundance",0.05,"unifrac_weighted_phyloseq",0.04,100
8,2,1,"abundance",0.1,"GLaD_0.5_unweighted",0.06,100
8,2,1,"abundance",0.1,"GLaD_0.5_weighted",0.14,100
8,2,1,"abundance",0.1,"GLaD_1_unweighted",0.06,100
8,2,1,"abundance",0.1,"GLaD_1_weighted",0.14,100
8,2,1,"abundance",0.1,"GUniFrac",0.12,100
8,2,1,"abundance",0.1,"aitchison",0.04,100
8,2,1,"abundance",0.1,"bray",0.11,100
8,2,1,"abundance",0.1,"euclidean",0.1,100
8,2,1,"abundance",0.1,"jaccard",0.11,100
8,2,1,"abundance",0.1,"unifrac_unweighted",0.06,100
8,2,1,"abundance",0.1,"unifrac_weighted_phyloseq",0.16,100
8,2,1,"abundance",0.15,"GLaD_0.5_unweighted",0.04,100
8,2,1,"abundance",0.15,"GLaD_0.5_weighted",0.18,100
8,2,1,"abundance",0.15,"GLaD_1_unweighted",0.03,100
8,2,1,"abundance",0.15,"GLaD_1_weighted",0.15,100
8,2,1,"abundance",0.15,"GUniFrac",0.06,100
8,2,1,"abundance",0.15,"aitchison",0.02,100
8,2,1,"abundance",0.15,"bray",0.07,100
8,2,1,"abundance",0.15,"euclidean",0.05,100
8,2,1,"abundance",0.15,"jaccard",0.07,100
8,2,1,"abundance",0.15,"unifrac_unweighted",0.04,100
8,2,1,"abundance",0.15,"unifrac_weighted_phyloseq",0.12,100
8,2,1,"abundance",0.2,"GLaD_0.5_unweighted",0.06,100
8,2,1,"abundance",0.2,"GLaD_0.5_weighted",0.1,100
8,2,1,"abundance",0.2,"GLaD_1_unweighted",0.06,100
8,2,1,"abundance",0.2,"GLaD_1_weighted",0.13,100
8,2,1,"abundance",0.2,"GUniFrac",0.11,100
8,2,1,"abundance",0.2,"aitchison",0.07,100
8,2,1,"abundance",0.2,"bray",0.05,100
8,2,1,"abundance",0.2,"euclidean",0.07,100
8,2,1,"abundance",0.2,"jaccard",0.06,100
8,2,1,"abundance",0.2,"unifrac_unweighted",0.03,100
8,2,1,"abundance",0.2,"unifrac_weighted_phyloseq",0.1,100
8,2,1,"abundance",0.25,"GLaD_0.5_unweighted",0.03,100
8,2,1,"abundance",0.25,"GLaD_0.5_weighted",0.25,100
8,2,1,"abundance",0.25,"GLaD_1_unweighted",0.06,100
8,2,1,"abundance",0.25,"GLaD_1_weighted",0.32,100
8,2,1,"abundance",0.25,"GUniFrac",0.21,100
8,2,1,"abundance",0.25,"aitchison",0.08,100
8,2,1,"abundance",0.25,"bray",0.19,100
8,2,1,"abundance",0.25,"euclidean",0.11,100
8,2,1,"abundance",0.25,"jaccard",0.15,100
8,2,1,"abundance",0.25,"unifrac_unweighted",0.02,100
8,2,1,"abundance",0.25,"unifrac_weighted_phyloseq",0.24,100
8,2,1,"abundance",0.3,"GLaD_0.5_unweighted",0.04,100
8,2,1,"abundance",0.3,"GLaD_0.5_weighted",0.29,100
8,2,1,"abundance",0.3,"GLaD_1_unweighted",0.08,100
8,2,1,"abundance",0.3,"GLaD_1_weighted",0.33,100
8,2,1,"abundance",0.3,"GUniFrac",0.22,100
8,2,1,"abundance",0.3,"aitchison",0.05,100
8,2,1,"abundance",0.3,"bray",0.15,100
8,2,1,"abundance",0.3,"euclidean",0.14,100
8,2,1,"abundance",0.3,"jaccard",0.14,100
8,2,1,"abundance",0.3,"unifrac_unweighted",0.05,100
8,2,1,"abundance",0.3,"unifrac_weighted_phyloseq",0.3,100
8,2,1,"abundance",0.35,"GLaD_0.5_unweighted",0.06,100
8,2,1,"abundance",0.35,"GLaD_0.5_weighted",0.36,100
8,2,1,"abundance",0.35,"GLaD_1_unweighted",0.04,100
8,2,1,"abundance",0.35,"GLaD_1_weighted",0.39,100
8,2,1,"abundance",0.35,"GUniFrac",0.27,100
8,2,1,"abundance",0.35,"aitchison",0.05,100
8,2,1,"abundance",0.35,"bray",0.18,100
8,2,1,"abundance",0.35,"euclidean",0.11,100
8,2,1,"abundance",0.35,"jaccard",0.16,100
8,2,1,"abundance",0.35,"unifrac_unweighted",0.05,100
8,2,1,"abundance",0.35,"unifrac_weighted_phyloseq",0.36,100
8,2,1,"abundance",0.4,"GLaD_0.5_unweighted",0.11,100
8,2,1,"abundance",0.4,"GLaD_0.5_weighted",0.51,100
8,2,1,"abundance",0.4,"GLaD_1_unweighted",0.05,100
8,2,1,"abundance",0.4,"GLaD_1_weighted",0.57,100
8,2,1,"abundance",0.4,"GUniFrac",0.47,100
8,2,1,"abundance",0.4,"aitchison",0.09,100
8,2,1,"abundance",0.4,"bray",0.28,100
8,2,1,"abundance",0.4,"euclidean",0.15,100
8,2,1,"abundance",0.4,"jaccard",0.26,100
8,2,1,"abundance",0.4,"unifrac_unweighted",0.06,100
8,2,1,"abundance",0.4,"unifrac_weighted_phyloseq",0.53,100
8,2,1,"abundance",0.45,"GLaD_0.5_unweighted",0.05,100
8,2,1,"abundance",0.45,"GLaD_0.5_weighted",0.53,100
8,2,1,"abundance",0.45,"GLaD_1_unweighted",0.04,100
8,2,1,"abundance",0.45,"GLaD_1_weighted",0.59,100
8,2,1,"abundance",0.45,"GUniFrac",0.5,100
8,2,1,"abundance",0.45,"aitchison",0.05,100
8,2,1,"abundance",0.45,"bray",0.36,100
8,2,1,"abundance",0.45,"euclidean",0.21,100
8,2,1,"abundance",0.45,"jaccard",0.37,100
8,2,1,"abundance",0.45,"unifrac_unweighted",0.05,100
8,2,1,"abundance",0.45,"unifrac_weighted_phyloseq",0.56,100
8,2,1,"abundance",0.5,"GLaD_0.5_unweighted",0.04,100
8,2,1,"abundance",0.5,"GLaD_0.5_weighted",0.69,100
8,2,1,"abundance",0.5,"GLaD_1_unweighted",0.05,100
8,2,1,"abundance",0.5,"GLaD_1_weighted",0.73,100
8,2,1,"abundance",0.5,"GUniFrac",0.65,100
8,2,1,"abundance",0.5,"aitchison",0.05,100
8,2,1,"abundance",0.5,"bray",0.44,100
8,2,1,"abundance",0.5,"euclidean",0.32,100
8,2,1,"abundance",0.5,"jaccard",0.41,100
8,2,1,"abundance",0.5,"unifrac_unweighted",0.03,100
8,2,1,"abundance",0.5,"unifrac_weighted_phyloseq",0.72,100
8,2,1,"abundance",0.55,"GLaD_0.5_unweighted",0.06,100
8,2,1,"abundance",0.55,"GLaD_0.5_weighted",0.85,100
8,2,1,"abundance",0.55,"GLaD_1_unweighted",0.04,100
8,2,1,"abundance",0.55,"GLaD_1_weighted",0.9,100
8,2,1,"abundance",0.55,"GUniFrac",0.8,100
8,2,1,"abundance",0.55,"aitchison",0.1,100
8,2,1,"abundance",0.55,"bray",0.59,100
8,2,1,"abundance",0.55,"euclidean",0.49,100
8,2,1,"abundance",0.55,"jaccard",0.59,100
8,2,1,"abundance",0.55,"unifrac_unweighted",0.03,100
8,2,1,"abundance",0.55,"unifrac_weighted_phyloseq",0.86,100
8,2,1,"abundance",0.6,"GLaD_0.5_unweighted",0.11,100
8,2,1,"abundance",0.6,"GLaD_0.5_weighted",0.86,100
8,2,1,"abundance",0.6,"GLaD_1_unweighted",0.02,100
8,2,1,"abundance",0.6,"GLaD_1_weighted",0.87,100
8,2,1,"abundance",0.6,"GUniFrac",0.83,100
8,2,1,"abundance",0.6,"aitchison",0.1,100
8,2,1,"abundance",0.6,"bray",0.58,100
8,2,1,"abundance",0.6,"euclidean",0.4,100
8,2,1,"abundance",0.6,"jaccard",0.59,100
8,2,1,"abundance",0.6,"unifrac_unweighted",0.09,100
8,2,1,"abundance",0.6,"unifrac_weighted_phyloseq",0.89,100
8,2,1,"abundance",0.65,"GLaD_0.5_unweighted",0.07,100
8,2,1,"abundance",0.65,"GLaD_0.5_weighted",0.91,100
8,2,1,"abundance",0.65,"GLaD_1_unweighted",0.05,100
8,2,1,"abundance",0.65,"GLaD_1_weighted",0.92,100
8,2,1,"abundance",0.65,"GUniFrac",0.92,100
8,2,1,"abundance",0.65,"aitchison",0.15,100
8,2,1,"abundance",0.65,"bray",0.76,100
8,2,1,"abundance",0.65,"euclidean",0.58,100
8,2,1,"abundance",0.65,"jaccard",0.74,100
8,2,1,"abundance",0.65,"unifrac_unweighted",0.06,100
8,2,1,"abundance",0.65,"unifrac_weighted_phyloseq",0.93,100
8,2,1,"abundance",0.7,"GLaD_0.5_unweighted",0.04,100
8,2,1,"abundance",0.7,"GLaD_0.5_weighted",0.93,100
8,2,1,"abundance",0.7,"GLaD_1_unweighted",0.03,100
8,2,1,"abundance",0.7,"GLaD_1_weighted",0.93,100
8,2,1,"abundance",0.7,"GUniFrac",0.95,100
8,2,1,"abundance",0.7,"aitchison",0.13,100
8,2,1,"abundance",0.7,"bray",0.85,100
8,2,1,"abundance",0.7,"euclidean",0.57,100
8,2,1,"abundance",0.7,"jaccard",0.84,100
8,2,1,"abundance",0.7,"unifrac_unweighted",0.05,100
8,2,1,"abundance",0.7,"unifrac_weighted_phyloseq",0.93,100
8,2,1,"abundance",0.75,"GLaD_0.5_unweighted",0.03,100
8,2,1,"abundance",0.75,"GLaD_0.5_weighted",0.97,100
8,2,1,"abundance",0.75,"GLaD_1_unweighted",0.1,100
8,2,1,"abundance",0.75,"GLaD_1_weighted",0.97,100
8,2,1,"abundance",0.75,"GUniFrac",0.99,100
8,2,1,"abundance",0.75,"aitchison",0.09,100
8,2,1,"abundance",0.75,"bray",0.83,100
8,2,1,"abundance",0.75,"euclidean",0.59,100
8,2,1,"abundance",0.75,"jaccard",0.85,100
8,2,1,"abundance",0.75,"unifrac_unweighted",0.02,100
8,2,1,"abundance",0.75,"unifrac_weighted_phyloseq",0.99,100
8,2,1,"abundance",0.8,"GLaD_0.5_unweighted",0.06,100
8,2,1,"abundance",0.8,"GLaD_0.5_weighted",0.96,100
8,2,1,"abundance",0.8,"GLaD_1_unweighted",0.04,100
8,2,1,"abundance",0.8,"GLaD_1_weighted",0.96,100
8,2,1,"abundance",0.8,"GUniFrac",0.99,100
8,2,1,"abundance",0.8,"aitchison",0.14,100
8,2,1,"abundance",0.8,"bray",0.88,100
8,2,1,"abundance",0.8,"euclidean",0.68,100
8,2,1,"abundance",0.8,"jaccard",0.87,100
8,2,1,"abundance",0.8,"unifrac_unweighted",0.03,100
8,2,1,"abundance",0.8,"unifrac_weighted_phyloseq",0.98,100
8,2,1,"abundance",0.85,"GLaD_0.5_unweighted",0.05,100
8,2,1,"abundance",0.85,"GLaD_0.5_weighted",1,100
8,2,1,"abundance",0.85,"GLaD_1_unweighted",0.05,100
8,2,1,"abundance",0.85,"GLaD_1_weighted",1,100
8,2,1,"abundance",0.85,"GUniFrac",1,100
8,2,1,"abundance",0.85,"aitchison",0.18,100
8,2,1,"abundance",0.85,"bray",0.94,100
8,2,1,"abundance",0.85,"euclidean",0.76,100
8,2,1,"abundance",0.85,"jaccard",0.94,100
8,2,1,"abundance",0.85,"unifrac_unweighted",0.02,100
8,2,1,"abundance",0.85,"unifrac_weighted_phyloseq",1,100
8,2,1,"abundance",0.9,"GLaD_0.5_unweighted",0.05,100
8,2,1,"abundance",0.9,"GLaD_0.5_weighted",1,100
8,2,1,"abundance",0.9,"GLaD_1_unweighted",0.05,100
8,2,1,"abundance",0.9,"GLaD_1_weighted",1,100
8,2,1,"abundance",0.9,"GUniFrac",1,100
8,2,1,"abundance",0.9,"aitchison",0.15,100
8,2,1,"abundance",0.9,"bray",0.99,100
8,2,1,"abundance",0.9,"euclidean",0.86,100
8,2,1,"abundance",0.9,"jaccard",0.99,100
8,2,1,"abundance",0.9,"unifrac_unweighted",0.08,100
8,2,1,"abundance",0.9,"unifrac_weighted_phyloseq",1,100
8,2,1,"abundance",0.95,"GLaD_0.5_unweighted",0.07,100
8,2,1,"abundance",0.95,"GLaD_0.5_weighted",1,100
8,2,1,"abundance",0.95,"GLaD_1_unweighted",0.03,100
8,2,1,"abundance",0.95,"GLaD_1_weighted",1,100
8,2,1,"abundance",0.95,"GUniFrac",1,100
8,2,1,"abundance",0.95,"aitchison",0.14,100
8,2,1,"abundance",0.95,"bray",0.98,100
8,2,1,"abundance",0.95,"euclidean",0.84,100
8,2,1,"abundance",0.95,"jaccard",0.97,100
8,2,1,"abundance",0.95,"unifrac_unweighted",0.04,100
8,2,1,"abundance",0.95,"unifrac_weighted_phyloseq",1,100
8,2,1,"abundance",1,"GLaD_0.5_unweighted",0.07,100
8,2,1,"abundance",1,"GLaD_0.5_weighted",1,100
8,2,1,"abundance",1,"GLaD_1_unweighted",0.02,100
8,2,1,"abundance",1,"GLaD_1_weighted",1,100
8,2,1,"abundance",1,"GUniFrac",1,100
8,2,1,"abundance",1,"aitchison",0.23,100
8,2,1,"abundance",1,"bray",0.99,100
8,2,1,"abundance",1,"euclidean",0.9,100
8,2,1,"abundance",1,"jaccard",0.99,100
8,2,1,"abundance",1,"unifrac_unweighted",0.04,100
8,2,1,"abundance",1,"unifrac_weighted_phyloseq",1,100
8,2,1,"both",0.05,"GLaD_0.5_unweighted",0,100
8,2,1,"both",0.05,"GLaD_0.5_weighted",0.08,100
8,2,1,"both",0.05,"GLaD_1_unweighted",0.04,100
8,2,1,"both",0.05,"GLaD_1_weighted",0.08,100
8,2,1,"both",0.05,"GUniFrac",0.05,100
8,2,1,"both",0.05,"aitchison",0.02,100
8,2,1,"both",0.05,"bray",0.05,100
8,2,1,"both",0.05,"euclidean",0.05,100
8,2,1,"both",0.05,"jaccard",0.08,100
8,2,1,"both",0.05,"unifrac_unweighted",0.02,100
8,2,1,"both",0.05,"unifrac_weighted_phyloseq",0.06,100
8,2,1,"both",0.1,"GLaD_0.5_unweighted",0.09,100
8,2,1,"both",0.1,"GLaD_0.5_weighted",0.05,100
8,2,1,"both",0.1,"GLaD_1_unweighted",0.07,100
8,2,1,"both",0.1,"GLaD_1_weighted",0.1,100
8,2,1,"both",0.1,"GUniFrac",0.06,100
8,2,1,"both",0.1,"aitchison",0.07,100
8,2,1,"both",0.1,"bray",0.08,100
8,2,1,"both",0.1,"euclidean",0.1,100
8,2,1,"both",0.1,"jaccard",0.08,100
8,2,1,"both",0.1,"unifrac_unweighted",0.07,100
8,2,1,"both",0.1,"unifrac_weighted_phyloseq",0.08,100
8,2,1,"both",0.15,"GLaD_0.5_unweighted",0.06,100
8,2,1,"both",0.15,"GLaD_0.5_weighted",0.2,100
8,2,1,"both",0.15,"GLaD_1_unweighted",0.07,100
8,2,1,"both",0.15,"GLaD_1_weighted",0.21,100
8,2,1,"both",0.15,"GUniFrac",0.12,100
8,2,1,"both",0.15,"aitchison",0.08,100
8,2,1,"both",0.15,"bray",0.04,100
8,2,1,"both",0.15,"euclidean",0.05,100
8,2,1,"both",0.15,"jaccard",0.05,100
8,2,1,"both",0.15,"unifrac_unweighted",0.02,100
8,2,1,"both",0.15,"unifrac_weighted_phyloseq",0.16,100
8,2,1,"both",0.2,"GLaD_0.5_unweighted",0.1,100
8,2,1,"both",0.2,"GLaD_0.5_weighted",0.21,100
8,2,1,"both",0.2,"GLaD_1_unweighted",0.08,100
8,2,1,"both",0.2,"GLaD_1_weighted",0.24,100
8,2,1,"both",0.2,"GUniFrac",0.13,100
8,2,1,"both",0.2,"aitchison",0.17,100
8,2,1,"both",0.2,"bray",0.08,100
8,2,1,"both",0.2,"euclidean",0.05,100
8,2,1,"both",0.2,"jaccard",0.08,100
8,2,1,"both",0.2,"unifrac_unweighted",0.1,100
8,2,1,"both",0.2,"unifrac_weighted_phyloseq",0.18,100
8,2,1,"both",0.25,"GLaD_0.5_unweighted",0.12,100
8,2,1,"both",0.25,"GLaD_0.5_weighted",0.25,100
8,2,1,"both",0.25,"GLaD_1_unweighted",0.05,100
8,2,1,"both",0.25,"GLaD_1_weighted",0.28,100
8,2,1,"both",0.25,"GUniFrac",0.17,100
8,2,1,"both",0.25,"aitchison",0.14,100
8,2,1,"both",0.25,"bray",0.12,100
8,2,1,"both",0.25,"euclidean",0.09,100
8,2,1,"both",0.25,"jaccard",0.12,100
8,2,1,"both",0.25,"unifrac_unweighted",0.1,100
8,2,1,"both",0.25,"unifrac_weighted_phyloseq",0.23,100
8,2,1,"both",0.3,"GLaD_0.5_unweighted",0.12,100
8,2,1,"both",0.3,"GLaD_0.5_weighted",0.39,100
8,2,1,"both",0.3,"GLaD_1_unweighted",0.05,100
8,2,1,"both",0.3,"GLaD_1_weighted",0.48,100
8,2,1,"both",0.3,"GUniFrac",0.41,100
8,2,1,"both",0.3,"aitchison",0.2,100
8,2,1,"both",0.3,"bray",0.16,100
8,2,1,"both",0.3,"euclidean",0.12,100
8,2,1,"both",0.3,"jaccard",0.15,100
8,2,1,"both",0.3,"unifrac_unweighted",0.07,100
8,2,1,"both",0.3,"unifrac_weighted_phyloseq",0.39,100
8,2,1,"both",0.35,"GLaD_0.5_unweighted",0.21,100
8,2,1,"both",0.35,"GLaD_0.5_weighted",0.51,100
8,2,1,"both",0.35,"GLaD_1_unweighted",0.1,100
8,2,1,"both",0.35,"GLaD_1_weighted",0.53,100
8,2,1,"both",0.35,"GUniFrac",0.52,100
8,2,1,"both",0.35,"aitchison",0.27,100
8,2,1,"both",0.35,"bray",0.27,100
8,2,1,"both",0.35,"euclidean",0.13,100
8,2,1,"both",0.35,"jaccard",0.23,100
8,2,1,"both",0.35,"unifrac_unweighted",0.15,100
8,2,1,"both",0.35,"unifrac_weighted_phyloseq",0.5,100
8,2,1,"both",0.4,"GLaD_0.5_unweighted",0.21,100
8,2,1,"both",0.4,"GLaD_0.5_weighted",0.66,100
8,2,1,"both",0.4,"GLaD_1_unweighted",0.12,100
8,2,1,"both",0.4,"GLaD_1_weighted",0.68,100
8,2,1,"both",0.4,"GUniFrac",0.7,100
8,2,1,"both",0.4,"aitchison",0.43,100
8,2,1,"both",0.4,"bray",0.35,100
8,2,1,"both",0.4,"euclidean",0.22,100
8,2,1,"both",0.4,"jaccard",0.35,100
8,2,1,"both",0.4,"unifrac_unweighted",0.12,100
8,2,1,"both",0.4,"unifrac_weighted_phyloseq",0.72,100
8,2,1,"both",0.45,"GLaD_0.5_unweighted",0.35,100
8,2,1,"both",0.45,"GLaD_0.5_weighted",0.8,100
8,2,1,"both",0.45,"GLaD_1_unweighted",0.09,100
8,2,1,"both",0.45,"GLaD_1_weighted",0.81,100
8,2,1,"both",0.45,"GUniFrac",0.85,100
8,2,1,"both",0.45,"aitchison",0.59,100
8,2,1,"both",0.45,"bray",0.57,100
8,2,1,"both",0.45,"euclidean",0.3,100
8,2,1,"both",0.45,"jaccard",0.54,100
8,2,1,"both",0.45,"unifrac_unweighted",0.19,100
8,2,1,"both",0.45,"unifrac_weighted_phyloseq",0.88,100
8,2,1,"both",0.5,"GLaD_0.5_unweighted",0.52,100
8,2,1,"both",0.5,"GLaD_0.5_weighted",0.81,100
8,2,1,"both",0.5,"GLaD_1_unweighted",0.11,100
8,2,1,"both",0.5,"GLaD_1_weighted",0.79,100
8,2,1,"both",0.5,"GUniFrac",0.93,100
8,2,1,"both",0.5,"aitchison",0.71,100
8,2,1,"both",0.5,"bray",0.65,100
8,2,1,"both",0.5,"euclidean",0.29,100
8,2,1,"both",0.5,"jaccard",0.65,100
8,2,1,"both",0.5,"unifrac_unweighted",0.29,100
8,2,1,"both",0.5,"unifrac_weighted_phyloseq",0.86,100
8,2,1,"both",0.55,"GLaD_0.5_unweighted",0.66,100
8,2,1,"both",0.55,"GLaD_0.5_weighted",0.86,100
8,2,1,"both",0.55,"GLaD_1_unweighted",0.26,100
8,2,1,"both",0.55,"GLaD_1_weighted",0.87,100
8,2,1,"both",0.55,"GUniFrac",0.93,100
8,2,1,"both",0.55,"aitchison",0.88,100
8,2,1,"both",0.55,"bray",0.81,100
8,2,1,"both",0.55,"euclidean",0.35,100
8,2,1,"both",0.55,"jaccard",0.78,100
8,2,1,"both",0.55,"unifrac_unweighted",0.41,100
8,2,1,"both",0.55,"unifrac_weighted_phyloseq",0.9,100
8,2,1,"both",0.6,"GLaD_0.5_unweighted",0.75,100
8,2,1,"both",0.6,"GLaD_0.5_weighted",0.97,100
8,2,1,"both",0.6,"GLaD_1_unweighted",0.19,100
8,2,1,"both",0.6,"GLaD_1_weighted",0.98,100
8,2,1,"both",0.6,"GUniFrac",0.99,100
8,2,1,"both",0.6,"aitchison",0.96,100
8,2,1,"both",0.6,"bray",0.92,100
8,2,1,"both",0.6,"euclidean",0.51,100
8,2,1,"both",0.6,"jaccard",0.93,100
8,2,1,"both",0.6,"unifrac_unweighted",0.44,100
8,2,1,"both",0.6,"unifrac_weighted_phyloseq",0.99,100
8,2,1,"both",0.65,"GLaD_0.5_unweighted",0.91,100
8,2,1,"both",0.65,"GLaD_0.5_weighted",0.97,100
8,2,1,"both",0.65,"GLaD_1_unweighted",0.32,100
8,2,1,"both",0.65,"GLaD_1_weighted",0.96,100
8,2,1,"both",0.65,"GUniFrac",1,100
8,2,1,"both",0.65,"aitchison",0.97,100
8,2,1,"both",0.65,"bray",0.92,100
8,2,1,"both",0.65,"euclidean",0.59,100
8,2,1,"both",0.65,"jaccard",0.91,100
8,2,1,"both",0.65,"unifrac_unweighted",0.62,100
8,2,1,"both",0.65,"unifrac_weighted_phyloseq",1,100
8,2,1,"both",0.7,"GLaD_0.5_unweighted",0.92,100
8,2,1,"both",0.7,"GLaD_0.5_weighted",0.99,100
8,2,1,"both",0.7,"GLaD_1_unweighted",0.34,100
8,2,1,"both",0.7,"GLaD_1_weighted",1,100
8,2,1,"both",0.7,"GUniFrac",1,100
8,2,1,"both",0.7,"aitchison",1,100
8,2,1,"both",0.7,"bray",0.95,100
8,2,1,"both",0.7,"euclidean",0.64,100
8,2,1,"both",0.7,"jaccard",0.93,100
8,2,1,"both",0.7,"unifrac_unweighted",0.69,100
8,2,1,"both",0.7,"unifrac_weighted_phyloseq",1,100
8,2,1,"both",0.75,"GLaD_0.5_unweighted",0.97,100
8,2,1,"both",0.75,"GLaD_0.5_weighted",1,100
8,2,1,"both",0.75,"GLaD_1_unweighted",0.38,100
8,2,1,"both",0.75,"GLaD_1_weighted",1,100
8,2,1,"both",0.75,"GUniFrac",1,100
8,2,1,"both",0.75,"aitchison",1,100
8,2,1,"both",0.75,"bray",0.99,100
8,2,1,"both",0.75,"euclidean",0.75,100
8,2,1,"both",0.75,"jaccard",0.98,100
8,2,1,"both",0.75,"unifrac_unweighted",0.76,100
8,2,1,"both",0.75,"unifrac_weighted_phyloseq",1,100
8,2,1,"both",0.8,"GLaD_0.5_unweighted",1,100
8,2,1,"both",0.8,"GLaD_0.5_weighted",1,100
8,2,1,"both",0.8,"GLaD_1_unweighted",0.35,100
8,2,1,"both",0.8,"GLaD_1_weighted",1,100
8,2,1,"both",0.8,"GUniFrac",1,100
8,2,1,"both",0.8,"aitchison",1,100
8,2,1,"both",0.8,"bray",1,100
8,2,1,"both",0.8,"euclidean",0.78,100
8,2,1,"both",0.8,"jaccard",1,100
8,2,1,"both",0.8,"unifrac_unweighted",0.92,100
8,2,1,"both",0.8,"unifrac_weighted_phyloseq",1,100
8,2,1,"both",0.85,"GLaD_0.5_unweighted",1,100
8,2,1,"both",0.85,"GLaD_0.5_weighted",1,100
8,2,1,"both",0.85,"GLaD_1_unweighted",0.53,100
8,2,1,"both",0.85,"GLaD_1_weighted",1,100
8,2,1,"both",0.85,"GUniFrac",1,100
8,2,1,"both",0.85,"aitchison",1,100
8,2,1,"both",0.85,"bray",1,100
8,2,1,"both",0.85,"euclidean",0.86,100
8,2,1,"both",0.85,"jaccard",1,100
8,2,1,"both",0.85,"unifrac_unweighted",0.93,100
8,2,1,"both",0.85,"unifrac_weighted_phyloseq",1,100
8,2,1,"both",0.9,"GLaD_0.5_unweighted",1,100
8,2,1,"both",0.9,"GLaD_0.5_weighted",1,100
8,2,1,"both",0.9,"GLaD_1_unweighted",0.44,100
8,2,1,"both",0.9,"GLaD_1_weighted",1,100
8,2,1,"both",0.9,"GUniFrac",1,100
8,2,1,"both",0.9,"aitchison",1,100
8,2,1,"both",0.9,"bray",1,100
8,2,1,"both",0.9,"euclidean",0.86,100
8,2,1,"both",0.9,"jaccard",1,100
8,2,1,"both",0.9,"unifrac_unweighted",0.9,100
8,2,1,"both",0.9,"unifrac_weighted_phyloseq",1,100
8,2,1,"both",0.95,"GLaD_0.5_unweighted",1,100
8,2,1,"both",0.95,"GLaD_0.5_weighted",1,100
8,2,1,"both",0.95,"GLaD_1_unweighted",0.52,100
8,2,1,"both",0.95,"GLaD_1_weighted",1,100
8,2,1,"both",0.95,"GUniFrac",1,100
8,2,1,"both",0.95,"aitchison",1,100
8,2,1,"both",0.95,"bray",1,100
8,2,1,"both",0.95,"euclidean",0.93,100
8,2,1,"both",0.95,"jaccard",1,100
8,2,1,"both",0.95,"unifrac_unweighted",0.99,100
8,2,1,"both",0.95,"unifrac_weighted_phyloseq",1,100
8,2,1,"both",1,"GLaD_0.5_unweighted",1,100
8,2,1,"both",1,"GLaD_0.5_weighted",1,100
8,2,1,"both",1,"GLaD_1_unweighted",0.54,100
8,2,1,"both",1,"GLaD_1_weighted",1,100
8,2,1,"both",1,"GUniFrac",1,100
8,2,1,"both",1,"aitchison",1,100
8,2,1,"both",1,"bray",1,100
8,2,1,"both",1,"euclidean",0.99,100
8,2,1,"both",1,"jaccard",1,100
8,2,1,"both",1,"unifrac_unweighted",1,100
8,2,1,"both",1,"unifrac_weighted_phyloseq",1,100
8,2,1,"prevalence",0.05,"GLaD_0.5_unweighted",0.06,100
8,2,1,"prevalence",0.05,"GLaD_0.5_weighted",0.04,100
8,2,1,"prevalence",0.05,"GLaD_1_unweighted",0.04,100
8,2,1,"prevalence",0.05,"GLaD_1_weighted",0.03,100
8,2,1,"prevalence",0.05,"GUniFrac",0.01,100
8,2,1,"prevalence",0.05,"aitchison",0.09,100
8,2,1,"prevalence",0.05,"bray",0.05,100
8,2,1,"prevalence",0.05,"euclidean",0.06,100
8,2,1,"prevalence",0.05,"jaccard",0.07,100
8,2,1,"prevalence",0.05,"unifrac_unweighted",0.1,100
8,2,1,"prevalence",0.05,"unifrac_weighted_phyloseq",0.03,100
8,2,1,"prevalence",0.1,"GLaD_0.5_unweighted",0.01,100
8,2,1,"prevalence",0.1,"GLaD_0.5_weighted",0.08,100
8,2,1,"prevalence",0.1,"GLaD_1_unweighted",0.09,100
8,2,1,"prevalence",0.1,"GLaD_1_weighted",0.06,100
8,2,1,"prevalence",0.1,"GUniFrac",0.09,100
8,2,1,"prevalence",0.1,"aitchison",0.03,100
8,2,1,"prevalence",0.1,"bray",0.05,100
8,2,1,"prevalence",0.1,"euclidean",0.04,100
8,2,1,"prevalence",0.1,"jaccard",0.05,100
8,2,1,"prevalence",0.1,"unifrac_unweighted",0,100
8,2,1,"prevalence",0.1,"unifrac_weighted_phyloseq",0.06,100
8,2,1,"prevalence",0.15,"GLaD_0.5_unweighted",0.05,100
8,2,1,"prevalence",0.15,"GLaD_0.5_weighted",0.06,100
8,2,1,"prevalence",0.15,"GLaD_1_unweighted",0.1,100
8,2,1,"prevalence",0.15,"GLaD_1_weighted",0.05,100
8,2,1,"prevalence",0.15,"GUniFrac",0.07,100
8,2,1,"prevalence",0.15,"aitchison",0.03,100
8,2,1,"prevalence",0.15,"bray",0.02,100
8,2,1,"prevalence",0.15,"euclidean",0.07,100
8,2,1,"prevalence",0.15,"jaccard",0.03,100
8,2,1,"prevalence",0.15,"unifrac_unweighted",0.09,100
8,2,1,"prevalence",0.15,"unifrac_weighted_phyloseq",0.04,100
8,2,1,"prevalence",0.2,"GLaD_0.5_unweighted",0.04,100
8,2,1,"prevalence",0.2,"GLaD_0.5_weighted",0.05,100
8,2,1,"prevalence",0.2,"GLaD_1_unweighted",0.08,100
8,2,1,"prevalence",0.2,"GLaD_1_weighted",0.02,100
8,2,1,"prevalence",0.2,"GUniFrac",0.06,100
8,2,1,"prevalence",0.2,"aitchison",0.06,100
8,2,1,"prevalence",0.2,"bray",0.03,100
8,2,1,"prevalence",0.2,"euclidean",0.04,100
8,2,1,"prevalence",0.2,"jaccard",0.02,100
8,2,1,"prevalence",0.2,"unifrac_unweighted",0.06,100
8,2,1,"prevalence",0.2,"unifrac_weighted_phyloseq",0.05,100
8,2,1,"prevalence",0.25,"GLaD_0.5_unweighted",0.07,100
8,2,1,"prevalence",0.25,"GLaD_0.5_weighted",0.05,100
8,2,1,"prevalence",0.25,"GLaD_1_unweighted",0.1,100
8,2,1,"prevalence",0.25,"GLaD_1_weighted",0.04,100
8,2,1,"prevalence",0.25,"GUniFrac",0.06,100
8,2,1,"prevalence",0.25,"aitchison",0.06,100
8,2,1,"prevalence",0.25,"bray",0.07,100
8,2,1,"prevalence",0.25,"euclidean",0.07,100
8,2,1,"prevalence",0.25,"jaccard",0.07,100
8,2,1,"prevalence",0.25,"unifrac_unweighted",0.07,100
8,2,1,"prevalence",0.25,"unifrac_weighted_phyloseq",0.06,100
8,2,1,"prevalence",0.3,"GLaD_0.5_unweighted",0.17,100
8,2,1,"prevalence",0.3,"GLaD_0.5_weighted",0.04,100
8,2,1,"prevalence",0.3,"GLaD_1_unweighted",0.07,100
8,2,1,"prevalence",0.3,"GLaD_1_weighted",0.07,100
8,2,1,"prevalence",0.3,"GUniFrac",0.09,100
8,2,1,"prevalence",0.3,"aitchison",0.11,100
8,2,1,"prevalence",0.3,"bray",0.07,100
8,2,1,"prevalence",0.3,"euclidean",0.08,100
8,2,1,"prevalence",0.3,"jaccard",0.07,100
8,2,1,"prevalence",0.3,"unifrac_unweighted",0.1,100
8,2,1,"prevalence",0.3,"unifrac_weighted_phyloseq",0.04,100
8,2,1,"prevalence",0.35,"GLaD_0.5_unweighted",0.13,100
8,2,1,"prevalence",0.35,"GLaD_0.5_weighted",0.07,100
8,2,1,"prevalence",0.35,"GLaD_1_unweighted",0.09,100
8,2,1,"prevalence",0.35,"GLaD_1_weighted",0.07,100
8,2,1,"prevalence",0.35,"GUniFrac",0.08,100
8,2,1,"prevalence",0.35,"aitchison",0.11,100
8,2,1,"prevalence",0.35,"bray",0.05,100
8,2,1,"prevalence",0.35,"euclidean",0.08,100
8,2,1,"prevalence",0.35,"jaccard",0.05,100
8,2,1,"prevalence",0.35,"unifrac_unweighted",0.1,100
8,2,1,"prevalence",0.35,"unifrac_weighted_phyloseq",0.07,100
8,2,1,"prevalence",0.4,"GLaD_0.5_unweighted",0.28,100
8,2,1,"prevalence",0.4,"GLaD_0.5_weighted",0.01,100
8,2,1,"prevalence",0.4,"GLaD_1_unweighted",0.16,100
8,2,1,"prevalence",0.4,"GLaD_1_weighted",0.02,100
8,2,1,"prevalence",0.4,"GUniFrac",0.08,100
8,2,1,"prevalence",0.4,"aitchison",0.2,100
8,2,1,"prevalence",0.4,"bray",0.09,100
8,2,1,"prevalence",0.4,"euclidean",0.06,100
8,2,1,"prevalence",0.4,"jaccard",0.07,100
8,2,1,"prevalence",0.4,"unifrac_unweighted",0.17,100
8,2,1,"prevalence",0.4,"unifrac_weighted_phyloseq",0.03,100
8,2,1,"prevalence",0.45,"GLaD_0.5_unweighted",0.42,100
8,2,1,"prevalence",0.45,"GLaD_0.5_weighted",0.01,100
8,2,1,"prevalence",0.45,"GLaD_1_unweighted",0.19,100
8,2,1,"prevalence",0.45,"GLaD_1_weighted",0.04,100
8,2,1,"prevalence",0.45,"GUniFrac",0.08,100
8,2,1,"prevalence",0.45,"aitchison",0.23,100
8,2,1,"prevalence",0.45,"bray",0.06,100
8,2,1,"prevalence",0.45,"euclidean",0.02,100
8,2,1,"prevalence",0.45,"jaccard",0.05,100
8,2,1,"prevalence",0.45,"unifrac_unweighted",0.19,100
8,2,1,"prevalence",0.45,"unifrac_weighted_phyloseq",0.05,100
8,2,1,"prevalence",0.5,"GLaD_0.5_unweighted",0.55,100
8,2,1,"prevalence",0.5,"GLaD_0.5_weighted",0.05,100
8,2,1,"prevalence",0.5,"GLaD_1_unweighted",0.21,100
8,2,1,"prevalence",0.5,"GLaD_1_weighted",0.07,100
8,2,1,"prevalence",0.5,"GUniFrac",0.12,100
8,2,1,"prevalence",0.5,"aitchison",0.4,100
8,2,1,"prevalence",0.5,"bray",0.04,100
8,2,1,"prevalence",0.5,"euclidean",0.01,100
8,2,1,"prevalence",0.5,"jaccard",0.06,100
8,2,1,"prevalence",0.5,"unifrac_unweighted",0.32,100
8,2,1,"prevalence",0.5,"unifrac_weighted_phyloseq",0.08,100
8,2,1,"prevalence",0.55,"GLaD_0.5_unweighted",0.68,100
8,2,1,"prevalence",0.55,"GLaD_0.5_weighted",0.09,100
8,2,1,"prevalence",0.55,"GLaD_1_unweighted",0.24,100
8,2,1,"prevalence",0.55,"GLaD_1_weighted",0.12,100
8,2,1,"prevalence",0.55,"GUniFrac",0.12,100
8,2,1,"prevalence",0.55,"aitchison",0.42,100
8,2,1,"prevalence",0.55,"bray",0.05,100
8,2,1,"prevalence",0.55,"euclidean",0.04,100
8,2,1,"prevalence",0.55,"jaccard",0.04,100
8,2,1,"prevalence",0.55,"unifrac_unweighted",0.34,100
8,2,1,"prevalence",0.55,"unifrac_weighted_phyloseq",0.08,100
8,2,1,"prevalence",0.6,"GLaD_0.5_unweighted",0.71,100
8,2,1,"prevalence",0.6,"GLaD_0.5_weighted",0.06,100
8,2,1,"prevalence",0.6,"GLaD_1_unweighted",0.19,100
8,2,1,"prevalence",0.6,"GLaD_1_weighted",0.07,100
8,2,1,"prevalence",0.6,"GUniFrac",0.15,100
8,2,1,"prevalence",0.6,"aitchison",0.53,100
8,2,1,"prevalence",0.6,"bray",0.11,100
8,2,1,"prevalence",0.6,"euclidean",0.12,100
8,2,1,"prevalence",0.6,"jaccard",0.1,100
8,2,1,"prevalence",0.6,"unifrac_unweighted",0.43,100
8,2,1,"prevalence",0.6,"unifrac_weighted_phyloseq",0.1,100
8,2,1,"prevalence",0.65,"GLaD_0.5_unweighted",0.87,100
8,2,1,"prevalence",0.65,"GLaD_0.5_weighted",0.12,100
8,2,1,"prevalence",0.65,"GLaD_1_unweighted",0.31,100
8,2,1,"prevalence",0.65,"GLaD_1_weighted",0.1,100
8,2,1,"prevalence",0.65,"GUniFrac",0.14,100
8,2,1,"prevalence",0.65,"aitchison",0.7,100
8,2,1,"prevalence",0.65,"bray",0.09,100
8,2,1,"prevalence",0.65,"euclidean",0.06,100
8,2,1,"prevalence",0.65,"jaccard",0.09,100
8,2,1,"prevalence",0.65,"unifrac_unweighted",0.56,100
8,2,1,"prevalence",0.65,"unifrac_weighted_phyloseq",0.1,100
8,2,1,"prevalence",0.7,"GLaD_0.5_unweighted",0.97,100
8,2,1,"prevalence",0.7,"GLaD_0.5_weighted",0.07,100
8,2,1,"prevalence",0.7,"GLaD_1_unweighted",0.27,100
8,2,1,"prevalence",0.7,"GLaD_1_weighted",0.07,100
8,2,1,"prevalence",0.7,"GUniFrac",0.2,100
8,2,1,"prevalence",0.7,"aitchison",0.79,100
8,2,1,"prevalence",0.7,"bray",0.11,100
8,2,1,"prevalence",0.7,"euclidean",0.07,100
8,2,1,"prevalence",0.7,"jaccard",0.12,100
8,2,1,"prevalence",0.7,"unifrac_unweighted",0.65,100
8,2,1,"prevalence",0.7,"unifrac_weighted_phyloseq",0.13,100
8,2,1,"prevalence",0.75,"GLaD_0.5_unweighted",0.99,100
8,2,1,"prevalence",0.75,"GLaD_0.5_weighted",0.09,100
8,2,1,"prevalence",0.75,"GLaD_1_unweighted",0.34,100
8,2,1,"prevalence",0.75,"GLaD_1_weighted",0.11,100
8,2,1,"prevalence",0.75,"GUniFrac",0.2,100
8,2,1,"prevalence",0.75,"aitchison",0.84,100
8,2,1,"prevalence",0.75,"bray",0.1,100
8,2,1,"prevalence",0.75,"euclidean",0.03,100
8,2,1,"prevalence",0.75,"jaccard",0.1,100
8,2,1,"prevalence",0.75,"unifrac_unweighted",0.75,100
8,2,1,"prevalence",0.75,"unifrac_weighted_phyloseq",0.12,100
8,2,1,"prevalence",0.8,"GLaD_0.5_unweighted",0.98,100
8,2,1,"prevalence",0.8,"GLaD_0.5_weighted",0.09,100
8,2,1,"prevalence",0.8,"GLaD_1_unweighted",0.43,100
8,2,1,"prevalence",0.8,"GLaD_1_weighted",0.1,100
8,2,1,"prevalence",0.8,"GUniFrac",0.22,100
8,2,1,"prevalence",0.8,"aitchison",0.89,100
8,2,1,"prevalence",0.8,"bray",0.14,100
8,2,1,"prevalence",0.8,"euclidean",0.04,100
8,2,1,"prevalence",0.8,"jaccard",0.15,100
8,2,1,"prevalence",0.8,"unifrac_unweighted",0.88,100
8,2,1,"prevalence",0.8,"unifrac_weighted_phyloseq",0.1,100
8,2,1,"prevalence",0.85,"GLaD_0.5_unweighted",1,100
8,2,1,"prevalence",0.85,"GLaD_0.5_weighted",0.05,100
8,2,1,"prevalence",0.85,"GLaD_1_unweighted",0.46,100
8,2,1,"prevalence",0.85,"GLaD_1_weighted",0.08,100
8,2,1,"prevalence",0.85,"GUniFrac",0.29,100
8,2,1,"prevalence",0.85,"aitchison",0.97,100
8,2,1,"prevalence",0.85,"bray",0.11,100
8,2,1,"prevalence",0.85,"euclidean",0.04,100
8,2,1,"prevalence",0.85,"jaccard",0.11,100
8,2,1,"prevalence",0.85,"unifrac_unweighted",0.95,100
8,2,1,"prevalence",0.85,"unifrac_weighted_phyloseq",0.12,100
8,2,1,"prevalence",0.9,"GLaD_0.5_unweighted",1,100
8,2,1,"prevalence",0.9,"GLaD_0.5_weighted",0.14,100
8,2,1,"prevalence",0.9,"GLaD_1_unweighted",0.58,100
8,2,1,"prevalence",0.9,"GLaD_1_weighted",0.15,100
8,2,1,"prevalence",0.9,"GUniFrac",0.39,100
8,2,1,"prevalence",0.9,"aitchison",0.99,100
8,2,1,"prevalence",0.9,"bray",0.12,100
8,2,1,"prevalence",0.9,"euclidean",0.04,100
8,2,1,"prevalence",0.9,"jaccard",0.12,100
8,2,1,"prevalence",0.9,"unifrac_unweighted",1,100
8,2,1,"prevalence",0.9,"unifrac_weighted_phyloseq",0.19,100
8,2,1,"prevalence",0.95,"GLaD_0.5_unweighted",1,100
8,2,1,"prevalence",0.95,"GLaD_0.5_weighted",0.11,100
8,2,1,"prevalence",0.95,"GLaD_1_unweighted",0.47,100
8,2,1,"prevalence",0.95,"GLaD_1_weighted",0.12,100
8,2,1,"prevalence",0.95,"GUniFrac",0.34,100
8,2,1,"prevalence",0.95,"aitchison",0.98,100
8,2,1,"prevalence",0.95,"bray",0.12,100
8,2,1,"prevalence",0.95,"euclidean",0.05,100
8,2,1,"prevalence",0.95,"jaccard",0.16,100
8,2,1,"prevalence",0.95,"unifrac_unweighted",1,100
8,2,1,"prevalence",0.95,"unifrac_weighted_phyloseq",0.16,100
8,2,1,"prevalence",1,"GLaD_0.5_unweighted",1,100
8,2,1,"prevalence",1,"GLaD_0.5_weighted",0.19,100
8,2,1,"prevalence",1,"GLaD_1_unweighted",0.54,100
8,2,1,"prevalence",1,"GLaD_1_weighted",0.17,100
8,2,1,"prevalence",1,"GUniFrac",0.5,100
8,2,1,"prevalence",1,"aitchison",0.99,100
8,2,1,"prevalence",1,"bray",0.2,100
8,2,1,"prevalence",1,"euclidean",0.04,100
8,2,1,"prevalence",1,"jaccard",0.19,100
8,2,1,"prevalence",1,"unifrac_unweighted",1,100
8,2,1,"prevalence",1,"unifrac_weighted_phyloseq",0.25,100
8,3,8,"abundance",0.05,"GLaD_0.5_unweighted",0.07,100
8,3,8,"abundance",0.05,"GLaD_0.5_weighted",0.05,100
8,3,8,"abundance",0.05,"GLaD_1_unweighted",0.07,100
8,3,8,"abundance",0.05,"GLaD_1_weighted",0.06,100
8,3,8,"abundance",0.05,"GUniFrac",0.03,100
8,3,8,"abundance",0.05,"aitchison",0.05,100
8,3,8,"abundance",0.05,"bray",0.01,100
8,3,8,"abundance",0.05,"euclidean",0.03,100
8,3,8,"abundance",0.05,"jaccard",0.01,100
8,3,8,"abundance",0.05,"unifrac_unweighted",0.08,100
8,3,8,"abundance",0.05,"unifrac_weighted_phyloseq",0.02,100
8,3,8,"abundance",0.1,"GLaD_0.5_unweighted",0.01,100
8,3,8,"abundance",0.1,"GLaD_0.5_weighted",0.05,100
8,3,8,"abundance",0.1,"GLaD_1_unweighted",0.07,100
8,3,8,"abundance",0.1,"GLaD_1_weighted",0.04,100
8,3,8,"abundance",0.1,"GUniFrac",0.04,100
8,3,8,"abundance",0.1,"aitchison",0.03,100
8,3,8,"abundance",0.1,"bray",0.04,100
8,3,8,"abundance",0.1,"euclidean",0.02,100
8,3,8,"abundance",0.1,"jaccard",0.04,100
8,3,8,"abundance",0.1,"unifrac_unweighted",0.02,100
8,3,8,"abundance",0.1,"unifrac_weighted_phyloseq",0.04,100
8,3,8,"abundance",0.15,"GLaD_0.5_unweighted",0.01,100
8,3,8,"abundance",0.15,"GLaD_0.5_weighted",0.08,100
8,3,8,"abundance",0.15,"GLaD_1_unweighted",0.04,100
8,3,8,"abundance",0.15,"GLaD_1_weighted",0.06,100
8,3,8,"abundance",0.15,"GUniFrac",0.08,100
8,3,8,"abundance",0.15,"aitchison",0.02,100
8,3,8,"abundance",0.15,"bray",0.09,100
8,3,8,"abundance",0.15,"euclidean",0.07,100
8,3,8,"abundance",0.15,"jaccard",0.09,100
8,3,8,"abundance",0.15,"unifrac_unweighted",0.04,100
8,3,8,"abundance",0.15,"unifrac_weighted_phyloseq",0.07,100
8,3,8,"abundance",0.2,"GLaD_0.5_unweighted",0.04,100
8,3,8,"abundance",0.2,"GLaD_0.5_weighted",0.09,100
8,3,8,"abundance",0.2,"GLaD_1_unweighted",0.05,100
8,3,8,"abundance",0.2,"GLaD_1_weighted",0.07,100
8,3,8,"abundance",0.2,"GUniFrac",0.08,100
8,3,8,"abundance",0.2,"aitchison",0.02,100
8,3,8,"abundance",0.2,"bray",0.07,100
8,3,8,"abundance",0.2,"euclidean",0.09,100
8,3,8,"abundance",0.2,"jaccard",0.08,100
8,3,8,"abundance",0.2,"unifrac_unweighted",0.02,100
8,3,8,"abundance",0.2,"unifrac_weighted_phyloseq",0.09,100
8,3,8,"abundance",0.25,"GLaD_0.5_unweighted",0.02,100
8,3,8,"abundance",0.25,"GLaD_0.5_weighted",0.05,100
8,3,8,"abundance",0.25,"GLaD_1_unweighted",0.09,100
8,3,8,"abundance",0.25,"GLaD_1_weighted",0.06,100
8,3,8,"abundance",0.25,"GUniFrac",0.07,100
8,3,8,"abundance",0.25,"aitchison",0.07,100
8,3,8,"abundance",0.25,"bray",0.12,100
8,3,8,"abundance",0.25,"euclidean",0.07,100
8,3,8,"abundance",0.25,"jaccard",0.12,100
8,3,8,"abundance",0.25,"unifrac_unweighted",0.07,100
8,3,8,"abundance",0.25,"unifrac_weighted_phyloseq",0.08,100
8,3,8,"abundance",0.3,"GLaD_0.5_unweighted",0.04,100
8,3,8,"abundance",0.3,"GLaD_0.5_weighted",0.03,100
8,3,8,"abundance",0.3,"GLaD_1_unweighted",0.08,100
8,3,8,"abundance",0.3,"GLaD_1_weighted",0.03,100
8,3,8,"abundance",0.3,"GUniFrac",0.02,100
8,3,8,"abundance",0.3,"aitchison",0.05,100
8,3,8,"abundance",0.3,"bray",0.06,100
8,3,8,"abundance",0.3,"euclidean",0.08,100
8,3,8,"abundance",0.3,"jaccard",0.06,100
8,3,8,"abundance",0.3,"unifrac_unweighted",0.06,100
8,3,8,"abundance",0.3,"unifrac_weighted_phyloseq",0.01,100
8,3,8,"abundance",0.35,"GLaD_0.5_unweighted",0.08,100
8,3,8,"abundance",0.35,"GLaD_0.5_weighted",0.03,100
8,3,8,"abundance",0.35,"GLaD_1_unweighted",0.03,100
8,3,8,"abundance",0.35,"GLaD_1_weighted",0.05,100
8,3,8,"abundance",0.35,"GUniFrac",0.04,100
8,3,8,"abundance",0.35,"aitchison",0.05,100
8,3,8,"abundance",0.35,"bray",0.01,100
8,3,8,"abundance",0.35,"euclidean",0.04,100
8,3,8,"abundance",0.35,"jaccard",0,100
8,3,8,"abundance",0.35,"unifrac_unweighted",0.07,100
8,3,8,"abundance",0.35,"unifrac_weighted_phyloseq",0.01,100
8,3,8,"abundance",0.4,"GLaD_0.5_unweighted",0.05,100
8,3,8,"abundance",0.4,"GLaD_0.5_weighted",0.06,100
8,3,8,"abundance",0.4,"GLaD_1_unweighted",0.05,100
8,3,8,"abundance",0.4,"GLaD_1_weighted",0.04,100
8,3,8,"abundance",0.4,"GUniFrac",0.06,100
8,3,8,"abundance",0.4,"aitchison",0.08,100
8,3,8,"abundance",0.4,"bray",0.08,100
8,3,8,"abundance",0.4,"euclidean",0.08,100
8,3,8,"abundance",0.4,"jaccard",0.08,100
8,3,8,"abundance",0.4,"unifrac_unweighted",0.05,100
8,3,8,"abundance",0.4,"unifrac_weighted_phyloseq",0.07,100
8,3,8,"abundance",0.45,"GLaD_0.5_unweighted",0.03,100
8,3,8,"abundance",0.45,"GLaD_0.5_weighted",0.06,100
8,3,8,"abundance",0.45,"GLaD_1_unweighted",0.05,100
8,3,8,"abundance",0.45,"GLaD_1_weighted",0.08,100
8,3,8,"abundance",0.45,"GUniFrac",0.17,100
8,3,8,"abundance",0.45,"aitchison",0.04,100
8,3,8,"abundance",0.45,"bray",0.14,100
8,3,8,"abundance",0.45,"euclidean",0.09,100
8,3,8,"abundance",0.45,"jaccard",0.1,100
8,3,8,"abundance",0.45,"unifrac_unweighted",0.03,100
8,3,8,"abundance",0.45,"unifrac_weighted_phyloseq",0.09,100
8,3,8,"abundance",0.5,"GLaD_0.5_unweighted",0.01,100
8,3,8,"abundance",0.5,"GLaD_0.5_weighted",0.05,100
8,3,8,"abundance",0.5,"GLaD_1_unweighted",0.04,100
8,3,8,"abundance",0.5,"GLaD_1_weighted",0.02,100
8,3,8,"abundance",0.5,"GUniFrac",0.06,100
8,3,8,"abundance",0.5,"aitchison",0.01,100
8,3,8,"abundance",0.5,"bray",0.03,100
8,3,8,"abundance",0.5,"euclidean",0.03,100
8,3,8,"abundance",0.5,"jaccard",0.02,100
8,3,8,"abundance",0.5,"unifrac_unweighted",0.04,100
8,3,8,"abundance",0.5,"unifrac_weighted_phyloseq",0.07,100
8,3,8,"abundance",0.55,"GLaD_0.5_unweighted",0.08,100
8,3,8,"abundance",0.55,"GLaD_0.5_weighted",0.03,100
8,3,8,"abundance",0.55,"GLaD_1_unweighted",0.04,100
8,3,8,"abundance",0.55,"GLaD_1_weighted",0.02,100
8,3,8,"abundance",0.55,"GUniFrac",0.12,100
8,3,8,"abundance",0.55,"aitchison",0.07,100
8,3,8,"abundance",0.55,"bray",0.04,100
8,3,8,"abundance",0.55,"euclidean",0.06,100
8,3,8,"abundance",0.55,"jaccard",0.07,100
8,3,8,"abundance",0.55,"unifrac_unweighted",0.03,100
8,3,8,"abundance",0.55,"unifrac_weighted_phyloseq",0.04,100
8,3,8,"abundance",0.6,"GLaD_0.5_unweighted",0.06,100
8,3,8,"abundance",0.6,"GLaD_0.5_weighted",0.03,100
8,3,8,"abundance",0.6,"GLaD_1_unweighted",0.08,100
8,3,8,"abundance",0.6,"GLaD_1_weighted",0.05,100
8,3,8,"abundance",0.6,"GUniFrac",0.14,100
8,3,8,"abundance",0.6,"aitchison",0.05,100
8,3,8,"abundance",0.6,"bray",0.07,100
8,3,8,"abundance",0.6,"euclidean",0.04,100
8,3,8,"abundance",0.6,"jaccard",0.06,100
8,3,8,"abundance",0.6,"unifrac_unweighted",0.03,100
8,3,8,"abundance",0.6,"unifrac_weighted_phyloseq",0.08,100
8,3,8,"abundance",0.65,"GLaD_0.5_unweighted",0.03,100
8,3,8,"abundance",0.65,"GLaD_0.5_weighted",0.04,100
8,3,8,"abundance",0.65,"GLaD_1_unweighted",0.04,100
8,3,8,"abundance",0.65,"GLaD_1_weighted",0.04,100
8,3,8,"abundance",0.65,"GUniFrac",0.1,100
8,3,8,"abundance",0.65,"aitchison",0.02,100
8,3,8,"abundance",0.65,"bray",0.08,100
8,3,8,"abundance",0.65,"euclidean",0.07,100
8,3,8,"abundance",0.65,"jaccard",0.09,100
8,3,8,"abundance",0.65,"unifrac_unweighted",0.05,100
8,3,8,"abundance",0.65,"unifrac_weighted_phyloseq",0.06,100
8,3,8,"abundance",0.7,"GLaD_0.5_unweighted",0.04,100
8,3,8,"abundance",0.7,"GLaD_0.5_weighted",0.03,100
8,3,8,"abundance",0.7,"GLaD_1_unweighted",0.04,100
8,3,8,"abundance",0.7,"GLaD_1_weighted",0.03,100
8,3,8,"abundance",0.7,"GUniFrac",0.19,100
8,3,8,"abundance",0.7,"aitchison",0.06,100
8,3,8,"abundance",0.7,"bray",0.09,100
8,3,8,"abundance",0.7,"euclidean",0.06,100
8,3,8,"abundance",0.7,"jaccard",0.09,100
8,3,8,"abundance",0.7,"unifrac_unweighted",0.06,100
8,3,8,"abundance",0.7,"unifrac_weighted_phyloseq",0.05,100
8,3,8,"abundance",0.75,"GLaD_0.5_unweighted",0.09,100
8,3,8,"abundance",0.75,"GLaD_0.5_weighted",0.04,100
8,3,8,"abundance",0.75,"GLaD_1_unweighted",0.07,100
8,3,8,"abundance",0.75,"GLaD_1_weighted",0.03,100
8,3,8,"abundance",0.75,"GUniFrac",0.19,100
8,3,8,"abundance",0.75,"aitchison",0.08,100
8,3,8,"abundance",0.75,"bray",0.07,100
8,3,8,"abundance",0.75,"euclidean",0.03,100
8,3,8,"abundance",0.75,"jaccard",0.06,100
8,3,8,"abundance",0.75,"unifrac_unweighted",0.06,100
8,3,8,"abundance",0.75,"unifrac_weighted_phyloseq",0.08,100
8,3,8,"abundance",0.8,"GLaD_0.5_unweighted",0.05,100
8,3,8,"abundance",0.8,"GLaD_0.5_weighted",0.08,100
8,3,8,"abundance",0.8,"GLaD_1_unweighted",0.06,100
8,3,8,"abundance",0.8,"GLaD_1_weighted",0.03,100
8,3,8,"abundance",0.8,"GUniFrac",0.24,100
8,3,8,"abundance",0.8,"aitchison",0.11,100
8,3,8,"abundance",0.8,"bray",0.14,100
8,3,8,"abundance",0.8,"euclidean",0.05,100
8,3,8,"abundance",0.8,"jaccard",0.13,100
8,3,8,"abundance",0.8,"unifrac_unweighted",0.03,100
8,3,8,"abundance",0.8,"unifrac_weighted_phyloseq",0.1,100
8,3,8,"abundance",0.85,"GLaD_0.5_unweighted",0.07,100
8,3,8,"abundance",0.85,"GLaD_0.5_weighted",0.05,100
8,3,8,"abundance",0.85,"GLaD_1_unweighted",0.03,100
8,3,8,"abundance",0.85,"GLaD_1_weighted",0.03,100
8,3,8,"abundance",0.85,"GUniFrac",0.31,100
8,3,8,"abundance",0.85,"aitchison",0.1,100
8,3,8,"abundance",0.85,"bray",0.11,100
8,3,8,"abundance",0.85,"euclidean",0.05,100
8,3,8,"abundance",0.85,"jaccard",0.08,100
8,3,8,"abundance",0.85,"unifrac_unweighted",0.05,100
8,3,8,"abundance",0.85,"unifrac_weighted_phyloseq",0.13,100
8,3,8,"abundance",0.9,"GLaD_0.5_unweighted",0.02,100
8,3,8,"abundance",0.9,"GLaD_0.5_weighted",0.06,100
8,3,8,"abundance",0.9,"GLaD_1_unweighted",0.06,100
8,3,8,"abundance",0.9,"GLaD_1_weighted",0.02,100
8,3,8,"abundance",0.9,"GUniFrac",0.32,100
8,3,8,"abundance",0.9,"aitchison",0.06,100
8,3,8,"abundance",0.9,"bray",0.17,100
8,3,8,"abundance",0.9,"euclidean",0.07,100
8,3,8,"abundance",0.9,"jaccard",0.14,100
8,3,8,"abundance",0.9,"unifrac_unweighted",0.02,100
8,3,8,"abundance",0.9,"unifrac_weighted_phyloseq",0.12,100
8,3,8,"abundance",0.95,"GLaD_0.5_unweighted",0.07,100
8,3,8,"abundance",0.95,"GLaD_0.5_weighted",0.05,100
8,3,8,"abundance",0.95,"GLaD_1_unweighted",0.02,100
8,3,8,"abundance",0.95,"GLaD_1_weighted",0.05,100
8,3,8,"abundance",0.95,"GUniFrac",0.36,100
8,3,8,"abundance",0.95,"aitchison",0.09,100
8,3,8,"abundance",0.95,"bray",0.15,100
8,3,8,"abundance",0.95,"euclidean",0.13,100
8,3,8,"abundance",0.95,"jaccard",0.15,100
8,3,8,"abundance",0.95,"unifrac_unweighted",0.05,100
8,3,8,"abundance",0.95,"unifrac_weighted_phyloseq",0.13,100
8,3,8,"abundance",1,"GLaD_0.5_unweighted",0.03,100
8,3,8,"abundance",1,"GLaD_0.5_weighted",0.09,100
8,3,8,"abundance",1,"GLaD_1_unweighted",0.07,100
8,3,8,"abundance",1,"GLaD_1_weighted",0.04,100
8,3,8,"abundance",1,"GUniFrac",0.47,100
8,3,8,"abundance",1,"aitchison",0.08,100
8,3,8,"abundance",1,"bray",0.15,100
8,3,8,"abundance",1,"euclidean",0.09,100
8,3,8,"abundance",1,"jaccard",0.17,100
8,3,8,"abundance",1,"unifrac_unweighted",0.03,100
8,3,8,"abundance",1,"unifrac_weighted_phyloseq",0.21,100
8,3,8,"both",0.05,"GLaD_0.5_unweighted",0.03,100
8,3,8,"both",0.05,"GLaD_0.5_weighted",0.04,100
8,3,8,"both",0.05,"GLaD_1_unweighted",0.03,100
8,3,8,"both",0.05,"GLaD_1_weighted",0.05,100
8,3,8,"both",0.05,"GUniFrac",0.06,100
8,3,8,"both",0.05,"aitchison",0.04,100
8,3,8,"both",0.05,"bray",0.06,100
8,3,8,"both",0.05,"euclidean",0.04,100
8,3,8,"both",0.05,"jaccard",0.06,100
8,3,8,"both",0.05,"unifrac_unweighted",0.04,100
8,3,8,"both",0.05,"unifrac_weighted_phyloseq",0.04,100
8,3,8,"both",0.1,"GLaD_0.5_unweighted",0.1,100
8,3,8,"both",0.1,"GLaD_0.5_weighted",0.03,100
8,3,8,"both",0.1,"GLaD_1_unweighted",0.09,100
8,3,8,"both",0.1,"GLaD_1_weighted",0.05,100
8,3,8,"both",0.1,"GUniFrac",0.04,100
8,3,8,"both",0.1,"aitchison",0.04,100
8,3,8,"both",0.1,"bray",0.01,100
8,3,8,"both",0.1,"euclidean",0.02,100
8,3,8,"both",0.1,"jaccard",0.01,100
8,3,8,"both",0.1,"unifrac_unweighted",0.08,100
8,3,8,"both",0.1,"unifrac_weighted_phyloseq",0.02,100
8,3,8,"both",0.15,"GLaD_0.5_unweighted",0.08,100
8,3,8,"both",0.15,"GLaD_0.5_weighted",0.05,100
8,3,8,"both",0.15,"GLaD_1_unweighted",0.07,100
8,3,8,"both",0.15,"GLaD_1_weighted",0.05,100
8,3,8,"both",0.15,"GUniFrac",0.07,100
8,3,8,"both",0.15,"aitchison",0.08,100
8,3,8,"both",0.15,"bray",0.08,100
8,3,8,"both",0.15,"euclidean",0.04,100
8,3,8,"both",0.15,"jaccard",0.08,100
8,3,8,"both",0.15,"unifrac_unweighted",0.09,100
8,3,8,"both",0.15,"unifrac_weighted_phyloseq",0.05,100
8,3,8,"both",0.2,"GLaD_0.5_unweighted",0.04,100
8,3,8,"both",0.2,"GLaD_0.5_weighted",0.03,100
8,3,8,"both",0.2,"GLaD_1_unweighted",0.05,100
8,3,8,"both",0.2,"GLaD_1_weighted",0.03,100
8,3,8,"both",0.2,"GUniFrac",0.05,100
8,3,8,"both",0.2,"aitchison",0.05,100
8,3,8,"both",0.2,"bray",0.04,100
8,3,8,"both",0.2,"euclidean",0.04,100
8,3,8,"both",0.2,"jaccard",0.05,100
8,3,8,"both",0.2,"unifrac_unweighted",0.06,100
8,3,8,"both",0.2,"unifrac_weighted_phyloseq",0.04,100
8,3,8,"both",0.25,"GLaD_0.5_unweighted",0.08,100
8,3,8,"both",0.25,"GLaD_0.5_weighted",0.08,100
8,3,8,"both",0.25,"GLaD_1_unweighted",0.12,100
8,3,8,"both",0.25,"GLaD_1_weighted",0.08,100
8,3,8,"both",0.25,"GUniFrac",0.11,100
8,3,8,"both",0.25,"aitchison",0.1,100
8,3,8,"both",0.25,"bray",0.04,100
8,3,8,"both",0.25,"euclidean",0.07,100
8,3,8,"both",0.25,"jaccard",0.04,100
8,3,8,"both",0.25,"unifrac_unweighted",0.13,100
8,3,8,"both",0.25,"unifrac_weighted_phyloseq",0.08,100
8,3,8,"both",0.3,"GLaD_0.5_unweighted",0.1,100
8,3,8,"both",0.3,"GLaD_0.5_weighted",0.05,100
8,3,8,"both",0.3,"GLaD_1_unweighted",0.07,100
8,3,8,"both",0.3,"GLaD_1_weighted",0.05,100
8,3,8,"both",0.3,"GUniFrac",0.07,100
8,3,8,"both",0.3,"aitchison",0.12,100
8,3,8,"both",0.3,"bray",0.05,100
8,3,8,"both",0.3,"euclidean",0.05,100
8,3,8,"both",0.3,"jaccard",0.05,100
8,3,8,"both",0.3,"unifrac_unweighted",0.17,100
8,3,8,"both",0.3,"unifrac_weighted_phyloseq",0.04,100
8,3,8,"both",0.35,"GLaD_0.5_unweighted",0.12,100
8,3,8,"both",0.35,"GLaD_0.5_weighted",0.04,100
8,3,8,"both",0.35,"GLaD_1_unweighted",0.07,100
8,3,8,"both",0.35,"GLaD_1_weighted",0.05,100
8,3,8,"both",0.35,"GUniFrac",0.11,100
8,3,8,"both",0.35,"aitchison",0.18,100
8,3,8,"both",0.35,"bray",0.03,100
8,3,8,"both",0.35,"euclidean",0.02,100
8,3,8,"both",0.35,"jaccard",0.03,100
8,3,8,"both",0.35,"unifrac_unweighted",0.2,100
8,3,8,"both",0.35,"unifrac_weighted_phyloseq",0.02,100
8,3,8,"both",0.4,"GLaD_0.5_unweighted",0.19,100
8,3,8,"both",0.4,"GLaD_0.5_weighted",0.05,100
8,3,8,"both",0.4,"GLaD_1_unweighted",0.08,100
8,3,8,"both",0.4,"GLaD_1_weighted",0.04,100
8,3,8,"both",0.4,"GUniFrac",0.2,100
8,3,8,"both",0.4,"aitchison",0.14,100
8,3,8,"both",0.4,"bray",0.05,100
8,3,8,"both",0.4,"euclidean",0.03,100
8,3,8,"both",0.4,"jaccard",0.05,100
8,3,8,"both",0.4,"unifrac_unweighted",0.41,100
8,3,8,"both",0.4,"unifrac_weighted_phyloseq",0.05,100
8,3,8,"both",0.45,"GLaD_0.5_unweighted",0.26,100
8,3,8,"both",0.45,"GLaD_0.5_weighted",0.09,100
8,3,8,"both",0.45,"GLaD_1_unweighted",0.13,100
8,3,8,"both",0.45,"GLaD_1_weighted",0.07,100
8,3,8,"both",0.45,"GUniFrac",0.36,100
8,3,8,"both",0.45,"aitchison",0.26,100
8,3,8,"both",0.45,"bray",0.12,100
8,3,8,"both",0.45,"euclidean",0.11,100
8,3,8,"both",0.45,"jaccard",0.11,100
8,3,8,"both",0.45,"unifrac_unweighted",0.49,100
8,3,8,"both",0.45,"unifrac_weighted_phyloseq",0.15,100
8,3,8,"both",0.5,"GLaD_0.5_unweighted",0.32,100
8,3,8,"both",0.5,"GLaD_0.5_weighted",0.07,100
8,3,8,"both",0.5,"GLaD_1_unweighted",0.11,100
8,3,8,"both",0.5,"GLaD_1_weighted",0.05,100
8,3,8,"both",0.5,"GUniFrac",0.38,100
8,3,8,"both",0.5,"aitchison",0.38,100
8,3,8,"both",0.5,"bray",0.11,100
8,3,8,"both",0.5,"euclidean",0.09,100
8,3,8,"both",0.5,"jaccard",0.11,100
8,3,8,"both",0.5,"unifrac_unweighted",0.65,100
8,3,8,"both",0.5,"unifrac_weighted_phyloseq",0.13,100
8,3,8,"both",0.55,"GLaD_0.5_unweighted",0.51,100
8,3,8,"both",0.55,"GLaD_0.5_weighted",0.05,100
8,3,8,"both",0.55,"GLaD_1_unweighted",0.09,100
8,3,8,"both",0.55,"GLaD_1_weighted",0.04,100
8,3,8,"both",0.55,"GUniFrac",0.55,100
8,3,8,"both",0.55,"aitchison",0.57,100
8,3,8,"both",0.55,"bray",0.1,100
8,3,8,"both",0.55,"euclidean",0.05,100
8,3,8,"both",0.55,"jaccard",0.05,100
8,3,8,"both",0.55,"unifrac_unweighted",0.77,100
8,3,8,"both",0.55,"unifrac_weighted_phyloseq",0.09,100
8,3,8,"both",0.6,"GLaD_0.5_unweighted",0.56,100
8,3,8,"both",0.6,"GLaD_0.5_weighted",0.07,100
8,3,8,"both",0.6,"GLaD_1_unweighted",0.17,100
8,3,8,"both",0.6,"GLaD_1_weighted",0.04,100
8,3,8,"both",0.6,"GUniFrac",0.73,100
8,3,8,"both",0.6,"aitchison",0.6,100
8,3,8,"both",0.6,"bray",0.12,100
8,3,8,"both",0.6,"euclidean",0.07,100
8,3,8,"both",0.6,"jaccard",0.1,100
8,3,8,"both",0.6,"unifrac_unweighted",0.81,100
8,3,8,"both",0.6,"unifrac_weighted_phyloseq",0.2,100
8,3,8,"both",0.65,"GLaD_0.5_unweighted",0.72,100
8,3,8,"both",0.65,"GLaD_0.5_weighted",0.08,100
8,3,8,"both",0.65,"GLaD_1_unweighted",0.24,100
8,3,8,"both",0.65,"GLaD_1_weighted",0.09,100
8,3,8,"both",0.65,"GUniFrac",0.87,100
8,3,8,"both",0.65,"aitchison",0.64,100
8,3,8,"both",0.65,"bray",0.16,100
8,3,8,"both",0.65,"euclidean",0.03,100
8,3,8,"both",0.65,"jaccard",0.2,100
8,3,8,"both",0.65,"unifrac_unweighted",0.91,100
8,3,8,"both",0.65,"unifrac_weighted_phyloseq",0.3,100
8,3,8,"both",0.7,"GLaD_0.5_unweighted",0.84,100
8,3,8,"both",0.7,"GLaD_0.5_weighted",0.07,100
8,3,8,"both",0.7,"GLaD_1_unweighted",0.24,100
8,3,8,"both",0.7,"GLaD_1_weighted",0.08,100
8,3,8,"both",0.7,"GUniFrac",0.96,100
8,3,8,"both",0.7,"aitchison",0.88,100
8,3,8,"both",0.7,"bray",0.29,100
8,3,8,"both",0.7,"euclidean",0.07,100
8,3,8,"both",0.7,"jaccard",0.27,100
8,3,8,"both",0.7,"unifrac_unweighted",0.98,100
8,3,8,"both",0.7,"unifrac_weighted_phyloseq",0.33,100
8,3,8,"both",0.75,"GLaD_0.5_unweighted",0.87,100
8,3,8,"both",0.75,"GLaD_0.5_weighted",0.06,100
8,3,8,"both",0.75,"GLaD_1_unweighted",0.22,100
8,3,8,"both",0.75,"GLaD_1_weighted",0.05,100
8,3,8,"both",0.75,"GUniFrac",0.98,100
8,3,8,"both",0.75,"aitchison",0.89,100
8,3,8,"both",0.75,"bray",0.24,100
8,3,8,"both",0.75,"euclidean",0.08,100
8,3,8,"both",0.75,"jaccard",0.26,100
8,3,8,"both",0.75,"unifrac_unweighted",0.99,100
8,3,8,"both",0.75,"unifrac_weighted_phyloseq",0.37,100
8,3,8,"both",0.8,"GLaD_0.5_unweighted",0.98,100
8,3,8,"both",0.8,"GLaD_0.5_weighted",0.05,100
8,3,8,"both",0.8,"GLaD_1_unweighted",0.32,100
8,3,8,"both",0.8,"GLaD_1_weighted",0.05,100
8,3,8,"both",0.8,"GUniFrac",1,100
8,3,8,"both",0.8,"aitchison",0.97,100
8,3,8,"both",0.8,"bray",0.36,100
8,3,8,"both",0.8,"euclidean",0.05,100
8,3,8,"both",0.8,"jaccard",0.33,100
8,3,8,"both",0.8,"unifrac_unweighted",1,100
8,3,8,"both",0.8,"unifrac_weighted_phyloseq",0.55,100
8,3,8,"both",0.85,"GLaD_0.5_unweighted",0.98,100
8,3,8,"both",0.85,"GLaD_0.5_weighted",0.12,100
8,3,8,"both",0.85,"GLaD_1_unweighted",0.34,100
8,3,8,"both",0.85,"GLaD_1_weighted",0.12,100
8,3,8,"both",0.85,"GUniFrac",1,100
8,3,8,"both",0.85,"aitchison",1,100
8,3,8,"both",0.85,"bray",0.53,100
8,3,8,"both",0.85,"euclidean",0.15,100
8,3,8,"both",0.85,"jaccard",0.52,100
8,3,8,"both",0.85,"unifrac_unweighted",1,100
8,3,8,"both",0.85,"unifrac_weighted_phyloseq",0.77,100
8,3,8,"both",0.9,"GLaD_0.5_unweighted",0.99,100
8,3,8,"both",0.9,"GLaD_0.5_weighted",0.08,100
8,3,8,"both",0.9,"GLaD_1_unweighted",0.45,100
8,3,8,"both",0.9,"GLaD_1_weighted",0.04,100
8,3,8,"both",0.9,"GUniFrac",1,100
8,3,8,"both",0.9,"aitchison",1,100
8,3,8,"both",0.9,"bray",0.54,100
8,3,8,"both",0.9,"euclidean",0.09,100
8,3,8,"both",0.9,"jaccard",0.52,100
8,3,8,"both",0.9,"unifrac_unweighted",1,100
8,3,8,"both",0.9,"unifrac_weighted_phyloseq",0.77,100
8,3,8,"both",0.95,"GLaD_0.5_unweighted",1,100
8,3,8,"both",0.95,"GLaD_0.5_weighted",0.09,100
8,3,8,"both",0.95,"GLaD_1_unweighted",0.43,100
8,3,8,"both",0.95,"GLaD_1_weighted",0.07,100
8,3,8,"both",0.95,"GUniFrac",1,100
8,3,8,"both",0.95,"aitchison",1,100
8,3,8,"both",0.95,"bray",0.64,100
8,3,8,"both",0.95,"euclidean",0.12,100
8,3,8,"both",0.95,"jaccard",0.64,100
8,3,8,"both",0.95,"unifrac_unweighted",1,100
8,3,8,"both",0.95,"unifrac_weighted_phyloseq",0.93,100
8,3,8,"both",1,"GLaD_0.5_unweighted",1,100
8,3,8,"both",1,"GLaD_0.5_weighted",0.15,100
8,3,8,"both",1,"GLaD_1_unweighted",0.52,100
8,3,8,"both",1,"GLaD_1_weighted",0.09,100
8,3,8,"both",1,"GUniFrac",1,100
8,3,8,"both",1,"aitchison",1,100
8,3,8,"both",1,"bray",0.84,100
8,3,8,"both",1,"euclidean",0.17,100
8,3,8,"both",1,"jaccard",0.81,100
8,3,8,"both",1,"unifrac_unweighted",1,100
8,3,8,"both",1,"unifrac_weighted_phyloseq",0.97,100
8,3,8,"prevalence",0.05,"GLaD_0.5_unweighted",0.03,100
8,3,8,"prevalence",0.05,"GLaD_0.5_weighted",0.05,100
8,3,8,"prevalence",0.05,"GLaD_1_unweighted",0.1,100
8,3,8,"prevalence",0.05,"GLaD_1_weighted",0.04,100
8,3,8,"prevalence",0.05,"GUniFrac",0.03,100
8,3,8,"prevalence",0.05,"aitchison",0.01,100
8,3,8,"prevalence",0.05,"bray",0.04,100
8,3,8,"prevalence",0.05,"euclidean",0.01,100
8,3,8,"prevalence",0.05,"jaccard",0.05,100
8,3,8,"prevalence",0.05,"unifrac_unweighted",0.03,100
8,3,8,"prevalence",0.05,"unifrac_weighted_phyloseq",0.02,100
8,3,8,"prevalence",0.1,"GLaD_0.5_unweighted",0.01,100
8,3,8,"prevalence",0.1,"GLaD_0.5_weighted",0.04,100
8,3,8,"prevalence",0.1,"GLaD_1_unweighted",0.03,100
8,3,8,"prevalence",0.1,"GLaD_1_weighted",0.04,100
8,3,8,"prevalence",0.1,"GUniFrac",0.03,100
8,3,8,"prevalence",0.1,"aitchison",0.03,100
8,3,8,"prevalence",0.1,"bray",0.06,100
8,3,8,"prevalence",0.1,"euclidean",0.05,100
8,3,8,"prevalence",0.1,"jaccard",0.07,100
8,3,8,"prevalence",0.1,"unifrac_unweighted",0.02,100
8,3,8,"prevalence",0.1,"unifrac_weighted_phyloseq",0.05,100
8,3,8,"prevalence",0.15,"GLaD_0.5_unweighted",0.08,100
8,3,8,"prevalence",0.15,"GLaD_0.5_weighted",0.04,100
8,3,8,"prevalence",0.15,"GLaD_1_unweighted",0.1,100
8,3,8,"prevalence",0.15,"GLaD_1_weighted",0.06,100
8,3,8,"prevalence",0.15,"GUniFrac",0.05,100
8,3,8,"prevalence",0.15,"aitchison",0.05,100
8,3,8,"prevalence",0.15,"bray",0.04,100
8,3,8,"prevalence",0.15,"euclidean",0.02,100
8,3,8,"prevalence",0.15,"jaccard",0.04,100
8,3,8,"prevalence",0.15,"unifrac_unweighted",0.11,100
8,3,8,"prevalence",0.15,"unifrac_weighted_phyloseq",0.05,100
8,3,8,"prevalence",0.2,"GLaD_0.5_unweighted",0.08,100
8,3,8,"prevalence",0.2,"GLaD_0.5_weighted",0.06,100
8,3,8,"prevalence",0.2,"GLaD_1_unweighted",0.08,100
8,3,8,"prevalence",0.2,"GLaD_1_weighted",0.02,100
8,3,8,"prevalence",0.2,"GUniFrac",0.03,100
8,3,8,"prevalence",0.2,"aitchison",0.06,100
8,3,8,"prevalence",0.2,"bray",0.06,100
8,3,8,"prevalence",0.2,"euclidean",0.05,100
8,3,8,"prevalence",0.2,"jaccard",0.05,100
8,3,8,"prevalence",0.2,"unifrac_unweighted",0.12,100
8,3,8,"prevalence",0.2,"unifrac_weighted_phyloseq",0.04,100
8,3,8,"prevalence",0.25,"GLaD_0.5_unweighted",0.1,100
8,3,8,"prevalence",0.25,"GLaD_0.5_weighted",0.05,100
8,3,8,"prevalence",0.25,"GLaD_1_unweighted",0.08,100
8,3,8,"prevalence",0.25,"GLaD_1_weighted",0.06,100
8,3,8,"prevalence",0.25,"GUniFrac",0.05,100
8,3,8,"prevalence",0.25,"aitchison",0.04,100
8,3,8,"prevalence",0.25,"bray",0.02,100
8,3,8,"prevalence",0.25,"euclidean",0.03,100
8,3,8,"prevalence",0.25,"jaccard",0.02,100
8,3,8,"prevalence",0.25,"unifrac_unweighted",0.11,100
8,3,8,"prevalence",0.25,"unifrac_weighted_phyloseq",0.04,100
8,3,8,"prevalence",0.3,"GLaD_0.5_unweighted",0.16,100
8,3,8,"prevalence",0.3,"GLaD_0.5_weighted",0.05,100
8,3,8,"prevalence",0.3,"GLaD_1_unweighted",0.08,100
8,3,8,"prevalence",0.3,"GLaD_1_weighted",0.02,100
8,3,8,"prevalence",0.3,"GUniFrac",0.09,100
8,3,8,"prevalence",0.3,"aitchison",0.13,100
8,3,8,"prevalence",0.3,"bray",0.06,100
8,3,8,"prevalence",0.3,"euclidean",0.02,100
8,3,8,"prevalence",0.3,"jaccard",0.06,100
8,3,8,"prevalence",0.3,"unifrac_unweighted",0.17,100
8,3,8,"prevalence",0.3,"unifrac_weighted_phyloseq",0.07,100
8,3,8,"prevalence",0.35,"GLaD_0.5_unweighted",0.12,100
8,3,8,"prevalence",0.35,"GLaD_0.5_weighted",0.07,100
8,3,8,"prevalence",0.35,"GLaD_1_unweighted",0.07,100
8,3,8,"prevalence",0.35,"GLaD_1_weighted",0.07,100
8,3,8,"prevalence",0.35,"GUniFrac",0.09,100
8,3,8,"prevalence",0.35,"aitchison",0.07,100
8,3,8,"prevalence",0.35,"bray",0.07,100
8,3,8,"prevalence",0.35,"euclidean",0.06,100
8,3,8,"prevalence",0.35,"jaccard",0.07,100
8,3,8,"prevalence",0.35,"unifrac_unweighted",0.29,100
8,3,8,"prevalence",0.35,"unifrac_weighted_phyloseq",0.09,100
8,3,8,"prevalence",0.4,"GLaD_0.5_unweighted",0.17,100
8,3,8,"prevalence",0.4,"GLaD_0.5_weighted",0.08,100
8,3,8,"prevalence",0.4,"GLaD_1_unweighted",0.07,100
8,3,8,"prevalence",0.4,"GLaD_1_weighted",0.06,100
8,3,8,"prevalence",0.4,"GUniFrac",0.07,100
8,3,8,"prevalence",0.4,"aitchison",0.05,100
8,3,8,"prevalence",0.4,"bray",0.04,100
8,3,8,"prevalence",0.4,"euclidean",0.04,100
8,3,8,"prevalence",0.4,"jaccard",0.05,100
8,3,8,"prevalence",0.4,"unifrac_unweighted",0.35,100
8,3,8,"prevalence",0.4,"unifrac_weighted_phyloseq",0.07,100
8,3,8,"prevalence",0.45,"GLaD_0.5_unweighted",0.27,100
8,3,8,"prevalence",0.45,"GLaD_0.5_weighted",0.02,100
8,3,8,"prevalence",0.45,"GLaD_1_unweighted",0.13,100
8,3,8,"prevalence",0.45,"GLaD_1_weighted",0.02,100
8,3,8,"prevalence",0.45,"GUniFrac",0.09,100
8,3,8,"prevalence",0.45,"aitchison",0.14,100
8,3,8,"prevalence",0.45,"bray",0.03,100
8,3,8,"prevalence",0.45,"euclidean",0.03,100
8,3,8,"prevalence",0.45,"jaccard",0.02,100
8,3,8,"prevalence",0.45,"unifrac_unweighted",0.48,100
8,3,8,"prevalence",0.45,"unifrac_weighted_phyloseq",0.03,100
8,3,8,"prevalence",0.5,"GLaD_0.5_unweighted",0.29,100
8,3,8,"prevalence",0.5,"GLaD_0.5_weighted",0.05,100
8,3,8,"prevalence",0.5,"GLaD_1_unweighted",0.11,100
8,3,8,"prevalence",0.5,"GLaD_1_weighted",0.05,100
8,3,8,"prevalence",0.5,"GUniFrac",0.11,100
8,3,8,"prevalence",0.5,"aitchison",0.17,100
8,3,8,"prevalence",0.5,"bray",0.09,100
8,3,8,"prevalence",0.5,"euclidean",0.06,100
8,3,8,"prevalence",0.5,"jaccard",0.07,100
8,3,8,"prevalence",0.5,"unifrac_unweighted",0.61,100
8,3,8,"prevalence",0.5,"unifrac_weighted_phyloseq",0.05,100
8,3,8,"prevalence",0.55,"GLaD_0.5_unweighted",0.43,100
8,3,8,"prevalence",0.55,"GLaD_0.5_weighted",0.04,100
8,3,8,"prevalence",0.55,"GLaD_1_unweighted",0.25,100
8,3,8,"prevalence",0.55,"GLaD_1_weighted",0.04,100
8,3,8,"prevalence",0.55,"GUniFrac",0.11,100
8,3,8,"prevalence",0.55,"aitchison",0.18,100
8,3,8,"prevalence",0.55,"bray",0.07,100
8,3,8,"prevalence",0.55,"euclidean",0.07,100
8,3,8,"prevalence",0.55,"jaccard",0.07,100
8,3,8,"prevalence",0.55,"unifrac_unweighted",0.86,100
8,3,8,"prevalence",0.55,"unifrac_weighted_phyloseq",0.05,100
8,3,8,"prevalence",0.6,"GLaD_0.5_unweighted",0.56,100
8,3,8,"prevalence",0.6,"GLaD_0.5_weighted",0.06,100
8,3,8,"prevalence",0.6,"GLaD_1_unweighted",0.16,100
8,3,8,"prevalence",0.6,"GLaD_1_weighted",0.06,100
8,3,8,"prevalence",0.6,"GUniFrac",0.17,100
8,3,8,"prevalence",0.6,"aitchison",0.28,100
8,3,8,"prevalence",0.6,"bray",0.02,100
8,3,8,"prevalence",0.6,"euclidean",0.01,100
8,3,8,"prevalence",0.6,"jaccard",0.02,100
8,3,8,"prevalence",0.6,"unifrac_unweighted",0.86,100
8,3,8,"prevalence",0.6,"unifrac_weighted_phyloseq",0.04,100
8,3,8,"prevalence",0.65,"GLaD_0.5_unweighted",0.69,100
8,3,8,"prevalence",0.65,"GLaD_0.5_weighted",0.06,100
8,3,8,"prevalence",0.65,"GLaD_1_unweighted",0.25,100
8,3,8,"prevalence",0.65,"GLaD_1_weighted",0.05,100
8,3,8,"prevalence",0.65,"GUniFrac",0.13,100
8,3,8,"prevalence",0.65,"aitchison",0.34,100
8,3,8,"prevalence",0.65,"bray",0.06,100
8,3,8,"prevalence",0.65,"euclidean",0.05,100
8,3,8,"prevalence",0.65,"jaccard",0.04,100
8,3,8,"prevalence",0.65,"unifrac_unweighted",0.9,100
8,3,8,"prevalence",0.65,"unifrac_weighted_phyloseq",0.05,100
8,3,8,"prevalence",0.7,"GLaD_0.5_unweighted",0.89,100
8,3,8,"prevalence",0.7,"GLaD_0.5_weighted",0.06,100
8,3,8,"prevalence",0.7,"GLaD_1_unweighted",0.29,100
8,3,8,"prevalence",0.7,"GLaD_1_weighted",0.08,100
8,3,8,"prevalence",0.7,"GUniFrac",0.34,100
8,3,8,"prevalence",0.7,"aitchison",0.4,100
8,3,8,"prevalence",0.7,"bray",0.09,100
8,3,8,"prevalence",0.7,"euclidean",0.08,100
8,3,8,"prevalence",0.7,"jaccard",0.08,100
8,3,8,"prevalence",0.7,"unifrac_unweighted",0.98,100
8,3,8,"prevalence",0.7,"unifrac_weighted_phyloseq",0.07,100
8,3,8,"prevalence",0.75,"GLaD_0.5_unweighted",0.86,100
8,3,8,"prevalence",0.75,"GLaD_0.5_weighted",0.05,100
8,3,8,"prevalence",0.75,"GLaD_1_unweighted",0.24,100
8,3,8,"prevalence",0.75,"GLaD_1_weighted",0.04,100
8,3,8,"prevalence",0.75,"GUniFrac",0.24,100
8,3,8,"prevalence",0.75,"aitchison",0.5,100
8,3,8,"prevalence",0.75,"bray",0.07,100
8,3,8,"prevalence",0.75,"euclidean",0.05,100
8,3,8,"prevalence",0.75,"jaccard",0.05,100
8,3,8,"prevalence",0.75,"unifrac_unweighted",0.98,100
8,3,8,"prevalence",0.75,"unifrac_weighted_phyloseq",0.08,100
8,3,8,"prevalence",0.8,"GLaD_0.5_unweighted",0.95,100
8,3,8,"prevalence",0.8,"GLaD_0.5_weighted",0.13,100
8,3,8,"prevalence",0.8,"GLaD_1_unweighted",0.28,100
8,3,8,"prevalence",0.8,"GLaD_1_weighted",0.1,100
8,3,8,"prevalence",0.8,"GUniFrac",0.38,100
8,3,8,"prevalence",0.8,"aitchison",0.52,100
8,3,8,"prevalence",0.8,"bray",0.04,100
8,3,8,"prevalence",0.8,"euclidean",0.07,100
8,3,8,"prevalence",0.8,"jaccard",0.04,100
8,3,8,"prevalence",0.8,"unifrac_unweighted",1,100
8,3,8,"prevalence",0.8,"unifrac_weighted_phyloseq",0.15,100
8,3,8,"prevalence",0.85,"GLaD_0.5_unweighted",0.98,100
8,3,8,"prevalence",0.85,"GLaD_0.5_weighted",0.04,100
8,3,8,"prevalence",0.85,"GLaD_1_unweighted",0.33,100
8,3,8,"prevalence",0.85,"GLaD_1_weighted",0.05,100
8,3,8,"prevalence",0.85,"GUniFrac",0.33,100
8,3,8,"prevalence",0.85,"aitchison",0.61,100
8,3,8,"prevalence",0.85,"bray",0.03,100
8,3,8,"prevalence",0.85,"euclidean",0.02,100
8,3,8,"prevalence",0.85,"jaccard",0.03,100
8,3,8,"prevalence",0.85,"unifrac_unweighted",1,100
8,3,8,"prevalence",0.85,"unifrac_weighted_phyloseq",0.04,100
8,3,8,"prevalence",0.9,"GLaD_0.5_unweighted",1,100
8,3,8,"prevalence",0.9,"GLaD_0.5_weighted",0.06,100
8,3,8,"prevalence",0.9,"GLaD_1_unweighted",0.46,100
8,3,8,"prevalence",0.9,"GLaD_1_weighted",0.02,100
8,3,8,"prevalence",0.9,"GUniFrac",0.44,100
8,3,8,"prevalence",0.9,"aitchison",0.76,100
8,3,8,"prevalence",0.9,"bray",0.08,100
8,3,8,"prevalence",0.9,"euclidean",0.07,100
8,3,8,"prevalence",0.9,"jaccard",0.07,100
8,3,8,"prevalence",0.9,"unifrac_unweighted",1,100
8,3,8,"prevalence",0.9,"unifrac_weighted_phyloseq",0.07,100
8,3,8,"prevalence",0.95,"GLaD_0.5_unweighted",0.99,100
8,3,8,"prevalence",0.95,"GLaD_0.5_weighted",0.05,100
8,3,8,"prevalence",0.95,"GLaD_1_unweighted",0.38,100
8,3,8,"prevalence",0.95,"GLaD_1_weighted",0.04,100
8,3,8,"prevalence",0.95,"GUniFrac",0.5,100
8,3,8,"prevalence",0.95,"aitchison",0.8,100
8,3,8,"prevalence",0.95,"bray",0.05,100
8,3,8,"prevalence",0.95,"euclidean",0.02,100
8,3,8,"prevalence",0.95,"jaccard",0.04,100
8,3,8,"prevalence",0.95,"unifrac_unweighted",1,100
8,3,8,"prevalence",0.95,"unifrac_weighted_phyloseq",0.08,100
8,3,8,"prevalence",1,"GLaD_0.5_unweighted",1,100
8,3,8,"prevalence",1,"GLaD_0.5_weighted",0.08,100
8,3,8,"prevalence",1,"GLaD_1_unweighted",0.42,100
8,3,8,"prevalence",1,"GLaD_1_weighted",0.04,100
8,3,8,"prevalence",1,"GUniFrac",0.74,100
8,3,8,"prevalence",1,"aitchison",0.92,100
8,3,8,"prevalence",1,"bray",0.09,100
8,3,8,"prevalence",1,"euclidean",0.07,100
8,3,8,"prevalence",1,"jaccard",0.08,100
8,3,8,"prevalence",1,"unifrac_unweighted",1,100
8,3,8,"prevalence",1,"unifrac_weighted_phyloseq",0.11,100
8,4,3,"abundance",0.05,"GLaD_0.5_unweighted",0.04,100
8,4,3,"abundance",0.05,"GLaD_0.5_weighted",0.06,100
8,4,3,"abundance",0.05,"GLaD_1_unweighted",0.04,100
8,4,3,"abundance",0.05,"GLaD_1_weighted",0.07,100
8,4,3,"abundance",0.05,"GUniFrac",0.04,100
8,4,3,"abundance",0.05,"aitchison",0.03,100
8,4,3,"abundance",0.05,"bray",0.04,100
8,4,3,"abundance",0.05,"euclidean",0.02,100
8,4,3,"abundance",0.05,"jaccard",0.03,100
8,4,3,"abundance",0.05,"unifrac_unweighted",0.01,100
8,4,3,"abundance",0.05,"unifrac_weighted_phyloseq",0.05,100
8,4,3,"abundance",0.1,"GLaD_0.5_unweighted",0.05,100
8,4,3,"abundance",0.1,"GLaD_0.5_weighted",0.05,100
8,4,3,"abundance",0.1,"GLaD_1_unweighted",0.05,100
8,4,3,"abundance",0.1,"GLaD_1_weighted",0.05,100
8,4,3,"abundance",0.1,"GUniFrac",0.03,100
8,4,3,"abundance",0.1,"aitchison",0.06,100
8,4,3,"abundance",0.1,"bray",0.05,100
8,4,3,"abundance",0.1,"euclidean",0.06,100
8,4,3,"abundance",0.1,"jaccard",0.03,100
8,4,3,"abundance",0.1,"unifrac_unweighted",0.05,100
8,4,3,"abundance",0.1,"unifrac_weighted_phyloseq",0.07,100
8,4,3,"abundance",0.15,"GLaD_0.5_unweighted",0.05,100
8,4,3,"abundance",0.15,"GLaD_0.5_weighted",0.05,100
8,4,3,"abundance",0.15,"GLaD_1_unweighted",0.04,100
8,4,3,"abundance",0.15,"GLaD_1_weighted",0.03,100
8,4,3,"abundance",0.15,"GUniFrac",0.05,100
8,4,3,"abundance",0.15,"aitchison",0.06,100
8,4,3,"abundance",0.15,"bray",0.03,100
8,4,3,"abundance",0.15,"euclidean",0.03,100
8,4,3,"abundance",0.15,"jaccard",0.04,100
8,4,3,"abundance",0.15,"unifrac_unweighted",0.03,100
8,4,3,"abundance",0.15,"unifrac_weighted_phyloseq",0.05,100
8,4,3,"abundance",0.2,"GLaD_0.5_unweighted",0.08,100
8,4,3,"abundance",0.2,"GLaD_0.5_weighted",0.07,100
8,4,3,"abundance",0.2,"GLaD_1_unweighted",0.06,100
8,4,3,"abundance",0.2,"GLaD_1_weighted",0.05,100
8,4,3,"abundance",0.2,"GUniFrac",0.08,100
8,4,3,"abundance",0.2,"aitchison",0.05,100
8,4,3,"abundance",0.2,"bray",0.06,100
8,4,3,"abundance",0.2,"euclidean",0.05,100
8,4,3,"abundance",0.2,"jaccard",0.07,100
8,4,3,"abundance",0.2,"unifrac_unweighted",0.02,100
8,4,3,"abundance",0.2,"unifrac_weighted_phyloseq",0.1,100
8,4,3,"abundance",0.25,"GLaD_0.5_unweighted",0.02,100
8,4,3,"abundance",0.25,"GLaD_0.5_weighted",0.13,100
8,4,3,"abundance",0.25,"GLaD_1_unweighted",0.04,100
8,4,3,"abundance",0.25,"GLaD_1_weighted",0.11,100
8,4,3,"abundance",0.25,"GUniFrac",0.12,100
8,4,3,"abundance",0.25,"aitchison",0.04,100
8,4,3,"abundance",0.25,"bray",0.09,100
8,4,3,"abundance",0.25,"euclidean",0.08,100
8,4,3,"abundance",0.25,"jaccard",0.09,100
8,4,3,"abundance",0.25,"unifrac_unweighted",0.01,100
8,4,3,"abundance",0.25,"unifrac_weighted_phyloseq",0.12,100
8,4,3,"abundance",0.3,"GLaD_0.5_unweighted",0.03,100
8,4,3,"abundance",0.3,"GLaD_0.5_weighted",0.08,100
8,4,3,"abundance",0.3,"GLaD_1_unweighted",0.05,100
8,4,3,"abundance",0.3,"GLaD_1_weighted",0.07,100
8,4,3,"abundance",0.3,"GUniFrac",0.1,100
8,4,3,"abundance",0.3,"aitchison",0.04,100
8,4,3,"abundance",0.3,"bray",0.05,100
8,4,3,"abundance",0.3,"euclidean",0.08,100
8,4,3,"abundance",0.3,"jaccard",0.05,100
8,4,3,"abundance",0.3,"unifrac_unweighted",0.04,100
8,4,3,"abundance",0.3,"unifrac_weighted_phyloseq",0.12,100
8,4,3,"abundance",0.35,"GLaD_0.5_unweighted",0.04,100
8,4,3,"abundance",0.35,"GLaD_0.5_weighted",0.09,100
8,4,3,"abundance",0.35,"GLaD_1_unweighted",0.05,100
8,4,3,"abundance",0.35,"GLaD_1_weighted",0.11,100
8,4,3,"abundance",0.35,"GUniFrac",0.16,100
8,4,3,"abundance",0.35,"aitchison",0.06,100
8,4,3,"abundance",0.35,"bray",0.09,100
8,4,3,"abundance",0.35,"euclidean",0.04,100
8,4,3,"abundance",0.35,"jaccard",0.11,100
8,4,3,"abundance",0.35,"unifrac_unweighted",0.05,100
8,4,3,"abundance",0.35,"unifrac_weighted_phyloseq",0.19,100
8,4,3,"abundance",0.4,"GLaD_0.5_unweighted",0.03,100
8,4,3,"abundance",0.4,"GLaD_0.5_weighted",0.09,100
8,4,3,"abundance",0.4,"GLaD_1_unweighted",0.03,100
8,4,3,"abundance",0.4,"GLaD_1_weighted",0.07,100
8,4,3,"abundance",0.4,"GUniFrac",0.22,100
8,4,3,"abundance",0.4,"aitchison",0.06,100
8,4,3,"abundance",0.4,"bray",0.14,100
8,4,3,"abundance",0.4,"euclidean",0.09,100
8,4,3,"abundance",0.4,"jaccard",0.17,100
8,4,3,"abundance",0.4,"unifrac_unweighted",0.03,100
8,4,3,"abundance",0.4,"unifrac_weighted_phyloseq",0.19,100
8,4,3,"abundance",0.45,"GLaD_0.5_unweighted",0.06,100
8,4,3,"abundance",0.45,"GLaD_0.5_weighted",0.23,100
8,4,3,"abundance",0.45,"GLaD_1_unweighted",0.03,100
8,4,3,"abundance",0.45,"GLaD_1_weighted",0.13,100
8,4,3,"abundance",0.45,"GUniFrac",0.34,100
8,4,3,"abundance",0.45,"aitchison",0.1,100
8,4,3,"abundance",0.45,"bray",0.22,100
8,4,3,"abundance",0.45,"euclidean",0.15,100
8,4,3,"abundance",0.45,"jaccard",0.22,100
8,4,3,"abundance",0.45,"unifrac_unweighted",0.04,100
8,4,3,"abundance",0.45,"unifrac_weighted_phyloseq",0.32,100
8,4,3,"abundance",0.5,"GLaD_0.5_unweighted",0.03,100
8,4,3,"abundance",0.5,"GLaD_0.5_weighted",0.17,100
8,4,3,"abundance",0.5,"GLaD_1_unweighted",0.08,100
8,4,3,"abundance",0.5,"GLaD_1_weighted",0.15,100
8,4,3,"abundance",0.5,"GUniFrac",0.35,100
8,4,3,"abundance",0.5,"aitchison",0.06,100
8,4,3,"abundance",0.5,"bray",0.18,100
8,4,3,"abundance",0.5,"euclidean",0.13,100
8,4,3,"abundance",0.5,"jaccard",0.17,100
8,4,3,"abundance",0.5,"unifrac_unweighted",0.04,100
8,4,3,"abundance",0.5,"unifrac_weighted_phyloseq",0.33,100
8,4,3,"abundance",0.55,"GLaD_0.5_unweighted",0.03,100
8,4,3,"abundance",0.55,"GLaD_0.5_weighted",0.3,100
8,4,3,"abundance",0.55,"GLaD_1_unweighted",0.06,100
8,4,3,"abundance",0.55,"GLaD_1_weighted",0.17,100
8,4,3,"abundance",0.55,"GUniFrac",0.49,100
8,4,3,"abundance",0.55,"aitchison",0.08,100
8,4,3,"abundance",0.55,"bray",0.3,100
8,4,3,"abundance",0.55,"euclidean",0.23,100
8,4,3,"abundance",0.55,"jaccard",0.29,100
8,4,3,"abundance",0.55,"unifrac_unweighted",0,100
8,4,3,"abundance",0.55,"unifrac_weighted_phyloseq",0.49,100
8,4,3,"abundance",0.6,"GLaD_0.5_unweighted",0.06,100
8,4,3,"abundance",0.6,"GLaD_0.5_weighted",0.28,100
8,4,3,"abundance",0.6,"GLaD_1_unweighted",0.02,100
8,4,3,"abundance",0.6,"GLaD_1_weighted",0.15,100
8,4,3,"abundance",0.6,"GUniFrac",0.48,100
8,4,3,"abundance",0.6,"aitchison",0.1,100
8,4,3,"abundance",0.6,"bray",0.34,100
8,4,3,"abundance",0.6,"euclidean",0.18,100
8,4,3,"abundance",0.6,"jaccard",0.32,100
8,4,3,"abundance",0.6,"unifrac_unweighted",0.04,100
8,4,3,"abundance",0.6,"unifrac_weighted_phyloseq",0.48,100
8,4,3,"abundance",0.65,"GLaD_0.5_unweighted",0.02,100
8,4,3,"abundance",0.65,"GLaD_0.5_weighted",0.43,100
8,4,3,"abundance",0.65,"GLaD_1_unweighted",0.01,100
8,4,3,"abundance",0.65,"GLaD_1_weighted",0.25,100
8,4,3,"abundance",0.65,"GUniFrac",0.65,100
8,4,3,"abundance",0.65,"aitchison",0.07,100
8,4,3,"abundance",0.65,"bray",0.37,100
8,4,3,"abundance",0.65,"euclidean",0.24,100
8,4,3,"abundance",0.65,"jaccard",0.35,100
8,4,3,"abundance",0.65,"unifrac_unweighted",0.02,100
8,4,3,"abundance",0.65,"unifrac_weighted_phyloseq",0.63,100
8,4,3,"abundance",0.7,"GLaD_0.5_unweighted",0.03,100
8,4,3,"abundance",0.7,"GLaD_0.5_weighted",0.46,100
8,4,3,"abundance",0.7,"GLaD_1_unweighted",0.03,100
8,4,3,"abundance",0.7,"GLaD_1_weighted",0.22,100
8,4,3,"abundance",0.7,"GUniFrac",0.7,100
8,4,3,"abundance",0.7,"aitchison",0.12,100
8,4,3,"abundance",0.7,"bray",0.51,100
8,4,3,"abundance",0.7,"euclidean",0.29,100
8,4,3,"abundance",0.7,"jaccard",0.51,100
8,4,3,"abundance",0.7,"unifrac_unweighted",0.06,100
8,4,3,"abundance",0.7,"unifrac_weighted_phyloseq",0.66,100
8,4,3,"abundance",0.75,"GLaD_0.5_unweighted",0.1,100
8,4,3,"abundance",0.75,"GLaD_0.5_weighted",0.59,100
8,4,3,"abundance",0.75,"GLaD_1_unweighted",0.06,100
8,4,3,"abundance",0.75,"GLaD_1_weighted",0.3,100
8,4,3,"abundance",0.75,"GUniFrac",0.84,100
8,4,3,"abundance",0.75,"aitchison",0.12,100
8,4,3,"abundance",0.75,"bray",0.68,100
8,4,3,"abundance",0.75,"euclidean",0.42,100
8,4,3,"abundance",0.75,"jaccard",0.64,100
8,4,3,"abundance",0.75,"unifrac_unweighted",0.09,100
8,4,3,"abundance",0.75,"unifrac_weighted_phyloseq",0.81,100
8,4,3,"abundance",0.8,"GLaD_0.5_unweighted",0.06,100
8,4,3,"abundance",0.8,"GLaD_0.5_weighted",0.6,100
8,4,3,"abundance",0.8,"GLaD_1_unweighted",0.06,100
8,4,3,"abundance",0.8,"GLaD_1_weighted",0.3,100
8,4,3,"abundance",0.8,"GUniFrac",0.91,100
8,4,3,"abundance",0.8,"aitchison",0.14,100
8,4,3,"abundance",0.8,"bray",0.75,100
8,4,3,"abundance",0.8,"euclidean",0.45,100
8,4,3,"abundance",0.8,"jaccard",0.74,100
8,4,3,"abundance",0.8,"unifrac_unweighted",0.03,100
8,4,3,"abundance",0.8,"unifrac_weighted_phyloseq",0.83,100
8,4,3,"abundance",0.85,"GLaD_0.5_unweighted",0.08,100
8,4,3,"abundance",0.85,"GLaD_0.5_weighted",0.69,100
8,4,3,"abundance",0.85,"GLaD_1_unweighted",0.09,100
8,4,3,"abundance",0.85,"GLaD_1_weighted",0.41,100
8,4,3,"abundance",0.85,"GUniFrac",0.96,100
8,4,3,"abundance",0.85,"aitchison",0.16,100
8,4,3,"abundance",0.85,"bray",0.76,100
8,4,3,"abundance",0.85,"euclidean",0.45,100
8,4,3,"abundance",0.85,"jaccard",0.74,100
8,4,3,"abundance",0.85,"unifrac_unweighted",0.1,100
8,4,3,"abundance",0.85,"unifrac_weighted_phyloseq",0.91,100
8,4,3,"abundance",0.9,"GLaD_0.5_unweighted",0.08,100
8,4,3,"abundance",0.9,"GLaD_0.5_weighted",0.77,100
8,4,3,"abundance",0.9,"GLaD_1_unweighted",0.05,100
8,4,3,"abundance",0.9,"GLaD_1_weighted",0.48,100
8,4,3,"abundance",0.9,"GUniFrac",0.96,100
8,4,3,"abundance",0.9,"aitchison",0.14,100
8,4,3,"abundance",0.9,"bray",0.88,100
8,4,3,"abundance",0.9,"euclidean",0.6,100
8,4,3,"abundance",0.9,"jaccard",0.85,100
8,4,3,"abundance",0.9,"unifrac_unweighted",0.07,100
8,4,3,"abundance",0.9,"unifrac_weighted_phyloseq",0.93,100
8,4,3,"abundance",0.95,"GLaD_0.5_unweighted",0.04,100
8,4,3,"abundance",0.95,"GLaD_0.5_weighted",0.75,100
8,4,3,"abundance",0.95,"GLaD_1_unweighted",0.04,100
8,4,3,"abundance",0.95,"GLaD_1_weighted",0.5,100
8,4,3,"abundance",0.95,"GUniFrac",0.98,100
8,4,3,"abundance",0.95,"aitchison",0.14,100
8,4,3,"abundance",0.95,"bray",0.85,100
8,4,3,"abundance",0.95,"euclidean",0.49,100
8,4,3,"abundance",0.95,"jaccard",0.84,100
8,4,3,"abundance",0.95,"unifrac_unweighted",0.03,100
8,4,3,"abundance",0.95,"unifrac_weighted_phyloseq",0.94,100
8,4,3,"abundance",1,"GLaD_0.5_unweighted",0.02,100
8,4,3,"abundance",1,"GLaD_0.5_weighted",0.92,100
8,4,3,"abundance",1,"GLaD_1_unweighted",0.03,100
8,4,3,"abundance",1,"GLaD_1_weighted",0.63,100
8,4,3,"abundance",1,"GUniFrac",1,100
8,4,3,"abundance",1,"aitchison",0.11,100
8,4,3,"abundance",1,"bray",0.94,100
8,4,3,"abundance",1,"euclidean",0.73,100
8,4,3,"abundance",1,"jaccard",0.93,100
8,4,3,"abundance",1,"unifrac_unweighted",0.02,100
8,4,3,"abundance",1,"unifrac_weighted_phyloseq",1,100
8,4,3,"both",0.05,"GLaD_0.5_unweighted",0.09,100
8,4,3,"both",0.05,"GLaD_0.5_weighted",0.02,100
8,4,3,"both",0.05,"GLaD_1_unweighted",0.05,100
8,4,3,"both",0.05,"GLaD_1_weighted",0.05,100
8,4,3,"both",0.05,"GUniFrac",0.02,100
8,4,3,"both",0.05,"aitchison",0.06,100
8,4,3,"both",0.05,"bray",0.01,100
8,4,3,"both",0.05,"euclidean",0.04,100
8,4,3,"both",0.05,"jaccard",0.02,100
8,4,3,"both",0.05,"unifrac_unweighted",0.1,100
8,4,3,"both",0.05,"unifrac_weighted_phyloseq",0.03,100
8,4,3,"both",0.1,"GLaD_0.5_unweighted",0.1,100
8,4,3,"both",0.1,"GLaD_0.5_weighted",0.07,100
8,4,3,"both",0.1,"GLaD_1_unweighted",0.06,100
8,4,3,"both",0.1,"GLaD_1_weighted",0.07,100
8,4,3,"both",0.1,"GUniFrac",0.08,100
8,4,3,"both",0.1,"aitchison",0.1,100
8,4,3,"both",0.1,"bray",0.07,100
8,4,3,"both",0.1,"euclidean",0.03,100
8,4,3,"both",0.1,"jaccard",0.06,100
8,4,3,"both",0.1,"unifrac_unweighted",0.06,100
8,4,3,"both",0.1,"unifrac_weighted_phyloseq",0.11,100
8,4,3,"both",0.15,"GLaD_0.5_unweighted",0.07,100
8,4,3,"both",0.15,"GLaD_0.5_weighted",0.09,100
8,4,3,"both",0.15,"GLaD_1_unweighted",0.03,100
8,4,3,"both",0.15,"GLaD_1_weighted",0.07,100
8,4,3,"both",0.15,"GUniFrac",0.1,100
8,4,3,"both",0.15,"aitchison",0.04,100
8,4,3,"both",0.15,"bray",0.07,100
8,4,3,"both",0.15,"euclidean",0.06,100
8,4,3,"both",0.15,"jaccard",0.07,100
8,4,3,"both",0.15,"unifrac_unweighted",0.06,100
8,4,3,"both",0.15,"unifrac_weighted_phyloseq",0.08,100
8,4,3,"both",0.2,"GLaD_0.5_unweighted",0.11,100
8,4,3,"both",0.2,"GLaD_0.5_weighted",0.05,100
8,4,3,"both",0.2,"GLaD_1_unweighted",0.07,100
8,4,3,"both",0.2,"GLaD_1_weighted",0.04,100
8,4,3,"both",0.2,"GUniFrac",0.06,100
8,4,3,"both",0.2,"aitchison",0.11,100
8,4,3,"both",0.2,"bray",0.06,100
8,4,3,"both",0.2,"euclidean",0.04,100
8,4,3,"both",0.2,"jaccard",0.05,100
8,4,3,"both",0.2,"unifrac_unweighted",0.1,100
8,4,3,"both",0.2,"unifrac_weighted_phyloseq",0.07,100
8,4,3,"both",0.25,"GLaD_0.5_unweighted",0.14,100
8,4,3,"both",0.25,"GLaD_0.5_weighted",0.1,100
8,4,3,"both",0.25,"GLaD_1_unweighted",0.05,100
8,4,3,"both",0.25,"GLaD_1_weighted",0.05,100
8,4,3,"both",0.25,"GUniFrac",0.22,100
8,4,3,"both",0.25,"aitchison",0.17,100
8,4,3,"both",0.25,"bray",0.12,100
8,4,3,"both",0.25,"euclidean",0.06,100
8,4,3,"both",0.25,"jaccard",0.1,100
8,4,3,"both",0.25,"unifrac_unweighted",0.06,100
8,4,3,"both",0.25,"unifrac_weighted_phyloseq",0.18,100
8,4,3,"both",0.3,"GLaD_0.5_unweighted",0.12,100
8,4,3,"both",0.3,"GLaD_0.5_weighted",0.15,100
8,4,3,"both",0.3,"GLaD_1_unweighted",0.12,100
8,4,3,"both",0.3,"GLaD_1_weighted",0.09,100
8,4,3,"both",0.3,"GUniFrac",0.24,100
8,4,3,"both",0.3,"aitchison",0.15,100
8,4,3,"both",0.3,"bray",0.15,100
8,4,3,"both",0.3,"euclidean",0.09,100
8,4,3,"both",0.3,"jaccard",0.16,100
8,4,3,"both",0.3,"unifrac_unweighted",0.06,100
8,4,3,"both",0.3,"unifrac_weighted_phyloseq",0.23,100
8,4,3,"both",0.35,"GLaD_0.5_unweighted",0.18,100
8,4,3,"both",0.35,"GLaD_0.5_weighted",0.2,100
8,4,3,"both",0.35,"GLaD_1_unweighted",0.08,100
8,4,3,"both",0.35,"GLaD_1_weighted",0.08,100
8,4,3,"both",0.35,"GUniFrac",0.37,100
8,4,3,"both",0.35,"aitchison",0.2,100
8,4,3,"both",0.35,"bray",0.16,100
8,4,3,"both",0.35,"euclidean",0.11,100
8,4,3,"both",0.35,"jaccard",0.16,100
8,4,3,"both",0.35,"unifrac_unweighted",0.13,100
8,4,3,"both",0.35,"unifrac_weighted_phyloseq",0.37,100
8,4,3,"both",0.4,"GLaD_0.5_unweighted",0.25,100
8,4,3,"both",0.4,"GLaD_0.5_weighted",0.24,100
8,4,3,"both",0.4,"GLaD_1_unweighted",0.15,100
8,4,3,"both",0.4,"GLaD_1_weighted",0.11,100
8,4,3,"both",0.4,"GUniFrac",0.47,100
8,4,3,"both",0.4,"aitchison",0.36,100
8,4,3,"both",0.4,"bray",0.29,100
8,4,3,"both",0.4,"euclidean",0.19,100
8,4,3,"both",0.4,"jaccard",0.31,100
8,4,3,"both",0.4,"unifrac_unweighted",0.13,100
8,4,3,"both",0.4,"unifrac_weighted_phyloseq",0.42,100
8,4,3,"both",0.45,"GLaD_0.5_unweighted",0.27,100
8,4,3,"both",0.45,"GLaD_0.5_weighted",0.3,100
8,4,3,"both",0.45,"GLaD_1_unweighted",0.18,100
8,4,3,"both",0.45,"GLaD_1_weighted",0.18,100
8,4,3,"both",0.45,"GUniFrac",0.68,100
8,4,3,"both",0.45,"aitchison",0.4,100
8,4,3,"both",0.45,"bray",0.35,100
8,4,3,"both",0.45,"euclidean",0.21,100
8,4,3,"both",0.45,"jaccard",0.36,100
8,4,3,"both",0.45,"unifrac_unweighted",0.18,100
8,4,3,"both",0.45,"unifrac_weighted_phyloseq",0.55,100
8,4,3,"both",0.5,"GLaD_0.5_unweighted",0.48,100
8,4,3,"both",0.5,"GLaD_0.5_weighted",0.4,100
8,4,3,"both",0.5,"GLaD_1_unweighted",0.2,100
8,4,3,"both",0.5,"GLaD_1_weighted",0.24,100
8,4,3,"both",0.5,"GUniFrac",0.8,100
8,4,3,"both",0.5,"aitchison",0.67,100
8,4,3,"both",0.5,"bray",0.4,100
8,4,3,"both",0.5,"euclidean",0.2,100
8,4,3,"both",0.5,"jaccard",0.39,100
8,4,3,"both",0.5,"unifrac_unweighted",0.3,100
8,4,3,"both",0.5,"unifrac_weighted_phyloseq",0.68,100
8,4,3,"both",0.55,"GLaD_0.5_unweighted",0.6,100
8,4,3,"both",0.55,"GLaD_0.5_weighted",0.47,100
8,4,3,"both",0.55,"GLaD_1_unweighted",0.14,100
8,4,3,"both",0.55,"GLaD_1_weighted",0.27,100
8,4,3,"both",0.55,"GUniFrac",0.88,100
8,4,3,"both",0.55,"aitchison",0.72,100
8,4,3,"both",0.55,"bray",0.56,100
8,4,3,"both",0.55,"euclidean",0.26,100
8,4,3,"both",0.55,"jaccard",0.58,100
8,4,3,"both",0.55,"unifrac_unweighted",0.45,100
8,4,3,"both",0.55,"unifrac_weighted_phyloseq",0.78,100
8,4,3,"both",0.6,"GLaD_0.5_unweighted",0.63,100
8,4,3,"both",0.6,"GLaD_0.5_weighted",0.56,100
8,4,3,"both",0.6,"GLaD_1_unweighted",0.25,100
8,4,3,"both",0.6,"GLaD_1_weighted",0.26,100
8,4,3,"both",0.6,"GUniFrac",0.94,100
8,4,3,"both",0.6,"aitchison",0.77,100
8,4,3,"both",0.6,"bray",0.66,100
8,4,3,"both",0.6,"euclidean",0.37,100
8,4,3,"both",0.6,"jaccard",0.62,100
8,4,3,"both",0.6,"unifrac_unweighted",0.44,100
8,4,3,"both",0.6,"unifrac_weighted_phyloseq",0.84,100
8,4,3,"both",0.65,"GLaD_0.5_unweighted",0.77,100
8,4,3,"both",0.65,"GLaD_0.5_weighted",0.66,100
8,4,3,"both",0.65,"GLaD_1_unweighted",0.24,100
8,4,3,"both",0.65,"GLaD_1_weighted",0.38,100
8,4,3,"both",0.65,"GUniFrac",0.96,100
8,4,3,"both",0.65,"aitchison",0.91,100
8,4,3,"both",0.65,"bray",0.78,100
8,4,3,"both",0.65,"euclidean",0.36,100
8,4,3,"both",0.65,"jaccard",0.73,100
8,4,3,"both",0.65,"unifrac_unweighted",0.57,100
8,4,3,"both",0.65,"unifrac_weighted_phyloseq",0.9,100
8,4,3,"both",0.7,"GLaD_0.5_unweighted",0.9,100
8,4,3,"both",0.7,"GLaD_0.5_weighted",0.8,100
8,4,3,"both",0.7,"GLaD_1_unweighted",0.28,100
8,4,3,"both",0.7,"GLaD_1_weighted",0.51,100
8,4,3,"both",0.7,"GUniFrac",0.99,100
8,4,3,"both",0.7,"aitchison",0.98,100
8,4,3,"both",0.7,"bray",0.91,100
8,4,3,"both",0.7,"euclidean",0.48,100
8,4,3,"both",0.7,"jaccard",0.89,100
8,4,3,"both",0.7,"unifrac_unweighted",0.68,100
8,4,3,"both",0.7,"unifrac_weighted_phyloseq",0.97,100
8,4,3,"both",0.75,"GLaD_0.5_unweighted",0.94,100
8,4,3,"both",0.75,"GLaD_0.5_weighted",0.82,100
8,4,3,"both",0.75,"GLaD_1_unweighted",0.37,100
8,4,3,"both",0.75,"GLaD_1_weighted",0.57,100
8,4,3,"both",0.75,"GUniFrac",1,100
8,4,3,"both",0.75,"aitchison",0.98,100
8,4,3,"both",0.75,"bray",0.89,100
8,4,3,"both",0.75,"euclidean",0.56,100
8,4,3,"both",0.75,"jaccard",0.86,100
8,4,3,"both",0.75,"unifrac_unweighted",0.79,100
8,4,3,"both",0.75,"unifrac_weighted_phyloseq",1,100
8,4,3,"both",0.8,"GLaD_0.5_unweighted",0.97,100
8,4,3,"both",0.8,"GLaD_0.5_weighted",0.91,100
8,4,3,"both",0.8,"GLaD_1_unweighted",0.4,100
8,4,3,"both",0.8,"GLaD_1_weighted",0.67,100
8,4,3,"both",0.8,"GUniFrac",1,100
8,4,3,"both",0.8,"aitchison",0.99,100
8,4,3,"both",0.8,"bray",0.98,100
8,4,3,"both",0.8,"euclidean",0.53,100
8,4,3,"both",0.8,"jaccard",0.98,100
8,4,3,"both",0.8,"unifrac_unweighted",0.8,100
8,4,3,"both",0.8,"unifrac_weighted_phyloseq",1,100
8,4,3,"both",0.85,"GLaD_0.5_unweighted",1,100
8,4,3,"both",0.85,"GLaD_0.5_weighted",0.95,100
8,4,3,"both",0.85,"GLaD_1_unweighted",0.36,100
8,4,3,"both",0.85,"GLaD_1_weighted",0.77,100
8,4,3,"both",0.85,"GUniFrac",1,100
8,4,3,"both",0.85,"aitchison",1,100
8,4,3,"both",0.85,"bray",0.98,100
8,4,3,"both",0.85,"euclidean",0.58,100
8,4,3,"both",0.85,"jaccard",0.98,100
8,4,3,"both",0.85,"unifrac_unweighted",0.93,100
8,4,3,"both",0.85,"unifrac_weighted_phyloseq",1,100
8,4,3,"both",0.9,"GLaD_0.5_unweighted",1,100
8,4,3,"both",0.9,"GLaD_0.5_weighted",0.98,100
8,4,3,"both",0.9,"GLaD_1_unweighted",0.43,100
8,4,3,"both",0.9,"GLaD_1_weighted",0.86,100
8,4,3,"both",0.9,"GUniFrac",1,100
8,4,3,"both",0.9,"aitchison",1,100
8,4,3,"both",0.9,"bray",1,100
8,4,3,"both",0.9,"euclidean",0.75,100
8,4,3,"both",0.9,"jaccard",1,100
8,4,3,"both",0.9,"unifrac_unweighted",0.94,100
8,4,3,"both",0.9,"unifrac_weighted_phyloseq",1,100
8,4,3,"both",0.95,"GLaD_0.5_unweighted",1,100
8,4,3,"both",0.95,"GLaD_0.5_weighted",0.97,100
8,4,3,"both",0.95,"GLaD_1_unweighted",0.45,100
8,4,3,"both",0.95,"GLaD_1_weighted",0.9,100
8,4,3,"both",0.95,"GUniFrac",1,100
8,4,3,"both",0.95,"aitchison",1,100
8,4,3,"both",0.95,"bray",0.99,100
8,4,3,"both",0.95,"euclidean",0.8,100
8,4,3,"both",0.95,"jaccard",0.99,100
8,4,3,"both",0.95,"unifrac_unweighted",0.99,100
8,4,3,"both",0.95,"unifrac_weighted_phyloseq",1,100
8,4,3,"both",1,"GLaD_0.5_unweighted",1,100
8,4,3,"both",1,"GLaD_0.5_weighted",0.99,100
8,4,3,"both",1,"GLaD_1_unweighted",0.6,100
8,4,3,"both",1,"GLaD_1_weighted",0.94,100
8,4,3,"both",1,"GUniFrac",1,100
8,4,3,"both",1,"aitchison",1,100
8,4,3,"both",1,"bray",1,100
8,4,3,"both",1,"euclidean",0.9,100
8,4,3,"both",1,"jaccard",1,100
8,4,3,"both",1,"unifrac_unweighted",1,100
8,4,3,"both",1,"unifrac_weighted_phyloseq",1,100
8,4,3,"prevalence",0.05,"GLaD_0.5_unweighted",0.05,100
8,4,3,"prevalence",0.05,"GLaD_0.5_weighted",0.04,100
8,4,3,"prevalence",0.05,"GLaD_1_unweighted",0.04,100
8,4,3,"prevalence",0.05,"GLaD_1_weighted",0.04,100
8,4,3,"prevalence",0.05,"GUniFrac",0.07,100
8,4,3,"prevalence",0.05,"aitchison",0.03,100
8,4,3,"prevalence",0.05,"bray",0.04,100
8,4,3,"prevalence",0.05,"euclidean",0.08,100
8,4,3,"prevalence",0.05,"jaccard",0.04,100
8,4,3,"prevalence",0.05,"unifrac_unweighted",0.03,100
8,4,3,"prevalence",0.05,"unifrac_weighted_phyloseq",0.07,100
8,4,3,"prevalence",0.1,"GLaD_0.5_unweighted",0.04,100
8,4,3,"prevalence",0.1,"GLaD_0.5_weighted",0.05,100
8,4,3,"prevalence",0.1,"GLaD_1_unweighted",0.06,100
8,4,3,"prevalence",0.1,"GLaD_1_weighted",0.06,100
8,4,3,"prevalence",0.1,"GUniFrac",0.02,100
8,4,3,"prevalence",0.1,"aitchison",0.05,100
8,4,3,"prevalence",0.1,"bray",0.03,100
8,4,3,"prevalence",0.1,"euclidean",0.03,100
8,4,3,"prevalence",0.1,"jaccard",0.03,100
8,4,3,"prevalence",0.1,"unifrac_unweighted",0.01,100
8,4,3,"prevalence",0.1,"unifrac_weighted_phyloseq",0.04,100
8,4,3,"prevalence",0.15,"GLaD_0.5_unweighted",0.08,100
8,4,3,"prevalence",0.15,"GLaD_0.5_weighted",0.05,100
8,4,3,"prevalence",0.15,"GLaD_1_unweighted",0.05,100
8,4,3,"prevalence",0.15,"GLaD_1_weighted",0.04,100
8,4,3,"prevalence",0.15,"GUniFrac",0.04,100
8,4,3,"prevalence",0.15,"aitchison",0.06,100
8,4,3,"prevalence",0.15,"bray",0.04,100
8,4,3,"prevalence",0.15,"euclidean",0.02,100
8,4,3,"prevalence",0.15,"jaccard",0.04,100
8,4,3,"prevalence",0.15,"unifrac_unweighted",0.06,100
8,4,3,"prevalence",0.15,"unifrac_weighted_phyloseq",0.03,100
8,4,3,"prevalence",0.2,"GLaD_0.5_unweighted",0.06,100
8,4,3,"prevalence",0.2,"GLaD_0.5_weighted",0.04,100
8,4,3,"prevalence",0.2,"GLaD_1_unweighted",0.11,100
8,4,3,"prevalence",0.2,"GLaD_1_weighted",0.03,100
8,4,3,"prevalence",0.2,"GUniFrac",0.08,100
8,4,3,"prevalence",0.2,"aitchison",0.07,100
8,4,3,"prevalence",0.2,"bray",0.06,100
8,4,3,"prevalence",0.2,"euclidean",0.04,100
8,4,3,"prevalence",0.2,"jaccard",0.05,100
8,4,3,"prevalence",0.2,"unifrac_unweighted",0.02,100
8,4,3,"prevalence",0.2,"unifrac_weighted_phyloseq",0.04,100
8,4,3,"prevalence",0.25,"GLaD_0.5_unweighted",0.08,100
8,4,3,"prevalence",0.25,"GLaD_0.5_weighted",0.06,100
8,4,3,"prevalence",0.25,"GLaD_1_unweighted",0.08,100
8,4,3,"prevalence",0.25,"GLaD_1_weighted",0.06,100
8,4,3,"prevalence",0.25,"GUniFrac",0.08,100
8,4,3,"prevalence",0.25,"aitchison",0.04,100
8,4,3,"prevalence",0.25,"bray",0.06,100
8,4,3,"prevalence",0.25,"euclidean",0.08,100
8,4,3,"prevalence",0.25,"jaccard",0.04,100
8,4,3,"prevalence",0.25,"unifrac_unweighted",0.1,100
8,4,3,"prevalence",0.25,"unifrac_weighted_phyloseq",0.05,100
8,4,3,"prevalence",0.3,"GLaD_0.5_unweighted",0.12,100
8,4,3,"prevalence",0.3,"GLaD_0.5_weighted",0.03,100
8,4,3,"prevalence",0.3,"GLaD_1_unweighted",0.11,100
8,4,3,"prevalence",0.3,"GLaD_1_weighted",0.01,100
8,4,3,"prevalence",0.3,"GUniFrac",0.02,100
8,4,3,"prevalence",0.3,"aitchison",0.1,100
8,4,3,"prevalence",0.3,"bray",0.04,100
8,4,3,"prevalence",0.3,"euclidean",0.05,100
8,4,3,"prevalence",0.3,"jaccard",0.03,100
8,4,3,"prevalence",0.3,"unifrac_unweighted",0.09,100
8,4,3,"prevalence",0.3,"unifrac_weighted_phyloseq",0.02,100
8,4,3,"prevalence",0.35,"GLaD_0.5_unweighted",0.12,100
8,4,3,"prevalence",0.35,"GLaD_0.5_weighted",0.06,100
8,4,3,"prevalence",0.35,"GLaD_1_unweighted",0.05,100
8,4,3,"prevalence",0.35,"GLaD_1_weighted",0.05,100
8,4,3,"prevalence",0.35,"GUniFrac",0.09,100
8,4,3,"prevalence",0.35,"aitchison",0.08,100
8,4,3,"prevalence",0.35,"bray",0.05,100
8,4,3,"prevalence",0.35,"euclidean",0.03,100
8,4,3,"prevalence",0.35,"jaccard",0.05,100
8,4,3,"prevalence",0.35,"unifrac_unweighted",0.1,100
8,4,3,"prevalence",0.35,"unifrac_weighted_phyloseq",0.05,100
8,4,3,"prevalence",0.4,"GLaD_0.5_unweighted",0.26,100
8,4,3,"prevalence",0.4,"GLaD_0.5_weighted",0.05,100
8,4,3,"prevalence",0.4,"GLaD_1_unweighted",0.12,100
8,4,3,"prevalence",0.4,"GLaD_1_weighted",0.06,100
8,4,3,"prevalence",0.4,"GUniFrac",0.05,100
8,4,3,"prevalence",0.4,"aitchison",0.05,100
8,4,3,"prevalence",0.4,"bray",0.05,100
8,4,3,"prevalence",0.4,"euclidean",0.07,100
8,4,3,"prevalence",0.4,"jaccard",0.06,100
8,4,3,"prevalence",0.4,"unifrac_unweighted",0.14,100
8,4,3,"prevalence",0.4,"unifrac_weighted_phyloseq",0.05,100
8,4,3,"prevalence",0.45,"GLaD_0.5_unweighted",0.33,100
8,4,3,"prevalence",0.45,"GLaD_0.5_weighted",0.03,100
8,4,3,"prevalence",0.45,"GLaD_1_unweighted",0.11,100
8,4,3,"prevalence",0.45,"GLaD_1_weighted",0.04,100
8,4,3,"prevalence",0.45,"GUniFrac",0.11,100
8,4,3,"prevalence",0.45,"aitchison",0.17,100
8,4,3,"prevalence",0.45,"bray",0.06,100
8,4,3,"prevalence",0.45,"euclidean",0.04,100
8,4,3,"prevalence",0.45,"jaccard",0.06,100
8,4,3,"prevalence",0.45,"unifrac_unweighted",0.23,100
8,4,3,"prevalence",0.45,"unifrac_weighted_phyloseq",0.03,100
8,4,3,"prevalence",0.5,"GLaD_0.5_unweighted",0.51,100
8,4,3,"prevalence",0.5,"GLaD_0.5_weighted",0.08,100
8,4,3,"prevalence",0.5,"GLaD_1_unweighted",0.18,100
8,4,3,"prevalence",0.5,"GLaD_1_weighted",0.05,100
8,4,3,"prevalence",0.5,"GUniFrac",0.1,100
8,4,3,"prevalence",0.5,"aitchison",0.33,100
8,4,3,"prevalence",0.5,"bray",0.04,100
8,4,3,"prevalence",0.5,"euclidean",0.07,100
8,4,3,"prevalence",0.5,"jaccard",0.02,100
8,4,3,"prevalence",0.5,"unifrac_unweighted",0.34,100
8,4,3,"prevalence",0.5,"unifrac_weighted_phyloseq",0.07,100
8,4,3,"prevalence",0.55,"GLaD_0.5_unweighted",0.52,100
8,4,3,"prevalence",0.55,"GLaD_0.5_weighted",0.07,100
8,4,3,"prevalence",0.55,"GLaD_1_unweighted",0.21,100
8,4,3,"prevalence",0.55,"GLaD_1_weighted",0.07,100
8,4,3,"prevalence",0.55,"GUniFrac",0.11,100
8,4,3,"prevalence",0.55,"aitchison",0.27,100
8,4,3,"prevalence",0.55,"bray",0.08,100
8,4,3,"prevalence",0.55,"euclidean",0.05,100
8,4,3,"prevalence",0.55,"jaccard",0.08,100
8,4,3,"prevalence",0.55,"unifrac_unweighted",0.26,100
8,4,3,"prevalence",0.55,"unifrac_weighted_phyloseq",0.09,100
8,4,3,"prevalence",0.6,"GLaD_0.5_unweighted",0.62,100
8,4,3,"prevalence",0.6,"GLaD_0.5_weighted",0.06,100
8,4,3,"prevalence",0.6,"GLaD_1_unweighted",0.23,100
8,4,3,"prevalence",0.6,"GLaD_1_weighted",0.06,100
8,4,3,"prevalence",0.6,"GUniFrac",0.13,100
8,4,3,"prevalence",0.6,"aitchison",0.32,100
8,4,3,"prevalence",0.6,"bray",0.04,100
8,4,3,"prevalence",0.6,"euclidean",0.03,100
8,4,3,"prevalence",0.6,"jaccard",0.07,100
8,4,3,"prevalence",0.6,"unifrac_unweighted",0.33,100
8,4,3,"prevalence",0.6,"unifrac_weighted_phyloseq",0.07,100
8,4,3,"prevalence",0.65,"GLaD_0.5_unweighted",0.83,100
8,4,3,"prevalence",0.65,"GLaD_0.5_weighted",0.05,100
8,4,3,"prevalence",0.65,"GLaD_1_unweighted",0.27,100
8,4,3,"prevalence",0.65,"GLaD_1_weighted",0.06,100
8,4,3,"prevalence",0.65,"GUniFrac",0.21,100
8,4,3,"prevalence",0.65,"aitchison",0.51,100
8,4,3,"prevalence",0.65,"bray",0.07,100
8,4,3,"prevalence",0.65,"euclidean",0.05,100
8,4,3,"prevalence",0.65,"jaccard",0.08,100
8,4,3,"prevalence",0.65,"unifrac_unweighted",0.46,100
8,4,3,"prevalence",0.65,"unifrac_weighted_phyloseq",0.13,100
8,4,3,"prevalence",0.7,"GLaD_0.5_unweighted",0.86,100
8,4,3,"prevalence",0.7,"GLaD_0.5_weighted",0.08,100
8,4,3,"prevalence",0.7,"GLaD_1_unweighted",0.27,100
8,4,3,"prevalence",0.7,"GLaD_1_weighted",0.06,100
8,4,3,"prevalence",0.7,"GUniFrac",0.13,100
8,4,3,"prevalence",0.7,"aitchison",0.59,100
8,4,3,"prevalence",0.7,"bray",0.09,100
8,4,3,"prevalence",0.7,"euclidean",0.09,100
8,4,3,"prevalence",0.7,"jaccard",0.08,100
8,4,3,"prevalence",0.7,"unifrac_unweighted",0.72,100
8,4,3,"prevalence",0.7,"unifrac_weighted_phyloseq",0.09,100
8,4,3,"prevalence",0.75,"GLaD_0.5_unweighted",0.95,100
8,4,3,"prevalence",0.75,"GLaD_0.5_weighted",0.03,100
8,4,3,"prevalence",0.75,"GLaD_1_unweighted",0.34,100
8,4,3,"prevalence",0.75,"GLaD_1_weighted",0.04,100
8,4,3,"prevalence",0.75,"GUniFrac",0.11,100
8,4,3,"prevalence",0.75,"aitchison",0.71,100
8,4,3,"prevalence",0.75,"bray",0.02,100
8,4,3,"prevalence",0.75,"euclidean",0.02,100
8,4,3,"prevalence",0.75,"jaccard",0.01,100
8,4,3,"prevalence",0.75,"unifrac_unweighted",0.71,100
8,4,3,"prevalence",0.75,"unifrac_weighted_phyloseq",0.06,100
8,4,3,"prevalence",0.8,"GLaD_0.5_unweighted",0.99,100
8,4,3,"prevalence",0.8,"GLaD_0.5_weighted",0.04,100
8,4,3,"prevalence",0.8,"GLaD_1_unweighted",0.43,100
8,4,3,"prevalence",0.8,"GLaD_1_weighted",0.05,100
8,4,3,"prevalence",0.8,"GUniFrac",0.23,100
8,4,3,"prevalence",0.8,"aitchison",0.68,100
8,4,3,"prevalence",0.8,"bray",0.09,100
8,4,3,"prevalence",0.8,"euclidean",0.02,100
8,4,3,"prevalence",0.8,"jaccard",0.08,100
8,4,3,"prevalence",0.8,"unifrac_unweighted",0.83,100
8,4,3,"prevalence",0.8,"unifrac_weighted_phyloseq",0.09,100
8,4,3,"prevalence",0.85,"GLaD_0.5_unweighted",0.99,100
8,4,3,"prevalence",0.85,"GLaD_0.5_weighted",0.08,100
8,4,3,"prevalence",0.85,"GLaD_1_unweighted",0.4,100
8,4,3,"prevalence",0.85,"GLaD_1_weighted",0.05,100
8,4,3,"prevalence",0.85,"GUniFrac",0.36,100
8,4,3,"prevalence",0.85,"aitchison",0.85,100
8,4,3,"prevalence",0.85,"bray",0.13,100
8,4,3,"prevalence",0.85,"euclidean",0.07,100
8,4,3,"prevalence",0.85,"jaccard",0.15,100
8,4,3,"prevalence",0.85,"unifrac_unweighted",0.85,100
8,4,3,"prevalence",0.85,"unifrac_weighted_phyloseq",0.17,100
8,4,3,"prevalence",0.9,"GLaD_0.5_unweighted",1,100
8,4,3,"prevalence",0.9,"GLaD_0.5_weighted",0.11,100
8,4,3,"prevalence",0.9,"GLaD_1_unweighted",0.4,100
8,4,3,"prevalence",0.9,"GLaD_1_weighted",0.1,100
8,4,3,"prevalence",0.9,"GUniFrac",0.3,100
8,4,3,"prevalence",0.9,"aitchison",0.91,100
8,4,3,"prevalence",0.9,"bray",0.14,100
8,4,3,"prevalence",0.9,"euclidean",0.07,100
8,4,3,"prevalence",0.9,"jaccard",0.13,100
8,4,3,"prevalence",0.9,"unifrac_unweighted",0.99,100
8,4,3,"prevalence",0.9,"unifrac_weighted_phyloseq",0.19,100
8,4,3,"prevalence",0.95,"GLaD_0.5_unweighted",1,100
8,4,3,"prevalence",0.95,"GLaD_0.5_weighted",0.04,100
8,4,3,"prevalence",0.95,"GLaD_1_unweighted",0.53,100
8,4,3,"prevalence",0.95,"GLaD_1_weighted",0.05,100
8,4,3,"prevalence",0.95,"GUniFrac",0.35,100
8,4,3,"prevalence",0.95,"aitchison",0.93,100
8,4,3,"prevalence",0.95,"bray",0.09,100
8,4,3,"prevalence",0.95,"euclidean",0.02,100
8,4,3,"prevalence",0.95,"jaccard",0.09,100
8,4,3,"prevalence",0.95,"unifrac_unweighted",0.96,100
8,4,3,"prevalence",0.95,"unifrac_weighted_phyloseq",0.1,100
8,4,3,"prevalence",1,"GLaD_0.5_unweighted",1,100
8,4,3,"prevalence",1,"GLaD_0.5_weighted",0.14,100
8,4,3,"prevalence",1,"GLaD_1_unweighted",0.53,100
8,4,3,"prevalence",1,"GLaD_1_weighted",0.09,100
8,4,3,"prevalence",1,"GUniFrac",0.44,100
8,4,3,"prevalence",1,"aitchison",0.98,100
8,4,3,"prevalence",1,"bray",0.11,100
8,4,3,"prevalence",1,"euclidean",0.1,100
8,4,3,"prevalence",1,"jaccard",0.11,100
8,4,3,"prevalence",1,"unifrac_unweighted",0.99,100
8,4,3,"prevalence",1,"unifrac_weighted_phyloseq",0.19,100
8,5,7,"abundance",0.05,"GLaD_0.5_unweighted",0.07,100
8,5,7,"abundance",0.05,"GLaD_0.5_weighted",0.1,100
8,5,7,"abundance",0.05,"GLaD_1_unweighted",0.04,100
8,5,7,"abundance",0.05,"GLaD_1_weighted",0.06,100
8,5,7,"abundance",0.05,"GUniFrac",0.05,100
8,5,7,"abundance",0.05,"aitchison",0.04,100
8,5,7,"abundance",0.05,"bray",0.06,100
8,5,7,"abundance",0.05,"euclidean",0.04,100
8,5,7,"abundance",0.05,"jaccard",0.07,100
8,5,7,"abundance",0.05,"unifrac_unweighted",0.07,100
8,5,7,"abundance",0.05,"unifrac_weighted_phyloseq",0.08,100
8,5,7,"abundance",0.1,"GLaD_0.5_unweighted",0.02,100
8,5,7,"abundance",0.1,"GLaD_0.5_weighted",0.08,100
8,5,7,"abundance",0.1,"GLaD_1_unweighted",0.05,100
8,5,7,"abundance",0.1,"GLaD_1_weighted",0.09,100
8,5,7,"abundance",0.1,"GUniFrac",0.06,100
8,5,7,"abundance",0.1,"aitchison",0.07,100
8,5,7,"abundance",0.1,"bray",0.07,100
8,5,7,"abundance",0.1,"euclidean",0.07,100
8,5,7,"abundance",0.1,"jaccard",0.08,100
8,5,7,"abundance",0.1,"unifrac_unweighted",0.03,100
8,5,7,"abundance",0.1,"unifrac_weighted_phyloseq",0.09,100
8,5,7,"abundance",0.15,"GLaD_0.5_unweighted",0.05,100
8,5,7,"abundance",0.15,"GLaD_0.5_weighted",0.06,100
8,5,7,"abundance",0.15,"GLaD_1_unweighted",0.05,100
8,5,7,"abundance",0.15,"GLaD_1_weighted",0.03,100
8,5,7,"abundance",0.15,"GUniFrac",0.06,100
8,5,7,"abundance",0.15,"aitchison",0.04,100
8,5,7,"abundance",0.15,"bray",0.05,100
8,5,7,"abundance",0.15,"euclidean",0.02,100
8,5,7,"abundance",0.15,"jaccard",0.04,100
8,5,7,"abundance",0.15,"unifrac_unweighted",0.05,100
8,5,7,"abundance",0.15,"unifrac_weighted_phyloseq",0.08,100
8,5,7,"abundance",0.2,"GLaD_0.5_unweighted",0.05,100
8,5,7,"abundance",0.2,"GLaD_0.5_weighted",0.04,100
8,5,7,"abundance",0.2,"GLaD_1_unweighted",0.06,100
8,5,7,"abundance",0.2,"GLaD_1_weighted",0.07,100
8,5,7,"abundance",0.2,"GUniFrac",0.05,100
8,5,7,"abundance",0.2,"aitchison",0.05,100
8,5,7,"abundance",0.2,"bray",0.07,100
8,5,7,"abundance",0.2,"euclidean",0.06,100
8,5,7,"abundance",0.2,"jaccard",0.07,100
8,5,7,"abundance",0.2,"unifrac_unweighted",0.03,100
8,5,7,"abundance",0.2,"unifrac_weighted_phyloseq",0.05,100
8,5,7,"abundance",0.25,"GLaD_0.5_unweighted",0.05,100
8,5,7,"abundance",0.25,"GLaD_0.5_weighted",0.04,100
8,5,7,"abundance",0.25,"GLaD_1_unweighted",0.01,100
8,5,7,"abundance",0.25,"GLaD_1_weighted",0.02,100
8,5,7,"abundance",0.25,"GUniFrac",0.05,100
8,5,7,"abundance",0.25,"aitchison",0.08,100
8,5,7,"abundance",0.25,"bray",0.06,100
8,5,7,"abundance",0.25,"euclidean",0.08,100
8,5,7,"abundance",0.25,"jaccard",0.05,100
8,5,7,"abundance",0.25,"unifrac_unweighted",0.07,100
8,5,7,"abundance",0.25,"unifrac_weighted_phyloseq",0.03,100
8,5,7,"abundance",0.3,"GLaD_0.5_unweighted",0.07,100
8,5,7,"abundance",0.3,"GLaD_0.5_weighted",0.05,100
8,5,7,"abundance",0.3,"GLaD_1_unweighted",0.02,100
8,5,7,"abundance",0.3,"GLaD_1_weighted",0.05,100
8,5,7,"abundance",0.3,"GUniFrac",0.07,100
8,5,7,"abundance",0.3,"aitchison",0.04,100
8,5,7,"abundance",0.3,"bray",0.06,100
8,5,7,"abundance",0.3,"euclidean",0.06,100
8,5,7,"abundance",0.3,"jaccard",0.06,100
8,5,7,"abundance",0.3,"unifrac_unweighted",0.03,100
8,5,7,"abundance",0.3,"unifrac_weighted_phyloseq",0.07,100
8,5,7,"abundance",0.35,"GLaD_0.5_unweighted",0.09,100
8,5,7,"abundance",0.35,"GLaD_0.5_weighted",0.05,100
8,5,7,"abundance",0.35,"GLaD_1_unweighted",0.03,100
8,5,7,"abundance",0.35,"GLaD_1_weighted",0.05,100
8,5,7,"abundance",0.35,"GUniFrac",0.08,100
8,5,7,"abundance",0.35,"aitchison",0.06,100
8,5,7,"abundance",0.35,"bray",0.08,100
8,5,7,"abundance",0.35,"euclidean",0.09,100
8,5,7,"abundance",0.35,"jaccard",0.07,100
8,5,7,"abundance",0.35,"unifrac_unweighted",0.08,100
8,5,7,"abundance",0.35,"unifrac_weighted_phyloseq",0.08,100
8,5,7,"abundance",0.4,"GLaD_0.5_unweighted",0.03,100
8,5,7,"abundance",0.4,"GLaD_0.5_weighted",0.05,100
8,5,7,"abundance",0.4,"GLaD_1_unweighted",0.06,100
8,5,7,"abundance",0.4,"GLaD_1_weighted",0.06,100
8,5,7,"abundance",0.4,"GUniFrac",0.08,100
8,5,7,"abundance",0.4,"aitchison",0.02,100
8,5,7,"abundance",0.4,"bray",0.05,100
8,5,7,"abundance",0.4,"euclidean",0.02,100
8,5,7,"abundance",0.4,"jaccard",0.04,100
8,5,7,"abundance",0.4,"unifrac_unweighted",0.05,100
8,5,7,"abundance",0.4,"unifrac_weighted_phyloseq",0.06,100
8,5,7,"abundance",0.45,"GLaD_0.5_unweighted",0.05,100
8,5,7,"abundance",0.45,"GLaD_0.5_weighted",0.08,100
8,5,7,"abundance",0.45,"GLaD_1_unweighted",0.03,100
8,5,7,"abundance",0.45,"GLaD_1_weighted",0.06,100
8,5,7,"abundance",0.45,"GUniFrac",0.16,100
8,5,7,"abundance",0.45,"aitchison",0.07,100
8,5,7,"abundance",0.45,"bray",0.1,100
8,5,7,"abundance",0.45,"euclidean",0.05,100
8,5,7,"abundance",0.45,"jaccard",0.09,100
8,5,7,"abundance",0.45,"unifrac_unweighted",0.04,100
8,5,7,"abundance",0.45,"unifrac_weighted_phyloseq",0.09,100
8,5,7,"abundance",0.5,"GLaD_0.5_unweighted",0.04,100
8,5,7,"abundance",0.5,"GLaD_0.5_weighted",0.04,100
8,5,7,"abundance",0.5,"GLaD_1_unweighted",0.05,100
8,5,7,"abundance",0.5,"GLaD_1_weighted",0.03,100
8,5,7,"abundance",0.5,"GUniFrac",0.11,100
8,5,7,"abundance",0.5,"aitchison",0.06,100
8,5,7,"abundance",0.5,"bray",0.13,100
8,5,7,"abundance",0.5,"euclidean",0.07,100
8,5,7,"abundance",0.5,"jaccard",0.13,100
8,5,7,"abundance",0.5,"unifrac_unweighted",0.07,100
8,5,7,"abundance",0.5,"unifrac_weighted_phyloseq",0.08,100
8,5,7,"abundance",0.55,"GLaD_0.5_unweighted",0.04,100
8,5,7,"abundance",0.55,"GLaD_0.5_weighted",0.03,100
8,5,7,"abundance",0.55,"GLaD_1_unweighted",0.12,100
8,5,7,"abundance",0.55,"GLaD_1_weighted",0.06,100
8,5,7,"abundance",0.55,"GUniFrac",0.12,100
8,5,7,"abundance",0.55,"aitchison",0.06,100
8,5,7,"abundance",0.55,"bray",0.05,100
8,5,7,"abundance",0.55,"euclidean",0.01,100
8,5,7,"abundance",0.55,"jaccard",0.06,100
8,5,7,"abundance",0.55,"unifrac_unweighted",0.05,100
8,5,7,"abundance",0.55,"unifrac_weighted_phyloseq",0.06,100
8,5,7,"abundance",0.6,"GLaD_0.5_unweighted",0.03,100
8,5,7,"abundance",0.6,"GLaD_0.5_weighted",0.11,100
8,5,7,"abundance",0.6,"GLaD_1_unweighted",0.03,100
8,5,7,"abundance",0.6,"GLaD_1_weighted",0.12,100
8,5,7,"abundance",0.6,"GUniFrac",0.17,100
8,5,7,"abundance",0.6,"aitchison",0.03,100
8,5,7,"abundance",0.6,"bray",0.13,100
8,5,7,"abundance",0.6,"euclidean",0.09,100
8,5,7,"abundance",0.6,"jaccard",0.13,100
8,5,7,"abundance",0.6,"unifrac_unweighted",0.03,100
8,5,7,"abundance",0.6,"unifrac_weighted_phyloseq",0.16,100
8,5,7,"abundance",0.65,"GLaD_0.5_unweighted",0.09,100
8,5,7,"abundance",0.65,"GLaD_0.5_weighted",0.11,100
8,5,7,"abundance",0.65,"GLaD_1_unweighted",0.1,100
8,5,7,"abundance",0.65,"GLaD_1_weighted",0.1,100
8,5,7,"abundance",0.65,"GUniFrac",0.34,100
8,5,7,"abundance",0.65,"aitchison",0.11,100
8,5,7,"abundance",0.65,"bray",0.24,100
8,5,7,"abundance",0.65,"euclidean",0.08,100
8,5,7,"abundance",0.65,"jaccard",0.23,100
8,5,7,"abundance",0.65,"unifrac_unweighted",0.08,100
8,5,7,"abundance",0.65,"unifrac_weighted_phyloseq",0.18,100
8,5,7,"abundance",0.7,"GLaD_0.5_unweighted",0.01,100
8,5,7,"abundance",0.7,"GLaD_0.5_weighted",0.05,100
8,5,7,"abundance",0.7,"GLaD_1_unweighted",0.04,100
8,5,7,"abundance",0.7,"GLaD_1_weighted",0.07,100
8,5,7,"abundance",0.7,"GUniFrac",0.28,100
8,5,7,"abundance",0.7,"aitchison",0.03,100
8,5,7,"abundance",0.7,"bray",0.14,100
8,5,7,"abundance",0.7,"euclidean",0.07,100
8,5,7,"abundance",0.7,"jaccard",0.15,100
8,5,7,"abundance",0.7,"unifrac_unweighted",0.03,100
8,5,7,"abundance",0.7,"unifrac_weighted_phyloseq",0.14,100
8,5,7,"abundance",0.75,"GLaD_0.5_unweighted",0.03,100
8,5,7,"abundance",0.75,"GLaD_0.5_weighted",0.16,100
8,5,7,"abundance",0.75,"GLaD_1_unweighted",0.03,100
8,5,7,"abundance",0.75,"GLaD_1_weighted",0.15,100
8,5,7,"abundance",0.75,"GUniFrac",0.37,100
8,5,7,"abundance",0.75,"aitchison",0.07,100
8,5,7,"abundance",0.75,"bray",0.17,100
8,5,7,"abundance",0.75,"euclidean",0.09,100
8,5,7,"abundance",0.75,"jaccard",0.18,100
8,5,7,"abundance",0.75,"unifrac_unweighted",0.03,100
8,5,7,"abundance",0.75,"unifrac_weighted_phyloseq",0.22,100
8,5,7,"abundance",0.8,"GLaD_0.5_unweighted",0.03,100
8,5,7,"abundance",0.8,"GLaD_0.5_weighted",0.11,100
8,5,7,"abundance",0.8,"GLaD_1_unweighted",0.05,100
8,5,7,"abundance",0.8,"GLaD_1_weighted",0.11,100
8,5,7,"abundance",0.8,"GUniFrac",0.48,100
8,5,7,"abundance",0.8,"aitchison",0.07,100
8,5,7,"abundance",0.8,"bray",0.22,100
8,5,7,"abundance",0.8,"euclidean",0.08,100
8,5,7,"abundance",0.8,"jaccard",0.23,100
8,5,7,"abundance",0.8,"unifrac_unweighted",0.04,100
8,5,7,"abundance",0.8,"unifrac_weighted_phyloseq",0.22,100
8,5,7,"abundance",0.85,"GLaD_0.5_unweighted",0.06,100
8,5,7,"abundance",0.85,"GLaD_0.5_weighted",0.09,100
8,5,7,"abundance",0.85,"GLaD_1_unweighted",0.03,100
8,5,7,"abundance",0.85,"GLaD_1_weighted",0.1,100
8,5,7,"abundance",0.85,"GUniFrac",0.47,100
8,5,7,"abundance",0.85,"aitchison",0.1,100
8,5,7,"abundance",0.85,"bray",0.22,100
8,5,7,"abundance",0.85,"euclidean",0.07,100
8,5,7,"abundance",0.85,"jaccard",0.18,100
8,5,7,"abundance",0.85,"unifrac_unweighted",0.07,100
8,5,7,"abundance",0.85,"unifrac_weighted_phyloseq",0.21,100
8,5,7,"abundance",0.9,"GLaD_0.5_unweighted",0.05,100
8,5,7,"abundance",0.9,"GLaD_0.5_weighted",0.12,100
8,5,7,"abundance",0.9,"GLaD_1_unweighted",0.04,100
8,5,7,"abundance",0.9,"GLaD_1_weighted",0.09,100
8,5,7,"abundance",0.9,"GUniFrac",0.56,100
8,5,7,"abundance",0.9,"aitchison",0.08,100
8,5,7,"abundance",0.9,"bray",0.31,100
8,5,7,"abundance",0.9,"euclidean",0.08,100
8,5,7,"abundance",0.9,"jaccard",0.29,100
8,5,7,"abundance",0.9,"unifrac_unweighted",0.05,100
8,5,7,"abundance",0.9,"unifrac_weighted_phyloseq",0.29,100
8,5,7,"abundance",0.95,"GLaD_0.5_unweighted",0.05,100
8,5,7,"abundance",0.95,"GLaD_0.5_weighted",0.18,100
8,5,7,"abundance",0.95,"GLaD_1_unweighted",0.02,100
8,5,7,"abundance",0.95,"GLaD_1_weighted",0.16,100
8,5,7,"abundance",0.95,"GUniFrac",0.8,100
8,5,7,"abundance",0.95,"aitchison",0.11,100
8,5,7,"abundance",0.95,"bray",0.55,100
8,5,7,"abundance",0.95,"euclidean",0.18,100
8,5,7,"abundance",0.95,"jaccard",0.55,100
8,5,7,"abundance",0.95,"unifrac_unweighted",0.07,100
8,5,7,"abundance",0.95,"unifrac_weighted_phyloseq",0.39,100
8,5,7,"abundance",1,"GLaD_0.5_unweighted",0.07,100
8,5,7,"abundance",1,"GLaD_0.5_weighted",0.26,100
8,5,7,"abundance",1,"GLaD_1_unweighted",0.07,100
8,5,7,"abundance",1,"GLaD_1_weighted",0.25,100
8,5,7,"abundance",1,"GUniFrac",0.86,100
8,5,7,"abundance",1,"aitchison",0.14,100
8,5,7,"abundance",1,"bray",0.59,100
8,5,7,"abundance",1,"euclidean",0.2,100
8,5,7,"abundance",1,"jaccard",0.58,100
8,5,7,"abundance",1,"unifrac_unweighted",0.05,100
8,5,7,"abundance",1,"unifrac_weighted_phyloseq",0.51,100
8,5,7,"both",0.05,"GLaD_0.5_unweighted",0,100
8,5,7,"both",0.05,"GLaD_0.5_weighted",0.02,100
8,5,7,"both",0.05,"GLaD_1_unweighted",0.05,100
8,5,7,"both",0.05,"GLaD_1_weighted",0.03,100
8,5,7,"both",0.05,"GUniFrac",0.01,100
8,5,7,"both",0.05,"aitchison",0.01,100
8,5,7,"both",0.05,"bray",0.02,100
8,5,7,"both",0.05,"euclidean",0.03,100
8,5,7,"both",0.05,"jaccard",0.03,100
8,5,7,"both",0.05,"unifrac_unweighted",0.02,100
8,5,7,"both",0.05,"unifrac_weighted_phyloseq",0.01,100
8,5,7,"both",0.1,"GLaD_0.5_unweighted",0.03,100
8,5,7,"both",0.1,"GLaD_0.5_weighted",0.06,100
8,5,7,"both",0.1,"GLaD_1_unweighted",0.04,100
8,5,7,"both",0.1,"GLaD_1_weighted",0.05,100
8,5,7,"both",0.1,"GUniFrac",0.04,100
8,5,7,"both",0.1,"aitchison",0.08,100
8,5,7,"both",0.1,"bray",0.07,100
8,5,7,"both",0.1,"euclidean",0.07,100
8,5,7,"both",0.1,"jaccard",0.08,100
8,5,7,"both",0.1,"unifrac_unweighted",0.03,100
8,5,7,"both",0.1,"unifrac_weighted_phyloseq",0.04,100
8,5,7,"both",0.15,"GLaD_0.5_unweighted",0.06,100
8,5,7,"both",0.15,"GLaD_0.5_weighted",0.01,100
8,5,7,"both",0.15,"GLaD_1_unweighted",0.03,100
8,5,7,"both",0.15,"GLaD_1_weighted",0.02,100
8,5,7,"both",0.15,"GUniFrac",0.06,100
8,5,7,"both",0.15,"aitchison",0.08,100
8,5,7,"both",0.15,"bray",0.08,100
8,5,7,"both",0.15,"euclidean",0.06,100
8,5,7,"both",0.15,"jaccard",0.08,100
8,5,7,"both",0.15,"unifrac_unweighted",0.06,100
8,5,7,"both",0.15,"unifrac_weighted_phyloseq",0.02,100
8,5,7,"both",0.2,"GLaD_0.5_unweighted",0.09,100
8,5,7,"both",0.2,"GLaD_0.5_weighted",0.08,100
8,5,7,"both",0.2,"GLaD_1_unweighted",0.06,100
8,5,7,"both",0.2,"GLaD_1_weighted",0.13,100
8,5,7,"both",0.2,"GUniFrac",0.06,100
8,5,7,"both",0.2,"aitchison",0.1,100
8,5,7,"both",0.2,"bray",0.04,100
8,5,7,"both",0.2,"euclidean",0.07,100
8,5,7,"both",0.2,"jaccard",0.06,100
8,5,7,"both",0.2,"unifrac_unweighted",0.09,100
8,5,7,"both",0.2,"unifrac_weighted_phyloseq",0.09,100
8,5,7,"both",0.25,"GLaD_0.5_unweighted",0.08,100
8,5,7,"both",0.25,"GLaD_0.5_weighted",0.06,100
8,5,7,"both",0.25,"GLaD_1_unweighted",0.08,100
8,5,7,"both",0.25,"GLaD_1_weighted",0.04,100
8,5,7,"both",0.25,"GUniFrac",0.1,100
8,5,7,"both",0.25,"aitchison",0.08,100
8,5,7,"both",0.25,"bray",0.08,100
8,5,7,"both",0.25,"euclidean",0.07,100
8,5,7,"both",0.25,"jaccard",0.07,100
8,5,7,"both",0.25,"unifrac_unweighted",0.1,100
8,5,7,"both",0.25,"unifrac_weighted_phyloseq",0.08,100
8,5,7,"both",0.3,"GLaD_0.5_unweighted",0.11,100
8,5,7,"both",0.3,"GLaD_0.5_weighted",0.07,100
8,5,7,"both",0.3,"GLaD_1_unweighted",0.12,100
8,5,7,"both",0.3,"GLaD_1_weighted",0.06,100
8,5,7,"both",0.3,"GUniFrac",0.13,100
8,5,7,"both",0.3,"aitchison",0.12,100
8,5,7,"both",0.3,"bray",0.04,100
8,5,7,"both",0.3,"euclidean",0.03,100
8,5,7,"both",0.3,"jaccard",0.01,100
8,5,7,"both",0.3,"unifrac_unweighted",0.12,100
8,5,7,"both",0.3,"unifrac_weighted_phyloseq",0.09,100
8,5,7,"both",0.35,"GLaD_0.5_unweighted",0.21,100
8,5,7,"both",0.35,"GLaD_0.5_weighted",0.06,100
8,5,7,"both",0.35,"GLaD_1_unweighted",0.11,100
8,5,7,"both",0.35,"GLaD_1_weighted",0.06,100
8,5,7,"both",0.35,"GUniFrac",0.15,100
8,5,7,"both",0.35,"aitchison",0.14,100
8,5,7,"both",0.35,"bray",0.1,100
8,5,7,"both",0.35,"euclidean",0.05,100
8,5,7,"both",0.35,"jaccard",0.1,100
8,5,7,"both",0.35,"unifrac_unweighted",0.16,100
8,5,7,"both",0.35,"unifrac_weighted_phyloseq",0.12,100
8,5,7,"both",0.4,"GLaD_0.5_unweighted",0.17,100
8,5,7,"both",0.4,"GLaD_0.5_weighted",0.07,100
8,5,7,"both",0.4,"GLaD_1_unweighted",0.14,100
8,5,7,"both",0.4,"GLaD_1_weighted",0.05,100
8,5,7,"both",0.4,"GUniFrac",0.19,100
8,5,7,"both",0.4,"aitchison",0.19,100
8,5,7,"both",0.4,"bray",0.06,100
8,5,7,"both",0.4,"euclidean",0.07,100
8,5,7,"both",0.4,"jaccard",0.05,100
8,5,7,"both",0.4,"unifrac_unweighted",0.17,100
8,5,7,"both",0.4,"unifrac_weighted_phyloseq",0.09,100
8,5,7,"both",0.45,"GLaD_0.5_unweighted",0.3,100
8,5,7,"both",0.45,"GLaD_0.5_weighted",0.02,100
8,5,7,"both",0.45,"GLaD_1_unweighted",0.2,100
8,5,7,"both",0.45,"GLaD_1_weighted",0.06,100
8,5,7,"both",0.45,"GUniFrac",0.28,100
8,5,7,"both",0.45,"aitchison",0.21,100
8,5,7,"both",0.45,"bray",0.07,100
8,5,7,"both",0.45,"euclidean",0.04,100
8,5,7,"both",0.45,"jaccard",0.07,100
8,5,7,"both",0.45,"unifrac_unweighted",0.26,100
8,5,7,"both",0.45,"unifrac_weighted_phyloseq",0.13,100
8,5,7,"both",0.5,"GLaD_0.5_unweighted",0.4,100
8,5,7,"both",0.5,"GLaD_0.5_weighted",0.12,100
8,5,7,"both",0.5,"GLaD_1_unweighted",0.19,100
8,5,7,"both",0.5,"GLaD_1_weighted",0.09,100
8,5,7,"both",0.5,"GUniFrac",0.35,100
8,5,7,"both",0.5,"aitchison",0.34,100
8,5,7,"both",0.5,"bray",0.17,100
8,5,7,"both",0.5,"euclidean",0.04,100
8,5,7,"both",0.5,"jaccard",0.16,100
8,5,7,"both",0.5,"unifrac_unweighted",0.32,100
8,5,7,"both",0.5,"unifrac_weighted_phyloseq",0.17,100
8,5,7,"both",0.55,"GLaD_0.5_unweighted",0.51,100
8,5,7,"both",0.55,"GLaD_0.5_weighted",0.11,100
8,5,7,"both",0.55,"GLaD_1_unweighted",0.28,100
8,5,7,"both",0.55,"GLaD_1_weighted",0.08,100
8,5,7,"both",0.55,"GUniFrac",0.56,100
8,5,7,"both",0.55,"aitchison",0.49,100
8,5,7,"both",0.55,"bray",0.15,100
8,5,7,"both",0.55,"euclidean",0.1,100
8,5,7,"both",0.55,"jaccard",0.17,100
8,5,7,"both",0.55,"unifrac_unweighted",0.44,100
8,5,7,"both",0.55,"unifrac_weighted_phyloseq",0.24,100
8,5,7,"both",0.6,"GLaD_0.5_unweighted",0.56,100
8,5,7,"both",0.6,"GLaD_0.5_weighted",0.09,100
8,5,7,"both",0.6,"GLaD_1_unweighted",0.26,100
8,5,7,"both",0.6,"GLaD_1_weighted",0.06,100
8,5,7,"both",0.6,"GUniFrac",0.7,100
8,5,7,"both",0.6,"aitchison",0.53,100
8,5,7,"both",0.6,"bray",0.2,100
8,5,7,"both",0.6,"euclidean",0.06,100
8,5,7,"both",0.6,"jaccard",0.2,100
8,5,7,"both",0.6,"unifrac_unweighted",0.47,100
8,5,7,"both",0.6,"unifrac_weighted_phyloseq",0.2,100
8,5,7,"both",0.65,"GLaD_0.5_unweighted",0.89,100
8,5,7,"both",0.65,"GLaD_0.5_weighted",0.05,100
8,5,7,"both",0.65,"GLaD_1_unweighted",0.36,100
8,5,7,"both",0.65,"GLaD_1_weighted",0.1,100
8,5,7,"both",0.65,"GUniFrac",0.84,100
8,5,7,"both",0.65,"aitchison",0.82,100
8,5,7,"both",0.65,"bray",0.3,100
8,5,7,"both",0.65,"euclidean",0.1,100
8,5,7,"both",0.65,"jaccard",0.3,100
8,5,7,"both",0.65,"unifrac_unweighted",0.69,100
8,5,7,"both",0.65,"unifrac_weighted_phyloseq",0.33,100
8,5,7,"both",0.7,"GLaD_0.5_unweighted",0.94,100
8,5,7,"both",0.7,"GLaD_0.5_weighted",0.1,100
8,5,7,"both",0.7,"GLaD_1_unweighted",0.28,100
8,5,7,"both",0.7,"GLaD_1_weighted",0.09,100
8,5,7,"both",0.7,"GUniFrac",0.92,100
8,5,7,"both",0.7,"aitchison",0.88,100
8,5,7,"both",0.7,"bray",0.38,100
8,5,7,"both",0.7,"euclidean",0.07,100
8,5,7,"both",0.7,"jaccard",0.36,100
8,5,7,"both",0.7,"unifrac_unweighted",0.8,100
8,5,7,"both",0.7,"unifrac_weighted_phyloseq",0.38,100
8,5,7,"both",0.75,"GLaD_0.5_unweighted",0.95,100
8,5,7,"both",0.75,"GLaD_0.5_weighted",0.17,100
8,5,7,"both",0.75,"GLaD_1_unweighted",0.41,100
8,5,7,"both",0.75,"GLaD_1_weighted",0.18,100
8,5,7,"both",0.75,"GUniFrac",0.98,100
8,5,7,"both",0.75,"aitchison",0.98,100
8,5,7,"both",0.75,"bray",0.42,100
8,5,7,"both",0.75,"euclidean",0.06,100
8,5,7,"both",0.75,"jaccard",0.41,100
8,5,7,"both",0.75,"unifrac_unweighted",0.85,100
8,5,7,"both",0.75,"unifrac_weighted_phyloseq",0.58,100
8,5,7,"both",0.8,"GLaD_0.5_unweighted",0.99,100
8,5,7,"both",0.8,"GLaD_0.5_weighted",0.15,100
8,5,7,"both",0.8,"GLaD_1_unweighted",0.37,100
8,5,7,"both",0.8,"GLaD_1_weighted",0.16,100
8,5,7,"both",0.8,"GUniFrac",1,100
8,5,7,"both",0.8,"aitchison",0.98,100
8,5,7,"both",0.8,"bray",0.55,100
8,5,7,"both",0.8,"euclidean",0.13,100
8,5,7,"both",0.8,"jaccard",0.51,100
8,5,7,"both",0.8,"unifrac_unweighted",0.96,100
8,5,7,"both",0.8,"unifrac_weighted_phyloseq",0.63,100
8,5,7,"both",0.85,"GLaD_0.5_unweighted",1,100
8,5,7,"both",0.85,"GLaD_0.5_weighted",0.2,100
8,5,7,"both",0.85,"GLaD_1_unweighted",0.41,100
8,5,7,"both",0.85,"GLaD_1_weighted",0.18,100
8,5,7,"both",0.85,"GUniFrac",1,100
8,5,7,"both",0.85,"aitchison",0.99,100
8,5,7,"both",0.85,"bray",0.64,100
8,5,7,"both",0.85,"euclidean",0.11,100
8,5,7,"both",0.85,"jaccard",0.55,100
8,5,7,"both",0.85,"unifrac_unweighted",0.94,100
8,5,7,"both",0.85,"unifrac_weighted_phyloseq",0.69,100
8,5,7,"both",0.9,"GLaD_0.5_unweighted",1,100
8,5,7,"both",0.9,"GLaD_0.5_weighted",0.24,100
8,5,7,"both",0.9,"GLaD_1_unweighted",0.55,100
8,5,7,"both",0.9,"GLaD_1_weighted",0.23,100
8,5,7,"both",0.9,"GUniFrac",1,100
8,5,7,"both",0.9,"aitchison",1,100
8,5,7,"both",0.9,"bray",0.74,100
8,5,7,"both",0.9,"euclidean",0.1,100
8,5,7,"both",0.9,"jaccard",0.74,100
8,5,7,"both",0.9,"unifrac_unweighted",1,100
8,5,7,"both",0.9,"unifrac_weighted_phyloseq",0.82,100
8,5,7,"both",0.95,"GLaD_0.5_unweighted",1,100
8,5,7,"both",0.95,"GLaD_0.5_weighted",0.22,100
8,5,7,"both",0.95,"GLaD_1_unweighted",0.55,100
8,5,7,"both",0.95,"GLaD_1_weighted",0.22,100
8,5,7,"both",0.95,"GUniFrac",1,100
8,5,7,"both",0.95,"aitchison",1,100
8,5,7,"both",0.95,"bray",0.86,100
8,5,7,"both",0.95,"euclidean",0.17,100
8,5,7,"both",0.95,"jaccard",0.79,100
8,5,7,"both",0.95,"unifrac_unweighted",1,100
8,5,7,"both",0.95,"unifrac_weighted_phyloseq",0.94,100
8,5,7,"both",1,"GLaD_0.5_unweighted",1,100
8,5,7,"both",1,"GLaD_0.5_weighted",0.36,100
8,5,7,"both",1,"GLaD_1_unweighted",0.58,100
8,5,7,"both",1,"GLaD_1_weighted",0.33,100
8,5,7,"both",1,"GUniFrac",1,100
8,5,7,"both",1,"aitchison",1,100
8,5,7,"both",1,"bray",0.96,100
8,5,7,"both",1,"euclidean",0.26,100
8,5,7,"both",1,"jaccard",0.95,100
8,5,7,"both",1,"unifrac_unweighted",1,100
8,5,7,"both",1,"unifrac_weighted_phyloseq",0.98,100
8,5,7,"prevalence",0.05,"GLaD_0.5_unweighted",0.04,100
8,5,7,"prevalence",0.05,"GLaD_0.5_weighted",0.03,100
8,5,7,"prevalence",0.05,"GLaD_1_unweighted",0.02,100
8,5,7,"prevalence",0.05,"GLaD_1_weighted",0.04,100
8,5,7,"prevalence",0.05,"GUniFrac",0.06,100
8,5,7,"prevalence",0.05,"aitchison",0.02,100
8,5,7,"prevalence",0.05,"bray",0.01,100
8,5,7,"prevalence",0.05,"euclidean",0.01,100
8,5,7,"prevalence",0.05,"jaccard",0.01,100
8,5,7,"prevalence",0.05,"unifrac_unweighted",0.02,100
8,5,7,"prevalence",0.05,"unifrac_weighted_phyloseq",0.04,100
8,5,7,"prevalence",0.1,"GLaD_0.5_unweighted",0.02,100
8,5,7,"prevalence",0.1,"GLaD_0.5_weighted",0.03,100
8,5,7,"prevalence",0.1,"GLaD_1_unweighted",0.03,100
8,5,7,"prevalence",0.1,"GLaD_1_weighted",0.06,100
8,5,7,"prevalence",0.1,"GUniFrac",0.03,100
8,5,7,"prevalence",0.1,"aitchison",0.02,100
8,5,7,"prevalence",0.1,"bray",0.01,100
8,5,7,"prevalence",0.1,"euclidean",0.02,100
8,5,7,"prevalence",0.1,"jaccard",0.01,100
8,5,7,"prevalence",0.1,"unifrac_unweighted",0.04,100
8,5,7,"prevalence",0.1,"unifrac_weighted_phyloseq",0.03,100
8,5,7,"prevalence",0.15,"GLaD_0.5_unweighted",0.05,100
8,5,7,"prevalence",0.15,"GLaD_0.5_weighted",0.02,100
8,5,7,"prevalence",0.15,"GLaD_1_unweighted",0.1,100
8,5,7,"prevalence",0.15,"GLaD_1_weighted",0.03,100
8,5,7,"prevalence",0.15,"GUniFrac",0.03,100
8,5,7,"prevalence",0.15,"aitchison",0.06,100
8,5,7,"prevalence",0.15,"bray",0.03,100
8,5,7,"prevalence",0.15,"euclidean",0.04,100
8,5,7,"prevalence",0.15,"jaccard",0.02,100
8,5,7,"prevalence",0.15,"unifrac_unweighted",0.08,100
8,5,7,"prevalence",0.15,"unifrac_weighted_phyloseq",0.03,100
8,5,7,"prevalence",0.2,"GLaD_0.5_unweighted",0.07,100
8,5,7,"prevalence",0.2,"GLaD_0.5_weighted",0.07,100
8,5,7,"prevalence",0.2,"GLaD_1_unweighted",0.06,100
8,5,7,"prevalence",0.2,"GLaD_1_weighted",0.09,100
8,5,7,"prevalence",0.2,"GUniFrac",0.06,100
8,5,7,"prevalence",0.2,"aitchison",0.1,100
8,5,7,"prevalence",0.2,"bray",0.07,100
8,5,7,"prevalence",0.2,"euclidean",0.08,100
8,5,7,"prevalence",0.2,"jaccard",0.07,100
8,5,7,"prevalence",0.2,"unifrac_unweighted",0.06,100
8,5,7,"prevalence",0.2,"unifrac_weighted_phyloseq",0.07,100
8,5,7,"prevalence",0.25,"GLaD_0.5_unweighted",0.11,100
8,5,7,"prevalence",0.25,"GLaD_0.5_weighted",0.03,100
8,5,7,"prevalence",0.25,"GLaD_1_unweighted",0.05,100
8,5,7,"prevalence",0.25,"GLaD_1_weighted",0.04,100
8,5,7,"prevalence",0.25,"GUniFrac",0.05,100
8,5,7,"prevalence",0.25,"aitchison",0.05,100
8,5,7,"prevalence",0.25,"bray",0.04,100
8,5,7,"prevalence",0.25,"euclidean",0.02,100
8,5,7,"prevalence",0.25,"jaccard",0.04,100
8,5,7,"prevalence",0.25,"unifrac_unweighted",0.09,100
8,5,7,"prevalence",0.25,"unifrac_weighted_phyloseq",0.03,100
8,5,7,"prevalence",0.3,"GLaD_0.5_unweighted",0.2,100
8,5,7,"prevalence",0.3,"GLaD_0.5_weighted",0.06,100
8,5,7,"prevalence",0.3,"GLaD_1_unweighted",0.11,100
8,5,7,"prevalence",0.3,"GLaD_1_weighted",0.07,100
8,5,7,"prevalence",0.3,"GUniFrac",0.06,100
8,5,7,"prevalence",0.3,"aitchison",0.07,100
8,5,7,"prevalence",0.3,"bray",0.07,100
8,5,7,"prevalence",0.3,"euclidean",0.03,100
8,5,7,"prevalence",0.3,"jaccard",0.07,100
8,5,7,"prevalence",0.3,"unifrac_unweighted",0.12,100
8,5,7,"prevalence",0.3,"unifrac_weighted_phyloseq",0.08,100
8,5,7,"prevalence",0.35,"GLaD_0.5_unweighted",0.14,100
8,5,7,"prevalence",0.35,"GLaD_0.5_weighted",0.05,100
8,5,7,"prevalence",0.35,"GLaD_1_unweighted",0.11,100
8,5,7,"prevalence",0.35,"GLaD_1_weighted",0.06,100
8,5,7,"prevalence",0.35,"GUniFrac",0.07,100
8,5,7,"prevalence",0.35,"aitchison",0.05,100
8,5,7,"prevalence",0.35,"bray",0.09,100
8,5,7,"prevalence",0.35,"euclidean",0.05,100
8,5,7,"prevalence",0.35,"jaccard",0.07,100
8,5,7,"prevalence",0.35,"unifrac_unweighted",0.1,100
8,5,7,"prevalence",0.35,"unifrac_weighted_phyloseq",0.05,100
8,5,7,"prevalence",0.4,"GLaD_0.5_unweighted",0.22,100
8,5,7,"prevalence",0.4,"GLaD_0.5_weighted",0.04,100
8,5,7,"prevalence",0.4,"GLaD_1_unweighted",0.12,100
8,5,7,"prevalence",0.4,"GLaD_1_weighted",0.03,100
8,5,7,"prevalence",0.4,"GUniFrac",0.04,100
8,5,7,"prevalence",0.4,"aitchison",0.1,100
8,5,7,"prevalence",0.4,"bray",0.05,100
8,5,7,"prevalence",0.4,"euclidean",0.03,100
8,5,7,"prevalence",0.4,"jaccard",0.05,100
8,5,7,"prevalence",0.4,"unifrac_unweighted",0.12,100
8,5,7,"prevalence",0.4,"unifrac_weighted_phyloseq",0.03,100
8,5,7,"prevalence",0.45,"GLaD_0.5_unweighted",0.26,100
8,5,7,"prevalence",0.45,"GLaD_0.5_weighted",0.03,100
8,5,7,"prevalence",0.45,"GLaD_1_unweighted",0.1,100
8,5,7,"prevalence",0.45,"GLaD_1_weighted",0.02,100
8,5,7,"prevalence",0.45,"GUniFrac",0.05,100
8,5,7,"prevalence",0.45,"aitchison",0.1,100
8,5,7,"prevalence",0.45,"bray",0.03,100
8,5,7,"prevalence",0.45,"euclidean",0.04,100
8,5,7,"prevalence",0.45,"jaccard",0.04,100
8,5,7,"prevalence",0.45,"unifrac_unweighted",0.2,100
8,5,7,"prevalence",0.45,"unifrac_weighted_phyloseq",0.01,100
8,5,7,"prevalence",0.5,"GLaD_0.5_unweighted",0.42,100
8,5,7,"prevalence",0.5,"GLaD_0.5_weighted",0.11,100
8,5,7,"prevalence",0.5,"GLaD_1_unweighted",0.18,100
8,5,7,"prevalence",0.5,"GLaD_1_weighted",0.06,100
8,5,7,"prevalence",0.5,"GUniFrac",0.12,100
8,5,7,"prevalence",0.5,"aitchison",0.13,100
8,5,7,"prevalence",0.5,"bray",0.08,100
8,5,7,"prevalence",0.5,"euclidean",0.06,100
8,5,7,"prevalence",0.5,"jaccard",0.08,100
8,5,7,"prevalence",0.5,"unifrac_unweighted",0.33,100
8,5,7,"prevalence",0.5,"unifrac_weighted_phyloseq",0.12,100
8,5,7,"prevalence",0.55,"GLaD_0.5_unweighted",0.64,100
8,5,7,"prevalence",0.55,"GLaD_0.5_weighted",0.06,100
8,5,7,"prevalence",0.55,"GLaD_1_unweighted",0.22,100
8,5,7,"prevalence",0.55,"GLaD_1_weighted",0.08,100
8,5,7,"prevalence",0.55,"GUniFrac",0.11,100
8,5,7,"prevalence",0.55,"aitchison",0.23,100
8,5,7,"prevalence",0.55,"bray",0.09,100
8,5,7,"prevalence",0.55,"euclidean",0.03,100
8,5,7,"prevalence",0.55,"jaccard",0.11,100
8,5,7,"prevalence",0.55,"unifrac_unweighted",0.49,100
8,5,7,"prevalence",0.55,"unifrac_weighted_phyloseq",0.09,100
8,5,7,"prevalence",0.6,"GLaD_0.5_unweighted",0.64,100
8,5,7,"prevalence",0.6,"GLaD_0.5_weighted",0.04,100
8,5,7,"prevalence",0.6,"GLaD_1_unweighted",0.13,100
8,5,7,"prevalence",0.6,"GLaD_1_weighted",0.02,100
8,5,7,"prevalence",0.6,"GUniFrac",0.08,100
8,5,7,"prevalence",0.6,"aitchison",0.24,100
8,5,7,"prevalence",0.6,"bray",0.05,100
8,5,7,"prevalence",0.6,"euclidean",0.05,100
8,5,7,"prevalence",0.6,"jaccard",0.05,100
8,5,7,"prevalence",0.6,"unifrac_unweighted",0.49,100
8,5,7,"prevalence",0.6,"unifrac_weighted_phyloseq",0.07,100
8,5,7,"prevalence",0.65,"GLaD_0.5_unweighted",0.75,100
8,5,7,"prevalence",0.65,"GLaD_0.5_weighted",0.06,100
8,5,7,"prevalence",0.65,"GLaD_1_unweighted",0.21,100
8,5,7,"prevalence",0.65,"GLaD_1_weighted",0.05,100
8,5,7,"prevalence",0.65,"GUniFrac",0.14,100
8,5,7,"prevalence",0.65,"aitchison",0.3,100
8,5,7,"prevalence",0.65,"bray",0.05,100
8,5,7,"prevalence",0.65,"euclidean",0.08,100
8,5,7,"prevalence",0.65,"jaccard",0.05,100
8,5,7,"prevalence",0.65,"unifrac_unweighted",0.6,100
8,5,7,"prevalence",0.65,"unifrac_weighted_phyloseq",0.05,100
8,5,7,"prevalence",0.7,"GLaD_0.5_unweighted",0.9,100
8,5,7,"prevalence",0.7,"GLaD_0.5_weighted",0.03,100
8,5,7,"prevalence",0.7,"GLaD_1_unweighted",0.3,100
8,5,7,"prevalence",0.7,"GLaD_1_weighted",0.02,100
8,5,7,"prevalence",0.7,"GUniFrac",0.1,100
8,5,7,"prevalence",0.7,"aitchison",0.35,100
8,5,7,"prevalence",0.7,"bray",0.03,100
8,5,7,"prevalence",0.7,"euclidean",0.05,100
8,5,7,"prevalence",0.7,"jaccard",0.03,100
8,5,7,"prevalence",0.7,"unifrac_unweighted",0.76,100
8,5,7,"prevalence",0.7,"unifrac_weighted_phyloseq",0.03,100
8,5,7,"prevalence",0.75,"GLaD_0.5_unweighted",0.95,100
8,5,7,"prevalence",0.75,"GLaD_0.5_weighted",0.07,100
8,5,7,"prevalence",0.75,"GLaD_1_unweighted",0.35,100
8,5,7,"prevalence",0.75,"GLaD_1_weighted",0.08,100
8,5,7,"prevalence",0.75,"GUniFrac",0.19,100
8,5,7,"prevalence",0.75,"aitchison",0.5,100
8,5,7,"prevalence",0.75,"bray",0.04,100
8,5,7,"prevalence",0.75,"euclidean",0.03,100
8,5,7,"prevalence",0.75,"jaccard",0.03,100
8,5,7,"prevalence",0.75,"unifrac_unweighted",0.91,100
8,5,7,"prevalence",0.75,"unifrac_weighted_phyloseq",0.06,100
8,5,7,"prevalence",0.8,"GLaD_0.5_unweighted",1,100
8,5,7,"prevalence",0.8,"GLaD_0.5_weighted",0.05,100
8,5,7,"prevalence",0.8,"GLaD_1_unweighted",0.37,100
8,5,7,"prevalence",0.8,"GLaD_1_weighted",0.03,100
8,5,7,"prevalence",0.8,"GUniFrac",0.17,100
8,5,7,"prevalence",0.8,"aitchison",0.62,100
8,5,7,"prevalence",0.8,"bray",0.08,100
8,5,7,"prevalence",0.8,"euclidean",0.08,100
8,5,7,"prevalence",0.8,"jaccard",0.1,100
8,5,7,"prevalence",0.8,"unifrac_unweighted",0.97,100
8,5,7,"prevalence",0.8,"unifrac_weighted_phyloseq",0.05,100
8,5,7,"prevalence",0.85,"GLaD_0.5_unweighted",1,100
8,5,7,"prevalence",0.85,"GLaD_0.5_weighted",0.05,100
8,5,7,"prevalence",0.85,"GLaD_1_unweighted",0.49,100
8,5,7,"prevalence",0.85,"GLaD_1_weighted",0.06,100
8,5,7,"prevalence",0.85,"GUniFrac",0.26,100
8,5,7,"prevalence",0.85,"aitchison",0.76,100
8,5,7,"prevalence",0.85,"bray",0.11,100
8,5,7,"prevalence",0.85,"euclidean",0.08,100
8,5,7,"prevalence",0.85,"jaccard",0.12,100
8,5,7,"prevalence",0.85,"unifrac_unweighted",0.98,100
8,5,7,"prevalence",0.85,"unifrac_weighted_phyloseq",0.07,100
8,5,7,"prevalence",0.9,"GLaD_0.5_unweighted",1,100
8,5,7,"prevalence",0.9,"GLaD_0.5_weighted",0.02,100
8,5,7,"prevalence",0.9,"GLaD_1_unweighted",0.46,100
8,5,7,"prevalence",0.9,"GLaD_1_weighted",0.03,100
8,5,7,"prevalence",0.9,"GUniFrac",0.26,100
8,5,7,"prevalence",0.9,"aitchison",0.81,100
8,5,7,"prevalence",0.9,"bray",0.06,100
8,5,7,"prevalence",0.9,"euclidean",0.05,100
8,5,7,"prevalence",0.9,"jaccard",0.07,100
8,5,7,"prevalence",0.9,"unifrac_unweighted",0.99,100
8,5,7,"prevalence",0.9,"unifrac_weighted_phyloseq",0.04,100
8,5,7,"prevalence",0.95,"GLaD_0.5_unweighted",1,100
8,5,7,"prevalence",0.95,"GLaD_0.5_weighted",0.06,100
8,5,7,"prevalence",0.95,"GLaD_1_unweighted",0.5,100
8,5,7,"prevalence",0.95,"GLaD_1_weighted",0.08,100
8,5,7,"prevalence",0.95,"GUniFrac",0.34,100
8,5,7,"prevalence",0.95,"aitchison",0.87,100
8,5,7,"prevalence",0.95,"bray",0.15,100
8,5,7,"prevalence",0.95,"euclidean",0.07,100
8,5,7,"prevalence",0.95,"jaccard",0.14,100
8,5,7,"prevalence",0.95,"unifrac_unweighted",1,100
8,5,7,"prevalence",0.95,"unifrac_weighted_phyloseq",0.08,100
8,5,7,"prevalence",1,"GLaD_0.5_unweighted",1,100
8,5,7,"prevalence",1,"GLaD_0.5_weighted",0.02,100
8,5,7,"prevalence",1,"GLaD_1_unweighted",0.57,100
8,5,7,"prevalence",1,"GLaD_1_weighted",0.06,100
8,5,7,"prevalence",1,"GUniFrac",0.42,100
8,5,7,"prevalence",1,"aitchison",0.96,100
8,5,7,"prevalence",1,"bray",0.03,100
8,5,7,"prevalence",1,"euclidean",0.07,100
8,5,7,"prevalence",1,"jaccard",0.03,100
8,5,7,"prevalence",1,"unifrac_unweighted",1,100
8,5,7,"prevalence",1,"unifrac_weighted_phyloseq",0.08,100
8,6,5,"abundance",0.05,"GLaD_0.5_unweighted",0.04,100
8,6,5,"abundance",0.05,"GLaD_0.5_weighted",0,100
8,6,5,"abundance",0.05,"GLaD_1_unweighted",0.09,100
8,6,5,"abundance",0.05,"GLaD_1_weighted",0,100
8,6,5,"abundance",0.05,"GUniFrac",0.06,100
8,6,5,"abundance",0.05,"aitchison",0.05,100
8,6,5,"abundance",0.05,"bray",0.02,100
8,6,5,"abundance",0.05,"euclidean",0.04,100
8,6,5,"abundance",0.05,"jaccard",0.03,100
8,6,5,"abundance",0.05,"unifrac_unweighted",0.03,100
8,6,5,"abundance",0.05,"unifrac_weighted_phyloseq",0.03,100
8,6,5,"abundance",0.1,"GLaD_0.5_unweighted",0.05,100
8,6,5,"abundance",0.1,"GLaD_0.5_weighted",0.09,100
8,6,5,"abundance",0.1,"GLaD_1_unweighted",0.02,100
8,6,5,"abundance",0.1,"GLaD_1_weighted",0.1,100
8,6,5,"abundance",0.1,"GUniFrac",0.08,100
8,6,5,"abundance",0.1,"aitchison",0.09,100
8,6,5,"abundance",0.1,"bray",0.09,100
8,6,5,"abundance",0.1,"euclidean",0.1,100
8,6,5,"abundance",0.1,"jaccard",0.09,100
8,6,5,"abundance",0.1,"unifrac_unweighted",0.06,100
8,6,5,"abundance",0.1,"unifrac_weighted_phyloseq",0.07,100
8,6,5,"abundance",0.15,"GLaD_0.5_unweighted",0.05,100
8,6,5,"abundance",0.15,"GLaD_0.5_weighted",0.06,100
8,6,5,"abundance",0.15,"GLaD_1_unweighted",0.05,100
8,6,5,"abundance",0.15,"GLaD_1_weighted",0.04,100
8,6,5,"abundance",0.15,"GUniFrac",0.1,100
8,6,5,"abundance",0.15,"aitchison",0.07,100
8,6,5,"abundance",0.15,"bray",0.1,100
8,6,5,"abundance",0.15,"euclidean",0.07,100
8,6,5,"abundance",0.15,"jaccard",0.1,100
8,6,5,"abundance",0.15,"unifrac_unweighted",0.07,100
8,6,5,"abundance",0.15,"unifrac_weighted_phyloseq",0.1,100
8,6,5,"abundance",0.2,"GLaD_0.5_unweighted",0.02,100
8,6,5,"abundance",0.2,"GLaD_0.5_weighted",0.11,100
8,6,5,"abundance",0.2,"GLaD_1_unweighted",0.04,100
8,6,5,"abundance",0.2,"GLaD_1_weighted",0.1,100
8,6,5,"abundance",0.2,"GUniFrac",0.09,100
8,6,5,"abundance",0.2,"aitchison",0.04,100
8,6,5,"abundance",0.2,"bray",0.11,100
8,6,5,"abundance",0.2,"euclidean",0.09,100
8,6,5,"abundance",0.2,"jaccard",0.12,100
8,6,5,"abundance",0.2,"unifrac_unweighted",0.03,100
8,6,5,"abundance",0.2,"unifrac_weighted_phyloseq",0.12,100
8,6,5,"abundance",0.25,"GLaD_0.5_unweighted",0.1,100
8,6,5,"abundance",0.25,"GLaD_0.5_weighted",0.07,100
8,6,5,"abundance",0.25,"GLaD_1_unweighted",0.02,100
8,6,5,"abundance",0.25,"GLaD_1_weighted",0.07,100
8,6,5,"abundance",0.25,"GUniFrac",0.05,100
8,6,5,"abundance",0.25,"aitchison",0.06,100
8,6,5,"abundance",0.25,"bray",0.03,100
8,6,5,"abundance",0.25,"euclidean",0.04,100
8,6,5,"abundance",0.25,"jaccard",0.02,100
8,6,5,"abundance",0.25,"unifrac_unweighted",0.09,100
8,6,5,"abundance",0.25,"unifrac_weighted_phyloseq",0.05,100
8,6,5,"abundance",0.3,"GLaD_0.5_unweighted",0.08,100
8,6,5,"abundance",0.3,"GLaD_0.5_weighted",0.08,100
8,6,5,"abundance",0.3,"GLaD_1_unweighted",0.06,100
8,6,5,"abundance",0.3,"GLaD_1_weighted",0.08,100
8,6,5,"abundance",0.3,"GUniFrac",0.1,100
8,6,5,"abundance",0.3,"aitchison",0.05,100
8,6,5,"abundance",0.3,"bray",0.08,100
8,6,5,"abundance",0.3,"euclidean",0.06,100
8,6,5,"abundance",0.3,"jaccard",0.06,100
8,6,5,"abundance",0.3,"unifrac_unweighted",0.06,100
8,6,5,"abundance",0.3,"unifrac_weighted_phyloseq",0.11,100
8,6,5,"abundance",0.35,"GLaD_0.5_unweighted",0.05,100
8,6,5,"abundance",0.35,"GLaD_0.5_weighted",0.08,100
8,6,5,"abundance",0.35,"GLaD_1_unweighted",0.06,100
8,6,5,"abundance",0.35,"GLaD_1_weighted",0.06,100
8,6,5,"abundance",0.35,"GUniFrac",0.1,100
8,6,5,"abundance",0.35,"aitchison",0.06,100
8,6,5,"abundance",0.35,"bray",0.07,100
8,6,5,"abundance",0.35,"euclidean",0.08,100
8,6,5,"abundance",0.35,"jaccard",0.08,100
8,6,5,"abundance",0.35,"unifrac_unweighted",0.06,100
8,6,5,"abundance",0.35,"unifrac_weighted_phyloseq",0.11,100
8,6,5,"abundance",0.4,"GLaD_0.5_unweighted",0.06,100
8,6,5,"abundance",0.4,"GLaD_0.5_weighted",0.13,100
8,6,5,"abundance",0.4,"GLaD_1_unweighted",0.07,100
8,6,5,"abundance",0.4,"GLaD_1_weighted",0.12,100
8,6,5,"abundance",0.4,"GUniFrac",0.14,100
8,6,5,"abundance",0.4,"aitchison",0.09,100
8,6,5,"abundance",0.4,"bray",0.16,100
8,6,5,"abundance",0.4,"euclidean",0.09,100
8,6,5,"abundance",0.4,"jaccard",0.13,100
8,6,5,"abundance",0.4,"unifrac_unweighted",0.07,100
8,6,5,"abundance",0.4,"unifrac_weighted_phyloseq",0.12,100
8,6,5,"abundance",0.45,"GLaD_0.5_unweighted",0.03,100
8,6,5,"abundance",0.45,"GLaD_0.5_weighted",0.08,100
8,6,5,"abundance",0.45,"GLaD_1_unweighted",0.05,100
8,6,5,"abundance",0.45,"GLaD_1_weighted",0.06,100
8,6,5,"abundance",0.45,"GUniFrac",0.18,100
8,6,5,"abundance",0.45,"aitchison",0.05,100
8,6,5,"abundance",0.45,"bray",0.17,100
8,6,5,"abundance",0.45,"euclidean",0.14,100
8,6,5,"abundance",0.45,"jaccard",0.16,100
8,6,5,"abundance",0.45,"unifrac_unweighted",0.01,100
8,6,5,"abundance",0.45,"unifrac_weighted_phyloseq",0.13,100
8,6,5,"abundance",0.5,"GLaD_0.5_unweighted",0.04,100
8,6,5,"abundance",0.5,"GLaD_0.5_weighted",0.12,100
8,6,5,"abundance",0.5,"GLaD_1_unweighted",0.05,100
8,6,5,"abundance",0.5,"GLaD_1_weighted",0.12,100
8,6,5,"abundance",0.5,"GUniFrac",0.32,100
8,6,5,"abundance",0.5,"aitchison",0.13,100
8,6,5,"abundance",0.5,"bray",0.22,100
8,6,5,"abundance",0.5,"euclidean",0.09,100
8,6,5,"abundance",0.5,"jaccard",0.21,100
8,6,5,"abundance",0.5,"unifrac_unweighted",0.07,100
8,6,5,"abundance",0.5,"unifrac_weighted_phyloseq",0.17,100
8,6,5,"abundance",0.55,"GLaD_0.5_unweighted",0.03,100
8,6,5,"abundance",0.55,"GLaD_0.5_weighted",0.15,100
8,6,5,"abundance",0.55,"GLaD_1_unweighted",0.04,100
8,6,5,"abundance",0.55,"GLaD_1_weighted",0.14,100
8,6,5,"abundance",0.55,"GUniFrac",0.29,100
8,6,5,"abundance",0.55,"aitchison",0.05,100
8,6,5,"abundance",0.55,"bray",0.31,100
8,6,5,"abundance",0.55,"euclidean",0.11,100
8,6,5,"abundance",0.55,"jaccard",0.3,100
8,6,5,"abundance",0.55,"unifrac_unweighted",0.02,100
8,6,5,"abundance",0.55,"unifrac_weighted_phyloseq",0.24,100
8,6,5,"abundance",0.6,"GLaD_0.5_unweighted",0.07,100
8,6,5,"abundance",0.6,"GLaD_0.5_weighted",0.18,100
8,6,5,"abundance",0.6,"GLaD_1_unweighted",0.06,100
8,6,5,"abundance",0.6,"GLaD_1_weighted",0.11,100
8,6,5,"abundance",0.6,"GUniFrac",0.41,100
8,6,5,"abundance",0.6,"aitchison",0.08,100
8,6,5,"abundance",0.6,"bray",0.27,100
8,6,5,"abundance",0.6,"euclidean",0.13,100
8,6,5,"abundance",0.6,"jaccard",0.26,100
8,6,5,"abundance",0.6,"unifrac_unweighted",0.04,100
8,6,5,"abundance",0.6,"unifrac_weighted_phyloseq",0.28,100
8,6,5,"abundance",0.65,"GLaD_0.5_unweighted",0.08,100
8,6,5,"abundance",0.65,"GLaD_0.5_weighted",0.21,100
8,6,5,"abundance",0.65,"GLaD_1_unweighted",0.03,100
8,6,5,"abundance",0.65,"GLaD_1_weighted",0.15,100
8,6,5,"abundance",0.65,"GUniFrac",0.37,100
8,6,5,"abundance",0.65,"aitchison",0.09,100
8,6,5,"abundance",0.65,"bray",0.33,100
8,6,5,"abundance",0.65,"euclidean",0.18,100
8,6,5,"abundance",0.65,"jaccard",0.32,100
8,6,5,"abundance",0.65,"unifrac_unweighted",0.07,100
8,6,5,"abundance",0.65,"unifrac_weighted_phyloseq",0.32,100
8,6,5,"abundance",0.7,"GLaD_0.5_unweighted",0.04,100
8,6,5,"abundance",0.7,"GLaD_0.5_weighted",0.25,100
8,6,5,"abundance",0.7,"GLaD_1_unweighted",0.02,100
8,6,5,"abundance",0.7,"GLaD_1_weighted",0.2,100
8,6,5,"abundance",0.7,"GUniFrac",0.53,100
8,6,5,"abundance",0.7,"aitchison",0.08,100
8,6,5,"abundance",0.7,"bray",0.48,100
8,6,5,"abundance",0.7,"euclidean",0.28,100
8,6,5,"abundance",0.7,"jaccard",0.47,100
8,6,5,"abundance",0.7,"unifrac_unweighted",0.04,100
8,6,5,"abundance",0.7,"unifrac_weighted_phyloseq",0.48,100
8,6,5,"abundance",0.75,"GLaD_0.5_unweighted",0.08,100
8,6,5,"abundance",0.75,"GLaD_0.5_weighted",0.32,100
8,6,5,"abundance",0.75,"GLaD_1_unweighted",0.03,100
8,6,5,"abundance",0.75,"GLaD_1_weighted",0.27,100
8,6,5,"abundance",0.75,"GUniFrac",0.65,100
8,6,5,"abundance",0.75,"aitchison",0.14,100
8,6,5,"abundance",0.75,"bray",0.53,100
8,6,5,"abundance",0.75,"euclidean",0.26,100
8,6,5,"abundance",0.75,"jaccard",0.54,100
8,6,5,"abundance",0.75,"unifrac_unweighted",0.05,100
8,6,5,"abundance",0.75,"unifrac_weighted_phyloseq",0.51,100
8,6,5,"abundance",0.8,"GLaD_0.5_unweighted",0.03,100
8,6,5,"abundance",0.8,"GLaD_0.5_weighted",0.48,100
8,6,5,"abundance",0.8,"GLaD_1_unweighted",0.06,100
8,6,5,"abundance",0.8,"GLaD_1_weighted",0.36,100
8,6,5,"abundance",0.8,"GUniFrac",0.81,100
8,6,5,"abundance",0.8,"aitchison",0.1,100
8,6,5,"abundance",0.8,"bray",0.71,100
8,6,5,"abundance",0.8,"euclidean",0.37,100
8,6,5,"abundance",0.8,"jaccard",0.71,100
8,6,5,"abundance",0.8,"unifrac_unweighted",0.06,100
8,6,5,"abundance",0.8,"unifrac_weighted_phyloseq",0.64,100
8,6,5,"abundance",0.85,"GLaD_0.5_unweighted",0.04,100
8,6,5,"abundance",0.85,"GLaD_0.5_weighted",0.46,100
8,6,5,"abundance",0.85,"GLaD_1_unweighted",0.05,100
8,6,5,"abundance",0.85,"GLaD_1_weighted",0.37,100
8,6,5,"abundance",0.85,"GUniFrac",0.82,100
8,6,5,"abundance",0.85,"aitchison",0.14,100
8,6,5,"abundance",0.85,"bray",0.72,100
8,6,5,"abundance",0.85,"euclidean",0.41,100
8,6,5,"abundance",0.85,"jaccard",0.71,100
8,6,5,"abundance",0.85,"unifrac_unweighted",0.03,100
8,6,5,"abundance",0.85,"unifrac_weighted_phyloseq",0.7,100
8,6,5,"abundance",0.9,"GLaD_0.5_unweighted",0.01,100
8,6,5,"abundance",0.9,"GLaD_0.5_weighted",0.64,100
8,6,5,"abundance",0.9,"GLaD_1_unweighted",0.04,100
8,6,5,"abundance",0.9,"GLaD_1_weighted",0.48,100
8,6,5,"abundance",0.9,"GUniFrac",0.95,100
8,6,5,"abundance",0.9,"aitchison",0.16,100
8,6,5,"abundance",0.9,"bray",0.82,100
8,6,5,"abundance",0.9,"euclidean",0.5,100
8,6,5,"abundance",0.9,"jaccard",0.81,100
8,6,5,"abundance",0.9,"unifrac_unweighted",0.02,100
8,6,5,"abundance",0.9,"unifrac_weighted_phyloseq",0.88,100
8,6,5,"abundance",0.95,"GLaD_0.5_unweighted",0.05,100
8,6,5,"abundance",0.95,"GLaD_0.5_weighted",0.71,100
8,6,5,"abundance",0.95,"GLaD_1_unweighted",0.05,100
8,6,5,"abundance",0.95,"GLaD_1_weighted",0.55,100
8,6,5,"abundance",0.95,"GUniFrac",0.94,100
8,6,5,"abundance",0.95,"aitchison",0.16,100
8,6,5,"abundance",0.95,"bray",0.85,100
8,6,5,"abundance",0.95,"euclidean",0.6,100
8,6,5,"abundance",0.95,"jaccard",0.84,100
8,6,5,"abundance",0.95,"unifrac_unweighted",0.03,100
8,6,5,"abundance",0.95,"unifrac_weighted_phyloseq",0.87,100
8,6,5,"abundance",1,"GLaD_0.5_unweighted",0.03,100
8,6,5,"abundance",1,"GLaD_0.5_weighted",0.73,100
8,6,5,"abundance",1,"GLaD_1_unweighted",0.06,100
8,6,5,"abundance",1,"GLaD_1_weighted",0.57,100
8,6,5,"abundance",1,"GUniFrac",0.95,100
8,6,5,"abundance",1,"aitchison",0.18,100
8,6,5,"abundance",1,"bray",0.91,100
8,6,5,"abundance",1,"euclidean",0.61,100
8,6,5,"abundance",1,"jaccard",0.9,100
8,6,5,"abundance",1,"unifrac_unweighted",0.02,100
8,6,5,"abundance",1,"unifrac_weighted_phyloseq",0.88,100
8,6,5,"both",0.05,"GLaD_0.5_unweighted",0.06,100
8,6,5,"both",0.05,"GLaD_0.5_weighted",0.06,100
8,6,5,"both",0.05,"GLaD_1_unweighted",0.08,100
8,6,5,"both",0.05,"GLaD_1_weighted",0.06,100
8,6,5,"both",0.05,"GUniFrac",0.04,100
8,6,5,"both",0.05,"aitchison",0.06,100
8,6,5,"both",0.05,"bray",0.06,100
8,6,5,"both",0.05,"euclidean",0.03,100
8,6,5,"both",0.05,"jaccard",0.04,100
8,6,5,"both",0.05,"unifrac_unweighted",0.05,100
8,6,5,"both",0.05,"unifrac_weighted_phyloseq",0.04,100
8,6,5,"both",0.1,"GLaD_0.5_unweighted",0.02,100
8,6,5,"both",0.1,"GLaD_0.5_weighted",0.09,100
8,6,5,"both",0.1,"GLaD_1_unweighted",0.04,100
8,6,5,"both",0.1,"GLaD_1_weighted",0.08,100
8,6,5,"both",0.1,"GUniFrac",0.06,100
8,6,5,"both",0.1,"aitchison",0.03,100
8,6,5,"both",0.1,"bray",0.03,100
8,6,5,"both",0.1,"euclidean",0.08,100
8,6,5,"both",0.1,"jaccard",0.04,100
8,6,5,"both",0.1,"unifrac_unweighted",0.04,100
8,6,5,"both",0.1,"unifrac_weighted_phyloseq",0.06,100
8,6,5,"both",0.15,"GLaD_0.5_unweighted",0.04,100
8,6,5,"both",0.15,"GLaD_0.5_weighted",0.04,100
8,6,5,"both",0.15,"GLaD_1_unweighted",0.05,100
8,6,5,"both",0.15,"GLaD_1_weighted",0.05,100
8,6,5,"both",0.15,"GUniFrac",0.05,100
8,6,5,"both",0.15,"aitchison",0.05,100
8,6,5,"both",0.15,"bray",0.04,100
8,6,5,"both",0.15,"euclidean",0.05,100
8,6,5,"both",0.15,"jaccard",0.04,100
8,6,5,"both",0.15,"unifrac_unweighted",0.05,100
8,6,5,"both",0.15,"unifrac_weighted_phyloseq",0.03,100
8,6,5,"both",0.2,"GLaD_0.5_unweighted",0.05,100
8,6,5,"both",0.2,"GLaD_0.5_weighted",0.06,100
8,6,5,"both",0.2,"GLaD_1_unweighted",0.1,100
8,6,5,"both",0.2,"GLaD_1_weighted",0.06,100
8,6,5,"both",0.2,"GUniFrac",0.1,100
8,6,5,"both",0.2,"aitchison",0.09,100
8,6,5,"both",0.2,"bray",0.09,100
8,6,5,"both",0.2,"euclidean",0.08,100
8,6,5,"both",0.2,"jaccard",0.07,100
8,6,5,"both",0.2,"unifrac_unweighted",0.07,100
8,6,5,"both",0.2,"unifrac_weighted_phyloseq",0.12,100
8,6,5,"both",0.25,"GLaD_0.5_unweighted",0.07,100
8,6,5,"both",0.25,"GLaD_0.5_weighted",0.04,100
8,6,5,"both",0.25,"GLaD_1_unweighted",0.02,100
8,6,5,"both",0.25,"GLaD_1_weighted",0.06,100
8,6,5,"both",0.25,"GUniFrac",0.13,100
8,6,5,"both",0.25,"aitchison",0.1,100
8,6,5,"both",0.25,"bray",0.07,100
8,6,5,"both",0.25,"euclidean",0,100
8,6,5,"both",0.25,"jaccard",0.07,100
8,6,5,"both",0.25,"unifrac_unweighted",0.07,100
8,6,5,"both",0.25,"unifrac_weighted_phyloseq",0.05,100
8,6,5,"both",0.3,"GLaD_0.5_unweighted",0.08,100
8,6,5,"both",0.3,"GLaD_0.5_weighted",0.14,100
8,6,5,"both",0.3,"GLaD_1_unweighted",0.06,100
8,6,5,"both",0.3,"GLaD_1_weighted",0.1,100
8,6,5,"both",0.3,"GUniFrac",0.18,100
8,6,5,"both",0.3,"aitchison",0.13,100
8,6,5,"both",0.3,"bray",0.17,100
8,6,5,"both",0.3,"euclidean",0.1,100
8,6,5,"both",0.3,"jaccard",0.18,100
8,6,5,"both",0.3,"unifrac_unweighted",0.08,100
8,6,5,"both",0.3,"unifrac_weighted_phyloseq",0.12,100
8,6,5,"both",0.35,"GLaD_0.5_unweighted",0.14,100
8,6,5,"both",0.35,"GLaD_0.5_weighted",0.16,100
8,6,5,"both",0.35,"GLaD_1_unweighted",0.11,100
8,6,5,"both",0.35,"GLaD_1_weighted",0.15,100
8,6,5,"both",0.35,"GUniFrac",0.24,100
8,6,5,"both",0.35,"aitchison",0.19,100
8,6,5,"both",0.35,"bray",0.11,100
8,6,5,"both",0.35,"euclidean",0.06,100
8,6,5,"both",0.35,"jaccard",0.1,100
8,6,5,"both",0.35,"unifrac_unweighted",0.17,100
8,6,5,"both",0.35,"unifrac_weighted_phyloseq",0.18,100
8,6,5,"both",0.4,"GLaD_0.5_unweighted",0.16,100
8,6,5,"both",0.4,"GLaD_0.5_weighted",0.1,100
8,6,5,"both",0.4,"GLaD_1_unweighted",0.06,100
8,6,5,"both",0.4,"GLaD_1_weighted",0.14,100
8,6,5,"both",0.4,"GUniFrac",0.38,100
8,6,5,"both",0.4,"aitchison",0.26,100
8,6,5,"both",0.4,"bray",0.18,100
8,6,5,"both",0.4,"euclidean",0.11,100
8,6,5,"both",0.4,"jaccard",0.19,100
8,6,5,"both",0.4,"unifrac_unweighted",0.15,100
8,6,5,"both",0.4,"unifrac_weighted_phyloseq",0.18,100
8,6,5,"both",0.45,"GLaD_0.5_unweighted",0.14,100
8,6,5,"both",0.45,"GLaD_0.5_weighted",0.18,100
8,6,5,"both",0.45,"GLaD_1_unweighted",0.08,100
8,6,5,"both",0.45,"GLaD_1_weighted",0.2,100
8,6,5,"both",0.45,"GUniFrac",0.38,100
8,6,5,"both",0.45,"aitchison",0.34,100
8,6,5,"both",0.45,"bray",0.23,100
8,6,5,"both",0.45,"euclidean",0.09,100
8,6,5,"both",0.45,"jaccard",0.21,100
8,6,5,"both",0.45,"unifrac_unweighted",0.16,100
8,6,5,"both",0.45,"unifrac_weighted_phyloseq",0.25,100
8,6,5,"both",0.5,"GLaD_0.5_unweighted",0.27,100
8,6,5,"both",0.5,"GLaD_0.5_weighted",0.22,100
8,6,5,"both",0.5,"GLaD_1_unweighted",0.14,100
8,6,5,"both",0.5,"GLaD_1_weighted",0.22,100
8,6,5,"both",0.5,"GUniFrac",0.66,100
8,6,5,"both",0.5,"aitchison",0.56,100
8,6,5,"both",0.5,"bray",0.37,100
8,6,5,"both",0.5,"euclidean",0.14,100
8,6,5,"both",0.5,"jaccard",0.37,100
8,6,5,"both",0.5,"unifrac_unweighted",0.26,100
8,6,5,"both",0.5,"unifrac_weighted_phyloseq",0.42,100
8,6,5,"both",0.55,"GLaD_0.5_unweighted",0.32,100
8,6,5,"both",0.55,"GLaD_0.5_weighted",0.2,100
8,6,5,"both",0.55,"GLaD_1_unweighted",0.13,100
8,6,5,"both",0.55,"GLaD_1_weighted",0.17,100
8,6,5,"both",0.55,"GUniFrac",0.73,100
8,6,5,"both",0.55,"aitchison",0.6,100
8,6,5,"both",0.55,"bray",0.45,100
8,6,5,"both",0.55,"euclidean",0.14,100
8,6,5,"both",0.55,"jaccard",0.43,100
8,6,5,"both",0.55,"unifrac_unweighted",0.33,100
8,6,5,"both",0.55,"unifrac_weighted_phyloseq",0.41,100
8,6,5,"both",0.6,"GLaD_0.5_unweighted",0.51,100
8,6,5,"both",0.6,"GLaD_0.5_weighted",0.42,100
8,6,5,"both",0.6,"GLaD_1_unweighted",0.15,100
8,6,5,"both",0.6,"GLaD_1_weighted",0.4,100
8,6,5,"both",0.6,"GUniFrac",0.9,100
8,6,5,"both",0.6,"aitchison",0.83,100
8,6,5,"both",0.6,"bray",0.63,100
8,6,5,"both",0.6,"euclidean",0.16,100
8,6,5,"both",0.6,"jaccard",0.61,100
8,6,5,"both",0.6,"unifrac_unweighted",0.49,100
8,6,5,"both",0.6,"unifrac_weighted_phyloseq",0.64,100
8,6,5,"both",0.65,"GLaD_0.5_unweighted",0.52,100
8,6,5,"both",0.65,"GLaD_0.5_weighted",0.41,100
8,6,5,"both",0.65,"GLaD_1_unweighted",0.17,100
8,6,5,"both",0.65,"GLaD_1_weighted",0.37,100
8,6,5,"both",0.65,"GUniFrac",0.95,100
8,6,5,"both",0.65,"aitchison",0.94,100
8,6,5,"both",0.65,"bray",0.7,100
8,6,5,"both",0.65,"euclidean",0.25,100
8,6,5,"both",0.65,"jaccard",0.69,100
8,6,5,"both",0.65,"unifrac_unweighted",0.59,100
8,6,5,"both",0.65,"unifrac_weighted_phyloseq",0.67,100
8,6,5,"both",0.7,"GLaD_0.5_unweighted",0.75,100
8,6,5,"both",0.7,"GLaD_0.5_weighted",0.51,100
8,6,5,"both",0.7,"GLaD_1_unweighted",0.23,100
8,6,5,"both",0.7,"GLaD_1_weighted",0.42,100
8,6,5,"both",0.7,"GUniFrac",0.97,100
8,6,5,"both",0.7,"aitchison",0.98,100
8,6,5,"both",0.7,"bray",0.74,100
8,6,5,"both",0.7,"euclidean",0.33,100
8,6,5,"both",0.7,"jaccard",0.71,100
8,6,5,"both",0.7,"unifrac_unweighted",0.75,100
8,6,5,"both",0.7,"unifrac_weighted_phyloseq",0.75,100
8,6,5,"both",0.75,"GLaD_0.5_unweighted",0.81,100
8,6,5,"both",0.75,"GLaD_0.5_weighted",0.57,100
8,6,5,"both",0.75,"GLaD_1_unweighted",0.27,100
8,6,5,"both",0.75,"GLaD_1_weighted",0.48,100
8,6,5,"both",0.75,"GUniFrac",1,100
8,6,5,"both",0.75,"aitchison",1,100
8,6,5,"both",0.75,"bray",0.84,100
8,6,5,"both",0.75,"euclidean",0.35,100
8,6,5,"both",0.75,"jaccard",0.82,100
8,6,5,"both",0.75,"unifrac_unweighted",0.83,100
8,6,5,"both",0.75,"unifrac_weighted_phyloseq",0.87,100
8,6,5,"both",0.8,"GLaD_0.5_unweighted",0.87,100
8,6,5,"both",0.8,"GLaD_0.5_weighted",0.65,100
8,6,5,"both",0.8,"GLaD_1_unweighted",0.24,100
8,6,5,"both",0.8,"GLaD_1_weighted",0.6,100
8,6,5,"both",0.8,"GUniFrac",1,100
8,6,5,"both",0.8,"aitchison",0.99,100
8,6,5,"both",0.8,"bray",0.93,100
8,6,5,"both",0.8,"euclidean",0.33,100
8,6,5,"both",0.8,"jaccard",0.92,100
8,6,5,"both",0.8,"unifrac_unweighted",0.9,100
8,6,5,"both",0.8,"unifrac_weighted_phyloseq",0.92,100
8,6,5,"both",0.85,"GLaD_0.5_unweighted",0.94,100
8,6,5,"both",0.85,"GLaD_0.5_weighted",0.76,100
8,6,5,"both",0.85,"GLaD_1_unweighted",0.23,100
8,6,5,"both",0.85,"GLaD_1_weighted",0.67,100
8,6,5,"both",0.85,"GUniFrac",1,100
8,6,5,"both",0.85,"aitchison",1,100
8,6,5,"both",0.85,"bray",0.97,100
8,6,5,"both",0.85,"euclidean",0.52,100
8,6,5,"both",0.85,"jaccard",0.95,100
8,6,5,"both",0.85,"unifrac_unweighted",0.94,100
8,6,5,"both",0.85,"unifrac_weighted_phyloseq",0.96,100
8,6,5,"both",0.9,"GLaD_0.5_unweighted",1,100
8,6,5,"both",0.9,"GLaD_0.5_weighted",0.9,100
8,6,5,"both",0.9,"GLaD_1_unweighted",0.34,100
8,6,5,"both",0.9,"GLaD_1_weighted",0.82,100
8,6,5,"both",0.9,"GUniFrac",1,100
8,6,5,"both",0.9,"aitchison",1,100
8,6,5,"both",0.9,"bray",1,100
8,6,5,"both",0.9,"euclidean",0.58,100
8,6,5,"both",0.9,"jaccard",0.99,100
8,6,5,"both",0.9,"unifrac_unweighted",0.99,100
8,6,5,"both",0.9,"unifrac_weighted_phyloseq",1,100
8,6,5,"both",0.95,"GLaD_0.5_unweighted",1,100
8,6,5,"both",0.95,"GLaD_0.5_weighted",0.86,100
8,6,5,"both",0.95,"GLaD_1_unweighted",0.33,100
8,6,5,"both",0.95,"GLaD_1_weighted",0.79,100
8,6,5,"both",0.95,"GUniFrac",1,100
8,6,5,"both",0.95,"aitchison",1,100
8,6,5,"both",0.95,"bray",1,100
8,6,5,"both",0.95,"euclidean",0.62,100
8,6,5,"both",0.95,"jaccard",0.99,100
8,6,5,"both",0.95,"unifrac_unweighted",1,100
8,6,5,"both",0.95,"unifrac_weighted_phyloseq",1,100
8,6,5,"both",1,"GLaD_0.5_unweighted",1,100
8,6,5,"both",1,"GLaD_0.5_weighted",0.99,100
8,6,5,"both",1,"GLaD_1_unweighted",0.37,100
8,6,5,"both",1,"GLaD_1_weighted",0.95,100
8,6,5,"both",1,"GUniFrac",1,100
8,6,5,"both",1,"aitchison",1,100
8,6,5,"both",1,"bray",1,100
8,6,5,"both",1,"euclidean",0.79,100
8,6,5,"both",1,"jaccard",1,100
8,6,5,"both",1,"unifrac_unweighted",0.99,100
8,6,5,"both",1,"unifrac_weighted_phyloseq",1,100
8,6,5,"prevalence",0.05,"GLaD_0.5_unweighted",0.02,100
8,6,5,"prevalence",0.05,"GLaD_0.5_weighted",0.06,100
8,6,5,"prevalence",0.05,"GLaD_1_unweighted",0.08,100
8,6,5,"prevalence",0.05,"GLaD_1_weighted",0.07,100
8,6,5,"prevalence",0.05,"GUniFrac",0.11,100
8,6,5,"prevalence",0.05,"aitchison",0.05,100
8,6,5,"prevalence",0.05,"bray",0.08,100
8,6,5,"prevalence",0.05,"euclidean",0.1,100
8,6,5,"prevalence",0.05,"jaccard",0.09,100
8,6,5,"prevalence",0.05,"unifrac_unweighted",0.03,100
8,6,5,"prevalence",0.05,"unifrac_weighted_phyloseq",0.12,100
8,6,5,"prevalence",0.1,"GLaD_0.5_unweighted",0.04,100
8,6,5,"prevalence",0.1,"GLaD_0.5_weighted",0.01,100
8,6,5,"prevalence",0.1,"GLaD_1_unweighted",0.03,100
8,6,5,"prevalence",0.1,"GLaD_1_weighted",0.02,100
8,6,5,"prevalence",0.1,"GUniFrac",0.01,100
8,6,5,"prevalence",0.1,"aitchison",0.01,100
8,6,5,"prevalence",0.1,"bray",0.01,100
8,6,5,"prevalence",0.1,"euclidean",0.01,100
8,6,5,"prevalence",0.1,"jaccard",0,100
8,6,5,"prevalence",0.1,"unifrac_unweighted",0.02,100
8,6,5,"prevalence",0.1,"unifrac_weighted_phyloseq",0.04,100
8,6,5,"prevalence",0.15,"GLaD_0.5_unweighted",0.05,100
8,6,5,"prevalence",0.15,"GLaD_0.5_weighted",0.02,100
8,6,5,"prevalence",0.15,"GLaD_1_unweighted",0.04,100
8,6,5,"prevalence",0.15,"GLaD_1_weighted",0.03,100
8,6,5,"prevalence",0.15,"GUniFrac",0.02,100
8,6,5,"prevalence",0.15,"aitchison",0.07,100
8,6,5,"prevalence",0.15,"bray",0.07,100
8,6,5,"prevalence",0.15,"euclidean",0.04,100
8,6,5,"prevalence",0.15,"jaccard",0.06,100
8,6,5,"prevalence",0.15,"unifrac_unweighted",0.09,100
8,6,5,"prevalence",0.15,"unifrac_weighted_phyloseq",0.02,100
8,6,5,"prevalence",0.2,"GLaD_0.5_unweighted",0.05,100
8,6,5,"prevalence",0.2,"GLaD_0.5_weighted",0.04,100
8,6,5,"prevalence",0.2,"GLaD_1_unweighted",0.06,100
8,6,5,"prevalence",0.2,"GLaD_1_weighted",0,100
8,6,5,"prevalence",0.2,"GUniFrac",0.05,100
8,6,5,"prevalence",0.2,"aitchison",0.1,100
8,6,5,"prevalence",0.2,"bray",0.04,100
8,6,5,"prevalence",0.2,"euclidean",0.06,100
8,6,5,"prevalence",0.2,"jaccard",0.04,100
8,6,5,"prevalence",0.2,"unifrac_unweighted",0.04,100
8,6,5,"prevalence",0.2,"unifrac_weighted_phyloseq",0.03,100
8,6,5,"prevalence",0.25,"GLaD_0.5_unweighted",0.11,100
8,6,5,"prevalence",0.25,"GLaD_0.5_weighted",0.05,100
8,6,5,"prevalence",0.25,"GLaD_1_unweighted",0.06,100
8,6,5,"prevalence",0.25,"GLaD_1_weighted",0.05,100
8,6,5,"prevalence",0.25,"GUniFrac",0.04,100
8,6,5,"prevalence",0.25,"aitchison",0.11,100
8,6,5,"prevalence",0.25,"bray",0.02,100
8,6,5,"prevalence",0.25,"euclidean",0.05,100
8,6,5,"prevalence",0.25,"jaccard",0.04,100
8,6,5,"prevalence",0.25,"unifrac_unweighted",0.08,100
8,6,5,"prevalence",0.25,"unifrac_weighted_phyloseq",0.03,100
8,6,5,"prevalence",0.3,"GLaD_0.5_unweighted",0.07,100
8,6,5,"prevalence",0.3,"GLaD_0.5_weighted",0.03,100
8,6,5,"prevalence",0.3,"GLaD_1_unweighted",0.04,100
8,6,5,"prevalence",0.3,"GLaD_1_weighted",0.05,100
8,6,5,"prevalence",0.3,"GUniFrac",0.06,100
8,6,5,"prevalence",0.3,"aitchison",0.12,100
8,6,5,"prevalence",0.3,"bray",0.07,100
8,6,5,"prevalence",0.3,"euclidean",0.06,100
8,6,5,"prevalence",0.3,"jaccard",0.07,100
8,6,5,"prevalence",0.3,"unifrac_unweighted",0.13,100
8,6,5,"prevalence",0.3,"unifrac_weighted_phyloseq",0.03,100
8,6,5,"prevalence",0.35,"GLaD_0.5_unweighted",0.11,100
8,6,5,"prevalence",0.35,"GLaD_0.5_weighted",0.05,100
8,6,5,"prevalence",0.35,"GLaD_1_unweighted",0.05,100
8,6,5,"prevalence",0.35,"GLaD_1_weighted",0.03,100
8,6,5,"prevalence",0.35,"GUniFrac",0.05,100
8,6,5,"prevalence",0.35,"aitchison",0.1,100
8,6,5,"prevalence",0.35,"bray",0.05,100
8,6,5,"prevalence",0.35,"euclidean",0.03,100
8,6,5,"prevalence",0.35,"jaccard",0.03,100
8,6,5,"prevalence",0.35,"unifrac_unweighted",0.14,100
8,6,5,"prevalence",0.35,"unifrac_weighted_phyloseq",0.05,100
8,6,5,"prevalence",0.4,"GLaD_0.5_unweighted",0.19,100
8,6,5,"prevalence",0.4,"GLaD_0.5_weighted",0.06,100
8,6,5,"prevalence",0.4,"GLaD_1_unweighted",0.06,100
8,6,5,"prevalence",0.4,"GLaD_1_weighted",0.06,100
8,6,5,"prevalence",0.4,"GUniFrac",0.06,100
8,6,5,"prevalence",0.4,"aitchison",0.19,100
8,6,5,"prevalence",0.4,"bray",0.07,100
8,6,5,"prevalence",0.4,"euclidean",0.09,100
8,6,5,"prevalence",0.4,"jaccard",0.06,100
8,6,5,"prevalence",0.4,"unifrac_unweighted",0.17,100
8,6,5,"prevalence",0.4,"unifrac_weighted_phyloseq",0.08,100
8,6,5,"prevalence",0.45,"GLaD_0.5_unweighted",0.15,100
8,6,5,"prevalence",0.45,"GLaD_0.5_weighted",0.01,100
8,6,5,"prevalence",0.45,"GLaD_1_unweighted",0.05,100
8,6,5,"prevalence",0.45,"GLaD_1_weighted",0.01,100
8,6,5,"prevalence",0.45,"GUniFrac",0.06,100
8,6,5,"prevalence",0.45,"aitchison",0.12,100
8,6,5,"prevalence",0.45,"bray",0.05,100
8,6,5,"prevalence",0.45,"euclidean",0.03,100
8,6,5,"prevalence",0.45,"jaccard",0.05,100
8,6,5,"prevalence",0.45,"unifrac_unweighted",0.11,100
8,6,5,"prevalence",0.45,"unifrac_weighted_phyloseq",0.02,100
8,6,5,"prevalence",0.5,"GLaD_0.5_unweighted",0.29,100
8,6,5,"prevalence",0.5,"GLaD_0.5_weighted",0.04,100
8,6,5,"prevalence",0.5,"GLaD_1_unweighted",0.12,100
8,6,5,"prevalence",0.5,"GLaD_1_weighted",0.04,100
8,6,5,"prevalence",0.5,"GUniFrac",0.07,100
8,6,5,"prevalence",0.5,"aitchison",0.29,100
8,6,5,"prevalence",0.5,"bray",0.04,100
8,6,5,"prevalence",0.5,"euclidean",0.04,100
8,6,5,"prevalence",0.5,"jaccard",0.03,100
8,6,5,"prevalence",0.5,"unifrac_unweighted",0.28,100
8,6,5,"prevalence",0.5,"unifrac_weighted_phyloseq",0.03,100
8,6,5,"prevalence",0.55,"GLaD_0.5_unweighted",0.35,100
8,6,5,"prevalence",0.55,"GLaD_0.5_weighted",0.06,100
8,6,5,"prevalence",0.55,"GLaD_1_unweighted",0.13,100
8,6,5,"prevalence",0.55,"GLaD_1_weighted",0.05,100
8,6,5,"prevalence",0.55,"GUniFrac",0.08,100
8,6,5,"prevalence",0.55,"aitchison",0.25,100
8,6,5,"prevalence",0.55,"bray",0.06,100
8,6,5,"prevalence",0.55,"euclidean",0.06,100
8,6,5,"prevalence",0.55,"jaccard",0.08,100
8,6,5,"prevalence",0.55,"unifrac_unweighted",0.34,100
8,6,5,"prevalence",0.55,"unifrac_weighted_phyloseq",0.05,100
8,6,5,"prevalence",0.6,"GLaD_0.5_unweighted",0.35,100
8,6,5,"prevalence",0.6,"GLaD_0.5_weighted",0.05,100
8,6,5,"prevalence",0.6,"GLaD_1_unweighted",0.09,100
8,6,5,"prevalence",0.6,"GLaD_1_weighted",0.07,100
8,6,5,"prevalence",0.6,"GUniFrac",0.1,100
8,6,5,"prevalence",0.6,"aitchison",0.33,100
8,6,5,"prevalence",0.6,"bray",0.05,100
8,6,5,"prevalence",0.6,"euclidean",0.02,100
8,6,5,"prevalence",0.6,"jaccard",0.04,100
8,6,5,"prevalence",0.6,"unifrac_unweighted",0.39,100
8,6,5,"prevalence",0.6,"unifrac_weighted_phyloseq",0.08,100
8,6,5,"prevalence",0.65,"GLaD_0.5_unweighted",0.61,100
8,6,5,"prevalence",0.65,"GLaD_0.5_weighted",0.05,100
8,6,5,"prevalence",0.65,"GLaD_1_unweighted",0.2,100
8,6,5,"prevalence",0.65,"GLaD_1_weighted",0.06,100
8,6,5,"prevalence",0.65,"GUniFrac",0.12,100
8,6,5,"prevalence",0.65,"aitchison",0.39,100
8,6,5,"prevalence",0.65,"bray",0.03,100
8,6,5,"prevalence",0.65,"euclidean",0.03,100
8,6,5,"prevalence",0.65,"jaccard",0.03,100
8,6,5,"prevalence",0.65,"unifrac_unweighted",0.62,100
8,6,5,"prevalence",0.65,"unifrac_weighted_phyloseq",0.04,100
8,6,5,"prevalence",0.7,"GLaD_0.5_unweighted",0.66,100
8,6,5,"prevalence",0.7,"GLaD_0.5_weighted",0.05,100
8,6,5,"prevalence",0.7,"GLaD_1_unweighted",0.22,100
8,6,5,"prevalence",0.7,"GLaD_1_weighted",0.05,100
8,6,5,"prevalence",0.7,"GUniFrac",0.11,100
8,6,5,"prevalence",0.7,"aitchison",0.44,100
8,6,5,"prevalence",0.7,"bray",0.03,100
8,6,5,"prevalence",0.7,"euclidean",0.06,100
8,6,5,"prevalence",0.7,"jaccard",0.04,100
8,6,5,"prevalence",0.7,"unifrac_unweighted",0.71,100
8,6,5,"prevalence",0.7,"unifrac_weighted_phyloseq",0.04,100
8,6,5,"prevalence",0.75,"GLaD_0.5_unweighted",0.83,100
8,6,5,"prevalence",0.75,"GLaD_0.5_weighted",0.03,100
8,6,5,"prevalence",0.75,"GLaD_1_unweighted",0.27,100
8,6,5,"prevalence",0.75,"GLaD_1_weighted",0.04,100
8,6,5,"prevalence",0.75,"GUniFrac",0.14,100
8,6,5,"prevalence",0.75,"aitchison",0.69,100
8,6,5,"prevalence",0.75,"bray",0.09,100
8,6,5,"prevalence",0.75,"euclidean",0.06,100
8,6,5,"prevalence",0.75,"jaccard",0.1,100
8,6,5,"prevalence",0.75,"unifrac_unweighted",0.81,100
8,6,5,"prevalence",0.75,"unifrac_weighted_phyloseq",0.07,100
8,6,5,"prevalence",0.8,"GLaD_0.5_unweighted",0.86,100
8,6,5,"prevalence",0.8,"GLaD_0.5_weighted",0.03,100
8,6,5,"prevalence",0.8,"GLaD_1_unweighted",0.22,100
8,6,5,"prevalence",0.8,"GLaD_1_weighted",0.03,100
8,6,5,"prevalence",0.8,"GUniFrac",0.14,100
8,6,5,"prevalence",0.8,"aitchison",0.65,100
8,6,5,"prevalence",0.8,"bray",0.09,100
8,6,5,"prevalence",0.8,"euclidean",0.06,100
8,6,5,"prevalence",0.8,"jaccard",0.09,100
8,6,5,"prevalence",0.8,"unifrac_unweighted",0.89,100
8,6,5,"prevalence",0.8,"unifrac_weighted_phyloseq",0.07,100
8,6,5,"prevalence",0.85,"GLaD_0.5_unweighted",0.93,100
8,6,5,"prevalence",0.85,"GLaD_0.5_weighted",0.09,100
8,6,5,"prevalence",0.85,"GLaD_1_unweighted",0.28,100
8,6,5,"prevalence",0.85,"GLaD_1_weighted",0.09,100
8,6,5,"prevalence",0.85,"GUniFrac",0.24,100
8,6,5,"prevalence",0.85,"aitchison",0.83,100
8,6,5,"prevalence",0.85,"bray",0.11,100
8,6,5,"prevalence",0.85,"euclidean",0.05,100
8,6,5,"prevalence",0.85,"jaccard",0.09,100
8,6,5,"prevalence",0.85,"unifrac_unweighted",0.91,100
8,6,5,"prevalence",0.85,"unifrac_weighted_phyloseq",0.08,100
8,6,5,"prevalence",0.9,"GLaD_0.5_unweighted",0.98,100
8,6,5,"prevalence",0.9,"GLaD_0.5_weighted",0.05,100
8,6,5,"prevalence",0.9,"GLaD_1_unweighted",0.24,100
8,6,5,"prevalence",0.9,"GLaD_1_weighted",0.05,100
8,6,5,"prevalence",0.9,"GUniFrac",0.25,100
8,6,5,"prevalence",0.9,"aitchison",0.89,100
8,6,5,"prevalence",0.9,"bray",0.08,100
8,6,5,"prevalence",0.9,"euclidean",0.05,100
8,6,5,"prevalence",0.9,"jaccard",0.09,100
8,6,5,"prevalence",0.9,"unifrac_unweighted",0.97,100
8,6,5,"prevalence",0.9,"unifrac_weighted_phyloseq",0.06,100
8,6,5,"prevalence",0.95,"GLaD_0.5_unweighted",1,100
8,6,5,"prevalence",0.95,"GLaD_0.5_weighted",0.05,100
8,6,5,"prevalence",0.95,"GLaD_1_unweighted",0.44,100
8,6,5,"prevalence",0.95,"GLaD_1_weighted",0.06,100
8,6,5,"prevalence",0.95,"GUniFrac",0.29,100
8,6,5,"prevalence",0.95,"aitchison",0.92,100
8,6,5,"prevalence",0.95,"bray",0.06,100
8,6,5,"prevalence",0.95,"euclidean",0.07,100
8,6,5,"prevalence",0.95,"jaccard",0.05,100
8,6,5,"prevalence",0.95,"unifrac_unweighted",1,100
8,6,5,"prevalence",0.95,"unifrac_weighted_phyloseq",0.05,100
8,6,5,"prevalence",1,"GLaD_0.5_unweighted",1,100
8,6,5,"prevalence",1,"GLaD_0.5_weighted",0.09,100
8,6,5,"prevalence",1,"GLaD_1_unweighted",0.31,100
8,6,5,"prevalence",1,"GLaD_1_weighted",0.08,100
8,6,5,"prevalence",1,"GUniFrac",0.29,100
8,6,5,"prevalence",1,"aitchison",1,100
8,6,5,"prevalence",1,"bray",0.08,100
8,6,5,"prevalence",1,"euclidean",0.04,100
8,6,5,"prevalence",1,"jaccard",0.07,100
8,6,5,"prevalence",1,"unifrac_unweighted",1,100
8,6,5,"prevalence",1,"unifrac_weighted_phyloseq",0.08,100
8,7,2,"abundance",0.05,"GLaD_0.5_unweighted",0.06,100
8,7,2,"abundance",0.05,"GLaD_0.5_weighted",0.03,100
8,7,2,"abundance",0.05,"GLaD_1_unweighted",0.07,100
8,7,2,"abundance",0.05,"GLaD_1_weighted",0.05,100
8,7,2,"abundance",0.05,"GUniFrac",0.03,100
8,7,2,"abundance",0.05,"aitchison",0.03,100
8,7,2,"abundance",0.05,"bray",0.05,100
8,7,2,"abundance",0.05,"euclidean",0.03,100
8,7,2,"abundance",0.05,"jaccard",0.06,100
8,7,2,"abundance",0.05,"unifrac_unweighted",0.07,100
8,7,2,"abundance",0.05,"unifrac_weighted_phyloseq",0.02,100
8,7,2,"abundance",0.1,"GLaD_0.5_unweighted",0.06,100
8,7,2,"abundance",0.1,"GLaD_0.5_weighted",0.04,100
8,7,2,"abundance",0.1,"GLaD_1_unweighted",0.03,100
8,7,2,"abundance",0.1,"GLaD_1_weighted",0.05,100
8,7,2,"abundance",0.1,"GUniFrac",0.07,100
8,7,2,"abundance",0.1,"aitchison",0.04,100
8,7,2,"abundance",0.1,"bray",0.06,100
8,7,2,"abundance",0.1,"euclidean",0.06,100
8,7,2,"abundance",0.1,"jaccard",0.06,100
8,7,2,"abundance",0.1,"unifrac_unweighted",0.03,100
8,7,2,"abundance",0.1,"unifrac_weighted_phyloseq",0.05,100
8,7,2,"abundance",0.15,"GLaD_0.5_unweighted",0.06,100
8,7,2,"abundance",0.15,"GLaD_0.5_weighted",0.04,100
8,7,2,"abundance",0.15,"GLaD_1_unweighted",0.06,100
8,7,2,"abundance",0.15,"GLaD_1_weighted",0.05,100
8,7,2,"abundance",0.15,"GUniFrac",0.1,100
8,7,2,"abundance",0.15,"aitchison",0.04,100
8,7,2,"abundance",0.15,"bray",0.08,100
8,7,2,"abundance",0.15,"euclidean",0.07,100
8,7,2,"abundance",0.15,"jaccard",0.09,100
8,7,2,"abundance",0.15,"unifrac_unweighted",0.02,100
8,7,2,"abundance",0.15,"unifrac_weighted_phyloseq",0.05,100
8,7,2,"abundance",0.2,"GLaD_0.5_unweighted",0.05,100
8,7,2,"abundance",0.2,"GLaD_0.5_weighted",0.04,100
8,7,2,"abundance",0.2,"GLaD_1_unweighted",0.04,100
8,7,2,"abundance",0.2,"GLaD_1_weighted",0.07,100
8,7,2,"abundance",0.2,"GUniFrac",0.07,100
8,7,2,"abundance",0.2,"aitchison",0.03,100
8,7,2,"abundance",0.2,"bray",0.07,100
8,7,2,"abundance",0.2,"euclidean",0.09,100
8,7,2,"abundance",0.2,"jaccard",0.08,100
8,7,2,"abundance",0.2,"unifrac_unweighted",0.05,100
8,7,2,"abundance",0.2,"unifrac_weighted_phyloseq",0.06,100
8,7,2,"abundance",0.25,"GLaD_0.5_unweighted",0.11,100
8,7,2,"abundance",0.25,"GLaD_0.5_weighted",0.12,100
8,7,2,"abundance",0.25,"GLaD_1_unweighted",0.04,100
8,7,2,"abundance",0.25,"GLaD_1_weighted",0.13,100
8,7,2,"abundance",0.25,"GUniFrac",0.13,100
8,7,2,"abundance",0.25,"aitchison",0.06,100
8,7,2,"abundance",0.25,"bray",0.11,100
8,7,2,"abundance",0.25,"euclidean",0.05,100
8,7,2,"abundance",0.25,"jaccard",0.1,100
8,7,2,"abundance",0.25,"unifrac_unweighted",0.05,100
8,7,2,"abundance",0.25,"unifrac_weighted_phyloseq",0.12,100
8,7,2,"abundance",0.3,"GLaD_0.5_unweighted",0.06,100
8,7,2,"abundance",0.3,"GLaD_0.5_weighted",0.12,100
8,7,2,"abundance",0.3,"GLaD_1_unweighted",0.07,100
8,7,2,"abundance",0.3,"GLaD_1_weighted",0.13,100
8,7,2,"abundance",0.3,"GUniFrac",0.16,100
8,7,2,"abundance",0.3,"aitchison",0.07,100
8,7,2,"abundance",0.3,"bray",0.15,100
8,7,2,"abundance",0.3,"euclidean",0.09,100
8,7,2,"abundance",0.3,"jaccard",0.15,100
8,7,2,"abundance",0.3,"unifrac_unweighted",0.04,100
8,7,2,"abundance",0.3,"unifrac_weighted_phyloseq",0.19,100
8,7,2,"abundance",0.35,"GLaD_0.5_unweighted",0.06,100
8,7,2,"abundance",0.35,"GLaD_0.5_weighted",0.18,100
8,7,2,"abundance",0.35,"GLaD_1_unweighted",0.07,100
8,7,2,"abundance",0.35,"GLaD_1_weighted",0.21,100
8,7,2,"abundance",0.35,"GUniFrac",0.2,100
8,7,2,"abundance",0.35,"aitchison",0.06,100
8,7,2,"abundance",0.35,"bray",0.12,100
8,7,2,"abundance",0.35,"euclidean",0.11,100
8,7,2,"abundance",0.35,"jaccard",0.12,100
8,7,2,"abundance",0.35,"unifrac_unweighted",0.06,100
8,7,2,"abundance",0.35,"unifrac_weighted_phyloseq",0.24,100
8,7,2,"abundance",0.4,"GLaD_0.5_unweighted",0.08,100
8,7,2,"abundance",0.4,"GLaD_0.5_weighted",0.25,100
8,7,2,"abundance",0.4,"GLaD_1_unweighted",0.08,100
8,7,2,"abundance",0.4,"GLaD_1_weighted",0.16,100
8,7,2,"abundance",0.4,"GUniFrac",0.23,100
8,7,2,"abundance",0.4,"aitchison",0.06,100
8,7,2,"abundance",0.4,"bray",0.2,100
8,7,2,"abundance",0.4,"euclidean",0.16,100
8,7,2,"abundance",0.4,"jaccard",0.2,100
8,7,2,"abundance",0.4,"unifrac_unweighted",0.06,100
8,7,2,"abundance",0.4,"unifrac_weighted_phyloseq",0.26,100
8,7,2,"abundance",0.45,"GLaD_0.5_unweighted",0.03,100
8,7,2,"abundance",0.45,"GLaD_0.5_weighted",0.27,100
8,7,2,"abundance",0.45,"GLaD_1_unweighted",0.03,100
8,7,2,"abundance",0.45,"GLaD_1_weighted",0.27,100
8,7,2,"abundance",0.45,"GUniFrac",0.32,100
8,7,2,"abundance",0.45,"aitchison",0.05,100
8,7,2,"abundance",0.45,"bray",0.24,100
8,7,2,"abundance",0.45,"euclidean",0.12,100
8,7,2,"abundance",0.45,"jaccard",0.21,100
8,7,2,"abundance",0.45,"unifrac_unweighted",0.02,100
8,7,2,"abundance",0.45,"unifrac_weighted_phyloseq",0.28,100
8,7,2,"abundance",0.5,"GLaD_0.5_unweighted",0.03,100
8,7,2,"abundance",0.5,"GLaD_0.5_weighted",0.34,100
8,7,2,"abundance",0.5,"GLaD_1_unweighted",0.04,100
8,7,2,"abundance",0.5,"GLaD_1_weighted",0.3,100
8,7,2,"abundance",0.5,"GUniFrac",0.48,100
8,7,2,"abundance",0.5,"aitchison",0.05,100
8,7,2,"abundance",0.5,"bray",0.39,100
8,7,2,"abundance",0.5,"euclidean",0.23,100
8,7,2,"abundance",0.5,"jaccard",0.39,100
8,7,2,"abundance",0.5,"unifrac_unweighted",0.01,100
8,7,2,"abundance",0.5,"unifrac_weighted_phyloseq",0.4,100
8,7,2,"abundance",0.55,"GLaD_0.5_unweighted",0.09,100
8,7,2,"abundance",0.55,"GLaD_0.5_weighted",0.5,100
8,7,2,"abundance",0.55,"GLaD_1_unweighted",0.06,100
8,7,2,"abundance",0.55,"GLaD_1_weighted",0.43,100
8,7,2,"abundance",0.55,"GUniFrac",0.62,100
8,7,2,"abundance",0.55,"aitchison",0.12,100
8,7,2,"abundance",0.55,"bray",0.52,100
8,7,2,"abundance",0.55,"euclidean",0.34,100
8,7,2,"abundance",0.55,"jaccard",0.48,100
8,7,2,"abundance",0.55,"unifrac_unweighted",0.06,100
8,7,2,"abundance",0.55,"unifrac_weighted_phyloseq",0.55,100
8,7,2,"abundance",0.6,"GLaD_0.5_unweighted",0.05,100
8,7,2,"abundance",0.6,"GLaD_0.5_weighted",0.55,100
8,7,2,"abundance",0.6,"GLaD_1_unweighted",0.02,100
8,7,2,"abundance",0.6,"GLaD_1_weighted",0.5,100
8,7,2,"abundance",0.6,"GUniFrac",0.7,100
8,7,2,"abundance",0.6,"aitchison",0.08,100
8,7,2,"abundance",0.6,"bray",0.56,100
8,7,2,"abundance",0.6,"euclidean",0.31,100
8,7,2,"abundance",0.6,"jaccard",0.52,100
8,7,2,"abundance",0.6,"unifrac_unweighted",0.01,100
8,7,2,"abundance",0.6,"unifrac_weighted_phyloseq",0.69,100
8,7,2,"abundance",0.65,"GLaD_0.5_unweighted",0.07,100
8,7,2,"abundance",0.65,"GLaD_0.5_weighted",0.63,100
8,7,2,"abundance",0.65,"GLaD_1_unweighted",0.09,100
8,7,2,"abundance",0.65,"GLaD_1_weighted",0.61,100
8,7,2,"abundance",0.65,"GUniFrac",0.77,100
8,7,2,"abundance",0.65,"aitchison",0.08,100
8,7,2,"abundance",0.65,"bray",0.66,100
8,7,2,"abundance",0.65,"euclidean",0.44,100
8,7,2,"abundance",0.65,"jaccard",0.62,100
8,7,2,"abundance",0.65,"unifrac_unweighted",0.07,100
8,7,2,"abundance",0.65,"unifrac_weighted_phyloseq",0.75,100
8,7,2,"abundance",0.7,"GLaD_0.5_unweighted",0.04,100
8,7,2,"abundance",0.7,"GLaD_0.5_weighted",0.73,100
8,7,2,"abundance",0.7,"GLaD_1_unweighted",0.01,100
8,7,2,"abundance",0.7,"GLaD_1_weighted",0.62,100
8,7,2,"abundance",0.7,"GUniFrac",0.87,100
8,7,2,"abundance",0.7,"aitchison",0.12,100
8,7,2,"abundance",0.7,"bray",0.78,100
8,7,2,"abundance",0.7,"euclidean",0.6,100
8,7,2,"abundance",0.7,"jaccard",0.78,100
8,7,2,"abundance",0.7,"unifrac_unweighted",0.04,100
8,7,2,"abundance",0.7,"unifrac_weighted_phyloseq",0.79,100
8,7,2,"abundance",0.75,"GLaD_0.5_unweighted",0.03,100
8,7,2,"abundance",0.75,"GLaD_0.5_weighted",0.83,100
8,7,2,"abundance",0.75,"GLaD_1_unweighted",0.05,100
8,7,2,"abundance",0.75,"GLaD_1_weighted",0.76,100
8,7,2,"abundance",0.75,"GUniFrac",0.94,100
8,7,2,"abundance",0.75,"aitchison",0.12,100
8,7,2,"abundance",0.75,"bray",0.84,100
8,7,2,"abundance",0.75,"euclidean",0.59,100
8,7,2,"abundance",0.75,"jaccard",0.82,100
8,7,2,"abundance",0.75,"unifrac_unweighted",0.04,100
8,7,2,"abundance",0.75,"unifrac_weighted_phyloseq",0.91,100
8,7,2,"abundance",0.8,"GLaD_0.5_unweighted",0.11,100
8,7,2,"abundance",0.8,"GLaD_0.5_weighted",0.87,100
8,7,2,"abundance",0.8,"GLaD_1_unweighted",0.05,100
8,7,2,"abundance",0.8,"GLaD_1_weighted",0.76,100
8,7,2,"abundance",0.8,"GUniFrac",0.99,100
8,7,2,"abundance",0.8,"aitchison",0.2,100
8,7,2,"abundance",0.8,"bray",0.91,100
8,7,2,"abundance",0.8,"euclidean",0.64,100
8,7,2,"abundance",0.8,"jaccard",0.91,100
8,7,2,"abundance",0.8,"unifrac_unweighted",0.1,100
8,7,2,"abundance",0.8,"unifrac_weighted_phyloseq",0.97,100
8,7,2,"abundance",0.85,"GLaD_0.5_unweighted",0.03,100
8,7,2,"abundance",0.85,"GLaD_0.5_weighted",0.88,100
8,7,2,"abundance",0.85,"GLaD_1_unweighted",0.06,100
8,7,2,"abundance",0.85,"GLaD_1_weighted",0.85,100
8,7,2,"abundance",0.85,"GUniFrac",0.97,100
8,7,2,"abundance",0.85,"aitchison",0.1,100
8,7,2,"abundance",0.85,"bray",0.92,100
8,7,2,"abundance",0.85,"euclidean",0.58,100
8,7,2,"abundance",0.85,"jaccard",0.92,100
8,7,2,"abundance",0.85,"unifrac_unweighted",0.04,100
8,7,2,"abundance",0.85,"unifrac_weighted_phyloseq",0.98,100
8,7,2,"abundance",0.9,"GLaD_0.5_unweighted",0.07,100
8,7,2,"abundance",0.9,"GLaD_0.5_weighted",0.89,100
8,7,2,"abundance",0.9,"GLaD_1_unweighted",0.04,100
8,7,2,"abundance",0.9,"GLaD_1_weighted",0.81,100
8,7,2,"abundance",0.9,"GUniFrac",1,100
8,7,2,"abundance",0.9,"aitchison",0.13,100
8,7,2,"abundance",0.9,"bray",0.94,100
8,7,2,"abundance",0.9,"euclidean",0.72,100
8,7,2,"abundance",0.9,"jaccard",0.92,100
8,7,2,"abundance",0.9,"unifrac_unweighted",0.08,100
8,7,2,"abundance",0.9,"unifrac_weighted_phyloseq",0.95,100
8,7,2,"abundance",0.95,"GLaD_0.5_unweighted",0.03,100
8,7,2,"abundance",0.95,"GLaD_0.5_weighted",0.91,100
8,7,2,"abundance",0.95,"GLaD_1_unweighted",0.04,100
8,7,2,"abundance",0.95,"GLaD_1_weighted",0.88,100
8,7,2,"abundance",0.95,"GUniFrac",0.99,100
8,7,2,"abundance",0.95,"aitchison",0.19,100
8,7,2,"abundance",0.95,"bray",0.97,100
8,7,2,"abundance",0.95,"euclidean",0.72,100
8,7,2,"abundance",0.95,"jaccard",0.95,100
8,7,2,"abundance",0.95,"unifrac_unweighted",0.04,100
8,7,2,"abundance",0.95,"unifrac_weighted_phyloseq",0.97,100
8,7,2,"abundance",1,"GLaD_0.5_unweighted",0.06,100
8,7,2,"abundance",1,"GLaD_0.5_weighted",0.99,100
8,7,2,"abundance",1,"GLaD_1_unweighted",0.02,100
8,7,2,"abundance",1,"GLaD_1_weighted",0.98,100
8,7,2,"abundance",1,"GUniFrac",1,100
8,7,2,"abundance",1,"aitchison",0.22,100
8,7,2,"abundance",1,"bray",0.99,100
8,7,2,"abundance",1,"euclidean",0.89,100
8,7,2,"abundance",1,"jaccard",0.99,100
8,7,2,"abundance",1,"unifrac_unweighted",0.02,100
8,7,2,"abundance",1,"unifrac_weighted_phyloseq",1,100
8,7,2,"both",0.05,"GLaD_0.5_unweighted",0.07,100
8,7,2,"both",0.05,"GLaD_0.5_weighted",0.07,100
8,7,2,"both",0.05,"GLaD_1_unweighted",0.04,100
8,7,2,"both",0.05,"GLaD_1_weighted",0.05,100
8,7,2,"both",0.05,"GUniFrac",0.03,100
8,7,2,"both",0.05,"aitchison",0.05,100
8,7,2,"both",0.05,"bray",0.03,100
8,7,2,"both",0.05,"euclidean",0.06,100
8,7,2,"both",0.05,"jaccard",0.03,100
8,7,2,"both",0.05,"unifrac_unweighted",0.05,100
8,7,2,"both",0.05,"unifrac_weighted_phyloseq",0.05,100
8,7,2,"both",0.1,"GLaD_0.5_unweighted",0.04,100
8,7,2,"both",0.1,"GLaD_0.5_weighted",0.07,100
8,7,2,"both",0.1,"GLaD_1_unweighted",0.09,100
8,7,2,"both",0.1,"GLaD_1_weighted",0.08,100
8,7,2,"both",0.1,"GUniFrac",0.08,100
8,7,2,"both",0.1,"aitchison",0.1,100
8,7,2,"both",0.1,"bray",0.05,100
8,7,2,"both",0.1,"euclidean",0.01,100
8,7,2,"both",0.1,"jaccard",0.05,100
8,7,2,"both",0.1,"unifrac_unweighted",0.05,100
8,7,2,"both",0.1,"unifrac_weighted_phyloseq",0.06,100
8,7,2,"both",0.15,"GLaD_0.5_unweighted",0.07,100
8,7,2,"both",0.15,"GLaD_0.5_weighted",0.06,100
8,7,2,"both",0.15,"GLaD_1_unweighted",0.04,100
8,7,2,"both",0.15,"GLaD_1_weighted",0.06,100
8,7,2,"both",0.15,"GUniFrac",0.11,100
8,7,2,"both",0.15,"aitchison",0.08,100
8,7,2,"both",0.15,"bray",0.1,100
8,7,2,"both",0.15,"euclidean",0.05,100
8,7,2,"both",0.15,"jaccard",0.07,100
8,7,2,"both",0.15,"unifrac_unweighted",0.08,100
8,7,2,"both",0.15,"unifrac_weighted_phyloseq",0.07,100
8,7,2,"both",0.2,"GLaD_0.5_unweighted",0.08,100
8,7,2,"both",0.2,"GLaD_0.5_weighted",0.1,100
8,7,2,"both",0.2,"GLaD_1_unweighted",0.03,100
8,7,2,"both",0.2,"GLaD_1_weighted",0.13,100
8,7,2,"both",0.2,"GUniFrac",0.14,100
8,7,2,"both",0.2,"aitchison",0.09,100
8,7,2,"both",0.2,"bray",0.09,100
8,7,2,"both",0.2,"euclidean",0.07,100
8,7,2,"both",0.2,"jaccard",0.09,100
8,7,2,"both",0.2,"unifrac_unweighted",0.1,100
8,7,2,"both",0.2,"unifrac_weighted_phyloseq",0.11,100
8,7,2,"both",0.25,"GLaD_0.5_unweighted",0.09,100
8,7,2,"both",0.25,"GLaD_0.5_weighted",0.14,100
8,7,2,"both",0.25,"GLaD_1_unweighted",0.06,100
8,7,2,"both",0.25,"GLaD_1_weighted",0.18,100
8,7,2,"both",0.25,"GUniFrac",0.18,100
8,7,2,"both",0.25,"aitchison",0.16,100
8,7,2,"both",0.25,"bray",0.17,100
8,7,2,"both",0.25,"euclidean",0.1,100
8,7,2,"both",0.25,"jaccard",0.14,100
8,7,2,"both",0.25,"unifrac_unweighted",0.1,100
8,7,2,"both",0.25,"unifrac_weighted_phyloseq",0.17,100
8,7,2,"both",0.3,"GLaD_0.5_unweighted",0.06,100
8,7,2,"both",0.3,"GLaD_0.5_weighted",0.16,100
8,7,2,"both",0.3,"GLaD_1_unweighted",0.07,100
8,7,2,"both",0.3,"GLaD_1_weighted",0.15,100
8,7,2,"both",0.3,"GUniFrac",0.26,100
8,7,2,"both",0.3,"aitchison",0.1,100
8,7,2,"both",0.3,"bray",0.17,100
8,7,2,"both",0.3,"euclidean",0.09,100
8,7,2,"both",0.3,"jaccard",0.19,100
8,7,2,"both",0.3,"unifrac_unweighted",0.04,100
8,7,2,"both",0.3,"unifrac_weighted_phyloseq",0.18,100
8,7,2,"both",0.35,"GLaD_0.5_unweighted",0.16,100
8,7,2,"both",0.35,"GLaD_0.5_weighted",0.24,100
8,7,2,"both",0.35,"GLaD_1_unweighted",0.08,100
8,7,2,"both",0.35,"GLaD_1_weighted",0.2,100
8,7,2,"both",0.35,"GUniFrac",0.41,100
8,7,2,"both",0.35,"aitchison",0.2,100
8,7,2,"both",0.35,"bray",0.26,100
8,7,2,"both",0.35,"euclidean",0.16,100
8,7,2,"both",0.35,"jaccard",0.25,100
8,7,2,"both",0.35,"unifrac_unweighted",0.17,100
8,7,2,"both",0.35,"unifrac_weighted_phyloseq",0.35,100
8,7,2,"both",0.4,"GLaD_0.5_unweighted",0.22,100
8,7,2,"both",0.4,"GLaD_0.5_weighted",0.25,100
8,7,2,"both",0.4,"GLaD_1_unweighted",0.14,100
8,7,2,"both",0.4,"GLaD_1_weighted",0.24,100
8,7,2,"both",0.4,"GUniFrac",0.5,100
8,7,2,"both",0.4,"aitchison",0.34,100
8,7,2,"both",0.4,"bray",0.23,100
8,7,2,"both",0.4,"euclidean",0.1,100
8,7,2,"both",0.4,"jaccard",0.25,100
8,7,2,"both",0.4,"unifrac_unweighted",0.24,100
8,7,2,"both",0.4,"unifrac_weighted_phyloseq",0.31,100
8,7,2,"both",0.45,"GLaD_0.5_unweighted",0.16,100
8,7,2,"both",0.45,"GLaD_0.5_weighted",0.47,100
8,7,2,"both",0.45,"GLaD_1_unweighted",0.14,100
8,7,2,"both",0.45,"GLaD_1_weighted",0.43,100
8,7,2,"both",0.45,"GUniFrac",0.61,100
8,7,2,"both",0.45,"aitchison",0.36,100
8,7,2,"both",0.45,"bray",0.4,100
8,7,2,"both",0.45,"euclidean",0.2,100
8,7,2,"both",0.45,"jaccard",0.36,100
8,7,2,"both",0.45,"unifrac_unweighted",0.24,100
8,7,2,"both",0.45,"unifrac_weighted_phyloseq",0.52,100
8,7,2,"both",0.5,"GLaD_0.5_unweighted",0.31,100
8,7,2,"both",0.5,"GLaD_0.5_weighted",0.51,100
8,7,2,"both",0.5,"GLaD_1_unweighted",0.15,100
8,7,2,"both",0.5,"GLaD_1_weighted",0.4,100
8,7,2,"both",0.5,"GUniFrac",0.84,100
8,7,2,"both",0.5,"aitchison",0.51,100
8,7,2,"both",0.5,"bray",0.52,100
8,7,2,"both",0.5,"euclidean",0.25,100
8,7,2,"both",0.5,"jaccard",0.48,100
8,7,2,"both",0.5,"unifrac_unweighted",0.41,100
8,7,2,"both",0.5,"unifrac_weighted_phyloseq",0.66,100
8,7,2,"both",0.55,"GLaD_0.5_unweighted",0.35,100
8,7,2,"both",0.55,"GLaD_0.5_weighted",0.51,100
8,7,2,"both",0.55,"GLaD_1_unweighted",0.1,100
8,7,2,"both",0.55,"GLaD_1_weighted",0.46,100
8,7,2,"both",0.55,"GUniFrac",0.88,100
8,7,2,"both",0.55,"aitchison",0.67,100
8,7,2,"both",0.55,"bray",0.6,100
8,7,2,"both",0.55,"euclidean",0.29,100
8,7,2,"both",0.55,"jaccard",0.6,100
8,7,2,"both",0.55,"unifrac_unweighted",0.49,100
8,7,2,"both",0.55,"unifrac_weighted_phyloseq",0.66,100
8,7,2,"both",0.6,"GLaD_0.5_unweighted",0.48,100
8,7,2,"both",0.6,"GLaD_0.5_weighted",0.75,100
8,7,2,"both",0.6,"GLaD_1_unweighted",0.11,100
8,7,2,"both",0.6,"GLaD_1_weighted",0.62,100
8,7,2,"both",0.6,"GUniFrac",0.95,100
8,7,2,"both",0.6,"aitchison",0.8,100
8,7,2,"both",0.6,"bray",0.76,100
8,7,2,"both",0.6,"euclidean",0.37,100
8,7,2,"both",0.6,"jaccard",0.75,100
8,7,2,"both",0.6,"unifrac_unweighted",0.53,100
8,7,2,"both",0.6,"unifrac_weighted_phyloseq",0.83,100
8,7,2,"both",0.65,"GLaD_0.5_unweighted",0.61,100
8,7,2,"both",0.65,"GLaD_0.5_weighted",0.77,100
8,7,2,"both",0.65,"GLaD_1_unweighted",0.25,100
8,7,2,"both",0.65,"GLaD_1_weighted",0.68,100
8,7,2,"both",0.65,"GUniFrac",0.99,100
8,7,2,"both",0.65,"aitchison",0.88,100
8,7,2,"both",0.65,"bray",0.86,100
8,7,2,"both",0.65,"euclidean",0.33,100
8,7,2,"both",0.65,"jaccard",0.82,100
8,7,2,"both",0.65,"unifrac_unweighted",0.74,100
8,7,2,"both",0.65,"unifrac_weighted_phyloseq",0.91,100
8,7,2,"both",0.7,"GLaD_0.5_unweighted",0.66,100
8,7,2,"both",0.7,"GLaD_0.5_weighted",0.86,100
8,7,2,"both",0.7,"GLaD_1_unweighted",0.16,100
8,7,2,"both",0.7,"GLaD_1_weighted",0.77,100
8,7,2,"both",0.7,"GUniFrac",1,100
8,7,2,"both",0.7,"aitchison",0.97,100
8,7,2,"both",0.7,"bray",0.9,100
8,7,2,"both",0.7,"euclidean",0.5,100
8,7,2,"both",0.7,"jaccard",0.9,100
8,7,2,"both",0.7,"unifrac_unweighted",0.8,100
8,7,2,"both",0.7,"unifrac_weighted_phyloseq",0.96,100
8,7,2,"both",0.75,"GLaD_0.5_unweighted",0.76,100
8,7,2,"both",0.75,"GLaD_0.5_weighted",0.86,100
8,7,2,"both",0.75,"GLaD_1_unweighted",0.18,100
8,7,2,"both",0.75,"GLaD_1_weighted",0.78,100
8,7,2,"both",0.75,"GUniFrac",1,100
8,7,2,"both",0.75,"aitchison",0.97,100
8,7,2,"both",0.75,"bray",0.94,100
8,7,2,"both",0.75,"euclidean",0.56,100
8,7,2,"both",0.75,"jaccard",0.93,100
8,7,2,"both",0.75,"unifrac_unweighted",0.87,100
8,7,2,"both",0.75,"unifrac_weighted_phyloseq",0.98,100
8,7,2,"both",0.8,"GLaD_0.5_unweighted",0.87,100
8,7,2,"both",0.8,"GLaD_0.5_weighted",0.91,100
8,7,2,"both",0.8,"GLaD_1_unweighted",0.15,100
8,7,2,"both",0.8,"GLaD_1_weighted",0.86,100
8,7,2,"both",0.8,"GUniFrac",1,100
8,7,2,"both",0.8,"aitchison",0.99,100
8,7,2,"both",0.8,"bray",0.96,100
8,7,2,"both",0.8,"euclidean",0.68,100
8,7,2,"both",0.8,"jaccard",0.96,100
8,7,2,"both",0.8,"unifrac_unweighted",0.94,100
8,7,2,"both",0.8,"unifrac_weighted_phyloseq",0.96,100
8,7,2,"both",0.85,"GLaD_0.5_unweighted",0.97,100
8,7,2,"both",0.85,"GLaD_0.5_weighted",0.99,100
8,7,2,"both",0.85,"GLaD_1_unweighted",0.25,100
8,7,2,"both",0.85,"GLaD_1_weighted",0.94,100
8,7,2,"both",0.85,"GUniFrac",1,100
8,7,2,"both",0.85,"aitchison",1,100
8,7,2,"both",0.85,"bray",1,100
8,7,2,"both",0.85,"euclidean",0.73,100
8,7,2,"both",0.85,"jaccard",1,100
8,7,2,"both",0.85,"unifrac_unweighted",0.98,100
8,7,2,"both",0.85,"unifrac_weighted_phyloseq",1,100
8,7,2,"both",0.9,"GLaD_0.5_unweighted",0.99,100
8,7,2,"both",0.9,"GLaD_0.5_weighted",0.98,100
8,7,2,"both",0.9,"GLaD_1_unweighted",0.34,100
8,7,2,"both",0.9,"GLaD_1_weighted",0.96,100
8,7,2,"both",0.9,"GUniFrac",1,100
8,7,2,"both",0.9,"aitchison",1,100
8,7,2,"both",0.9,"bray",1,100
8,7,2,"both",0.9,"euclidean",0.81,100
8,7,2,"both",0.9,"jaccard",1,100
8,7,2,"both",0.9,"unifrac_unweighted",1,100
8,7,2,"both",0.9,"unifrac_weighted_phyloseq",1,100
8,7,2,"both",0.95,"GLaD_0.5_unweighted",1,100
8,7,2,"both",0.95,"GLaD_0.5_weighted",0.98,100
8,7,2,"both",0.95,"GLaD_1_unweighted",0.37,100
8,7,2,"both",0.95,"GLaD_1_weighted",0.97,100
8,7,2,"both",0.95,"GUniFrac",1,100
8,7,2,"both",0.95,"aitchison",1,100
8,7,2,"both",0.95,"bray",1,100
8,7,2,"both",0.95,"euclidean",0.82,100
8,7,2,"both",0.95,"jaccard",1,100
8,7,2,"both",0.95,"unifrac_unweighted",1,100
8,7,2,"both",0.95,"unifrac_weighted_phyloseq",1,100
8,7,2,"both",1,"GLaD_0.5_unweighted",1,100
8,7,2,"both",1,"GLaD_0.5_weighted",1,100
8,7,2,"both",1,"GLaD_1_unweighted",0.33,100
8,7,2,"both",1,"GLaD_1_weighted",1,100
8,7,2,"both",1,"GUniFrac",1,100
8,7,2,"both",1,"aitchison",1,100
8,7,2,"both",1,"bray",1,100
8,7,2,"both",1,"euclidean",0.95,100
8,7,2,"both",1,"jaccard",1,100
8,7,2,"both",1,"unifrac_unweighted",1,100
8,7,2,"both",1,"unifrac_weighted_phyloseq",1,100
8,7,2,"prevalence",0.05,"GLaD_0.5_unweighted",0.02,100
8,7,2,"prevalence",0.05,"GLaD_0.5_weighted",0.02,100
8,7,2,"prevalence",0.05,"GLaD_1_unweighted",0.03,100
8,7,2,"prevalence",0.05,"GLaD_1_weighted",0.01,100
8,7,2,"prevalence",0.05,"GUniFrac",0.01,100
8,7,2,"prevalence",0.05,"aitchison",0.05,100
8,7,2,"prevalence",0.05,"bray",0.02,100
8,7,2,"prevalence",0.05,"euclidean",0.04,100
8,7,2,"prevalence",0.05,"jaccard",0.02,100
8,7,2,"prevalence",0.05,"unifrac_unweighted",0.04,100
8,7,2,"prevalence",0.05,"unifrac_weighted_phyloseq",0.03,100
8,7,2,"prevalence",0.1,"GLaD_0.5_unweighted",0.04,100
8,7,2,"prevalence",0.1,"GLaD_0.5_weighted",0.05,100
8,7,2,"prevalence",0.1,"GLaD_1_unweighted",0.08,100
8,7,2,"prevalence",0.1,"GLaD_1_weighted",0.05,100
8,7,2,"prevalence",0.1,"GUniFrac",0.05,100
8,7,2,"prevalence",0.1,"aitchison",0.06,100
8,7,2,"prevalence",0.1,"bray",0.03,100
8,7,2,"prevalence",0.1,"euclidean",0.02,100
8,7,2,"prevalence",0.1,"jaccard",0.02,100
8,7,2,"prevalence",0.1,"unifrac_unweighted",0.02,100
8,7,2,"prevalence",0.1,"unifrac_weighted_phyloseq",0.06,100
8,7,2,"prevalence",0.15,"GLaD_0.5_unweighted",0.05,100
8,7,2,"prevalence",0.15,"GLaD_0.5_weighted",0.09,100
8,7,2,"prevalence",0.15,"GLaD_1_unweighted",0.05,100
8,7,2,"prevalence",0.15,"GLaD_1_weighted",0.08,100
8,7,2,"prevalence",0.15,"GUniFrac",0.1,100
8,7,2,"prevalence",0.15,"aitchison",0.08,100
8,7,2,"prevalence",0.15,"bray",0.06,100
8,7,2,"prevalence",0.15,"euclidean",0.06,100
8,7,2,"prevalence",0.15,"jaccard",0.05,100
8,7,2,"prevalence",0.15,"unifrac_unweighted",0.05,100
8,7,2,"prevalence",0.15,"unifrac_weighted_phyloseq",0.08,100
8,7,2,"prevalence",0.2,"GLaD_0.5_unweighted",0.03,100
8,7,2,"prevalence",0.2,"GLaD_0.5_weighted",0.04,100
8,7,2,"prevalence",0.2,"GLaD_1_unweighted",0.05,100
8,7,2,"prevalence",0.2,"GLaD_1_weighted",0.02,100
8,7,2,"prevalence",0.2,"GUniFrac",0.04,100
8,7,2,"prevalence",0.2,"aitchison",0.06,100
8,7,2,"prevalence",0.2,"bray",0.06,100
8,7,2,"prevalence",0.2,"euclidean",0.05,100
8,7,2,"prevalence",0.2,"jaccard",0.05,100
8,7,2,"prevalence",0.2,"unifrac_unweighted",0.06,100
8,7,2,"prevalence",0.2,"unifrac_weighted_phyloseq",0.07,100
8,7,2,"prevalence",0.25,"GLaD_0.5_unweighted",0.09,100
8,7,2,"prevalence",0.25,"GLaD_0.5_weighted",0.03,100
8,7,2,"prevalence",0.25,"GLaD_1_unweighted",0.07,100
8,7,2,"prevalence",0.25,"GLaD_1_weighted",0.04,100
8,7,2,"prevalence",0.25,"GUniFrac",0.06,100
8,7,2,"prevalence",0.25,"aitchison",0.08,100
8,7,2,"prevalence",0.25,"bray",0.03,100
8,7,2,"prevalence",0.25,"euclidean",0.06,100
8,7,2,"prevalence",0.25,"jaccard",0.03,100
8,7,2,"prevalence",0.25,"unifrac_unweighted",0.08,100
8,7,2,"prevalence",0.25,"unifrac_weighted_phyloseq",0.04,100
8,7,2,"prevalence",0.3,"GLaD_0.5_unweighted",0.05,100
8,7,2,"prevalence",0.3,"GLaD_0.5_weighted",0.05,100
8,7,2,"prevalence",0.3,"GLaD_1_unweighted",0.02,100
8,7,2,"prevalence",0.3,"GLaD_1_weighted",0.06,100
8,7,2,"prevalence",0.3,"GUniFrac",0.06,100
8,7,2,"prevalence",0.3,"aitchison",0.07,100
8,7,2,"prevalence",0.3,"bray",0.05,100
8,7,2,"prevalence",0.3,"euclidean",0.05,100
8,7,2,"prevalence",0.3,"jaccard",0.05,100
8,7,2,"prevalence",0.3,"unifrac_unweighted",0.07,100
8,7,2,"prevalence",0.3,"unifrac_weighted_phyloseq",0.06,100
8,7,2,"prevalence",0.35,"GLaD_0.5_unweighted",0.12,100
8,7,2,"prevalence",0.35,"GLaD_0.5_weighted",0.09,100
8,7,2,"prevalence",0.35,"GLaD_1_unweighted",0.12,100
8,7,2,"prevalence",0.35,"GLaD_1_weighted",0.09,100
8,7,2,"prevalence",0.35,"GUniFrac",0.09,100
8,7,2,"prevalence",0.35,"aitchison",0.09,100
8,7,2,"prevalence",0.35,"bray",0.06,100
8,7,2,"prevalence",0.35,"euclidean",0.06,100
8,7,2,"prevalence",0.35,"jaccard",0.07,100
8,7,2,"prevalence",0.35,"unifrac_unweighted",0.18,100
8,7,2,"prevalence",0.35,"unifrac_weighted_phyloseq",0.08,100
8,7,2,"prevalence",0.4,"GLaD_0.5_unweighted",0.16,100
8,7,2,"prevalence",0.4,"GLaD_0.5_weighted",0.06,100
8,7,2,"prevalence",0.4,"GLaD_1_unweighted",0.14,100
8,7,2,"prevalence",0.4,"GLaD_1_weighted",0.05,100
8,7,2,"prevalence",0.4,"GUniFrac",0.09,100
8,7,2,"prevalence",0.4,"aitchison",0.17,100
8,7,2,"prevalence",0.4,"bray",0.07,100
8,7,2,"prevalence",0.4,"euclidean",0.05,100
8,7,2,"prevalence",0.4,"jaccard",0.07,100
8,7,2,"prevalence",0.4,"unifrac_unweighted",0.23,100
8,7,2,"prevalence",0.4,"unifrac_weighted_phyloseq",0.07,100
8,7,2,"prevalence",0.45,"GLaD_0.5_unweighted",0.16,100
8,7,2,"prevalence",0.45,"GLaD_0.5_weighted",0.04,100
8,7,2,"prevalence",0.45,"GLaD_1_unweighted",0.12,100
8,7,2,"prevalence",0.45,"GLaD_1_weighted",0.07,100
8,7,2,"prevalence",0.45,"GUniFrac",0.08,100
8,7,2,"prevalence",0.45,"aitchison",0.13,100
8,7,2,"prevalence",0.45,"bray",0.06,100
8,7,2,"prevalence",0.45,"euclidean",0.05,100
8,7,2,"prevalence",0.45,"jaccard",0.07,100
8,7,2,"prevalence",0.45,"unifrac_unweighted",0.31,100
8,7,2,"prevalence",0.45,"unifrac_weighted_phyloseq",0.05,100
8,7,2,"prevalence",0.5,"GLaD_0.5_unweighted",0.36,100
8,7,2,"prevalence",0.5,"GLaD_0.5_weighted",0.06,100
8,7,2,"prevalence",0.5,"GLaD_1_unweighted",0.13,100
8,7,2,"prevalence",0.5,"GLaD_1_weighted",0.07,100
8,7,2,"prevalence",0.5,"GUniFrac",0.1,100
8,7,2,"prevalence",0.5,"aitchison",0.23,100
8,7,2,"prevalence",0.5,"bray",0.06,100
8,7,2,"prevalence",0.5,"euclidean",0.06,100
8,7,2,"prevalence",0.5,"jaccard",0.06,100
8,7,2,"prevalence",0.5,"unifrac_unweighted",0.38,100
8,7,2,"prevalence",0.5,"unifrac_weighted_phyloseq",0.07,100
8,7,2,"prevalence",0.55,"GLaD_0.5_unweighted",0.43,100
8,7,2,"prevalence",0.55,"GLaD_0.5_weighted",0.1,100
8,7,2,"prevalence",0.55,"GLaD_1_unweighted",0.13,100
8,7,2,"prevalence",0.55,"GLaD_1_weighted",0.09,100
8,7,2,"prevalence",0.55,"GUniFrac",0.13,100
8,7,2,"prevalence",0.55,"aitchison",0.33,100
8,7,2,"prevalence",0.55,"bray",0.06,100
8,7,2,"prevalence",0.55,"euclidean",0.05,100
8,7,2,"prevalence",0.55,"jaccard",0.06,100
8,7,2,"prevalence",0.55,"unifrac_unweighted",0.52,100
8,7,2,"prevalence",0.55,"unifrac_weighted_phyloseq",0.09,100
8,7,2,"prevalence",0.6,"GLaD_0.5_unweighted",0.55,100
8,7,2,"prevalence",0.6,"GLaD_0.5_weighted",0.04,100
8,7,2,"prevalence",0.6,"GLaD_1_unweighted",0.14,100
8,7,2,"prevalence",0.6,"GLaD_1_weighted",0.05,100
8,7,2,"prevalence",0.6,"GUniFrac",0.14,100
8,7,2,"prevalence",0.6,"aitchison",0.4,100
8,7,2,"prevalence",0.6,"bray",0.09,100
8,7,2,"prevalence",0.6,"euclidean",0.06,100
8,7,2,"prevalence",0.6,"jaccard",0.08,100
8,7,2,"prevalence",0.6,"unifrac_unweighted",0.63,100
8,7,2,"prevalence",0.6,"unifrac_weighted_phyloseq",0.06,100
8,7,2,"prevalence",0.65,"GLaD_0.5_unweighted",0.62,100
8,7,2,"prevalence",0.65,"GLaD_0.5_weighted",0.12,100
8,7,2,"prevalence",0.65,"GLaD_1_unweighted",0.14,100
8,7,2,"prevalence",0.65,"GLaD_1_weighted",0.1,100
8,7,2,"prevalence",0.65,"GUniFrac",0.16,100
8,7,2,"prevalence",0.65,"aitchison",0.39,100
8,7,2,"prevalence",0.65,"bray",0.11,100
8,7,2,"prevalence",0.65,"euclidean",0.06,100
8,7,2,"prevalence",0.65,"jaccard",0.13,100
8,7,2,"prevalence",0.65,"unifrac_unweighted",0.74,100
8,7,2,"prevalence",0.65,"unifrac_weighted_phyloseq",0.12,100
8,7,2,"prevalence",0.7,"GLaD_0.5_unweighted",0.76,100
8,7,2,"prevalence",0.7,"GLaD_0.5_weighted",0.05,100
8,7,2,"prevalence",0.7,"GLaD_1_unweighted",0.14,100
8,7,2,"prevalence",0.7,"GLaD_1_weighted",0.06,100
8,7,2,"prevalence",0.7,"GUniFrac",0.18,100
8,7,2,"prevalence",0.7,"aitchison",0.56,100
8,7,2,"prevalence",0.7,"bray",0.08,100
8,7,2,"prevalence",0.7,"euclidean",0.04,100
8,7,2,"prevalence",0.7,"jaccard",0.06,100
8,7,2,"prevalence",0.7,"unifrac_unweighted",0.86,100
8,7,2,"prevalence",0.7,"unifrac_weighted_phyloseq",0.06,100
8,7,2,"prevalence",0.75,"GLaD_0.5_unweighted",0.86,100
8,7,2,"prevalence",0.75,"GLaD_0.5_weighted",0.04,100
8,7,2,"prevalence",0.75,"GLaD_1_unweighted",0.26,100
8,7,2,"prevalence",0.75,"GLaD_1_weighted",0.05,100
8,7,2,"prevalence",0.75,"GUniFrac",0.2,100
8,7,2,"prevalence",0.75,"aitchison",0.58,100
8,7,2,"prevalence",0.75,"bray",0.09,100
8,7,2,"prevalence",0.75,"euclidean",0.08,100
8,7,2,"prevalence",0.75,"jaccard",0.08,100
8,7,2,"prevalence",0.75,"unifrac_unweighted",0.93,100
8,7,2,"prevalence",0.75,"unifrac_weighted_phyloseq",0.07,100
8,7,2,"prevalence",0.8,"GLaD_0.5_unweighted",0.9,100
8,7,2,"prevalence",0.8,"GLaD_0.5_weighted",0.09,100
8,7,2,"prevalence",0.8,"GLaD_1_unweighted",0.24,100
8,7,2,"prevalence",0.8,"GLaD_1_weighted",0.1,100
8,7,2,"prevalence",0.8,"GUniFrac",0.21,100
8,7,2,"prevalence",0.8,"aitchison",0.71,100
8,7,2,"prevalence",0.8,"bray",0.06,100
8,7,2,"prevalence",0.8,"euclidean",0.04,100
8,7,2,"prevalence",0.8,"jaccard",0.06,100
8,7,2,"prevalence",0.8,"unifrac_unweighted",0.95,100
8,7,2,"prevalence",0.8,"unifrac_weighted_phyloseq",0.1,100
8,7,2,"prevalence",0.85,"GLaD_0.5_unweighted",0.96,100
8,7,2,"prevalence",0.85,"GLaD_0.5_weighted",0.04,100
8,7,2,"prevalence",0.85,"GLaD_1_unweighted",0.25,100
8,7,2,"prevalence",0.85,"GLaD_1_weighted",0.05,100
8,7,2,"prevalence",0.85,"GUniFrac",0.24,100
8,7,2,"prevalence",0.85,"aitchison",0.82,100
8,7,2,"prevalence",0.85,"bray",0.05,100
8,7,2,"prevalence",0.85,"euclidean",0.01,100
8,7,2,"prevalence",0.85,"jaccard",0.06,100
8,7,2,"prevalence",0.85,"unifrac_unweighted",0.96,100
8,7,2,"prevalence",0.85,"unifrac_weighted_phyloseq",0.06,100
8,7,2,"prevalence",0.9,"GLaD_0.5_unweighted",0.98,100
8,7,2,"prevalence",0.9,"GLaD_0.5_weighted",0.04,100
8,7,2,"prevalence",0.9,"GLaD_1_unweighted",0.35,100
8,7,2,"prevalence",0.9,"GLaD_1_weighted",0.06,100
8,7,2,"prevalence",0.9,"GUniFrac",0.3,100
8,7,2,"prevalence",0.9,"aitchison",0.84,100
8,7,2,"prevalence",0.9,"bray",0.09,100
8,7,2,"prevalence",0.9,"euclidean",0.06,100
8,7,2,"prevalence",0.9,"jaccard",0.09,100
8,7,2,"prevalence",0.9,"unifrac_unweighted",1,100
8,7,2,"prevalence",0.9,"unifrac_weighted_phyloseq",0.06,100
8,7,2,"prevalence",0.95,"GLaD_0.5_unweighted",0.99,100
8,7,2,"prevalence",0.95,"GLaD_0.5_weighted",0.1,100
8,7,2,"prevalence",0.95,"GLaD_1_unweighted",0.36,100
8,7,2,"prevalence",0.95,"GLaD_1_weighted",0.12,100
8,7,2,"prevalence",0.95,"GUniFrac",0.37,100
8,7,2,"prevalence",0.95,"aitchison",0.95,100
8,7,2,"prevalence",0.95,"bray",0.12,100
8,7,2,"prevalence",0.95,"euclidean",0.11,100
8,7,2,"prevalence",0.95,"jaccard",0.14,100
8,7,2,"prevalence",0.95,"unifrac_unweighted",0.99,100
8,7,2,"prevalence",0.95,"unifrac_weighted_phyloseq",0.13,100
8,7,2,"prevalence",1,"GLaD_0.5_unweighted",0.99,100
8,7,2,"prevalence",1,"GLaD_0.5_weighted",0.08,100
8,7,2,"prevalence",1,"GLaD_1_unweighted",0.35,100
8,7,2,"prevalence",1,"GLaD_1_weighted",0.07,100
8,7,2,"prevalence",1,"GUniFrac",0.47,100
8,7,2,"prevalence",1,"aitchison",0.98,100
8,7,2,"prevalence",1,"bray",0.17,100
8,7,2,"prevalence",1,"euclidean",0.06,100
8,7,2,"prevalence",1,"jaccard",0.17,100
8,7,2,"prevalence",1,"unifrac_unweighted",1,100
8,7,2,"prevalence",1,"unifrac_weighted_phyloseq",0.09,100
8,8,6,"abundance",0.05,"GLaD_0.5_unweighted",0.05,100
8,8,6,"abundance",0.05,"GLaD_0.5_weighted",0.09,100
8,8,6,"abundance",0.05,"GLaD_1_unweighted",0.08,100
8,8,6,"abundance",0.05,"GLaD_1_weighted",0.1,100
8,8,6,"abundance",0.05,"GUniFrac",0.05,100
8,8,6,"abundance",0.05,"aitchison",0.04,100
8,8,6,"abundance",0.05,"bray",0.07,100
8,8,6,"abundance",0.05,"euclidean",0.05,100
8,8,6,"abundance",0.05,"jaccard",0.08,100
8,8,6,"abundance",0.05,"unifrac_unweighted",0.07,100
8,8,6,"abundance",0.05,"unifrac_weighted_phyloseq",0.06,100
8,8,6,"abundance",0.1,"GLaD_0.5_unweighted",0.09,100
8,8,6,"abundance",0.1,"GLaD_0.5_weighted",0.02,100
8,8,6,"abundance",0.1,"GLaD_1_unweighted",0.04,100
8,8,6,"abundance",0.1,"GLaD_1_weighted",0.05,100
8,8,6,"abundance",0.1,"GUniFrac",0.07,100
8,8,6,"abundance",0.1,"aitchison",0.09,100
8,8,6,"abundance",0.1,"bray",0.09,100
8,8,6,"abundance",0.1,"euclidean",0.04,100
8,8,6,"abundance",0.1,"jaccard",0.07,100
8,8,6,"abundance",0.1,"unifrac_unweighted",0.09,100
8,8,6,"abundance",0.1,"unifrac_weighted_phyloseq",0.04,100
8,8,6,"abundance",0.15,"GLaD_0.5_unweighted",0.04,100
8,8,6,"abundance",0.15,"GLaD_0.5_weighted",0.09,100
8,8,6,"abundance",0.15,"GLaD_1_unweighted",0.07,100
8,8,6,"abundance",0.15,"GLaD_1_weighted",0.11,100
8,8,6,"abundance",0.15,"GUniFrac",0.05,100
8,8,6,"abundance",0.15,"aitchison",0.07,100
8,8,6,"abundance",0.15,"bray",0.03,100
8,8,6,"abundance",0.15,"euclidean",0.05,100
8,8,6,"abundance",0.15,"jaccard",0.06,100
8,8,6,"abundance",0.15,"unifrac_unweighted",0.05,100
8,8,6,"abundance",0.15,"unifrac_weighted_phyloseq",0.06,100
8,8,6,"abundance",0.2,"GLaD_0.5_unweighted",0.02,100
8,8,6,"abundance",0.2,"GLaD_0.5_weighted",0.04,100
8,8,6,"abundance",0.2,"GLaD_1_unweighted",0.04,100
8,8,6,"abundance",0.2,"GLaD_1_weighted",0.05,100
8,8,6,"abundance",0.2,"GUniFrac",0.05,100
8,8,6,"abundance",0.2,"aitchison",0.03,100
8,8,6,"abundance",0.2,"bray",0.05,100
8,8,6,"abundance",0.2,"euclidean",0.06,100
8,8,6,"abundance",0.2,"jaccard",0.04,100
8,8,6,"abundance",0.2,"unifrac_unweighted",0.03,100
8,8,6,"abundance",0.2,"unifrac_weighted_phyloseq",0.04,100
8,8,6,"abundance",0.25,"GLaD_0.5_unweighted",0.03,100
8,8,6,"abundance",0.25,"GLaD_0.5_weighted",0.04,100
8,8,6,"abundance",0.25,"GLaD_1_unweighted",0.07,100
8,8,6,"abundance",0.25,"GLaD_1_weighted",0.07,100
8,8,6,"abundance",0.25,"GUniFrac",0.08,100
8,8,6,"abundance",0.25,"aitchison",0.06,100
8,8,6,"abundance",0.25,"bray",0.1,100
8,8,6,"abundance",0.25,"euclidean",0.04,100
8,8,6,"abundance",0.25,"jaccard",0.1,100
8,8,6,"abundance",0.25,"unifrac_unweighted",0.05,100
8,8,6,"abundance",0.25,"unifrac_weighted_phyloseq",0.09,100
8,8,6,"abundance",0.3,"GLaD_0.5_unweighted",0.05,100
8,8,6,"abundance",0.3,"GLaD_0.5_weighted",0.08,100
8,8,6,"abundance",0.3,"GLaD_1_unweighted",0.03,100
8,8,6,"abundance",0.3,"GLaD_1_weighted",0.06,100
8,8,6,"abundance",0.3,"GUniFrac",0.12,100
8,8,6,"abundance",0.3,"aitchison",0.06,100
8,8,6,"abundance",0.3,"bray",0.09,100
8,8,6,"abundance",0.3,"euclidean",0.08,100
8,8,6,"abundance",0.3,"jaccard",0.09,100
8,8,6,"abundance",0.3,"unifrac_unweighted",0.07,100
8,8,6,"abundance",0.3,"unifrac_weighted_phyloseq",0.1,100
8,8,6,"abundance",0.35,"GLaD_0.5_unweighted",0.05,100
8,8,6,"abundance",0.35,"GLaD_0.5_weighted",0.06,100
8,8,6,"abundance",0.35,"GLaD_1_unweighted",0.04,100
8,8,6,"abundance",0.35,"GLaD_1_weighted",0.08,100
8,8,6,"abundance",0.35,"GUniFrac",0.04,100
8,8,6,"abundance",0.35,"aitchison",0.04,100
8,8,6,"abundance",0.35,"bray",0.04,100
8,8,6,"abundance",0.35,"euclidean",0.05,100
8,8,6,"abundance",0.35,"jaccard",0.07,100
8,8,6,"abundance",0.35,"unifrac_unweighted",0.04,100
8,8,6,"abundance",0.35,"unifrac_weighted_phyloseq",0.07,100
8,8,6,"abundance",0.4,"GLaD_0.5_unweighted",0.04,100
8,8,6,"abundance",0.4,"GLaD_0.5_weighted",0.1,100
8,8,6,"abundance",0.4,"GLaD_1_unweighted",0.08,100
8,8,6,"abundance",0.4,"GLaD_1_weighted",0.08,100
8,8,6,"abundance",0.4,"GUniFrac",0.17,100
8,8,6,"abundance",0.4,"aitchison",0.06,100
8,8,6,"abundance",0.4,"bray",0.12,100
8,8,6,"abundance",0.4,"euclidean",0.09,100
8,8,6,"abundance",0.4,"jaccard",0.12,100
8,8,6,"abundance",0.4,"unifrac_unweighted",0.02,100
8,8,6,"abundance",0.4,"unifrac_weighted_phyloseq",0.14,100
8,8,6,"abundance",0.45,"GLaD_0.5_unweighted",0.01,100
8,8,6,"abundance",0.45,"GLaD_0.5_weighted",0.12,100
8,8,6,"abundance",0.45,"GLaD_1_unweighted",0.04,100
8,8,6,"abundance",0.45,"GLaD_1_weighted",0.12,100
8,8,6,"abundance",0.45,"GUniFrac",0.04,100
8,8,6,"abundance",0.45,"aitchison",0.01,100
8,8,6,"abundance",0.45,"bray",0.05,100
8,8,6,"abundance",0.45,"euclidean",0.09,100
8,8,6,"abundance",0.45,"jaccard",0.07,100
8,8,6,"abundance",0.45,"unifrac_unweighted",0.01,100
8,8,6,"abundance",0.45,"unifrac_weighted_phyloseq",0.1,100
8,8,6,"abundance",0.5,"GLaD_0.5_unweighted",0.05,100
8,8,6,"abundance",0.5,"GLaD_0.5_weighted",0.1,100
8,8,6,"abundance",0.5,"GLaD_1_unweighted",0.04,100
8,8,6,"abundance",0.5,"GLaD_1_weighted",0.07,100
8,8,6,"abundance",0.5,"GUniFrac",0.12,100
8,8,6,"abundance",0.5,"aitchison",0.03,100
8,8,6,"abundance",0.5,"bray",0.15,100
8,8,6,"abundance",0.5,"euclidean",0.12,100
8,8,6,"abundance",0.5,"jaccard",0.15,100
8,8,6,"abundance",0.5,"unifrac_unweighted",0.04,100
8,8,6,"abundance",0.5,"unifrac_weighted_phyloseq",0.1,100
8,8,6,"abundance",0.55,"GLaD_0.5_unweighted",0.05,100
8,8,6,"abundance",0.55,"GLaD_0.5_weighted",0.13,100
8,8,6,"abundance",0.55,"GLaD_1_unweighted",0.07,100
8,8,6,"abundance",0.55,"GLaD_1_weighted",0.16,100
8,8,6,"abundance",0.55,"GUniFrac",0.2,100
8,8,6,"abundance",0.55,"aitchison",0.04,100
8,8,6,"abundance",0.55,"bray",0.09,100
8,8,6,"abundance",0.55,"euclidean",0.08,100
8,8,6,"abundance",0.55,"jaccard",0.09,100
8,8,6,"abundance",0.55,"unifrac_unweighted",0.07,100
8,8,6,"abundance",0.55,"unifrac_weighted_phyloseq",0.14,100
8,8,6,"abundance",0.6,"GLaD_0.5_unweighted",0.04,100
8,8,6,"abundance",0.6,"GLaD_0.5_weighted",0.16,100
8,8,6,"abundance",0.6,"GLaD_1_unweighted",0.06,100
8,8,6,"abundance",0.6,"GLaD_1_weighted",0.14,100
8,8,6,"abundance",0.6,"GUniFrac",0.23,100
8,8,6,"abundance",0.6,"aitchison",0.04,100
8,8,6,"abundance",0.6,"bray",0.09,100
8,8,6,"abundance",0.6,"euclidean",0.11,100
8,8,6,"abundance",0.6,"jaccard",0.1,100
8,8,6,"abundance",0.6,"unifrac_unweighted",0.04,100
8,8,6,"abundance",0.6,"unifrac_weighted_phyloseq",0.12,100
8,8,6,"abundance",0.65,"GLaD_0.5_unweighted",0.03,100
8,8,6,"abundance",0.65,"GLaD_0.5_weighted",0.14,100
8,8,6,"abundance",0.65,"GLaD_1_unweighted",0.03,100
8,8,6,"abundance",0.65,"GLaD_1_weighted",0.17,100
8,8,6,"abundance",0.65,"GUniFrac",0.21,100
8,8,6,"abundance",0.65,"aitchison",0.06,100
8,8,6,"abundance",0.65,"bray",0.16,100
8,8,6,"abundance",0.65,"euclidean",0.13,100
8,8,6,"abundance",0.65,"jaccard",0.17,100
8,8,6,"abundance",0.65,"unifrac_unweighted",0.07,100
8,8,6,"abundance",0.65,"unifrac_weighted_phyloseq",0.18,100
8,8,6,"abundance",0.7,"GLaD_0.5_unweighted",0.07,100
8,8,6,"abundance",0.7,"GLaD_0.5_weighted",0.17,100
8,8,6,"abundance",0.7,"GLaD_1_unweighted",0.09,100
8,8,6,"abundance",0.7,"GLaD_1_weighted",0.14,100
8,8,6,"abundance",0.7,"GUniFrac",0.27,100
8,8,6,"abundance",0.7,"aitchison",0.05,100
8,8,6,"abundance",0.7,"bray",0.16,100
8,8,6,"abundance",0.7,"euclidean",0.12,100
8,8,6,"abundance",0.7,"jaccard",0.19,100
8,8,6,"abundance",0.7,"unifrac_unweighted",0.05,100
8,8,6,"abundance",0.7,"unifrac_weighted_phyloseq",0.2,100
8,8,6,"abundance",0.75,"GLaD_0.5_unweighted",0.04,100
8,8,6,"abundance",0.75,"GLaD_0.5_weighted",0.22,100
8,8,6,"abundance",0.75,"GLaD_1_unweighted",0.02,100
8,8,6,"abundance",0.75,"GLaD_1_weighted",0.15,100
8,8,6,"abundance",0.75,"GUniFrac",0.4,100
8,8,6,"abundance",0.75,"aitchison",0.05,100
8,8,6,"abundance",0.75,"bray",0.25,100
8,8,6,"abundance",0.75,"euclidean",0.13,100
8,8,6,"abundance",0.75,"jaccard",0.23,100
8,8,6,"abundance",0.75,"unifrac_unweighted",0.06,100
8,8,6,"abundance",0.75,"unifrac_weighted_phyloseq",0.29,100
8,8,6,"abundance",0.8,"GLaD_0.5_unweighted",0.03,100
8,8,6,"abundance",0.8,"GLaD_0.5_weighted",0.35,100
8,8,6,"abundance",0.8,"GLaD_1_unweighted",0.05,100
8,8,6,"abundance",0.8,"GLaD_1_weighted",0.29,100
8,8,6,"abundance",0.8,"GUniFrac",0.49,100
8,8,6,"abundance",0.8,"aitchison",0.08,100
8,8,6,"abundance",0.8,"bray",0.27,100
8,8,6,"abundance",0.8,"euclidean",0.19,100
8,8,6,"abundance",0.8,"jaccard",0.33,100
8,8,6,"abundance",0.8,"unifrac_unweighted",0.04,100
8,8,6,"abundance",0.8,"unifrac_weighted_phyloseq",0.42,100
8,8,6,"abundance",0.85,"GLaD_0.5_unweighted",0.06,100
8,8,6,"abundance",0.85,"GLaD_0.5_weighted",0.23,100
8,8,6,"abundance",0.85,"GLaD_1_unweighted",0.04,100
8,8,6,"abundance",0.85,"GLaD_1_weighted",0.17,100
8,8,6,"abundance",0.85,"GUniFrac",0.41,100
8,8,6,"abundance",0.85,"aitchison",0.09,100
8,8,6,"abundance",0.85,"bray",0.34,100
8,8,6,"abundance",0.85,"euclidean",0.19,100
8,8,6,"abundance",0.85,"jaccard",0.3,100
8,8,6,"abundance",0.85,"unifrac_unweighted",0.05,100
8,8,6,"abundance",0.85,"unifrac_weighted_phyloseq",0.34,100
8,8,6,"abundance",0.9,"GLaD_0.5_unweighted",0.05,100
8,8,6,"abundance",0.9,"GLaD_0.5_weighted",0.36,100
8,8,6,"abundance",0.9,"GLaD_1_unweighted",0.03,100
8,8,6,"abundance",0.9,"GLaD_1_weighted",0.28,100
8,8,6,"abundance",0.9,"GUniFrac",0.48,100
8,8,6,"abundance",0.9,"aitchison",0.11,100
8,8,6,"abundance",0.9,"bray",0.33,100
8,8,6,"abundance",0.9,"euclidean",0.17,100
8,8,6,"abundance",0.9,"jaccard",0.33,100
8,8,6,"abundance",0.9,"unifrac_unweighted",0.08,100
8,8,6,"abundance",0.9,"unifrac_weighted_phyloseq",0.43,100
8,8,6,"abundance",0.95,"GLaD_0.5_unweighted",0.02,100
8,8,6,"abundance",0.95,"GLaD_0.5_weighted",0.47,100
8,8,6,"abundance",0.95,"GLaD_1_unweighted",0.08,100
8,8,6,"abundance",0.95,"GLaD_1_weighted",0.31,100
8,8,6,"abundance",0.95,"GUniFrac",0.61,100
8,8,6,"abundance",0.95,"aitchison",0.07,100
8,8,6,"abundance",0.95,"bray",0.51,100
8,8,6,"abundance",0.95,"euclidean",0.25,100
8,8,6,"abundance",0.95,"jaccard",0.48,100
8,8,6,"abundance",0.95,"unifrac_unweighted",0.03,100
8,8,6,"abundance",0.95,"unifrac_weighted_phyloseq",0.56,100
8,8,6,"abundance",1,"GLaD_0.5_unweighted",0.04,100
8,8,6,"abundance",1,"GLaD_0.5_weighted",0.49,100
8,8,6,"abundance",1,"GLaD_1_unweighted",0.04,100
8,8,6,"abundance",1,"GLaD_1_weighted",0.4,100
8,8,6,"abundance",1,"GUniFrac",0.72,100
8,8,6,"abundance",1,"aitchison",0.09,100
8,8,6,"abundance",1,"bray",0.55,100
8,8,6,"abundance",1,"euclidean",0.29,100
8,8,6,"abundance",1,"jaccard",0.53,100
8,8,6,"abundance",1,"unifrac_unweighted",0.04,100
8,8,6,"abundance",1,"unifrac_weighted_phyloseq",0.56,100
8,8,6,"both",0.05,"GLaD_0.5_unweighted",0.04,100
8,8,6,"both",0.05,"GLaD_0.5_weighted",0.07,100
8,8,6,"both",0.05,"GLaD_1_unweighted",0.04,100
8,8,6,"both",0.05,"GLaD_1_weighted",0.07,100
8,8,6,"both",0.05,"GUniFrac",0.02,100
8,8,6,"both",0.05,"aitchison",0.02,100
8,8,6,"both",0.05,"bray",0.03,100
8,8,6,"both",0.05,"euclidean",0.05,100
8,8,6,"both",0.05,"jaccard",0.04,100
8,8,6,"both",0.05,"unifrac_unweighted",0.03,100
8,8,6,"both",0.05,"unifrac_weighted_phyloseq",0.03,100
8,8,6,"both",0.1,"GLaD_0.5_unweighted",0.02,100
8,8,6,"both",0.1,"GLaD_0.5_weighted",0.02,100
8,8,6,"both",0.1,"GLaD_1_unweighted",0.04,100
8,8,6,"both",0.1,"GLaD_1_weighted",0.05,100
8,8,6,"both",0.1,"GUniFrac",0.04,100
8,8,6,"both",0.1,"aitchison",0.04,100
8,8,6,"both",0.1,"bray",0.03,100
8,8,6,"both",0.1,"euclidean",0.08,100
8,8,6,"both",0.1,"jaccard",0.04,100
8,8,6,"both",0.1,"unifrac_unweighted",0.02,100
8,8,6,"both",0.1,"unifrac_weighted_phyloseq",0.02,100
8,8,6,"both",0.15,"GLaD_0.5_unweighted",0.09,100
8,8,6,"both",0.15,"GLaD_0.5_weighted",0.07,100
8,8,6,"both",0.15,"GLaD_1_unweighted",0.05,100
8,8,6,"both",0.15,"GLaD_1_weighted",0.07,100
8,8,6,"both",0.15,"GUniFrac",0.05,100
8,8,6,"both",0.15,"aitchison",0.07,100
8,8,6,"both",0.15,"bray",0.08,100
8,8,6,"both",0.15,"euclidean",0.04,100
8,8,6,"both",0.15,"jaccard",0.07,100
8,8,6,"both",0.15,"unifrac_unweighted",0.06,100
8,8,6,"both",0.15,"unifrac_weighted_phyloseq",0.07,100
8,8,6,"both",0.2,"GLaD_0.5_unweighted",0.09,100
8,8,6,"both",0.2,"GLaD_0.5_weighted",0.07,100
8,8,6,"both",0.2,"GLaD_1_unweighted",0.09,100
8,8,6,"both",0.2,"GLaD_1_weighted",0.08,100
8,8,6,"both",0.2,"GUniFrac",0.09,100
8,8,6,"both",0.2,"aitchison",0.07,100
8,8,6,"both",0.2,"bray",0.06,100
8,8,6,"both",0.2,"euclidean",0.07,100
8,8,6,"both",0.2,"jaccard",0.06,100
8,8,6,"both",0.2,"unifrac_unweighted",0.07,100
8,8,6,"both",0.2,"unifrac_weighted_phyloseq",0.09,100
8,8,6,"both",0.25,"GLaD_0.5_unweighted",0.1,100
8,8,6,"both",0.25,"GLaD_0.5_weighted",0.08,100
8,8,6,"both",0.25,"GLaD_1_unweighted",0.06,100
8,8,6,"both",0.25,"GLaD_1_weighted",0.07,100
8,8,6,"both",0.25,"GUniFrac",0.08,100
8,8,6,"both",0.25,"aitchison",0.12,100
8,8,6,"both",0.25,"bray",0.07,100
8,8,6,"both",0.25,"euclidean",0.08,100
8,8,6,"both",0.25,"jaccard",0.09,100
8,8,6,"both",0.25,"unifrac_unweighted",0.11,100
8,8,6,"both",0.25,"unifrac_weighted_phyloseq",0.06,100
8,8,6,"both",0.3,"GLaD_0.5_unweighted",0.21,100
8,8,6,"both",0.3,"GLaD_0.5_weighted",0.13,100
8,8,6,"both",0.3,"GLaD_1_unweighted",0.06,100
8,8,6,"both",0.3,"GLaD_1_weighted",0.15,100
8,8,6,"both",0.3,"GUniFrac",0.17,100
8,8,6,"both",0.3,"aitchison",0.21,100
8,8,6,"both",0.3,"bray",0.05,100
8,8,6,"both",0.3,"euclidean",0.06,100
8,8,6,"both",0.3,"jaccard",0.04,100
8,8,6,"both",0.3,"unifrac_unweighted",0.15,100
8,8,6,"both",0.3,"unifrac_weighted_phyloseq",0.12,100
8,8,6,"both",0.35,"GLaD_0.5_unweighted",0.17,100
8,8,6,"both",0.35,"GLaD_0.5_weighted",0.13,100
8,8,6,"both",0.35,"GLaD_1_unweighted",0.12,100
8,8,6,"both",0.35,"GLaD_1_weighted",0.11,100
8,8,6,"both",0.35,"GUniFrac",0.22,100
8,8,6,"both",0.35,"aitchison",0.19,100
8,8,6,"both",0.35,"bray",0.16,100
8,8,6,"both",0.35,"euclidean",0.08,100
8,8,6,"both",0.35,"jaccard",0.16,100
8,8,6,"both",0.35,"unifrac_unweighted",0.13,100
8,8,6,"both",0.35,"unifrac_weighted_phyloseq",0.15,100
8,8,6,"both",0.4,"GLaD_0.5_unweighted",0.19,100
8,8,6,"both",0.4,"GLaD_0.5_weighted",0.17,100
8,8,6,"both",0.4,"GLaD_1_unweighted",0.11,100
8,8,6,"both",0.4,"GLaD_1_weighted",0.13,100
8,8,6,"both",0.4,"GUniFrac",0.3,100
8,8,6,"both",0.4,"aitchison",0.29,100
8,8,6,"both",0.4,"bray",0.18,100
8,8,6,"both",0.4,"euclidean",0.13,100
8,8,6,"both",0.4,"jaccard",0.14,100
8,8,6,"both",0.4,"unifrac_unweighted",0.2,100
8,8,6,"both",0.4,"unifrac_weighted_phyloseq",0.2,100
8,8,6,"both",0.45,"GLaD_0.5_unweighted",0.31,100
8,8,6,"both",0.45,"GLaD_0.5_weighted",0.22,100
8,8,6,"both",0.45,"GLaD_1_unweighted",0.12,100
8,8,6,"both",0.45,"GLaD_1_weighted",0.23,100
8,8,6,"both",0.45,"GUniFrac",0.38,100
8,8,6,"both",0.45,"aitchison",0.37,100
8,8,6,"both",0.45,"bray",0.23,100
8,8,6,"both",0.45,"euclidean",0.09,100
8,8,6,"both",0.45,"jaccard",0.19,100
8,8,6,"both",0.45,"unifrac_unweighted",0.24,100
8,8,6,"both",0.45,"unifrac_weighted_phyloseq",0.31,100
8,8,6,"both",0.5,"GLaD_0.5_unweighted",0.47,100
8,8,6,"both",0.5,"GLaD_0.5_weighted",0.29,100
8,8,6,"both",0.5,"GLaD_1_unweighted",0.13,100
8,8,6,"both",0.5,"GLaD_1_weighted",0.24,100
8,8,6,"both",0.5,"GUniFrac",0.45,100
8,8,6,"both",0.5,"aitchison",0.52,100
8,8,6,"both",0.5,"bray",0.25,100
8,8,6,"both",0.5,"euclidean",0.16,100
8,8,6,"both",0.5,"jaccard",0.25,100
8,8,6,"both",0.5,"unifrac_unweighted",0.32,100
8,8,6,"both",0.5,"unifrac_weighted_phyloseq",0.37,100
8,8,6,"both",0.55,"GLaD_0.5_unweighted",0.57,100
8,8,6,"both",0.55,"GLaD_0.5_weighted",0.34,100
8,8,6,"both",0.55,"GLaD_1_unweighted",0.11,100
8,8,6,"both",0.55,"GLaD_1_weighted",0.28,100
8,8,6,"both",0.55,"GUniFrac",0.7,100
8,8,6,"both",0.55,"aitchison",0.65,100
8,8,6,"both",0.55,"bray",0.38,100
8,8,6,"both",0.55,"euclidean",0.17,100
8,8,6,"both",0.55,"jaccard",0.35,100
8,8,6,"both",0.55,"unifrac_unweighted",0.42,100
8,8,6,"both",0.55,"unifrac_weighted_phyloseq",0.48,100
8,8,6,"both",0.6,"GLaD_0.5_unweighted",0.71,100
8,8,6,"both",0.6,"GLaD_0.5_weighted",0.42,100
8,8,6,"both",0.6,"GLaD_1_unweighted",0.23,100
8,8,6,"both",0.6,"GLaD_1_weighted",0.33,100
8,8,6,"both",0.6,"GUniFrac",0.85,100
8,8,6,"both",0.6,"aitchison",0.82,100
8,8,6,"both",0.6,"bray",0.43,100
8,8,6,"both",0.6,"euclidean",0.16,100
8,8,6,"both",0.6,"jaccard",0.39,100
8,8,6,"both",0.6,"unifrac_unweighted",0.47,100
8,8,6,"both",0.6,"unifrac_weighted_phyloseq",0.54,100
8,8,6,"both",0.65,"GLaD_0.5_unweighted",0.83,100
8,8,6,"both",0.65,"GLaD_0.5_weighted",0.55,100
8,8,6,"both",0.65,"GLaD_1_unweighted",0.2,100
8,8,6,"both",0.65,"GLaD_1_weighted",0.36,100
8,8,6,"both",0.65,"GUniFrac",0.94,100
8,8,6,"both",0.65,"aitchison",0.91,100
8,8,6,"both",0.65,"bray",0.57,100
8,8,6,"both",0.65,"euclidean",0.18,100
8,8,6,"both",0.65,"jaccard",0.54,100
8,8,6,"both",0.65,"unifrac_unweighted",0.63,100
8,8,6,"both",0.65,"unifrac_weighted_phyloseq",0.76,100
8,8,6,"both",0.7,"GLaD_0.5_unweighted",0.89,100
8,8,6,"both",0.7,"GLaD_0.5_weighted",0.64,100
8,8,6,"both",0.7,"GLaD_1_unweighted",0.23,100
8,8,6,"both",0.7,"GLaD_1_weighted",0.49,100
8,8,6,"both",0.7,"GUniFrac",0.98,100
8,8,6,"both",0.7,"aitchison",0.94,100
8,8,6,"both",0.7,"bray",0.7,100
8,8,6,"both",0.7,"euclidean",0.29,100
8,8,6,"both",0.7,"jaccard",0.7,100
8,8,6,"both",0.7,"unifrac_unweighted",0.67,100
8,8,6,"both",0.7,"unifrac_weighted_phyloseq",0.79,100
8,8,6,"both",0.75,"GLaD_0.5_unweighted",0.91,100
8,8,6,"both",0.75,"GLaD_0.5_weighted",0.73,100
8,8,6,"both",0.75,"GLaD_1_unweighted",0.18,100
8,8,6,"both",0.75,"GLaD_1_weighted",0.5,100
8,8,6,"both",0.75,"GUniFrac",0.99,100
8,8,6,"both",0.75,"aitchison",0.99,100
8,8,6,"both",0.75,"bray",0.83,100
8,8,6,"both",0.75,"euclidean",0.39,100
8,8,6,"both",0.75,"jaccard",0.86,100
8,8,6,"both",0.75,"unifrac_unweighted",0.78,100
8,8,6,"both",0.75,"unifrac_weighted_phyloseq",0.87,100
8,8,6,"both",0.8,"GLaD_0.5_unweighted",1,100
8,8,6,"both",0.8,"GLaD_0.5_weighted",0.79,100
8,8,6,"both",0.8,"GLaD_1_unweighted",0.32,100
8,8,6,"both",0.8,"GLaD_1_weighted",0.59,100
8,8,6,"both",0.8,"GUniFrac",1,100
8,8,6,"both",0.8,"aitchison",1,100
8,8,6,"both",0.8,"bray",0.93,100
8,8,6,"both",0.8,"euclidean",0.46,100
8,8,6,"both",0.8,"jaccard",0.94,100
8,8,6,"both",0.8,"unifrac_unweighted",0.91,100
8,8,6,"both",0.8,"unifrac_weighted_phyloseq",0.97,100
8,8,6,"both",0.85,"GLaD_0.5_unweighted",0.99,100
8,8,6,"both",0.85,"GLaD_0.5_weighted",0.84,100
8,8,6,"both",0.85,"GLaD_1_unweighted",0.29,100
8,8,6,"both",0.85,"GLaD_1_weighted",0.66,100
8,8,6,"both",0.85,"GUniFrac",1,100
8,8,6,"both",0.85,"aitchison",1,100
8,8,6,"both",0.85,"bray",0.99,100
8,8,6,"both",0.85,"euclidean",0.59,100
8,8,6,"both",0.85,"jaccard",0.98,100
8,8,6,"both",0.85,"unifrac_unweighted",0.93,100
8,8,6,"both",0.85,"unifrac_weighted_phyloseq",0.96,100
8,8,6,"both",0.9,"GLaD_0.5_unweighted",1,100
8,8,6,"both",0.9,"GLaD_0.5_weighted",0.89,100
8,8,6,"both",0.9,"GLaD_1_unweighted",0.39,100
8,8,6,"both",0.9,"GLaD_1_weighted",0.73,100
8,8,6,"both",0.9,"GUniFrac",1,100
8,8,6,"both",0.9,"aitchison",1,100
8,8,6,"both",0.9,"bray",0.99,100
8,8,6,"both",0.9,"euclidean",0.56,100
8,8,6,"both",0.9,"jaccard",0.99,100
8,8,6,"both",0.9,"unifrac_unweighted",0.98,100
8,8,6,"both",0.9,"unifrac_weighted_phyloseq",1,100
8,8,6,"both",0.95,"GLaD_0.5_unweighted",1,100
8,8,6,"both",0.95,"GLaD_0.5_weighted",0.97,100
8,8,6,"both",0.95,"GLaD_1_unweighted",0.47,100
8,8,6,"both",0.95,"GLaD_1_weighted",0.85,100
8,8,6,"both",0.95,"GUniFrac",1,100
8,8,6,"both",0.95,"aitchison",1,100
8,8,6,"both",0.95,"bray",0.98,100
8,8,6,"both",0.95,"euclidean",0.61,100
8,8,6,"both",0.95,"jaccard",0.98,100
8,8,6,"both",0.95,"unifrac_unweighted",0.99,100
8,8,6,"both",0.95,"unifrac_weighted_phyloseq",1,100
8,8,6,"both",1,"GLaD_0.5_unweighted",1,100
8,8,6,"both",1,"GLaD_0.5_weighted",0.97,100
8,8,6,"both",1,"GLaD_1_unweighted",0.37,100
8,8,6,"both",1,"GLaD_1_weighted",0.84,100
8,8,6,"both",1,"GUniFrac",1,100
8,8,6,"both",1,"aitchison",1,100
8,8,6,"both",1,"bray",1,100
8,8,6,"both",1,"euclidean",0.79,100
8,8,6,"both",1,"jaccard",1,100
8,8,6,"both",1,"unifrac_unweighted",0.99,100
8,8,6,"both",1,"unifrac_weighted_phyloseq",1,100
8,8,6,"prevalence",0.05,"GLaD_0.5_unweighted",0.03,100
8,8,6,"prevalence",0.05,"GLaD_0.5_weighted",0.09,100
8,8,6,"prevalence",0.05,"GLaD_1_unweighted",0.03,100
8,8,6,"prevalence",0.05,"GLaD_1_weighted",0.07,100
8,8,6,"prevalence",0.05,"GUniFrac",0.05,100
8,8,6,"prevalence",0.05,"aitchison",0.07,100
8,8,6,"prevalence",0.05,"bray",0.09,100
8,8,6,"prevalence",0.05,"euclidean",0.07,100
8,8,6,"prevalence",0.05,"jaccard",0.09,100
8,8,6,"prevalence",0.05,"unifrac_unweighted",0.03,100
8,8,6,"prevalence",0.05,"unifrac_weighted_phyloseq",0.06,100
8,8,6,"prevalence",0.1,"GLaD_0.5_unweighted",0.06,100
8,8,6,"prevalence",0.1,"GLaD_0.5_weighted",0.04,100
8,8,6,"prevalence",0.1,"GLaD_1_unweighted",0.12,100
8,8,6,"prevalence",0.1,"GLaD_1_weighted",0.03,100
8,8,6,"prevalence",0.1,"GUniFrac",0.06,100
8,8,6,"prevalence",0.1,"aitchison",0.04,100
8,8,6,"prevalence",0.1,"bray",0.03,100
8,8,6,"prevalence",0.1,"euclidean",0.03,100
8,8,6,"prevalence",0.1,"jaccard",0.03,100
8,8,6,"prevalence",0.1,"unifrac_unweighted",0.05,100
8,8,6,"prevalence",0.1,"unifrac_weighted_phyloseq",0.05,100
8,8,6,"prevalence",0.15,"GLaD_0.5_unweighted",0.09,100
8,8,6,"prevalence",0.15,"GLaD_0.5_weighted",0.05,100
8,8,6,"prevalence",0.15,"GLaD_1_unweighted",0.05,100
8,8,6,"prevalence",0.15,"GLaD_1_weighted",0.05,100
8,8,6,"prevalence",0.15,"GUniFrac",0.04,100
8,8,6,"prevalence",0.15,"aitchison",0.12,100
8,8,6,"prevalence",0.15,"bray",0.02,100
8,8,6,"prevalence",0.15,"euclidean",0.04,100
8,8,6,"prevalence",0.15,"jaccard",0.03,100
8,8,6,"prevalence",0.15,"unifrac_unweighted",0.08,100
8,8,6,"prevalence",0.15,"unifrac_weighted_phyloseq",0.02,100
8,8,6,"prevalence",0.2,"GLaD_0.5_unweighted",0.11,100
8,8,6,"prevalence",0.2,"GLaD_0.5_weighted",0.05,100
8,8,6,"prevalence",0.2,"GLaD_1_unweighted",0.07,100
8,8,6,"prevalence",0.2,"GLaD_1_weighted",0.02,100
8,8,6,"prevalence",0.2,"GUniFrac",0.1,100
8,8,6,"prevalence",0.2,"aitchison",0.11,100
8,8,6,"prevalence",0.2,"bray",0.09,100
8,8,6,"prevalence",0.2,"euclidean",0.08,100
8,8,6,"prevalence",0.2,"jaccard",0.09,100
8,8,6,"prevalence",0.2,"unifrac_unweighted",0.09,100
8,8,6,"prevalence",0.2,"unifrac_weighted_phyloseq",0.08,100
8,8,6,"prevalence",0.25,"GLaD_0.5_unweighted",0.12,100
8,8,6,"prevalence",0.25,"GLaD_0.5_weighted",0.06,100
8,8,6,"prevalence",0.25,"GLaD_1_unweighted",0.09,100
8,8,6,"prevalence",0.25,"GLaD_1_weighted",0.09,100
8,8,6,"prevalence",0.25,"GUniFrac",0.07,100
8,8,6,"prevalence",0.25,"aitchison",0.07,100
8,8,6,"prevalence",0.25,"bray",0.05,100
8,8,6,"prevalence",0.25,"euclidean",0.05,100
8,8,6,"prevalence",0.25,"jaccard",0.03,100
8,8,6,"prevalence",0.25,"unifrac_unweighted",0.1,100
8,8,6,"prevalence",0.25,"unifrac_weighted_phyloseq",0.07,100
8,8,6,"prevalence",0.3,"GLaD_0.5_unweighted",0.13,100
8,8,6,"prevalence",0.3,"GLaD_0.5_weighted",0.06,100
8,8,6,"prevalence",0.3,"GLaD_1_unweighted",0.1,100
8,8,6,"prevalence",0.3,"GLaD_1_weighted",0.06,100
8,8,6,"prevalence",0.3,"GUniFrac",0.03,100
8,8,6,"prevalence",0.3,"aitchison",0.13,100
8,8,6,"prevalence",0.3,"bray",0.04,100
8,8,6,"prevalence",0.3,"euclidean",0.05,100
8,8,6,"prevalence",0.3,"jaccard",0.04,100
8,8,6,"prevalence",0.3,"unifrac_unweighted",0.14,100
8,8,6,"prevalence",0.3,"unifrac_weighted_phyloseq",0.06,100
8,8,6,"prevalence",0.35,"GLaD_0.5_unweighted",0.12,100
8,8,6,"prevalence",0.35,"GLaD_0.5_weighted",0.06,100
8,8,6,"prevalence",0.35,"GLaD_1_unweighted",0.06,100
8,8,6,"prevalence",0.35,"GLaD_1_weighted",0.04,100
8,8,6,"prevalence",0.35,"GUniFrac",0.09,100
8,8,6,"prevalence",0.35,"aitchison",0.1,100
8,8,6,"prevalence",0.35,"bray",0.08,100
8,8,6,"prevalence",0.35,"euclidean",0.08,100
8,8,6,"prevalence",0.35,"jaccard",0.07,100
8,8,6,"prevalence",0.35,"unifrac_unweighted",0.09,100
8,8,6,"prevalence",0.35,"unifrac_weighted_phyloseq",0.1,100
8,8,6,"prevalence",0.4,"GLaD_0.5_unweighted",0.25,100
8,8,6,"prevalence",0.4,"GLaD_0.5_weighted",0.06,100
8,8,6,"prevalence",0.4,"GLaD_1_unweighted",0.15,100
8,8,6,"prevalence",0.4,"GLaD_1_weighted",0.07,100
8,8,6,"prevalence",0.4,"GUniFrac",0.08,100
8,8,6,"prevalence",0.4,"aitchison",0.12,100
8,8,6,"prevalence",0.4,"bray",0.04,100
8,8,6,"prevalence",0.4,"euclidean",0.03,100
8,8,6,"prevalence",0.4,"jaccard",0.04,100
8,8,6,"prevalence",0.4,"unifrac_unweighted",0.18,100
8,8,6,"prevalence",0.4,"unifrac_weighted_phyloseq",0.05,100
8,8,6,"prevalence",0.45,"GLaD_0.5_unweighted",0.33,100
8,8,6,"prevalence",0.45,"GLaD_0.5_weighted",0.03,100
8,8,6,"prevalence",0.45,"GLaD_1_unweighted",0.11,100
8,8,6,"prevalence",0.45,"GLaD_1_weighted",0.04,100
8,8,6,"prevalence",0.45,"GUniFrac",0.12,100
8,8,6,"prevalence",0.45,"aitchison",0.22,100
8,8,6,"prevalence",0.45,"bray",0.08,100
8,8,6,"prevalence",0.45,"euclidean",0.04,100
8,8,6,"prevalence",0.45,"jaccard",0.08,100
8,8,6,"prevalence",0.45,"unifrac_unweighted",0.22,100
8,8,6,"prevalence",0.45,"unifrac_weighted_phyloseq",0.03,100
8,8,6,"prevalence",0.5,"GLaD_0.5_unweighted",0.45,100
8,8,6,"prevalence",0.5,"GLaD_0.5_weighted",0.08,100
8,8,6,"prevalence",0.5,"GLaD_1_unweighted",0.16,100
8,8,6,"prevalence",0.5,"GLaD_1_weighted",0.08,100
8,8,6,"prevalence",0.5,"GUniFrac",0.06,100
8,8,6,"prevalence",0.5,"aitchison",0.22,100
8,8,6,"prevalence",0.5,"bray",0.07,100
8,8,6,"prevalence",0.5,"euclidean",0.03,100
8,8,6,"prevalence",0.5,"jaccard",0.07,100
8,8,6,"prevalence",0.5,"unifrac_unweighted",0.34,100
8,8,6,"prevalence",0.5,"unifrac_weighted_phyloseq",0.06,100
8,8,6,"prevalence",0.55,"GLaD_0.5_unweighted",0.56,100
8,8,6,"prevalence",0.55,"GLaD_0.5_weighted",0.12,100
8,8,6,"prevalence",0.55,"GLaD_1_unweighted",0.2,100
8,8,6,"prevalence",0.55,"GLaD_1_weighted",0.08,100
8,8,6,"prevalence",0.55,"GUniFrac",0.19,100
8,8,6,"prevalence",0.55,"aitchison",0.33,100
8,8,6,"prevalence",0.55,"bray",0.09,100
8,8,6,"prevalence",0.55,"euclidean",0.09,100
8,8,6,"prevalence",0.55,"jaccard",0.11,100
8,8,6,"prevalence",0.55,"unifrac_unweighted",0.37,100
8,8,6,"prevalence",0.55,"unifrac_weighted_phyloseq",0.14,100
8,8,6,"prevalence",0.6,"GLaD_0.5_unweighted",0.64,100
8,8,6,"prevalence",0.6,"GLaD_0.5_weighted",0.06,100
8,8,6,"prevalence",0.6,"GLaD_1_unweighted",0.23,100
8,8,6,"prevalence",0.6,"GLaD_1_weighted",0.07,100
8,8,6,"prevalence",0.6,"GUniFrac",0.12,100
8,8,6,"prevalence",0.6,"aitchison",0.36,100
8,8,6,"prevalence",0.6,"bray",0.08,100
8,8,6,"prevalence",0.6,"euclidean",0.05,100
8,8,6,"prevalence",0.6,"jaccard",0.07,100
8,8,6,"prevalence",0.6,"unifrac_unweighted",0.5,100
8,8,6,"prevalence",0.6,"unifrac_weighted_phyloseq",0.06,100
8,8,6,"prevalence",0.65,"GLaD_0.5_unweighted",0.78,100
8,8,6,"prevalence",0.65,"GLaD_0.5_weighted",0.07,100
8,8,6,"prevalence",0.65,"GLaD_1_unweighted",0.24,100
8,8,6,"prevalence",0.65,"GLaD_1_weighted",0.07,100
8,8,6,"prevalence",0.65,"GUniFrac",0.13,100
8,8,6,"prevalence",0.65,"aitchison",0.48,100
8,8,6,"prevalence",0.65,"bray",0.08,100
8,8,6,"prevalence",0.65,"euclidean",0.03,100
8,8,6,"prevalence",0.65,"jaccard",0.07,100
8,8,6,"prevalence",0.65,"unifrac_unweighted",0.64,100
8,8,6,"prevalence",0.65,"unifrac_weighted_phyloseq",0.11,100
8,8,6,"prevalence",0.7,"GLaD_0.5_unweighted",0.86,100
8,8,6,"prevalence",0.7,"GLaD_0.5_weighted",0.07,100
8,8,6,"prevalence",0.7,"GLaD_1_unweighted",0.28,100
8,8,6,"prevalence",0.7,"GLaD_1_weighted",0.09,100
8,8,6,"prevalence",0.7,"GUniFrac",0.17,100
8,8,6,"prevalence",0.7,"aitchison",0.62,100
8,8,6,"prevalence",0.7,"bray",0.08,100
8,8,6,"prevalence",0.7,"euclidean",0.05,100
8,8,6,"prevalence",0.7,"jaccard",0.09,100
8,8,6,"prevalence",0.7,"unifrac_unweighted",0.73,100
8,8,6,"prevalence",0.7,"unifrac_weighted_phyloseq",0.09,100
8,8,6,"prevalence",0.75,"GLaD_0.5_unweighted",0.98,100
8,8,6,"prevalence",0.75,"GLaD_0.5_weighted",0.06,100
8,8,6,"prevalence",0.75,"GLaD_1_unweighted",0.34,100
8,8,6,"prevalence",0.75,"GLaD_1_weighted",0.05,100
8,8,6,"prevalence",0.75,"GUniFrac",0.23,100
8,8,6,"prevalence",0.75,"aitchison",0.67,100
8,8,6,"prevalence",0.75,"bray",0.08,100
8,8,6,"prevalence",0.75,"euclidean",0.06,100
8,8,6,"prevalence",0.75,"jaccard",0.08,100
8,8,6,"prevalence",0.75,"unifrac_unweighted",0.9,100
8,8,6,"prevalence",0.75,"unifrac_weighted_phyloseq",0.12,100
8,8,6,"prevalence",0.8,"GLaD_0.5_unweighted",0.97,100
8,8,6,"prevalence",0.8,"GLaD_0.5_weighted",0.05,100
8,8,6,"prevalence",0.8,"GLaD_1_unweighted",0.39,100
8,8,6,"prevalence",0.8,"GLaD_1_weighted",0.06,100
8,8,6,"prevalence",0.8,"GUniFrac",0.17,100
8,8,6,"prevalence",0.8,"aitchison",0.78,100
8,8,6,"prevalence",0.8,"bray",0.07,100
8,8,6,"prevalence",0.8,"euclidean",0.01,100
8,8,6,"prevalence",0.8,"jaccard",0.1,100
8,8,6,"prevalence",0.8,"unifrac_unweighted",0.91,100
8,8,6,"prevalence",0.8,"unifrac_weighted_phyloseq",0.04,100
8,8,6,"prevalence",0.85,"GLaD_0.5_unweighted",1,100
8,8,6,"prevalence",0.85,"GLaD_0.5_weighted",0.08,100
8,8,6,"prevalence",0.85,"GLaD_1_unweighted",0.32,100
8,8,6,"prevalence",0.85,"GLaD_1_weighted",0.09,100
8,8,6,"prevalence",0.85,"GUniFrac",0.33,100
8,8,6,"prevalence",0.85,"aitchison",0.85,100
8,8,6,"prevalence",0.85,"bray",0.1,100
8,8,6,"prevalence",0.85,"euclidean",0.05,100
8,8,6,"prevalence",0.85,"jaccard",0.11,100
8,8,6,"prevalence",0.85,"unifrac_unweighted",0.94,100
8,8,6,"prevalence",0.85,"unifrac_weighted_phyloseq",0.11,100
8,8,6,"prevalence",0.9,"GLaD_0.5_unweighted",0.99,100
8,8,6,"prevalence",0.9,"GLaD_0.5_weighted",0.06,100
8,8,6,"prevalence",0.9,"GLaD_1_unweighted",0.4,100
8,8,6,"prevalence",0.9,"GLaD_1_weighted",0.04,100
8,8,6,"prevalence",0.9,"GUniFrac",0.26,100
8,8,6,"prevalence",0.9,"aitchison",0.89,100
8,8,6,"prevalence",0.9,"bray",0.06,100
8,8,6,"prevalence",0.9,"euclidean",0.03,100
8,8,6,"prevalence",0.9,"jaccard",0.08,100
8,8,6,"prevalence",0.9,"unifrac_unweighted",0.97,100
8,8,6,"prevalence",0.9,"unifrac_weighted_phyloseq",0.08,100
8,8,6,"prevalence",0.95,"GLaD_0.5_unweighted",1,100
8,8,6,"prevalence",0.95,"GLaD_0.5_weighted",0.1,100
8,8,6,"prevalence",0.95,"GLaD_1_unweighted",0.47,100
8,8,6,"prevalence",0.95,"GLaD_1_weighted",0.12,100
8,8,6,"prevalence",0.95,"GUniFrac",0.44,100
8,8,6,"prevalence",0.95,"aitchison",0.94,100
8,8,6,"prevalence",0.95,"bray",0.08,100
8,8,6,"prevalence",0.95,"euclidean",0.05,100
8,8,6,"prevalence",0.95,"jaccard",0.11,100
8,8,6,"prevalence",0.95,"unifrac_unweighted",1,100
8,8,6,"prevalence",0.95,"unifrac_weighted_phyloseq",0.15,100
8,8,6,"prevalence",1,"GLaD_0.5_unweighted",1,100
8,8,6,"prevalence",1,"GLaD_0.5_weighted",0.07,100
8,8,6,"prevalence",1,"GLaD_1_unweighted",0.43,100
8,8,6,"prevalence",1,"GLaD_1_weighted",0.11,100
8,8,6,"prevalence",1,"GUniFrac",0.53,100
8,8,6,"prevalence",1,"aitchison",0.99,100
8,8,6,"prevalence",1,"bray",0.12,100
8,8,6,"prevalence",1,"euclidean",0.04,100
8,8,6,"prevalence",1,"jaccard",0.11,100
8,8,6,"prevalence",1,"unifrac_unweighted",1,100
8,8,6,"prevalence",1,"unifrac_weighted_phyloseq",0.13,100
